endpoint,scaffold,records,positives,prevalence
SR-ARE,,1713,135,0.09189925119128659
SR-ARE,c1ccccc1,1456,141,0.11691542288557213
SR-ARE,c1ccncc1,88,7,0.0945945945945946
SR-ARE,c1ccc(Cc2ccccc2)cc1,81,15,0.28846153846153844
SR-ARE,c1ccc2ccccc2c1,66,11,0.20754716981132076
SR-ARE,C1CCCCC1,63,2,0.03636363636363636
SR-ARE,c1ccc(Oc2ccccc2)cc1,44,8,0.21621621621621623
SR-ARE,O=C1C=C2CCC3C4CCCC4CCC3C2CC1,43,8,0.34782608695652173
SR-ARE,O=C1C=CC2C(=C1)CCC1C3CCCC3CCC21,41,3,0.12
SR-ARE,C1=CCCCC1,38,3,0.0967741935483871
SR-ARE,c1ccc(-c2ccccc2)cc1,38,11,0.3142857142857143
SR-ARE,O=C(c1ccccc1)c1ccccc1,36,5,0.2
SR-ARE,c1ccc2ncccc2c1,33,6,0.25
SR-ARE,c1ccc(Nc2ccccc2)cc1,29,7,0.35
SR-ARE,c1ccc2[nH]ccc2c1,27,2,0.09090909090909091
SR-ARE,c1ccoc1,26,8,0.36363636363636365
SR-ARE,c1ncncn1,26,2,0.08
SR-ARE,O=C(Nc1ccccc1)c1ccccc1,23,5,0.45454545454545453
SR-ARE,O=C1c2ccccc2C(=O)c2ccccc21,23,16,0.8421052631578947
SR-ARE,C1CO1,21,0,0.0
SR-ARE,C1CCOCC1,20,0,0.0
SR-ARE,c1ccc2scnc2c1,19,6,0.46153846153846156
SR-ARE,c1c[nH]cn1,18,0,0.0
SR-ARE,c1cncnc1,18,2,0.15384615384615385
SR-ARE,c1ccc2c(c1)OCO2,17,2,0.13333333333333333
SR-ARE,c1cscn1,17,1,0.058823529411764705
SR-ARE,C1CCNCC1,16,0,0.0
SR-ARE,c1ccc2c(c1)CCC1C2CCC2CCCC21,16,2,0.2222222222222222
SR-ARE,c1ccc2c(c1)Nc1ccccc1S2,15,0,0.0
SR-ARE,C1COCCN1,14,0,0.0
SR-ARE,O=c1[nH]c(=O)c2[nH]cnc2[nH]1,14,0,0.0
SR-ARE,c1ccc(N=Nc2ccccc2)cc1,14,11,0.8461538461538461
SR-ARE,O=C1CCCN1,13,0,0.0
SR-ARE,O=c1ccn(C2CCCO2)c(=O)[nH]1,13,1,0.125
SR-ARE,c1c[nH+]c[nH]1,13,6,0.5
SR-ARE,c1ccc2[nH]cnc2c1,13,1,0.09090909090909091
SR-ARE,C1=CC(c2ccccc2)C=CN1,12,3,0.375
SR-ARE,C1CCOC1,12,1,0.1
SR-ARE,O=C1CCCCC1,12,0,0.0
SR-ARE,O=C1CCCO1,12,0,0.0
SR-ARE,c1cc[nH+]cc1,12,2,0.2222222222222222
SR-ARE,c1ccc2c(c1)Cc1ccccc1-2,12,5,0.5555555555555556
SR-ARE,c1ncc2ncn(C3CCCO3)c2n1,12,4,0.4
SR-ARE,C(=Cc1ccccc1)c1ccccc1,11,4,0.5714285714285714
SR-ARE,C1CC2CCC1C2,11,0,0.0
SR-ARE,C1CNCCN1,11,1,0.09090909090909091
SR-ARE,O=C1NC(=O)c2ccccc21,11,3,0.3
SR-ARE,O=c1ccc2ccccc2o1,11,0,0.0
SR-ARE,c1ccc2cc3ccccc3cc2c1,11,3,0.42857142857142855
SR-ARE,c1cnccn1,11,2,0.18181818181818182
SR-ARE,C1CCC2C(C1)CCC1C3CCCC3CCC21,10,1,0.2
SR-ARE,C1CCNC1,10,0,0.0
SR-ARE,O=C(Oc1ccccc1)c1ccccc1,10,0,0.0
SR-ARE,O=S(=O)(c1ccccc1)c1ccccc1,10,0,0.0
SR-ARE,c1ccc(Sc2ccccc2)cc1,10,1,0.14285714285714285
SR-ARE,O=C(OCc1cccc(Oc2ccccc2)c1)C1CC1,9,0,0.0
SR-ARE,O=C1CNC(=O)N1,9,1,0.14285714285714285
SR-ARE,c1ccc(N=Nc2cccc3ccccc23)cc1,9,2,0.2857142857142857
SR-ARE,c1ccc2c(c1)Sc1ccccc1N2CCCN1CCNCC1,9,0,0.0
SR-ARE,O=C(Cc1ccccc1)NC1C(=O)N2CCSC12,8,0,0.0
SR-ARE,O=C(NCC1CCCN1)c1ccccc1,8,0,0.0
SR-ARE,O=C1C=CCCC1,8,0,0.0
SR-ARE,O=C1CC(=O)NC(=O)N1,8,0,0.0
SR-ARE,O=C1CN=C(c2ccccc2)c2ccccc2N1,8,0,0.0
SR-ARE,O=S1(=O)NCNc2ccccc21,8,1,0.16666666666666666
SR-ARE,O=c1cc(-c2ccccc2)oc2ccccc12,8,4,0.6666666666666666
SR-ARE,C1CCCC1,7,1,0.25
SR-ARE,C=C1CCCCC1=CC=C1CCCC2CCCC12,7,2,1.0
SR-ARE,O=C1C2=CC3C(=O)C=CCC3CC2Cc2ccccc21,7,0,0.0
SR-ARE,O=C1C=CC(=O)C=C1,7,2,0.5
SR-ARE,O=C1C=CC2C(=C1)CCC1C2CCC2C1CC1OCOC12,7,1,0.16666666666666666
SR-ARE,O=S(=O)(Nc1ncccn1)c1ccccc1,7,0,0.0
SR-ARE,O=c1cc[nH]n1-c1ccccc1,7,0,0.0
SR-ARE,c1ccc(CCc2ccccc2)cc1,7,1,0.2
SR-ARE,c1ccc(Cc2ccccn2)cc1,7,0,0.0
SR-ARE,c1ccc(N2CCNCC2)cc1,7,3,0.42857142857142855
SR-ARE,c1ccc2c(c1)ccc1ccccc12,7,0,0.0
SR-ARE,c1ccsc1,7,1,0.16666666666666666
SR-ARE,C(=C(c1ccccc1)c1ccccc1)c1ccccc1,6,0,0.0
SR-ARE,C1CCC(OC2CCCC(OC3CCCCO3)C2)OC1,6,0,0.0
SR-ARE,C=C(c1ccccc1)c1ccccc1,6,4,0.8
SR-ARE,O=C1CC=NN1c1ccccc1,6,0,0.0
SR-ARE,O=C1CCC(=O)O1,6,3,0.75
SR-ARE,O=C1OC(=O)c2ccccc21,6,0,0.0
SR-ARE,O=P(Oc1ccccc1)(Oc1ccccc1)Oc1ccccc1,6,3,0.75
SR-ARE,O=c1[nH]c(=O)[nH]c(=O)[nH]1,6,0,0.0
SR-ARE,O=c1cc[nH]c(=O)[nH]1,6,0,0.0
SR-ARE,O=c1ccn(C2CC2)c2cc(N3CCNCC3)ccc12,6,1,0.25
SR-ARE,O=c1ncccn1C1CCCO1,6,0,0.0
SR-ARE,c1ccc(C(c2ccccc2)N2CCNCC2)cc1,6,1,0.25
SR-ARE,c1ccc(CCN2CCC(Nc3ccccc3)CC2)cc1,6,0,0.0
SR-ARE,c1ccc(Nc2ccccn2)cc1,6,0,0.0
SR-ARE,c1ccc2c(c1)CCO2,6,1,0.16666666666666666
SR-ARE,c1ccc2c(c1)CCc1ccccc1N2,6,0,0.0
SR-ARE,c1ccc2cnncc2c1,6,2,0.3333333333333333
SR-ARE,C1=C2CCC3C4CCCC4CCC3C2CCC1,5,2,0.5
SR-ARE,C1=C2c3cccc4[nH]cc(c34)CC2NCC1,5,0,0.0
SR-ARE,C1=CC2C3Cc4cccc5c4C2(CCN3)C(C1)O5,5,1,1.0
SR-ARE,C1CCC(OC2CCCO2)OC1,5,0,0.0
SR-ARE,C1COCOC1,5,0,0.0
SR-ARE,N=C(C(=O)NC1C(=O)N2C=CCSC12)c1cscn1,5,0,0.0
SR-ARE,O=C(Cc1ccccc1)c1ccccc1,5,0,0.0
SR-ARE,O=C(NC(=O)c1ccccc1)Nc1ccccc1,5,0,0.0
SR-ARE,O=C(Nc1ccccc1)Nc1ccccc1,5,2,1.0
SR-ARE,O=C(Nc1ncncn1)NS(=O)(=O)c1ccccc1,5,0,0.0
SR-ARE,O=C(OC1CC2CCC(C1)N2)c1ccccc1,5,0,0.0
SR-ARE,O=C(OCc1ccccc1)c1ccccc1,5,0,0.0
SR-ARE,O=C1C=C2C=CC3C4CCCC4CCC3C2CC1,5,3,1.0
SR-ARE,O=C1C=CC(=O)c2ccccc21,5,2,0.6666666666666666
SR-ARE,O=C1C=CCO1,5,1,0.3333333333333333
SR-ARE,O=C1CCCC1,5,0,0.0
SR-ARE,O=C1CCCCO1,5,0,0.0
SR-ARE,O=C1CNC(=O)C(Cc2ccccc2)NC(=O)C(Cc2ccccc2)NC(=O)CCSSCC(C(=O)N2CCCC2)NC(=O)CN1,5,0,0.0
SR-ARE,O=C1OC2(c3ccccc3Oc3ccccc32)c2ccccc21,5,0,0.0
SR-ARE,O=C1c2ccccc2C(=O)c2cc3c(cc21)CCCC3OC1CCCCO1,5,2,1.0
SR-ARE,O=S(=O)(Nc1ccncn1)c1ccccc1,5,0,0.0
SR-ARE,O=S(=O)(Nc1nncs1)c1ccccc1,5,1,0.2
SR-ARE,O=[PH](Oc1ccccc1)Oc1ccccc1,5,0,0.0
SR-ARE,O=c1c(-c2ccccc2)coc2ccccc12,5,4,1.0
SR-ARE,[N+]=C1C=CC(=C(c2ccccc2)c2ccccc2)C=C1,5,1,0.3333333333333333
SR-ARE,c1ccc(C2CCNCC2)cc1,5,0,0.0
SR-ARE,c1ccc(CC2CCCCC2)cc1,5,0,0.0
SR-ARE,c1ccc(CCNCCc2ccccc2)cc1,5,0,0.0
SR-ARE,c1ccc(CCn2cncn2)cc1,5,1,0.3333333333333333
SR-ARE,c1ccc(COc2ccccc2)cc1,5,2,0.5
SR-ARE,c1ccc(Oc2ccccn2)cc1,5,0,0.0
SR-ARE,c1ccc2c(CC3CC4CCN3CC4)ccnc2c1,5,0,0.0
SR-ARE,c1ccc2c(c1)CCCC2,5,0,0.0
SR-ARE,c1ccc2c(c1)CCCO2,5,1,0.25
SR-ARE,c1cn[nH]c1,5,0,0.0
SR-ARE,c1ncc2nc[nH]c2n1,5,2,0.5
SR-ARE,C1=C2CCCCC2C2CCC3CCCC3C2C1,4,2,0.6666666666666666
SR-ARE,C1=CCCC=C1,4,0,0.0
SR-ARE,C1=CNCN1,4,0,0.0
SR-ARE,C1CCC(CC2CCCCC2)CC1,4,0,0.0
SR-ARE,C1CC[NH2+]CC1,4,0,0.0
SR-ARE,C=C1CC2CCC1C2,4,2,0.5
SR-ARE,O=C(CCCN1CCC(c2ccccc2)CC1)c1ccccc1,4,0,0.0
SR-ARE,O=C(Cc1ccccc1)NC1C(=O)N2C=CCSC12,4,1,0.5
SR-ARE,O=C(NCC1CCCCO1)C1CCCN1,4,0,0.0
SR-ARE,O=C(NN=Cc1ccccc1)c1ccncc1,4,0,0.0
SR-ARE,O=C(c1ccccc1)c1coc2ccccc12,4,0,0.0
SR-ARE,O=C1C=C(C2CCC3C2CCC2C4CCC(OC5CCC(OC6CCC(OC7CCC(OC8CCCCO8)CO7)CO6)CO5)CC4CCC23)CO1,4,0,
SR-ARE,O=C1C=C2CCC3C(=C2CC1)C=CC1CCCC13,4,2,1.0
SR-ARE,O=C1CC(=O)N(c2ccccc2)N1c1ccccc1,4,2,0.6666666666666666
SR-ARE,O=C1CCC2C1CCC1C3CCCCC3=CCC21,4,0,
SR-ARE,O=C1CCCCOC(=O)CC(OC2CCCCO2)CC(OC2CCCCO2)CCC1,4,0,0.0
SR-ARE,O=C1CCCc2ccccc21,4,0,0.0
SR-ARE,O=C1NC(=O)C2CC=CCC12,4,1,0.3333333333333333
SR-ARE,O=C1NCCN1,4,0,0.0
SR-ARE,O=C1c2ccccc2C(=O)C1c1ccccc1,4,0,0.0
SR-ARE,O=S(=O)(Nc1ccccc1)c1ccccc1,4,0,0.0
SR-ARE,O=S1(=O)OC(c2ccccc2)(c2ccccc2)c2ccccc21,4,0,0.0
SR-ARE,O=c1[nH]c2ccccc2o1,4,2,0.5
SR-ARE,O=c1cc[nH]c(=S)[nH]1,4,0,0.0
SR-ARE,O=c1cc[nH]c2cc(N3CCNCC3)ccc12,4,0,0.0
SR-ARE,O=c1ccc2cc3ccoc3cc2o1,4,0,0.0
SR-ARE,O=c1ccocc1,4,0,0.0
SR-ARE,O=c1ccs[nH]1,4,0,0.0
SR-ARE,c1cc2c3c(c[nH]c3c1)CC1NCCCC21,4,0,0.0
SR-ARE,c1ccc(-c2cscn2)cc1,4,3,1.0
SR-ARE,c1ccc(-n2nc3ccccc3n2)cc1,4,0,0.0
SR-ARE,c1ccc(C2CCCC2)cc1,4,1,0.3333333333333333
SR-ARE,c1ccc(C2CCCCC2)cc1,4,0,0.0
SR-ARE,c1ccc(CCCNCCc2ccccc2)cc1,4,0,0.0
SR-ARE,c1ccc(CCNCCOc2ccccc2)cc1,4,0,0.0
SR-ARE,c1ccc(CNc2ccccn2)cc1,4,0,0.0
SR-ARE,c1ccc(C[SH+]c2nc3ccccc3[nH]2)nc1,4,4,1.0
SR-ARE,c1ccc(Cc2cncnc2)cc1,4,0,0.0
SR-ARE,c1ccc(Cn2ccnc2)cc1,4,0,0.0
SR-ARE,c1ccc(OCC2CO2)cc1,4,0,0.0
SR-ARE,c1ccc(OCCCOc2ccccc2)cc1,4,1,0.5
SR-ARE,c1ccc2[nH]nnc2c1,4,0,0.0
SR-ARE,c1ccc2c(c1)CC1CC2CCN1,4,0,0.0
SR-ARE,c1ccc2c(c1)CC1NCCC23CCCCC13,4,0,0.0
SR-ARE,c1ccc2c(c1)CCC2,4,0,0.0
SR-ARE,c1ccc2c(c1)[nH]c1ccccc12,4,1,0.3333333333333333
SR-ARE,c1ccc2c3c([nH]c2c1)C1CC2CCCCC2CN1CC3,4,0,0.0
SR-ARE,c1ccc2nccnc2c1,4,0,0.0
SR-ARE,C(=CC=CC=CC=CC=CC1=CCCCC1)C=CC=CC=CC=CC1=CCCCC1,3,0,
SR-ARE,C(CCN1CCNCC1)=C1c2ccccc2Sc2ccccc21,3,0,
SR-ARE,C1=CC2C3C=CC(C3)C2C1,3,2,0.6666666666666666
SR-ARE,C1=CC2CC(C1)C2,3,0,0.0
SR-ARE,C1=CC2CCC1C2,3,0,0.0
SR-ARE,C1=CC2CCC3Nc4ccc(C5CC6CCCN(CCc7c5[nH]c5ccccc75)C6)cc4C34CCN(C1)C24,3,1,1.0
SR-ARE,C1=COC(OC2CCCC(OC3CCCCO3)C2)CC1,3,0,0.0
SR-ARE,C1=COCCC1,3,0,0.0
SR-ARE,C1=Cc2ccccc2C1=Cc1ccccc1,3,1,1.0
SR-ARE,C1C2CC3CC1CC(C2)C3,3,0,0.0
SR-ARE,C1CC2C3CCC(C3)C2C1,3,1,0.3333333333333333
SR-ARE,C1CC2CCOC3OC4CCC(C1)C23OO4,3,0,0.0
SR-ARE,C1CC2OCCC2O1,3,0,0.0
SR-ARE,C1CC2OCOC2O1,3,0,0.0
SR-ARE,C1CCC(C2CCCCC2)CC1,3,0,0.0
SR-ARE,C1CCC1,3,1,0.3333333333333333
SR-ARE,C1CCC2CCCCC2C1,3,0,0.0
SR-ARE,C1CCCCCCCCCCC1,3,1,0.3333333333333333
SR-ARE,C1CCCNCC1,3,0,0.0
SR-ARE,C1CCCNCCC1,3,0,0.0
SR-ARE,C1CC[NH2+]C1,3,0,0.0
SR-ARE,C1COCCO1,3,0,0.0
SR-ARE,O=C(C=Cc1ccccc1)c1ccccc1,3,2,0.6666666666666666
SR-ARE,O=C(CCN1CCCCC1)c1ccccc1,3,3,1.0
SR-ARE,O=C(CCc1ccccc1)c1ccccc1,3,1,0.5
SR-ARE,O=C(CNCCCc1ccccc1)N1CCCC1,3,0,0.0
SR-ARE,O=C(CNCCCc1ccccc1)N1CCc2ccccc2C1,3,0,0.0
SR-ARE,O=C(Cc1ccccc1)OC1CC2CCC(C1)[NH2+]2,3,0,0.0
SR-ARE,O=C(Cc1ccccc1)OC1CC2[NH2+]C(C1)C1OC21,3,0,0.0
SR-ARE,O=C(Cc1ccccc1)OCc1cccc(Oc2ccccc2)c1,3,0,0.0
SR-ARE,O=C(NNC(=O)c1ccccc1)c1ccccc1,3,1,0.3333333333333333
SR-ARE,O=C(Nc1ccccc1)C1CCCCN1,3,0,0.0
SR-ARE,O=C(OC1CCC2CC3c4[nH]c5ccccc5c4CCN3CC2C1)c1ccccc1,3,0,0.0
SR-ARE,O=C(OCCCOC(=O)c1ccccc1)c1ccccc1,3,0,0.0
SR-ARE,O=C(OCCc1ccccc1)c1ccccc1,3,1,0.3333333333333333
SR-ARE,O=C(c1ccccc1)c1cccs1,3,0,0.0
SR-ARE,O=C(c1ccccc1)n1ccc2ccccc21,3,0,0.0
SR-ARE,O=C1C=C(C2CCC3C2CCC2C4CCC(OC5CCC(OC6CCC(OC7CCCCO7)CO6)CO5)CC4CCC23)CO1,3,0,
SR-ARE,O=C1C=CC(=C(c2ccccc2)c2ccccc2)C=C1,3,2,0.6666666666666666
SR-ARE,O=C1C=CC(OC(=O)C2CC2)C1,3,0,
SR-ARE,O=C1C=CC2C(=C1)CCC1C3CCCC3CC(=O)C21,3,1,0.3333333333333333
SR-ARE,O=C1CC(=O)NC=N1,3,0,0.0
SR-ARE,O=C1CC(=O)c2ccccc21,3,0,0.0
SR-ARE,O=C1CCC(=O)N1,3,0,0.0
SR-ARE,O=C1CCC23CCCCCC(CCC2)C13,3,0,
SR-ARE,O=C1CCCC(CCC2CC=CC3=CCCCC32)O1,3,2,1.0
SR-ARE,O=C1CCCC(OC2CCC(OC3CCCCO3)CO2)CCCCC=CC=CCCO1,3,0,
SR-ARE,O=C1CCCCC1c1ccccc1,3,0,
SR-ARE,O=C1CCCCCN1,3,0,0.0
SR-ARE,O=C1CCN(c2ccccc2)N1,3,0,0.0
SR-ARE,O=C1CCNCC1,3,0,0.0
SR-ARE,O=C1CN(CCN2CC(=O)NC(=O)C2)CC(=O)N1,3,0,0.0
SR-ARE,O=C1CN=C(c2ccccn2)N1,3,0,0.0
SR-ARE,O=C1Cc2cc3n(c(=O)c2CO1)Cc1cc2ccccc2nc1-3,3,0,
SR-ARE,O=C1NC(=O)C(c2ccccc2)C(=O)N1,3,0,0.0
SR-ARE,O=C1OC(C2NCCc3cc4c(cc32)OCO4)c2ccccc21,3,0,0.0
SR-ARE,O=C1OC(c2ccccc2)(c2ccccc2)c2ccccc21,3,2,1.0
SR-ARE,O=C1OC2CC(CC=CC(OC3CCC(OC4CCCCO4)CO3)CC=CC=C3COC4CC=CC1C34)OC1(C=CCCO1)C2,3,1,1.0
SR-ARE,O=C1OCCO1,3,0,0.0
SR-ARE,O=C1c2ccccc2C(=O)C1c1ccc2ccccc2n1,3,3,1.0
SR-ARE,O=S(=O)(Nc1cccnn1)c1ccccc1,3,0,0.0
SR-ARE,O=S(=O)(Nc1nccs1)c1ccccc1,3,0,0.0
SR-ARE,O=S(=O)(Oc1ccccc1)c1ccccc1,3,0,0.0
SR-ARE,O=[PH]1NCCCO1,3,0,0.0
SR-ARE,O=c1[nH]c2ccccc2n1C1CCNCC1,3,1,0.5
SR-ARE,O=c1[nH]cnc2[nH]cnc12,3,0,0.0
SR-ARE,O=c1[nH]sc2ccccc12,3,1,1.0
SR-ARE,O=c1c2ccccc2ncn1-c1ccccc1,3,0,
SR-ARE,O=c1c2ccccc2sc2ccccc12,3,1,1.0
SR-ARE,O=c1cc[nH]cn1,3,0,0.0
SR-ARE,O=c1ccc2c(-c3ccccc3)c3ccccc3oc-2c1,3,0,0.0
SR-ARE,O=c1cccnn1-c1ccccc1,3,0,0.0
SR-ARE,O=c1ccn(-c2ccccc2)c2cc(N3CCNCC3)ccc12,3,0,0.0
SR-ARE,O=c1nc[nH]c2[nH]cnc12,3,0,0.0
SR-ARE,c1cc2ccc3cccc4ccc(c1)c2c34,3,1,0.5
SR-ARE,c1ccc(-c2ccc3ccccc3n2)cc1,3,0,0.0
SR-ARE,c1ccc(-c2ccnn2-c2ccccc2)cc1,3,2,0.6666666666666666
SR-ARE,c1ccc(-c2cn3ccccc3n2)cc1,3,0,0.0
SR-ARE,c1ccc(-c2conc2-c2ccccc2)cc1,3,0,0.0
SR-ARE,c1ccc(-c2nnn[nH]2)cc1,3,0,0.0
SR-ARE,c1ccc(C(c2ccccc2)c2ccccc2)cc1,3,1,0.3333333333333333
SR-ARE,c1ccc(C2(Cn3cncn3)OCCO2)cc1,3,1,0.3333333333333333
SR-ARE,c1ccc(C2=NCc3nncn3-c3ccccc32)cc1,3,0,
SR-ARE,c1ccc(C2CC2)cc1,3,0,0.0
SR-ARE,c1ccc(C2CCCc3ccccc32)cc1,3,0,
SR-ARE,c1ccc(C2CO2)cc1,3,0,0.0
SR-ARE,c1ccc(CC2=NCCN2)cc1,3,0,0.0
SR-ARE,c1ccc(CCCCc2ccccc2)cc1,3,0,0.0
SR-ARE,c1ccc(CCN2CCC(Cc3ccccc3)CC2)cc1,3,0,0.0
SR-ARE,c1ccc(CN2CCN(C(c3ccccc3)c3ccccc3)CC2)cc1,3,1,0.5
SR-ARE,c1ccc(CNCc2ccccc2)cc1,3,0,0.0
SR-ARE,c1ccc(CNc2ccccc2)cc1,3,0,0.0
SR-ARE,c1ccc(COC(Cn2ccnc2)c2ccccc2)cc1,3,0,0.0
SR-ARE,c1ccc(Cc2nccc3ccccc23)cc1,3,1,0.5
SR-ARE,c1ccc(Cn2ncc3ccccc32)cc1,3,1,0.5
SR-ARE,c1ccc(N=Nc2ccc3ccccc3c2)cc1,3,0,0.0
SR-ARE,c1ccc(NC2CCN(CCc3cccs3)CC2)cc1,3,2,1.0
SR-ARE,c1ccc(Nc2ccnc3ccccc23)cc1,3,1,1.0
SR-ARE,c1ccc2[nH+]cc[nH+]c2c1,3,0,0.0
SR-ARE,c1ccc2c(c1)CCCN2,3,0,0.0
SR-ARE,c1ccc2c(c1)CCc1ccccc1C2,3,0,0.0
SR-ARE,c1ccc2c(c1)CCc1cccnc1C2=C1CCNCC1,3,1,0.3333333333333333
SR-ARE,c1ccc2c(c1)Sc1ccccc1N2CCCN1CCCCC1,3,0,0.0
SR-ARE,c1ccc2cc(N=Nc3ccc(-c4ccc(N=Nc5ccc6ccccc6c5)cc4)cc3)ccc2c1,3,0,0.0
SR-ARE,c1ccc2nc3ccccc3cc2c1,3,1,1.0
SR-ARE,c1nc[nH]n1,3,0,0.0
SR-ARE,c1ncc(C[n+]2ccsc2)cn1,3,0,0.0
SR-ARE,c1ncnc(NC2CC2)n1,3,0,0.0
SR-ARE,c1nncs1,3,0,0.0
SR-ARE,C(=C1SCC(c2ccccc2)S1)n1ccnc1,2,1,0.5
SR-ARE,C(=CC1CCCC1)CCOc1ccccc1,2,0,
SR-ARE,C(=CSSC=CNCc1cncnc1)NCc1cncnc1,2,0,0.0
SR-ARE,C(=Cc1ccccc1)CN1CCN(C(c2ccccc2)c2ccccc2)CC1,2,1,0.5
SR-ARE,C(=Cc1cccs1)C1=NCCCN1,2,1,0.5
SR-ARE,C(=Cn1cncn1)c1ccccc1,2,1,0.5
SR-ARE,C(=NCc1ccccc1)c1ccccc1,2,0,0.0
SR-ARE,C(C=C1CCCC2CCCC12)=C1CCCCC1,2,0,
SR-ARE,C(CN1CCCC1)=C(c1ccccc1)c1ccccn1,2,0,0.0
SR-ARE,C1=C(c2ccccc2)CCN(CCCCc2c[nH]c3ccccc23)C1,2,0,0.0
SR-ARE,C1=C2CCCCC2CC1,2,1,0.5
SR-ARE,C1=CC(=C(c2ccccc2)c2ccc(NCc3ccccc3)cc2)C=CC1=[NH+]Cc1ccccc1,2,1,0.5
SR-ARE,C1=CC2=CCC3CCCCC3C2CC1,2,0,
SR-ARE,C1=CC2CC1C1C3C=CC(C3)C21,2,0,0.0
SR-ARE,C1=CC2CC1C1C3CC(C4OC34)C21,2,0,
SR-ARE,C1=CC2CC1C1CCCC21,2,1,1.0
SR-ARE,C1=CC2CC3CCCC3(C1)C2,2,0,0.0
SR-ARE,C1=CCC=C1,2,0,
SR-ARE,C1=Cc2ccccc2NC1,2,0,0.0
SR-ARE,C1CC1,2,0,
SR-ARE,C1CC2OC2CC1C1CO1,2,0,0.0
SR-ARE,C1CCC(NC2CCCCC2)CC1,2,0,0.0
SR-ARE,C1CCC(OC2CCCCO2)CC1,2,0,0.0
SR-ARE,C1CCC(OC2CCCOC2)OC1,2,0,0.0
SR-ARE,C1CCC(OC2OCCC2OC2CCCCO2)CC1,2,0,
SR-ARE,C1CCC2(CC1)OCCO2,2,0,0.0
SR-ARE,C1CCC2(CO2)C(C2CO2)C1,2,2,1.0
SR-ARE,C1CCC2OC2C1,2,0,0.0
SR-ARE,C1CCN(C2CCC3CCC4C5CC([NH+]6CCCCC6)CC5CCC4C3C2)CC1,2,0,0.0
SR-ARE,C1CN2CCC1CC2,2,0,0.0
SR-ARE,C1COCO1,2,0,0.0
SR-ARE,C1CSCCS1,2,0,0.0
SR-ARE,C1CSSC1,2,1,0.5
SR-ARE,C1OCOCO1,2,0,0.0
SR-ARE,C=C(C(=C)c1ccccc1)c1ccccc1,2,2,1.0
SR-ARE,C=C1C(=O)CC2C1CCC1C3CCC(=O)C=C3CCC21,2,2,1.0
SR-ARE,C=C1CCC2CC1C2,2,0,0.0
SR-ARE,C=C1c2ccccc2C(=O)C2=CC3C(=O)C=CCC3CC12,2,0,0.0
SR-ARE,C=C1c2ccccc2CCc2ccccc21,2,0,0.0
SR-ARE,C=C1c2ccccc2COc2ccccc21,2,0,0.0
SR-ARE,N=C(C(=O)NC1CNC1=O)c1cscn1,2,0,0.0
SR-ARE,N=C(Nc1ccccc1)Nc1ccccc1,2,1,0.5
SR-ARE,N=C1C=C2CCC3C4CCCC4CCC3C2CC1,2,0,0.0
SR-ARE,N=C1C=C2CCNC2=CC1=O,2,0,
SR-ARE,N=C1C=CC(=C(c2ccccc2)c2ccccc2)C=C1,2,1,1.0
SR-ARE,O1[SiH2]O[SiH2]O[SiH2]O[SiH2]1,2,0,0.0
SR-ARE,O=C(C(=O)c1ccccc1)c1ccccc1,2,0,0.0
SR-ARE,O=C(C=Cc1ccccc1)Nc1ccccc1,2,0,0.0
SR-ARE,O=C(C=Cc1ccccc1)OC1CCC2CC3c4[nH]c5ccccc5c4CCN3CC2C1,2,0,
SR-ARE,O=C(CC(=O)c1ccccc1)c1ccccc1,2,1,0.5
SR-ARE,O=C(CCCC1CCCCO1)CC1CCCC2(C=CCC3(CCC(C4CCCCO4)O3)O2)O1,2,0,
SR-ARE,O=C(CCCCC(=O)Nc1ccccc1)Nc1ccccc1,2,0,0.0
SR-ARE,O=C(CCN1CCNCC1)N1c2ccccc2Sc2ccccc21,2,0,
SR-ARE,O=C(CCc1c[nH]c2ccccc12)NCC(=O)NCC(=O)NCCc1ccccc1,2,0,0.0
SR-ARE,O=C(CNC(=O)C(Cc1c[nH]c2ccccc12)NC(=O)C(Cc1ccccc1)NC(=O)CNC(=O)C(Cc1c[nH]c2ccccc12)NC(=O)C(Cc1c[nH]cn1)NC(=O)C1CCC(=O)N1)NCC(=O)N1CCCC1,2,0,
SR-ARE,O=C(CNC(=O)CNC(=O)C(Cc1ccccc1)NC(=O)CNC(=O)C(Cc1c[nH]c2ccccc12)NC(=O)C(Cc1c[nH]cn1)NC(=O)C1CCC(=O)N1)NCC(=O)N1CCCC1,2,0,0.0
SR-ARE,O=C(CNC(=O)CNC(=O)C(Cc1ccccc1)NC(=O)CNC(=O)C(Cc1c[nH]c2ccccc12)NC(=O)C(Cc1cnc[nH]1)NC(=O)C1CCC(=O)N1)NCC(=O)N1CCCC1,2,0,0.0
SR-ARE,O=C(CNCCCc1ccccc1)N1CCNC1=O,2,0,0.0
SR-ARE,O=C(CNc1ccccc1)OCc1cccc(Oc2ccccc2)c1,2,0,0.0
SR-ARE,O=C(COc1ccccc1)N1CCCCC1,2,0,0.0
SR-ARE,O=C(Cc1ccccc1)NC1CCC2(CCCO2)CC1N1CCCC1,2,0,0.0
SR-ARE,O=C(Cc1ccccc1)OC1CC2CCC(C1)N2,2,0,0.0
SR-ARE,O=C(Cc1cccs1)NC1C(=O)N2C=CCSC12,2,0,0.0
SR-ARE,O=C(Cn1cnnn1)NC1C(=O)N2C=C(CSc3nncs3)CSC12,2,1,1.0
SR-ARE,O=C(NC(CCNS(=O)(=O)c1ccccc1)Cc1ccccc1)OC1CCOC1,2,0,
SR-ARE,O=C(NC1C(=O)N2CCSC12)C(NC(=O)N1CCNC1=O)c1ccccc1,2,0,
SR-ARE,O=C(NC1C(=O)N2CCSC12)c1conc1-c1ccccc1,2,0,0.0
SR-ARE,O=C(NC1CCCCC1)NS(=O)(=O)c1ccccc1,2,0,0.0
SR-ARE,O=C(NC1N=C(c2ccccc2)c2cccc3c2N(CC3)C1=O)c1cc2ccccc2[nH]1,2,0,0.0
SR-ARE,O=C(NC1OC2C3CCCN3C(=O)C(Cc3ccccc3)N2C1=O)C1CNC2Cc3c[nH]c4cccc(c34)C2C1,2,0,
SR-ARE,O=C(NCCc1ccccc1)c1ccccc1,2,0,0.0
SR-ARE,O=C(NCc1ccccc1)c1ccccc1,2,0,0.0
SR-ARE,O=C(NN1CCCCC1)c1cc(-c2ccccc2)n(-c2ccccc2)n1,2,1,1.0
SR-ARE,O=C(NN=Cc1ccco1)c1ccccc1,2,2,1.0
SR-ARE,O=C(NS(=O)(=O)c1ccccc1)n1nc[nH]c1=O,2,0,0.0
SR-ARE,O=C(Nc1ccc(C(=O)N2CCCCc3ccccc32)cc1)c1ccccc1,2,0,0.0
SR-ARE,O=C(Nc1ccccc1)C1CC1,2,2,1.0
SR-ARE,O=C(Nc1ccccc1)NC1CCCCC1,2,0,0.0
SR-ARE,O=C(Nc1ccccc1)c1ccc2ccccc2c1,2,1,1.0
SR-ARE,O=C(Nc1ccccn1)C1=Cc2ccccc2S(=O)(=O)N1,2,0,0.0
SR-ARE,O=C(Nc1ncccn1)NS(=O)(=O)c1ccccn1,2,0,0.0
SR-ARE,O=C(OC1CCCCC1)c1ccccc1,2,0,0.0
SR-ARE,O=C(OC1CCCNC1)C(c1ccccc1)c1ccccc1,2,0,0.0
SR-ARE,O=C(OC1CCC[NH2+]C1)C(c1ccccc1)c1ccccc1,2,0,0.0
SR-ARE,O=C(OCCOC(=O)c1ccccc1)c1ccccc1,2,0,0.0
SR-ARE,O=C(OCCOCCOC(=O)c1ccccc1)c1ccccc1,2,0,0.0
SR-ARE,O=C(OCc1ccccc1)C1CC1,2,0,0.0
SR-ARE,O=C(OCc1coc(Cc2ccccc2)c1)C1CC1,2,1,0.5
SR-ARE,O=C(Oc1ccc2c(c1)CCC1C2CCC2CCCC21)c1ccccc1,2,0,0.0
SR-ARE,O=C(Oc1ccc2ccccc2c1)c1ccccc1,2,1,1.0
SR-ARE,O=C(Oc1ccccc1)Oc1ccccc1,2,0,0.0
SR-ARE,O=C(SCCC(=O)N1CCC(Sc2ccccc2)C1)c1ccccc1,2,0,0.0
SR-ARE,O=C(c1ccccc1)c1ccc[nH]1,2,1,0.5
SR-ARE,O=C1C(=C2Nc3ccccc3C2=O)Nc2ccccc21,2,1,0.5
SR-ARE,O=C1C(N=CN2CCCCCC2)C2SCCN12,2,0,0.0
SR-ARE,O=C1C(N=Nc2ccccc2)C=NN1c1ccccc1,2,0,0.0
SR-ARE,O=C1C=C2C3CCCCC3CCC2C2CCC3CC(OC4OCCCC4OC4CCCCO4)CCC3C12,2,0,0.0
SR-ARE,O=C1C=C2C3CCCCC3CCC2C2CCC3CCCCC3C12,2,1,1.0
SR-ARE,O=C1C=C2CCC3C(CCC4C(OC(=O)CCc5ccccc5)CCC43)C2CC1,2,0,
SR-ARE,O=C1C=C2CCC3C(CCC4C3CC3OCOC34)C2CC1,2,0,0.0
SR-ARE,O=C1C=C2CCC3C4CCC(=O)C4CCC3C2CC1,2,0,0.0
SR-ARE,O=C1C=C2CCC3C4CCCC4CC(=O)C3C2CC1,2,0,0.0
SR-ARE,O=C1C=CCC1,2,0,0.0
SR-ARE,O=C1C=COC1,2,0,0.0
SR-ARE,O=C1CC(c2ccccc2)C(=O)N1,2,0,0.0
SR-ARE,O=C1CC(c2ccccc2)Oc2cc(OC3CCCC(COC4CCCCO4)O3)ccc21,2,0,0.0
SR-ARE,O=C1CC(c2ccccc2)Sc2ccccc2N1,2,0,0.0
SR-ARE,O=C1CC2CC(SC3CCNC3)=CN12,2,0,0.0
SR-ARE,O=C1CC2CCC1C2,2,0,0.0
SR-ARE,O=C1CC2CCCC2C2CCC3CCCCC3C12,2,0,0.0
SR-ARE,O=C1CC2N1CCS2(=O)=O,2,0,
SR-ARE,O=C1CC2OCC=C3CN4CCC56c7ccccc7N1C5C2C3CC46,2,0,0.0
SR-ARE,O=C1CC2SCC=CN12,2,0,0.0
SR-ARE,O=C1CC=CCCCCC2CCCC(O2)C(=O)C(=O)N2CCCCC2C(=O)OC(C=CC2CCCCC2)CCC1,2,0,
SR-ARE,O=C1CCC(c2ccccc2)=NN1,2,0,0.0
SR-ARE,O=C1CCC(c2ccccc2)C(=O)N1,2,0,0.0
SR-ARE,O=C1CCC2=C(CCC3C2CCC2CCCC23)C1,2,0,
SR-ARE,O=C1CCC2C(CCC3C4CCCC4CCC23)C1,2,1,1.0
SR-ARE,O=C1CCC2C1CCC1c3ccccc3CCC12,2,0,0.0
SR-ARE,O=C1CCC2C3Cc4cccc5c4C2(CCN3)C1O5,2,0,0.0
SR-ARE,O=C1CCC=CCC(=O)CC(CCC2CCCCC2)OC(=O)C2CCCCN2C(=O)C(=O)C2CCCC(CCC=CC=CC=CCCC1)O2,2,0,
SR-ARE,O=C1CCCC(=O)C1C(=O)c1ccccc1,2,0,0.0
SR-ARE,O=C1CCCC1=O,2,0,0.0
SR-ARE,O=C1CCCCCO1,2,0,0.0
SR-ARE,O=C1CCCS1,2,0,0.0
SR-ARE,O=C1CCO1,2,0,0.0
SR-ARE,O=C1CN2CCOC2(c2ccccc2)c2ccccc2N1,2,0,0.0
SR-ARE,O=C1CNC(=O)CNC(=O)C(Cc2ccccc2)NC(=O)CCSSCC(C(=O)N2CCCC2)NC(=O)CN1,2,0,
SR-ARE,O=C1CNC(=O)N1c1ccccc1,2,1,0.5
SR-ARE,O=C1COC(=O)N1,2,0,0.0
SR-ARE,O=C1Cc2ccccc2N1,2,1,0.5
SR-ARE,O=C1NC(=O)C(c2ccccc2)(c2ccccc2)N1,2,0,0.0
SR-ARE,O=C1NC(=O)C(c2ccccc2)N1,2,0,0.0
SR-ARE,O=C1NC(=O)C2(CCOc3ccccc32)N1,2,0,0.0
SR-ARE,O=C1NC(=O)c2cccc3cccc1c23,2,1,0.5
SR-ARE,O=C1NCC(COc2ccccc2)O1,2,0,0.0
SR-ARE,O=C1NCc2cncn2-c2ccccc21,2,0,0.0
SR-ARE,O=C1Nc2ccccc2C1(c1ccccc1)c1ccccc1,2,0,0.0
SR-ARE,O=C1Nc2ccccc2C1=O,2,1,1.0
SR-ARE,O=C1OC(=O)C2C3C=CC(C3)C12,2,0,0.0
SR-ARE,O=C1OCC2C(OC3CCC4OCOCC4O3)c3cc4c(cc3C(c3ccccc3)C12)OCO4,2,0,
SR-ARE,O=C1OCC2Cc3cc4c(cc3C(c3ccccc3)C12)OCO4,2,0,
SR-ARE,O=C1c2cc3ccc(OC4CC(OC5CCCCO5)CCO4)cc3cc2CCC1OC1CC(OC2CC(OC3CCCCO3)CCO2)CCO1,2,0,
SR-ARE,O=C1c2ccccc2-c2ccccc21,2,0,0.0
SR-ARE,O=C1c2ccccc2C(=O)C1C(=O)C(c1ccccc1)c1ccccc1,2,0,
SR-ARE,O=C1c2ccccc2C(=O)c2c(Nc3ccccc3)cccc21,2,2,1.0
SR-ARE,O=C1c2ccccc2CN1c1ccccc1,2,0,0.0
SR-ARE,O=C1c2ccccc2Cc2ccccc21,2,0,0.0
SR-ARE,O=S(=O)(NC1CCCCC1)c1ccccc1,2,0,0.0
SR-ARE,O=S(=O)(Nc1ccccc1)c1nc2ccncn2n1,2,0,0.0
SR-ARE,O=S(=O)(Nc1ccno1)c1ccccc1,2,0,0.0
SR-ARE,O=S(=O)(Nc1ccon1)c1ccccc1,2,0,0.0
SR-ARE,O=S1(=O)CCCC1,2,0,0.0
SR-ARE,O=S1(=O)CCCc2ccsc21,2,0,0.0
SR-ARE,O=S1(=O)NC(Cc2ccccc2)Nc2ccccc21,2,0,0.0
SR-ARE,O=S1(=O)NC=Nc2ccccc21,2,0,0.0
SR-ARE,O=S1OCC2C3C=CC(C3)C2CO1,2,2,1.0
SR-ARE,O=[PH]1OCC2OC(n3cnc4cncnc43)CC2O1,2,0,0.0
SR-ARE,O=c1[nH]c(=O)c2ccccc2[nH]1,2,0,0.0
SR-ARE,O=c1[nH]cnn1-c1ccccc1,2,0,0.0
SR-ARE,O=c1[nH]nnc2ccccc12,2,2,1.0
SR-ARE,O=c1c(CCN2CCC(c3noc4ccccc34)CC2)cnc2n1CCCC2,2,0,0.0
SR-ARE,O=c1c(OC2CCCC(COC3CCCCO3)O2)c(-c2ccccc2)oc2ccccc12,2,0,0.0
SR-ARE,O=c1ccc(-c2ccncc2)c[nH]1,2,0,0.0
SR-ARE,O=c1cccc2c(c1)CCCc1ccccc1-2,2,1,1.0
SR-ARE,O=c1ccn(-c2ccccc2)c2nc(N3CC4CC4C3)ccc12,2,2,1.0
SR-ARE,O=c1ccn2c3c(cccc13)CCC2,2,0,0.0
SR-ARE,O=c1ccoc2cccc(OCCCOc3cccc4occc(=O)c34)c12,2,0,0.0
SR-ARE,O=c1ccoc2ccccc12,2,0,0.0
SR-ARE,O=c1nc2[nH]c3ccccc3nc-2c(=O)[nH]1,2,0,0.0
SR-ARE,O=c1nccc[nH]1,2,0,0.0
SR-ARE,O=c1ncccn1C1CSCO1,2,0,0.0
SR-ARE,O=c1ncncn1C1CCCO1,2,1,0.5
SR-ARE,O=c1oc2ccccc2cc1Cc1cc2ccccc2oc1=O,2,1,1.0
SR-ARE,O=c1oc2ccccc2cc1Cc1ccccc1,2,0,0.0
SR-ARE,S=C(Nc1ccccc1)Nc1ccccc1,2,0,
SR-ARE,S=C(c1ccccc1)N1CCOCC1,2,0,0.0
SR-ARE,S=[PH](Oc1ccccc1)c1ccccc1,2,0,0.0
SR-ARE,S=c1[nH]cc[nH]1,2,0,0.0
SR-ARE,[N+]=C1C=CC(=C(c2ccccc2)c2cccc3ccccc23)C=C1,2,0,0.0
SR-ARE,c1c2c(cc3c1OCO3)CNCC2,2,0,0.0
SR-ARE,c1cc(OCC2CO2)ccc1Cc1ccc(OCC2CO2)cc1,2,1,0.5
SR-ARE,c1cc2c3c(cccc3c1)CC2,2,0,0.0
SR-ARE,c1ccc(-c2c3ccccc3[o+]c3ccccc23)cc1,2,1,0.5
SR-ARE,c1ccc(-c2cc(CCCCCCc3ccc(OC4CCCCO4)c(-c4ccccc4)c3)ccc2OC2CCCCO2)cc1,2,0,0.0
SR-ARE,c1ccc(-c2ccon2)cc1,2,0,0.0
SR-ARE,c1ccc(-c2cncnc2)cc1,2,2,1.0
SR-ARE,c1ccc(-c2nc3ccccc3s2)cc1,2,0,
SR-ARE,c1ccc(-c2nccc3ccccc23)cc1,2,0,
SR-ARE,c1ccc(-c2nccs2)cc1,2,0,0.0
SR-ARE,c1ccc(-c2ncncn2)cc1,2,0,0.0
SR-ARE,c1ccc(-n2cccc2)cc1,2,0,
SR-ARE,c1ccc(-n2cccn2)cc1,2,1,0.5
SR-ARE,c1ccc(-n2ccnc2)cc1,2,0,0.0
SR-ARE,c1ccc(-n2cncn2)cc1,2,0,0.0
SR-ARE,c1ccc(C(COc2ncccn2)c2ccccc2)cc1,2,0,0.0
SR-ARE,c1ccc(C(Cn2cncn2)Cn2cncn2)cc1,2,0,0.0
SR-ARE,c1ccc(C(OC2CC3CCC(C2)N3)c2ccccc2)cc1,2,0,
SR-ARE,c1ccc(C(OC2CCCN(CCc3ccc4c(c3)OCO4)C2)c2ccccc2)cc1,2,0,0.0
SR-ARE,c1ccc(C(c2ccccc2)c2cncnc2)cc1,2,1,0.5
SR-ARE,c1ccc(C2(c3ccccc3)CCCCC2)cc1,2,1,0.5
SR-ARE,c1ccc(C2=NCc3nncn3-c3sccc32)cc1,2,0,0.0
SR-ARE,c1ccc(C2CCN(CCC(c3ccccc3)c3ccccc3)CC2)cc1,2,1,0.5
SR-ARE,c1ccc(C2CN3CCSC3=N2)cc1,2,0,0.0
SR-ARE,c1ccc(C2CNCCc3ccccc32)cc1,2,0,
SR-ARE,c1ccc(CC2CCCC2Cn2cncn2)cc1,2,1,1.0
SR-ARE,c1ccc(CCCCN2CCC(C(c3ccccc3)c3ccccc3)CC2)cc1,2,0,
SR-ARE,c1ccc(CCCCNCCc2ccccc2)cc1,2,0,0.0
SR-ARE,c1ccc(CCCN2CCOCC2)cc1,2,0,
SR-ARE,c1ccc(CCN2CCC(c3ccccc3)CC2)cc1,2,0,0.0
SR-ARE,c1ccc(CCN2CCC3CC2Cc2ccccc23)cc1,2,0,
SR-ARE,c1ccc(CCNCCCCCCNCCc2ccccc2)cc1,2,0,
SR-ARE,c1ccc(CN2CCCCC2)cc1,2,0,0.0
SR-ARE,c1ccc(CN2CCNCC2)cc1,2,0,0.0
SR-ARE,c1ccc(CN2CCc3sccc3C2)cc1,2,0,0.0
SR-ARE,c1ccc(CNC2CCCCC2)cc1,2,0,0.0
SR-ARE,c1ccc(CNc2ncccn2)cc1,2,0,0.0
SR-ARE,c1ccc(C[NH2+]CCOCCOc2ccccc2)cc1,2,2,1.0
SR-ARE,c1ccc(Cc2c[nH]cn2)cc1,2,0,0.0
SR-ARE,c1ccc(N=[NH+]c2ccccc2)cc1,2,2,1.0
SR-ARE,c1ccc(NC2=NCCN2)cc1,2,0,
SR-ARE,c1ccc(NC2CCNCC2)cc1,2,1,0.5
SR-ARE,c1ccc(NCc2cnc3ncncc3n2)cc1,2,0,
SR-ARE,c1ccc(Nc2ccc3ccccc3c2)cc1,2,1,0.5
SR-ARE,c1ccc(Nc2ncccn2)cc1,2,1,0.5
SR-ARE,c1ccc(Nc2ncncn2)cc1,2,0,
SR-ARE,c1ccc(OCCN2CCCCC2)cc1,2,0,0.0
SR-ARE,c1ccc(OCCOc2ccccc2)cc1,2,0,0.0
SR-ARE,c1ccc(OCn2cncn2)cc1,2,0,0.0
SR-ARE,c1ccc(Oc2nc3ccccc3o2)cc1,2,1,1.0
SR-ARE,c1ccc([SiH2]c2ccccc2)cc1,2,0,0.0
SR-ARE,c1ccc([Sn+](c2ccccc2)c2ccccc2)cc1,2,1,1.0
SR-ARE,c1ccc2[nH]c(-c3cscn3)nc2c1,2,0,0.0
SR-ARE,c1ccc2[s+]c3ccccc3nc2c1,2,2,1.0
SR-ARE,c1ccc2c(c1)-c1cccc3cccc-2c13,2,0,0.0
SR-ARE,c1ccc2c(c1)CC(N1CCNCC1)c1ccccc1S2,2,0,0.0
SR-ARE,c1ccc2c(c1)CCC1CCCCC21,2,0,0.0
SR-ARE,c1ccc2c(c1)CCNC2,2,0,0.0
SR-ARE,c1ccc2c(c1)Cc1ccccc1C(N1CCNCC1)=N2,2,0,0.0
SR-ARE,c1ccc2c(c1)Cc1ccccc1O2,2,0,0.0
SR-ARE,c1ccc2c(c1)Cc1cccnc1O2,2,0,0.0
SR-ARE,c1ccc2c(c1)N=C(N1CCNCC1)c1ccccc1O2,2,0,0.0
SR-ARE,c1ccc2c(c1)N=C(N1CCNCC1)c1ccccc1S2,2,0,0.0
SR-ARE,c1ccc2c(c1)NCCO2,2,1,0.5
SR-ARE,c1ccc2c(c1)Oc1ccccc1O2,2,1,0.5
SR-ARE,c1ccc2c(c1)Sc1ccccc1N2CC1CN2CCC1CC2,2,0,
SR-ARE,c1ccc2c(c1)Sc1ccccc1N2CCC1CCCCN1,2,0,0.0
SR-ARE,c1ccc2c(c1)cc1ccc3cccc4ccc2c1c34,2,2,1.0
SR-ARE,c1ccc2c(c1)oc1ccccc12,2,0,0.0
SR-ARE,c1ccc2cc3c(ccc4ccccc43)cc2c1,2,2,1.0
SR-ARE,c1ccc2cccc-2cc1,2,0,
SR-ARE,c1ccc2cnccc2c1,2,0,0.0
SR-ARE,c1ccc2nc3c(cc2c1)CCCC3,2,0,0.0
SR-ARE,c1ccc2ncncc2c1,2,0,0.0
SR-ARE,c1ccc2occc2c1,2,0,0.0
SR-ARE,c1ccc2sccc2c1,2,0,0.0
SR-ARE,c1cn(C2CCCO2)cn1,2,0,0.0
SR-ARE,c1cnc2[nH]ncc2c1,2,0,0.0
SR-ARE,c1cncc(C2CCCN2)c1,2,0,0.0
SR-ARE,c1coc(-c2nnco2)c1,2,2,1.0
SR-ARE,c1ncc2[nH]cnc2n1,2,0,0.0
SR-ARE,c1nnc[nH]1,2,0,0.0
SR-ARE,C(#CC(c1ccccc1)c1ccccc1)CN1CCCC1,1,0,0.0
SR-ARE,C(#Cc1ccccn1)c1ccc2c(c1)CCCS2,1,0,
SR-ARE,C(=C(OCCOc1ccccc1)c1ccccc1)n1ccnc1,1,0,
SR-ARE,C(=C1CCCC1Cn1cncn1)c1ccccc1,1,0,0.0
SR-ARE,C(=C1c2ccccc2-c2ccccc21)c1ccccc1,1,0,
SR-ARE,C(=CC1CCC2OC(=Cc3ccccc3)CC12)CC1CCCCC1,1,0,
SR-ARE,C(=CC=C1Nc2ccccc2S1)C=Cc1[nH+]c2ccccc2s1,1,0,
SR-ARE,C(=CC=CC1=[NH+]c2ccc3ccccc3c2C1)C=CC=C1Cc2c(ccc3ccccc23)N1,1,0,
SR-ARE,C(=CC=CC=CC=CC=CC1C=CCCC1)C=CC=CC=CC=CC1=CCCCC1,1,0,
SR-ARE,C(=CC=Nc1ccccc1)C=CNc1ccccc1,1,0,
SR-ARE,C(=CSSCC1CCCO1)NCc1cncnc1,1,0,
SR-ARE,C(=Cc1[nH+]c2ccccc2s1)C=C1Nc2ccccc2S1,1,1,1.0
SR-ARE,C(=Cc1ccc(-c2ccc(C=Cc3ccccc3)cc2)cc1)c1ccccc1,1,0,
SR-ARE,C(=Cc1ccc(-c2ccccc2)cc1)CN1CCCCCC1,1,0,
SR-ARE,C(=Cc1ccc(N=Nc2ccccc2)cc1)c1ccc(N=Nc2ccccc2)cc1,1,0,
SR-ARE,C(=Cc1ccc(Nc2ncnc(Nc3ccccc3)n2)cc1)c1ccc(Nc2ncnc(Nc3ccccc3)n2)cc1,1,0,0.0
SR-ARE,C(=Cc1ccc2ccccc2[nH+]1)C=C1C=Cc2ccccc2N1,1,1,1.0
SR-ARE,C(=Cc1ccc2ccccc2n1)c1cccc(C(CCc2ccccc2)SCC2CC2)c1,1,0,0.0
SR-ARE,C(=Cc1ccc2ccccc2n1)c1ccccc1,1,0,
SR-ARE,C(=Cc1ccccc1)C(C=Cc1ccccc1)=NN=C1NCCCN1,1,0,
SR-ARE,C(=Cc1ccccc1)CNCCc1ccccc1,1,0,
SR-ARE,C(=Cc1ccccc1)CNCc1cccc2ccccc12,1,0,0.0
SR-ARE,C(=Cc1ccncc1)c1ccccc1,1,0,
SR-ARE,C(=Cc1cncn1Cc1ccccc1)Cc1cccs1,1,0,0.0
SR-ARE,C(=Cc1n[nH]c2cc(Sc3ccccc3)ccc12)c1ccccn1,1,1,1.0
SR-ARE,C(=Cc1nc(C2CCC2)cs1)c1ccccc1,1,1,1.0
SR-ARE,C(=NC1CCCCC1)=NC1CCCCC1,1,0,
SR-ARE,C(=NCCN=Cc1ccccc1)c1ccccc1,1,0,
SR-ARE,C(=NOCC1OCCO1)c1ccccc1,1,0,0.0
SR-ARE,C(=NOCCCN1CCCCC1)c1ccc[nH+]c1,1,0,0.0
SR-ARE,C(=NOCc1ccccc1)c1ccccc1,1,1,1.0
SR-ARE,C(=NOCc1ccccc1)c1cn[nH]c1Oc1ccccc1,1,1,1.0
SR-ARE,C(=NOc1ccccc1)c1ccccc1,1,0,
SR-ARE,C(=Nc1ccccc1)NC=Nc1ccccc1,1,0,0.0
SR-ARE,C(=Nc1ccccc1)Nc1ccccc1,1,0,
SR-ARE,C(=Nc1ccccc1)c1ccccc1,1,0,
SR-ARE,C(=Nc1ccccc1)n1ccnc1,1,1,1.0
SR-ARE,C(CCN1CCCCC1)=C(c1cccs1)c1cccs1,1,0,0.0
SR-ARE,C(CCOCC1CO1)COCC1CO1,1,1,1.0
SR-ARE,C(CC[NH+]1CCCC1)CC[NH+]1CCCC1,1,0,
SR-ARE,C(COCC1CO1)OCC1CO1,1,1,1.0
SR-ARE,C(COc1ccc2c(c1)[nH]c1ccccc12)=C1CN2CCC1CC2,1,0,
SR-ARE,C1=C(Cc2ccccn2)c2ccccc2C1,1,0,0.0
SR-ARE,C1=C(c2ccccc2)CCN(CCc2ccc3ccccc3c2)C1,1,1,1.0
SR-ARE,C1=C2C3CC4OC5(CCC4C3CCC23CC32CCC(OC3CCCCO3)CC2C1)OCC1OC15,1,0,0.0
SR-ARE,C1=C2C3CCCC3CCC2C2CCCCC2C1,1,0,
SR-ARE,C1=C2CC(OC3OCCC(OC4CCCCO4)C3OC3CCCCO3)CCC2C2CCC3C(CC4C3CC3CCCCN34)C2C1,1,0,
SR-ARE,C1=C2CC3C4CCCCC4=CCC3C2CCC12CC1NCCCC1O2,1,0,
SR-ARE,C1=C2CC3CCC2(CCC1)C3,1,0,0.0
SR-ARE,C1=C2CCC3C4CCCC4CCC3C2Cc2cnoc21,1,0,
SR-ARE,C1=C2CCCCC2C2CCC34CNCC3CCC4C2C1,1,0,0.0
SR-ARE,C1=C2CCCCC2C2CCC3C(c4cccnc4)=CCC3C2C1,1,0,
SR-ARE,C1=C2CCCCC2CCC1,1,1,1.0
SR-ARE,C1=CC(=C(c2ccccc2)c2ccc(Nc3ccccc3)cc2)C=CC1=Nc1ccccc1,1,0,0.0
SR-ARE,C1=CC(NC2CCC(OC3CCC(OC4CCCOC4)OC3)OC2)CCC1,1,0,0.0
SR-ARE,C1=CC(Oc2cccc(Oc3ccccc3)c2)CC1,1,1,1.0
SR-ARE,C1=CC(c2cccc3nonc23)C=CN1,1,0,0.0
SR-ARE,C1=CC(n2cnc3c(NC4CC4)ncnc32)CC1,1,0,
SR-ARE,C1=CC1,1,0,0.0
SR-ARE,C1=CC2(CCC1)CCCO2,1,0,
SR-ARE,C1=CC23CCCN2CCc2cc4c(cc2C3C1)OCO4,1,0,
SR-ARE,C1=CC23CCNCc4cccc(c42)OC3CC1,1,0,
SR-ARE,C1=CC2=CCC3C4CCCC4CCC3C2CC1,1,0,
SR-ARE,C1=CC2=CCCCC2CC1,1,0,0.0
SR-ARE,C1=CC2C3CCC(C3)C2C1,1,0,0.0
SR-ARE,C1=CC2CC(c3ccc4c(c3)C35CCN6CC=CC(CCC3N4)C65)c3[nH]c4ccccc4c3CN(C1)C2,1,0,
SR-ARE,C1=CC2CC1C1CC3OC3C21,1,0,
SR-ARE,C1=CC2CC1CC2C(CCN1CCCCC1)c1ccccc1,1,0,0.0
SR-ARE,C1=CC2CCC3C4CCCCC4=CCC3C2C1,1,1,1.0
SR-ARE,C1=CC2OC23CCC2C4CCCC4CCC2C3C1,1,1,1.0
SR-ARE,C1=CC2Oc3cccc4c3C23CCNC(C4)C3=C1,1,0,
SR-ARE,C1=CC2c3ccccc3OCC2CC1,1,0,
SR-ARE,C1=CCC(c2ccccc2)CC1,1,0,0.0
SR-ARE,C1=CCC2CC2C1,1,0,
SR-ARE,C1=CCC2CC=CC2C1,1,0,
SR-ARE,C1=CCC=C1.C1=CCC=C1,1,0,
SR-ARE,C1=CCC=C1.c1cc[cH-]c1,1,0,0.0
SR-ARE,C1=CCC=CC1,1,0,0.0
SR-ARE,C1=CCCC1,1,0,0.0
SR-ARE,C1=CCCC=CCC1,1,0,0.0
SR-ARE,C1=CCCC=CCCC=CCC1,1,0,0.0
SR-ARE,C1=CCNCC1,1,0,0.0
SR-ARE,C1=COC(OC2CCC(OC3CCC(OC4CCC(OC5CCC(OC6CCC7OCC6O7)OC5)OC4)CC3)OC2)CC1,1,0,
SR-ARE,C1=Cc2cc3ccc(cc4nc(cc5ccc(cc1n2)[nH]5)C=C4)[nH]3,1,1,1.0
SR-ARE,C1=Cc2cc3ccc(cc4nc(cc5ccc(cc1n2)[nH]5)CC4)[nH]3,1,0,
SR-ARE,C1=Cc2cccc3cccc1c23,1,0,0.0
SR-ARE,C1=Cc2ccccc2C(=C2CCNCC2)c2ccccc21,1,0,0.0
SR-ARE,C1=Cc2ccccc2C1,1,0,0.0
SR-ARE,C1=Cc2ccccc2Cc2ccccc21,1,0,0.0
SR-ARE,C1=Cc2ccccc2N(CCCN2CCNCC2)c2ccccc21,1,0,0.0
SR-ARE,C1=Cc2ccccc2Nc2ccccc21,1,0,0.0
SR-ARE,C1=Cc2ccccc2Sc2ccccc21,1,0,0.0
SR-ARE,C1=Cc2nc1c(-c1ccccc1)c1ccc([nH]1)c(-c1ccccc1)c1nc(c(-c3ccccc3)c3ccc([nH]3)c2-c2ccccc2)CC1,1,0,
SR-ARE,C1=Cn2c3c(c4ccccc42)CCN2CCCC1C32,1,0,0.0
SR-ARE,C1=NC(c2ccccc2)CN1,1,0,0.0
SR-ARE,C1=NC=NCN1c1ccccc1,1,0,
SR-ARE,C1=NCC(c2ccccc2)O1,1,0,0.0
SR-ARE,C1=NCC2c3ccccc3Cc3ccccc3N12,1,0,0.0
SR-ARE,C1=NCOC1,1,1,1.0
SR-ARE,C1=NCSC1,1,0,0.0
SR-ARE,C1=NNc2ncnc3c2c1cn3C1CCCO1,1,1,1.0
SR-ARE,C1=NOC(c2ccccc2)(c2ccccc2)C1,1,0,0.0
SR-ARE,C1=Nc2ccc3ccccc3c2C1,1,0,0.0
SR-ARE,C1=Nc2ccccc2C(c2ccccc2)=[NH+]C1,1,0,
SR-ARE,C1=Nc2ccccc2C1,1,0,0.0
SR-ARE,C1C2C3C4CC5C3C1C5C24,1,0,
SR-ARE,C1C2OC2C2C1C1CC2C2OC12,1,0,0.0
SR-ARE,C1CC(COCC2CO2)CCC1COCC1CO1,1,0,
SR-ARE,C1CC2CC(C1)C2,1,0,0.0
SR-ARE,C1CC2CC3CCCC3(C1)C2,1,0,
SR-ARE,C1CC2CCC(C1)N2,1,0,
SR-ARE,C1CC2CCC(C1)[NH2+]2,1,0,
SR-ARE,C1CC2CCC1CO2,1,0,0.0
SR-ARE,C1CC2CCC1O2,1,0,
SR-ARE,C1CC2CCC3C4CC5SC5CC4CCC3C2C1,1,0,
SR-ARE,C1CC2CCC3C4Cc5nonc5CC4CCC3C2C1,1,0,
SR-ARE,C1CC2C[NH2+]CC1C2,1,0,
SR-ARE,C1CC2OCC1OC1CCC(CO1)OC1CCC(CO1)OC1CCC(CO1)OC1CCC(CO1)OC1CCC(CO1)O2,1,1,1.0
SR-ARE,C1CC2OCC1OC1CCC(CO1)OC1CCC(CO1)OC1CCC(CO1)OC1CCC(CO1)OC1CCC(CO1)OC1CCC(CO1)O2,1,0,0.0
SR-ARE,C1CC2OCC1OC1CCC(CO1)OC1CCC(CO1)OC1CCC(CO1)OC1CCC(CO1)OC1CCC(CO1)OC1CCC(CO1)OC1CCC(CO1)O2,1,0,0.0
SR-ARE,C1CCC(C(CC2CCCCN2)C2CCCCC2)CC1,1,0,
SR-ARE,C1CCC(C2CC3CCC2C3)CC1,1,0,
SR-ARE,C1CCC(C2CCC(C3CCC(C4CCC5(CCCCO5)O4)O3)O2)OC1,1,0,
SR-ARE,C1CCC(CC2CCCC2)C1,1,0,0.0
SR-ARE,C1CCC(CC2CCCC3(CCC(C4CCC(C5OC(C6CCCCO6)CC5OC5CCCCO5)O4)O3)O2)OC1,1,0,
SR-ARE,C1CCC(N=NC2CCCCC2)CC1,1,0,0.0
SR-ARE,C1CCC(N[SiH](NC2CCCCC2)NC2CCCCC2)CC1,1,0,0.0
SR-ARE,C1CCC(OC2CCC(OC3CCCOC3)OC2)OC1,1,0,
SR-ARE,C1CCC(OC2CCC3OC(OC4CCCCO4)CCC3O2)CC1,1,0,
SR-ARE,C1CCC(OC2CCCCC2OC2CCCO2)OC1,1,0,0.0
SR-ARE,C1CCC(OC2CCCCO2)OC1,1,0,0.0
SR-ARE,C1CCC(OC2CCOC(OC3C(OC4CCCCO4)CCOC3OC3CCC(OC4CCC5C(CCC6C5CCC5C7CC8(CCCCO8)OC7CC56)C4)OC3)C2)OC1,1,0,
SR-ARE,C1CCC(OC2CCOC(OC3CCC(OC4CCOCC4)OC3)C2)OC1,1,0,
SR-ARE,C1CCC(OC2CCOC2)OC1,1,0,0.0
SR-ARE,C1CCC(OC2COC(OC3CCCCC3OC3CCCCO3)C2)OC1,1,0,
SR-ARE,C1CCC(OC2OCCC3OC4(CCCCO4)OC32)CC1,1,0,
SR-ARE,C1CCC(SSC2CCCCC2)CC1,1,0,0.0
SR-ARE,C1CCC2(CC1)NCCO2,1,1,1.0
SR-ARE,C1CCC2(CC3C(CC4C3CCC3C5CCC(OC6CCC(OC7OCCC(OC8CCCCO8)C7OC7CCCCO7)CO6)CC5CCC34)O2)NC1,1,0,
SR-ARE,C1CCC2(CC3C(CC4C3CCC3C5CCCCC5CCC34)O2)NC1,1,0,
SR-ARE,C1CCC2(CCCCO2)OC1,1,0,0.0
SR-ARE,C1CCC2=C(C1)CCCC2,1,0,0.0
SR-ARE,C1CCC2=NCCCN2CC1,1,0,
SR-ARE,C1CCC2C(C1)CCC1CCCCC12,1,0,0.0
SR-ARE,C1CCC2C(C1)CCC1OCCC12,1,0,0.0
SR-ARE,C1CCC2NCCC2C1,1,0,0.0
SR-ARE,C1CCN(C2CCC3CCC4C5CC(N6CCCCC6)CC5CCC4C3C2)CC1,1,0,
SR-ARE,C1CCN(CN2CCCCC2)CC1,1,0,0.0
SR-ARE,C1CCN2CC3CC(CN4CCCCC34)C2C1,1,0,0.0
SR-ARE,C1CCN2CCCC2C1,1,0,
SR-ARE,C1CC[NH+](C2CCC3CCC4C5CC([NH+]6CCCCC6)CC5CCC4C3C2)CC1,1,0,
SR-ARE,C1CCc2nnnn2CC1,1,0,
SR-ARE,C1CN(C2CCC3CCC4C5CC(N6CC[NH2+]CC6)CC5CCC4C3C2)CC[NH2+]1,1,0,
SR-ARE,C1CN(CCOCCN2CCOCC2)CCO1,1,0,0.0
SR-ARE,C1CN(P2(N3CC3)=NP(N3CC3)(N3CC3)=NP(N3CC3)(N3CC3)=N2)CCO1,1,0,
SR-ARE,C1CN(SSN2CCOCC2)CCO1,1,0,0.0
SR-ARE,C1CN1,1,0,0.0
SR-ARE,C1CN2CCN1CC2,1,0,0.0
SR-ARE,C1CNCCNCCNCCN1,1,0,0.0
SR-ARE,C1CNCNC1,1,0,0.0
SR-ARE,C1COC(NC(C2CC2)C2CC2)=N1,1,0,0.0
SR-ARE,C1COC1,1,0,0.0
SR-ARE,C1COCC(CC2CO2)C1,1,0,
SR-ARE,C1COCC[NH2+]1,1,0,0.0
SR-ARE,C1COCSC1,1,0,0.0
SR-ARE,C1CS1,1,0,0.0
SR-ARE,C1CSCN1,1,0,0.0
SR-ARE,C1CSSSC1,1,1,1.0
SR-ARE,C1N2CN3CN1CN(C2)C3,1,0,0.0
SR-ARE,C1N2CN3CN1C[NH+](C2)C3,1,1,1.0
SR-ARE,C1NCNCN1,1,0,0.0
SR-ARE,C1OC2COC3OCOC3C2O1,1,0,0.0
SR-ARE,C1OCC2OC3OCOC3C2O1,1,0,0.0
SR-ARE,C1OCN2COCC12,1,0,0.0
SR-ARE,C1SCSCS1,1,0,0.0
SR-ARE,C=C(Nc1ccccc1)Nc1ccccc1,1,0,
SR-ARE,C=C(c1ccccc1)c1ccc2c(c1)CCCC2,1,0,
SR-ARE,C=C(c1ccccc1)c1cccnc1,1,0,0.0
SR-ARE,C=C(c1ccccc1)n1ccnc1,1,1,1.0
SR-ARE,C=C1C(=O)C=COC1=O,1,0,0.0
SR-ARE,C=C1C(=O)OC2C1CCC=CCCC1OC12,1,0,
SR-ARE,C=C1C2C=CCC1c1ccc(=O)[nH]c1C2,1,0,0.0
SR-ARE,C=C1C2CCC3C1CCCCC23,1,0,0.0
SR-ARE,C=C1C=CCCC1=O,1,0,0.0
SR-ARE,C=C1CC23CC1CCC2C12C=CCC(C(=O)O1)C2C3,1,0,0.0
SR-ARE,C=C1CC23CCC4C(C(=O)OC5CCCCO5)CCCC4C2CC(OC2OCCC(OC4CCCCO4)C2OC2CCCCO2)C1C3,1,0,0.0
SR-ARE,C=C1CC2C(CCC3C(=O)CCC32)C2C=CC(=O)C=C12,1,1,1.0
SR-ARE,C=C1CC2C(CCC3C4CCCC4CCC23)CC1=O,1,1,1.0
SR-ARE,C=C1CC2C=CC1C2,1,0,0.0
SR-ARE,C=C1CC2C=CCC3CC(=C)CC(CCOC(=O)CCCC4CCCC(CC(C1)O2)O4)O3,1,0,
SR-ARE,C=C1CC2CCC3C4C=CC(=O)C=C4CCC3C2C1,1,0,
SR-ARE,C=C1CC2CCC3C4CCC(=O)C=C4C=CC3C2C1,1,1,1.0
SR-ARE,C=C1CC2CCCC2C1,1,0,
SR-ARE,C=C1CC2CCCC2C2CCC3=CC(=O)CCC3C12,1,0,
SR-ARE,C=C1CC2CCCC2C2CCC3=CCCCC3C12,1,0,
SR-ARE,C=C1CC=CCC1,1,0,0.0
SR-ARE,C=C1CCC2C1CCC1C3CCCCC3CCC21,1,0,
SR-ARE,C=C1CCC2C3Cc4cccc5c4C2(CCN3CC2CC2)C1O5,1,0,0.0
SR-ARE,C=C1CCC2CCCCC2C1CC=C1CCOC1=O,1,0,
SR-ARE,C=C1CCC=CCCC2CCC12,1,0,0.0
SR-ARE,C=C1CCCC1n1cnc2c(=O)[nH]cnc21,1,0,
SR-ARE,C=C1CCCCC1=CC=C1CCCC2C(CC=CCC3CC3)CCC12,1,1,1.0
SR-ARE,C=C1CCCCC1=O,1,0,0.0
SR-ARE,C=C1CN2C(=O)CC2O1,1,0,
SR-ARE,C=C1C[NH+]2CCC34c5ccccc5N5C=C6C7CC8[NH+](CCC89c8ccccc8N(C=C(C1CC23)C54)C69)CC7=C,1,0,
SR-ARE,C=C1N=C(c2ccccc2)OC1=O,1,0,0.0
SR-ARE,C=C1NC(=O)C2CSSCCC=CC(CC(=O)NCC(=O)N2)OC(=O)CNC1=O,1,0,
SR-ARE,C=C1NC(=O)CNC(=O)CNC(=O)CCNC(=O)C(C2CCN=CN2)NC1=O,1,0,
SR-ARE,C=C1NC(=O)CNC(=O)CNC(=O)CCNC(=O)C(C2CCNC=N2)NC1=O,1,0,0.0
SR-ARE,C=C1NC(=O)CNC(=O)CNC2C=Cc3ccc(nc3C2)C(=O)OCC2NC(=O)c3csc(n3)CNC(=O)C3CSC(=N3)C(=C)NC(=O)CNC(=O)c3csc(n3)C3(CCC(c4nccs4)=NC3c3csc2n3)NC(=O)CNC1=O,1,0,
SR-ARE,C=C1OC(=O)c2ccccc21,1,0,0.0
SR-ARE,C=C1SC(C(=O)NC2C(=O)N3C=C(CSc4nnn[nH]4)CSC23)S1,1,0,
SR-ARE,C=C1SC=CS1,1,0,
SR-ARE,C=C1c2ccccc2C=Cc2ccccc21,1,0,0.0
SR-ARE,C=C1c2ccccc2CSc2ccccc21,1,0,
SR-ARE,C=C1c2ccccc2Cc2ccccc21,1,0,
SR-ARE,C=C1c2ccccc2Sc2ccccc21,1,0,
SR-ARE,N=C(C(=O)NC1C(=O)N2C=C(CSC(=O)c3ccco3)CSC12)c1cscn1,1,0,
SR-ARE,N=C(C(=O)NC1C(=O)N2C=C(CSc3nc(=O)cn[nH]3)CSC12)c1cscn1,1,0,0.0
SR-ARE,N=C(C(=O)NC1C(=O)N2C=C(CSc3nccs3)CSC12)c1cscn1,1,0,
SR-ARE,N=C(C(=O)NC1C(=O)N2C=C(CSc3nnn[nH]3)CSC12)c1cscn1,1,0,
SR-ARE,N=C(C(=O)NC1C(=O)N2C=C(C[NH+]3CCCC3)CSC12)c1cscn1,1,0,
SR-ARE,N=C(C(=O)NC1C(=O)N2C=C(C[n+]3ccc[nH]3)CSC12)c1cscn1,1,0,
SR-ARE,N=C(C(=O)NC1C(=O)N2C=C(C[n+]3cccc4c3CCC4)CSC12)c1cscn1,1,0,
SR-ARE,N=C(C(=O)NC1C(=O)N2C=C(C[n+]3ccn4ncccc43)CSC12)c1ncsn1,1,0,0.0
SR-ARE,N=C(C(=O)NC1C(=O)N2C=C(Cn3ncnn3)CSC12)c1cscn1,1,0,0.0
SR-ARE,N=C(C(=O)NC1C(=O)N2C=CCSC12)c1ccco1,1,0,
SR-ARE,N=C(C1=NOCCO1)c1ccccc1Oc1cc(Oc2ccccc2)ncn1,1,1,1.0
SR-ARE,N=C(C=Cc1ccco1)C=Cc1ccco1,1,1,1.0
SR-ARE,N=C(NCCCCCCNC(=N)NC(=N)Nc1ccccc1)NC(=N)Nc1ccccc1,1,1,1.0
SR-ARE,N=C(NN=Cc1ccccc1)NN=Cc1ccccc1,1,0,
SR-ARE,N=C(Nc1ccccc1)Nc1cccc2ccccc12,1,0,
SR-ARE,N=C(c1ccccc1)c1ccccc1,1,0,0.0
SR-ARE,N=C1C(=O)Nc2ccccc21,1,0,
SR-ARE,N=C1C=CC(=N)C=C1,1,1,1.0
SR-ARE,N=C1C=CC2C(=O)OC3CC(CC=CC(OC4CCCCO4)CC=CC=C4COC1C42)OC1(CCCC(C2CCCCC2)O1)C3,1,0,
SR-ARE,N=C1CCCC1,1,0,0.0
SR-ARE,N=C1CCCCC1,1,0,0.0
SR-ARE,N=C1CCCCOC(=O)CC(OC2CCCCO2)CC(OC2CCCCO2)CCC1,1,0,0.0
SR-ARE,N=C1CCN(c2ccc3c(=O)ccn(C4CC4)c3n2)C1,1,0,
SR-ARE,N=C1CCOC2(C1)CC1CC(CC=CCCC=CC=C3COC4CC=CC(C(=O)O1)C34)O2,1,0,
SR-ARE,N=C1CN(N2CCOCC2)NO1,1,0,0.0
SR-ARE,N=C1NC(=N)c2cc3ccccc3cc21,1,1,1.0
SR-ARE,N=C1NC(=N)c2ccccc21,1,1,1.0
SR-ARE,N=C1NC(=O)C(=Cc2ccccc2)S1,1,1,1.0
SR-ARE,N=C1NC(=O)N(c2ccccc2)CS1,1,0,0.0
SR-ARE,N=C1NCC(=O)N1,1,0,0.0
SR-ARE,N=C1NCCN1Cc1cccnc1,1,0,0.0
SR-ARE,N=C1NCOCN1Cc1cncs1,1,0,0.0
SR-ARE,N=C1SCCN1Cc1cccnc1,1,0,0.0
SR-ARE,N=C1SCCS1,1,0,0.0
SR-ARE,N=c1[nH]c(=O)c2nc[nH]c2[nH]1,1,0,0.0
SR-ARE,N=c1[nH]ncs1,1,0,
SR-ARE,N=c1cc2n(-c3ccccc3)c3ccccc3nc-2cc1Nc1ccccc1,1,0,
SR-ARE,N=c1ccc2c(-c3ccccc3)c3ccccc3oc-2c1,1,1,1.0
SR-ARE,N=c1ccn2c(n1)OC1CCOC12,1,0,0.0
SR-ARE,O1[As]2O[As]3O[As]1O[As](O2)O3,1,0,
SR-ARE,O1[SiH2]O[SiH2]O[SiH2]1,1,0,0.0
SR-ARE,O1[SiH2]O[SiH2]O[SiH2]O[SiH2]O[SiH2]1,1,0,0.0
SR-ARE,O=C(C(=O)c1ccco1)c1ccco1,1,1,1.0
SR-ARE,O=C(C(C1=NCCc2ccccc21)c1ccccc1)N(CCc1ccccc1)CCc1ccccc1,1,0,0.0
SR-ARE,O=C(C1C(c2ccccc2)c2ccccc2N1S(=O)(=O)c1ccccc1)N1CCCC1,1,0,0.0
SR-ARE,O=C(C1CC1)C(c1ccccc1)N1CCc2sccc2C1,1,0,0.0
SR-ARE,O=C(C1CCC(NC2CCOCC2)C1)N1CCc2ncccc2C1,1,0,0.0
SR-ARE,O=C(C1CCCCC1)N1CC(=O)N2CCCc3ccccc3C2C1,1,0,
SR-ARE,O=C(C1CCCCC1)N1CC(=O)N2CCc3ccccc3C2C1,1,0,0.0
SR-ARE,O=C(C1CCCCC1)N1CCNCC1,1,0,0.0
SR-ARE,O=C(C1CCCO1)N1CCN(c2ncc3ccccc3n2)CC1,1,0,0.0
SR-ARE,O=C(C1CCNCC1)N1CCC(NC2CCc3ccccc3C2)CC1,1,0,
SR-ARE,O=C(C1COc2ccccc2O1)N1CCN(c2ncc3ccccc3n2)CC1,1,0,
SR-ARE,O=C(C=CC=CC=CC=CC1=CCCCC1)Nc1ccccc1,1,0,
SR-ARE,O=C(C=CC=CC=CC=CC1=CCCCC1)Oc1ccc2c(c1)CCCO2,1,0,
SR-ARE,O=C(C=CC=CC=CC=CC=CC=CC=CC(=O)OC1CCCC(COC2CCCCO2)O1)OC1CCCC(COC2CCCCO2)O1,1,0,
SR-ARE,O=C(C=CC=Cc1ccc2c(c1)OCO2)N1CCCCC1,1,1,1.0
SR-ARE,O=C(C=Cc1ccccc1)CC(=O)C=Cc1ccccc1,1,1,1.0
SR-ARE,O=C(C=Cc1ccccc1)N1CCN(CC(=O)N2CCCC2)CC1,1,0,
SR-ARE,O=C(C=Cc1ccccc1)NC1CC1,1,0,
SR-ARE,O=C(C=Cc1ccccc1)NC1CCC(CCN2CCc3ccc(-c4ncon4)cc3CC2)CC1,1,0,
SR-ARE,O=C(C=Cc1ccccc1)OC1C(COC2CCCCO2)OC(OCCc2ccccc2)CC1OC1CCCCO1,1,0,
SR-ARE,O=C(C=Cc1ccccc1)OC1CCC23CC24CCC2CCCC2C4CCC3C1,1,0,0.0
SR-ARE,O=C(C=Cc1ccccc1)OC1CCCC(OC(=O)C=Cc2ccccc2)C1,1,0,
SR-ARE,O=C(C=Cc1ccccc1)OC1CCCCC1,1,0,0.0
SR-ARE,O=C(C=Cc1ccccc1)OCC=Cc1ccccc1,1,0,
SR-ARE,O=C(C=Cc1ccccc1)OCCCc1ccccc1,1,0,0.0
SR-ARE,O=C(C=Cc1ccccc1)OCCOC(=O)C=Cc1ccccc1,1,0,
SR-ARE,O=C(C=Cc1ccccc1)OCCc1ccccc1,1,0,0.0
SR-ARE,O=C(C=Cc1ccccc1)OCc1ccccc1,1,1,1.0
SR-ARE,O=C(CC(NC(=O)c1ccccc1)c1ccccc1)OC1C=C2CC(=O)C3CCC4OCC4C3C(OC(=O)c3ccccc3)C(C2)C1,1,0,
SR-ARE,O=C(CC(NS(=O)(=O)c1ccc2ccccc2c1)c1ccc2c(c1)OCO2)NCCc1ccc(CN2CCCCC2)cc1,1,0,
SR-ARE,O=C(CC12CC3CC(CC(C3)C1)C2)N1CCC2CC21,1,0,0.0
SR-ARE,O=C(CC12CCCN1CCC2)Nc1ccccc1,1,0,0.0
SR-ARE,O=C(CC1=CCC=CC1)NC1C(=O)N2C=CCSC12,1,0,0.0
SR-ARE,O=C(CC1CCCCN1)Cn1cnc2ccccc2c1=O,1,0,
SR-ARE,O=C(CCC(=O)OC1CCCCC1)OC1CCCCC1,1,0,0.0
SR-ARE,O=C(CCC1(C(=O)NC2CCCCC2)CCCC1)Oc1ccc2c(c1)CCC2,1,0,
SR-ARE,O=C(CCC1CC2N=C1C=C1CCC(=N1)C=C1CCC(=N1)C=C1CCC2[N-]1)NCCO[PH](=O)OC1COC(n2cnc3ccccc32)C1,1,0,0.0
SR-ARE,O=C(CCC1CC2[N-]C1=CC1=NC(=CC3=NC(=CC4=NC2CC4)CC3)CC1)NCCO[PH](=O)OC1COC(n2cnc3ccccc32)C1.c1ncc2ncn(C3CCCO3)c2n1,1,0,
SR-ARE,O=C(CCC1CCCC1)OC1CCC2C1CCC1c3ccccc3CCC12,1,0,0.0
SR-ARE,O=C(CCC1CCN(Cc2ccccc2)CC1)c1ccc2c(c1)NCCCC2,1,1,1.0
SR-ARE,O=C(CCC=CCc1ccc2c(c1)C(=O)OC2)OCCN1CCOCC1,1,1,1.0
SR-ARE,O=C(CCCCCCCCC(=O)OC1CCNCC1)OC1CCNCC1,1,0,0.0
SR-ARE,O=C(CCCCCCCCCCCCC1CCCC1)Nc1ccc(S(=O)(=O)c2ccc(NC(=O)CCCCCCCCCCCCC3CCCC3)cc2)cc1,1,0,
SR-ARE,O=C(CCCCCCCCc1cccnc1)N1CCC(C=C(c2ccccc2)c2ccccc2)CC1,1,0,
SR-ARE,O=C(CCCCCc1ccccc1)CC1CCC(C2CCCCO2)O1,1,0,
SR-ARE,O=C(CCCN1CC=C(n2c(=O)[nH]c3ccccc32)CC1)c1ccccc1,1,0,0.0
SR-ARE,O=C(CCCN1CCC(C(=O)c2ccccc2)CC1)c1ccccc1,1,0,
SR-ARE,O=C(CCCN1CCC(N2CCCCC2)CC1)c1ccccc1,1,0,0.0
SR-ARE,O=C(CCCN1CCC(OC(c2ccccc2)c2ccccc2)CC1)c1ccccc1,1,0,
SR-ARE,O=C(CCCN1CCC(n2c(=O)[nH]c3ccccc32)CC1)c1ccccc1,1,0,
SR-ARE,O=C(CCCN1CCC(n2c(=S)[nH]c3ccccc32)CC1)c1ccccc1,1,0,
SR-ARE,O=C(CCCN1CCC2(CC1)C(=O)NCN2c1ccccc1)c1ccccc1,1,1,1.0
SR-ARE,O=C(CCCN1CCCC1)c1ccccc1,1,0,0.0
SR-ARE,O=C(CCCN1CCCCC1)c1ccccc1,1,0,0.0
SR-ARE,O=C(CCCN1CCN(c2ccccc2)CC1)NC1c2ccccc2CSc2ccccc21,1,0,
SR-ARE,O=C(CCCN1CCN(c2ccccc2)CC1)c1ccccc1,1,0,
SR-ARE,O=C(CCCN1CCN(c2ccccn2)CC1)c1ccccc1,1,0,
SR-ARE,O=C(CCCN1CCN2CCCC2C1)c1ccccc1,1,0,
SR-ARE,O=C(CCCNC(=O)C(NC(=O)c1ccncn1)C(OC1OCCCC1OC1CCCCO1)c1c[nH]cn1)NCC(=O)NCCc1nc(-c2nc(C(=O)NCCCNCc3ccccc3)cs2)cs1,1,0,
SR-ARE,O=C(CCCNC(=O)C(NC(=O)c1ccncn1)C(OC1OCCCC1OC1CCCCO1)c1cnc[nH]1)NCC(=O)NCCc1nc(-c2nccs2)cs1,1,0,
SR-ARE,O=C(CCCNC(=O)c1ccccc1)OCCCN1CCN(CCOC(=O)Cc2cn(C(=O)c3ccccc3)c3ccccc23)CC1,1,0,
SR-ARE,O=C(CCCOc1ccc2[nH]c(=O)ccc2c1)NC1CCCCC1,1,0,0.0
SR-ARE,O=C(CCCc1ccccc1)N1CC2CCCCC2C1,1,0,
SR-ARE,O=C(CCN1CC1)OCC(COC(=O)CCN1CC1)COC(=O)CCN1CC1,1,0,0.0
SR-ARE,O=C(CCN1CCC(c2ccccc2)C1)c1ccc2c(c1)OCCO2,1,1,1.0
SR-ARE,O=C(CCN1CCCC1)c1ccccc1,1,1,1.0
SR-ARE,O=C(CCN1CCN(CCc2ccccc2)CC1)c1ccccc1,1,1,1.0
SR-ARE,O=C(CCN1CCN2CCCC2C1)N1c2ccccc2Sc2ccccc21,1,0,
SR-ARE,O=C(CCN1CCOCC1)N1c2ccccc2Sc2ccccc21,1,1,1.0
SR-ARE,O=C(CCNCCc1ccccc1)c1ccccc1,1,1,1.0
SR-ARE,O=C(CCNNC(=O)c1ccncc1)NCc1ccccc1,1,0,0.0
SR-ARE,O=C(CCOCCOCCOCCOCCC(=O)Nc1ccccc1)Nc1ccccc1,1,0,0.0
SR-ARE,O=C(CCS(=O)(=O)c1ccccc1)Nc1ccccc1,1,1,1.0
SR-ARE,O=C(CC[NH+]1CCc2ccccc2C1Cc1ccccc1)OCCCCCOC(=O)CC[NH+]1CCc2ccccc2C1Cc1ccccc1,1,0,
SR-ARE,O=C(CCc1cc2c(s1)-n1cnnc1CN=C2c1ccccc1)N1CCOCC1,1,0,0.0
SR-ARE,O=C(CCc1ccc(OCCCNCCNC(=O)N2CCOCC2)cc1)OCC1COCO1,1,0,
SR-ARE,O=C(CCc1cccc2ccccc12)Nc1ccccc1C(=O)N1CCC2(CCCC2)CC1,1,0,
SR-ARE,O=C(CCc1ccccc1)NC1COC(n2cnc3cncnc32)C1,1,0,
SR-ARE,O=C(CCc1ccccc1)NCC(=O)NCC(=O)NC(Cc1c[nH]c2ccccc12)C(=O)NCC(=O)NCC(=O)NCCc1ccccc1,1,0,
SR-ARE,O=C(CCc1ccccc1)NCC(=O)OCc1ccccc1,1,0,0.0
SR-ARE,O=C(CCc1ccccc1)OC1C=C2CC(=O)C3CCC4OCC4C3C(OC(=O)c3ccccc3)C(C2)C1,1,0,0.0
SR-ARE,O=C(CCc1ccccc1)OCC(COC(=O)CCc1ccccc1)(COC(=O)CCc1ccccc1)COC(=O)CCc1ccccc1,1,0,0.0
SR-ARE,O=C(CCc1ccccc1)OCCOCCOCCOC(=O)CCc1ccccc1,1,0,0.0
SR-ARE,O=C(CCc1ccccc1)c1ccc(OC2OCCCC2OC2CCCCO2)cc1,1,0,0.0
SR-ARE,O=C(CN1CCCC1)Nc1ccccc1,1,0,0.0
SR-ARE,O=C(CN1CCCC1=O)Nc1ccccc1,1,0,0.0
SR-ARE,O=C(CN1CCCCC1)Nc1ccccc1,1,0,0.0
SR-ARE,O=C(CN1CCCCCC1)Nc1ccccc1,1,0,0.0
SR-ARE,O=C(CN1CCN(C(=O)c2ccccc2)CC1)N1CCOCC1,1,0,0.0
SR-ARE,O=C(CN1CCN(CCCC(c2ccccc2)c2ccccc2)CC1)Nc1ccccc1,1,0,
SR-ARE,O=C(CN1CCN(CCCOc2ccccc2)CC1)Nc1ccccc1,1,0,0.0
SR-ARE,O=C(CN1CCN(Cc2ccc3c(c2)OCO3)CC1)N1c2ccccc2Sc2ccccc21,1,0,
SR-ARE,O=C(CN1CCNCC1)NC1CCCCC1,1,0,0.0
SR-ARE,O=C(CN1CCOCC1)NC(CCc1ccccc1)C(=O)NCC(=O)NC(Cc1ccccc1)C(=O)NCC(=O)C1CO1,1,1,1.0
SR-ARE,O=C(CN1CCOCC1)c1ccccc1,1,0,0.0
SR-ARE,O=C(CNC(=O)CNC(=O)CNC(=O)CNC(=O)C1CCCN1C(=O)C1CCC(=O)N1)NCCc1ccccc1,1,0,
SR-ARE,O=C(CNC(=O)NCc1cscn1)NC(CCC(Cc1ccccc1)NC(=O)OCc1cncs1)Cc1ccccc1,1,0,
SR-ARE,O=C(CNC(=O)c1ccc2ccccc2n1)NC(CCN1CCC2CCCCC2C1)Cc1ccccc1,1,0,
SR-ARE,O=C(CNC(=O)c1ccccc1)Nc1ccccc1,1,0,
SR-ARE,O=C(CNC1CC2CCC(C1)N2c1ncccn1)N1CCCC1,1,0,0.0
SR-ARE,O=C(CNCC(=O)NCCc1ccccc1)NCCc1ccccc1,1,0,0.0
SR-ARE,O=C(CNCCCN1c2ccccc2CCc2ccccc21)c1ccccc1,1,1,1.0
SR-ARE,O=C(CNCCCc1ccccc1)N1CCC2(C1)SCCS2,1,0,
SR-ARE,O=C(CNCCCc1ccccc1)N1CCC2CCCC21,1,0,0.0
SR-ARE,O=C(CNCCCc1ccccc1)N1CCC2CCCCC21,1,0,
SR-ARE,O=C(CNS(=O)(=O)c1cccc2c1NCCC2)N1CCCCC1,1,0,0.0
SR-ARE,O=C(COCCOCCOCC(=O)Nc1ccccc1)Nc1ccccc1,1,0,0.0
SR-ARE,O=C(COc1ccccc1)N1CCN(C(=O)COc2ccccc2)CC1,1,1,1.0
SR-ARE,O=C(COc1ccccc1)N1CCN(Cc2ccc3c(c2)OCO3)CC1,1,1,1.0
SR-ARE,O=C(COc1ccccc1)NC(CCC(Cc1ccccc1)NC(=O)CN1CCCNC1=O)Cc1ccccc1,1,1,1.0
SR-ARE,O=C(COc1ccccc1)NC1C(=O)N2CCSC12,1,0,0.0
SR-ARE,O=C(COc1ccccc1)OC1CCC2CC3c4[nH]c5ccccc5c4CCN3CC2C1,1,0,0.0
SR-ARE,O=C(COc1ccccc1)OCCCOC(=O)COc1ccccc1,1,0,0.0
SR-ARE,O=C(COc1ccccc1)OCCNC12CC3CC(CC(C3)C1)C2,1,0,
SR-ARE,O=C(COc1ccccc1)OCCn1cnc2[nH]c(=O)[nH]c(=O)c21,1,0,
SR-ARE,O=C(COc1nncs1)Nc1ccccc1,1,1,1.0
SR-ARE,O=C(CSc1ccncc1)NC1C(=O)N2C=CCSC12,1,0,
SR-ARE,O=C(C[NH2+]Cc1ccccc1)Nc1ccccc1,1,0,0.0
SR-ARE,O=C(C[PH](=O)CCCCc1ccccc1)N1CCC(C2CCCCC2)C1,1,0,
SR-ARE,O=C(C[SH+]Cc1ccco1)NCC=CCOc1cc(CN2CCCCC2)ccn1,1,0,0.0
SR-ARE,O=C(Cc1ccc2c(c1)OCO2)c1sccc1S(=O)(=O)Nc1ccno1,1,0,
SR-ARE,O=C(Cc1cccc2occc12)NC1CCC2(CCCO2)CC1N1CCCC1,1,0,0.0
SR-ARE,O=C(Cc1ccccc1)NC1C(=O)N2C(C(=O)OCOC(=O)C3CS(=O)(=O)C4CC(=O)N34)CSC12,1,0,
SR-ARE,O=C(Cc1ccccc1)NC1C(=O)N2C(C(=O)OCc3coc(=O)o3)CSC12,1,0,0.0
SR-ARE,O=C(Cc1ccccc1)NC1C(=O)N2C(C(=O)Oc3ccccc3)CSC12,1,0,0.0
SR-ARE,O=C(Cc1ccccc1)NC1C(=O)N2C=C(CSc3c[nH]nn3)CSC12,1,0,
SR-ARE,O=C(Cc1ccccc1)NC1C(=O)N2C=C(CSc3nnn[nH]3)COC12,1,0,0.0
SR-ARE,O=C(Cc1ccccc1)NC1C(=O)N2C=C(C[n+]3ccccc3)CSC12,1,0,
SR-ARE,O=C(Cc1ccccc1)NCc1ccccc1N1CCCCC1,1,0,
SR-ARE,O=C(Cc1ccccc1)NCc1ccncc1,1,0,0.0
SR-ARE,O=C(Cc1ccccc1)Nc1ccccc1,1,1,1.0
SR-ARE,O=C(Cc1ccccc1)Nc1cnc(N2CCCC2)cc1-c1ccccc1,1,1,1.0
SR-ARE,O=C(Cc1ccccc1)OC1CC2NC(C1)C1OC21,1,0,0.0
SR-ARE,O=C(Cc1ccccc1)OC1CCNCC1,1,0,0.0
SR-ARE,O=C(Cc1ccccc1)OCCN1CCOC(c2ccccc2)C1,1,0,0.0
SR-ARE,O=C(Cc1ccccc1)OCCc1ccccc1,1,0,0.0
SR-ARE,O=C(Cc1ccccc1)OCc1ccccc1,1,0,0.0
SR-ARE,O=C(Cc1ccccc1)OCc1ccccn1,1,0,0.0
SR-ARE,O=C(Cc1ccccc1)Oc1ccccc1,1,0,0.0
SR-ARE,O=C(Cc1cccnc1)c1cccnc1,1,0,0.0
SR-ARE,O=C(Cc1cccs1)NC1C(=O)N2C=C(C[n+]3ccccc3)CSC12,1,1,1.0
SR-ARE,O=C(Cc1ccsc1)NC1C(=O)N2CCSC12,1,0,
SR-ARE,O=C(Cc1cscn1)NC1C(=O)N2C=C(CSc3nnn[nH]3)CSC12,1,0,
SR-ARE,O=C(Cn1c(=O)sc2ccccc21)N1CCNCC1,1,0,
SR-ARE,O=C(Cn1c(C(=O)NC2CCNCC2)cc2ccncc21)Nc1ccccn1,1,0,
SR-ARE,O=C(Cn1ccnc1)NCc1ccccc1,1,0,0.0
SR-ARE,O=C(N1CCCC1)C(CCN1CCOCC1)(c1ccccc1)c1ccccc1,1,0,0.0
SR-ARE,O=C(N=NC(=O)OCc1ccccc1)OCc1ccccc1,1,0,0.0
SR-ARE,O=C(NC(=O)c1ccccc1)Nc1ccc(Oc2ccccc2)cc1,1,1,1.0
SR-ARE,O=C(NC(=O)c1ccccc1)Nc1ccc(Oc2ccccn2)cc1,1,1,1.0
SR-ARE,O=C(NC(=O)c1ccccc1)Nc1cccc(Oc2ccccn2)c1,1,0,
SR-ARE,O=C(NC(=O)c1ccccc1)Nc1ccccc1N1CCCCC1,1,0,0.0
SR-ARE,O=C(NC(C(=O)NC1C(=O)N2C=C(CSc3nnn[nH]3)CSC12)c1ccccc1)c1cccnc1,1,0,
SR-ARE,O=C(NC(CC(=O)N1CCCC1)Cc1ccccc1)c1cc2ccccc2[nH]1,1,0,0.0
SR-ARE,O=C(NC(CCN1C2CCC1CC(n1cnnc1)C2)c1ccccc1)C1CCCCC1,1,0,
SR-ARE,O=C(NC(CCN1CCC2CCCCC2C1)CSc1ccccc1)c1ccccc1,1,0,
SR-ARE,O=C(NC(CCNS(=O)(=O)c1ccccc1)Cc1ccccc1)OC1COC2OCCC12,1,0,
SR-ARE,O=C(NC(Cc1ccccc1)C(=O)Nc1ccccc1)c1ccccc1,1,0,
SR-ARE,O=C(NC(c1ccccc1)C1CCCCN1)c1ccccc1,1,0,
SR-ARE,O=C(NC(c1ccccc1)C1CN2CCC1CC2)c1ccccc1,1,0,
SR-ARE,O=C(NC1=CCCN1)Nc1ccccc1,1,0,
SR-ARE,O=C(NC1C(=O)N2CCSC12)C1CCCCC1,1,0,
SR-ARE,O=C(NC1C(=O)N2CCSC12)c1cccc2ccccc12,1,1,1.0
SR-ARE,O=C(NC1C(=O)N2CCSC12)c1ccccc1,1,1,1.0
SR-ARE,O=C(NC1CC2CCC(C1)N2)n1c(=O)[nH]c2ccccc21,1,0,0.0
SR-ARE,O=C(NC1CC2CCCC(C1)N2)c1n[nH]c2ccccc12,1,0,
SR-ARE,O=C(NC1CCCC1)NS(=O)(=O)c1ccccc1,1,0,0.0
SR-ARE,O=C(NC1CCCCC1)N1CC(c2ccccc2)SC1=O,1,1,1.0
SR-ARE,O=C(NC1CCCCC1)NS(=O)(=O)c1ccc(CCN2C(=O)Cc3ccccc3C2=O)cc1,1,1,1.0
SR-ARE,O=C(NC1CCCCC1)NS(=O)(=O)c1ccc(CCNC(=O)N2CC=CC2=O)cc1,1,0,
SR-ARE,O=C(NC1CCCCC1)NS(=O)(=O)c1ccc(CCNC(=O)c2ccccc2)cc1,1,0,
SR-ARE,O=C(NC1CCCCC1)NS(=O)(=O)c1ccc(CCNC(=O)c2cnccn2)cc1,1,1,1.0
SR-ARE,O=C(NC1CCCCCCC1)NS(=O)(=O)c1ccccc1,1,0,0.0
SR-ARE,O=C(NC1CCCNC1)c1ccccc1,1,0,0.0
SR-ARE,O=C(NC1CCCOC1)c1ccccc1,1,0,
SR-ARE,O=C(NC1CCN(C2CC2)CC1)c1nc2ccccc2n1Cc1cc(-c2cccs2)on1,1,0,0.0
SR-ARE,O=C(NC1CCN(CCCOc2ccccc2)CC1)c1ccccc1,1,0,0.0
SR-ARE,O=C(NC1CCN(CCc2c[nH]c3ccccc23)CC1)c1ccccc1,1,0,0.0
SR-ARE,O=C(NC1CCN(Cc2ccccc2)C1)c1ccccc1,1,0,
SR-ARE,O=C(NC1CCN(Cc2ccccc2)CC1)c1ccccc1,1,0,0.0
SR-ARE,O=C(NC1CCNCC1)c1cc2ccccc2n1Cc1cc(-c2cccs2)on1,1,0,
SR-ARE,O=C(NC1CCNCC1)c1cccc2c1OCC2,1,0,0.0
SR-ARE,O=C(NC1CCOc2ccccc21)c1ccccc1,1,0,0.0
SR-ARE,O=C(NC1CCc2ccccc21)C(CCCN1CCN(Cc2cccnc2)CC1)Cc1ccccc1,1,0,0.0
SR-ARE,O=C(NC1CN2CCC1CC2)c1cc2ccoc2cn1,1,0,0.0
SR-ARE,O=C(NC1CN2CCC1CC2)c1ccc2c(c1)OCCO2,1,0,0.0
SR-ARE,O=C(NC1CN2CCC1CC2)c1ccccc1,1,0,0.0
SR-ARE,O=C(NC1N=C(c2ccccc2)c2cccc3c2N(CC3)C1=O)c1cccnc1,1,0,0.0
SR-ARE,O=C(NC1N=C(c2ccccc2)c2cccc3c2N(CC3)C1=O)c1ccncc1,1,0,
SR-ARE,O=C(NC1N=C(c2ccccc2)c2ccccc2NC1=O)c1cc2ccccc2[nH]1,1,1,1.0
SR-ARE,O=C(NC1OC2C3CCCN3C(=O)CN2C1=O)C1C=C2c3cccc4[nH]cc(c34)CC2NC1,1,1,1.0
SR-ARE,O=C(NC1OC2C3CCCN3C(=O)CN2C1=O)C1CNC2Cc3c[nH]c4cccc(c34)C2C1,1,0,
SR-ARE,O=C(NCC(CC[N+]12CCC(C3CCCCC3)(CC1)CC2)c1ccccc1)c1ccccc1,1,0,
SR-ARE,O=C(NCC1CCCCN1)c1ccccc1,1,0,0.0
SR-ARE,O=C(NCC1CCCN1)C(c1ccccc1)c1ccccc1,1,0,0.0
SR-ARE,O=C(NCC1CN(Cc2ccccc2)CCO1)c1ccccc1,1,0,
SR-ARE,O=C(NCC1CN(c2ccc(N3CCOCC3=O)cc2)C(=O)O1)c1cccs1,1,0,0.0
SR-ARE,O=C(NCC1CNC2Cc3c[nH]c4cccc(c34)C2C1)OCc1ccccc1,1,0,
SR-ARE,O=C(NCCCCCCCCCCNC(=O)Oc1ccccc1)Oc1ccccc1,1,0,
SR-ARE,O=C(NCCCCCCNC(=O)OCCN1CCOC1)OCCN1CCOC1,1,0,0.0
SR-ARE,O=C(NCCCCN1CCN(c2ccccc2)CC1)c1ccc(-c2ccccc2)cc1,1,0,
SR-ARE,O=C(NCCCN1CCOCC1)c1ccccc1,1,0,0.0
SR-ARE,O=C(NCCCNc1ncc2ccccc2n1)C1CCCO1,1,1,1.0
SR-ARE,O=C(NCCN1CCOCC1)c1ccccc1,1,0,0.0
SR-ARE,O=C(NCCNC(=O)N1CCOCC1)N1CCOCC1,1,0,0.0
SR-ARE,O=C(NCCNC(=O)c1cccnc1)c1cccnc1,1,0,
SR-ARE,O=C(NCCNCCCOc1ccccc1)N1CCOCC1,1,0,
SR-ARE,O=C(NCCOc1ccccc1)n1ccnc1,1,1,1.0
SR-ARE,O=C(NCC[NH2+]Cc1ccccc1)C(=O)NCC[NH2+]Cc1ccccc1,1,0,0.0
SR-ARE,O=C(NCCc1c[nH]c2ccccc12)c1cccnc1,1,0,0.0
SR-ARE,O=C(NCCc1cc(=O)[nH]c2ccccc12)c1ccccc1,1,0,
SR-ARE,O=C(NCCc1ccccc1)C1CCCCC1,1,0,0.0
SR-ARE,O=C(NCCc1ccccc1)C1CCCN1,1,0,0.0
SR-ARE,O=C(NCCc1ccccc1)NS(=O)(=O)c1ccccc1,1,0,
SR-ARE,O=C(NCCc1ccccc1)c1cnccn1,1,1,1.0
SR-ARE,O=C(NCN1CCCC1)C1=CCC2CC3Cc4ccccc4C(=O)C3=CC2C1=O,1,0,0.0
SR-ARE,O=C(NCN1CCOCC1)c1cnccn1,1,0,0.0
SR-ARE,O=C(NCNC(=O)NC1NC(=O)NC1=O)NC1NC(=O)NC1=O,1,0,0.0
SR-ARE,O=C(NCc1ccc(OCCc2coc(-c3ccccc3)n2)cc1)Oc1ccccc1,1,0,
SR-ARE,O=C(NCc1ccccc1)C1CCN1C(=O)CC1CCCCC1,1,0,
SR-ARE,O=C(NCc1ccccc1)c1c[nH]c2cccnc2c1=O,1,1,1.0
SR-ARE,O=C(NCc1ccccc1)c1cc(=O)[nH]c(CNC(=O)c2nnco2)n1,1,0,0.0
SR-ARE,O=C(NCc1ccccc1)c1ccccc1NS(=O)(=O)c1cccc2cccnc12,1,0,
SR-ARE,O=C(NCc1ccccc1)c1cccnc1Oc1ccc2c(c1)OCO2,1,0,0.0
SR-ARE,O=C(NCc1ccccc1)c1cccnc1Oc1ccc2nonc2c1,1,0,0.0
SR-ARE,O=C(NCc1ccccc1)c1cccnc1Oc1ccccc1,1,0,0.0
SR-ARE,O=C(NCc1ccccc1)c1ccn[nH]1,1,1,1.0
SR-ARE,O=C(NCc1cccnc1)Nc1ccccc1,1,0,0.0
SR-ARE,O=C(NCc1cccnc1)c1ccccc1C1C(=O)N(Cc2ccccc2)c2ccccc21,1,0,
SR-ARE,O=C(NN1CC2C3CCC(C3)C2C1)c1ccccc1,1,0,0.0
SR-ARE,O=C(NN1CC2CCCC2C1)NS(=O)(=O)c1ccccc1,1,0,0.0
SR-ARE,O=C(NN1CCCC1)NS(=O)(=O)c1ccccc1,1,0,0.0
SR-ARE,O=C(NN1CCCCC1)c1ccccc1,1,0,
SR-ARE,O=C(NN1CCCCCC1)NS(=O)(=O)c1ccc(CCNC(=O)c2ccon2)cc1,1,0,
SR-ARE,O=C(NN1CCCCCC1)NS(=O)(=O)c1ccccc1,1,0,0.0
SR-ARE,O=C(NN1CCc2ccccc21)c1ccccc1,1,0,0.0
SR-ARE,O=C(NN=Cc1ccccn1)Nc1ccccc1,1,0,0.0
SR-ARE,O=C(NNCNNC(=O)c1ccncc1)c1ccncc1,1,0,
SR-ARE,O=C(NNCc1ccccc1)c1ccccc1,1,0,
SR-ARE,O=C(NNCc1ccccc1)c1ccon1,1,0,
SR-ARE,O=C(NOCC1CC1)c1ccccc1Nc1ccccc1,1,0,
SR-ARE,O=C(NS(=O)(=O)C=Cc1ccccc1)c1ccccc1,1,0,
SR-ARE,O=C(NS(=O)(=O)C=Cc1cccs1)c1ccccc1,1,0,0.0
SR-ARE,O=C(NS(=O)(=O)c1ccccc1)c1ccccc1,1,0,0.0
SR-ARE,O=C(Nc1c[nH]c(C(=O)Nc2cc[nH]c2)c1)c1ccc[nH]1,1,0,
SR-ARE,O=C(Nc1c[nH]n(-c2ccccc2)c1=O)c1cccnc1,1,0,0.0
SR-ARE,O=C(Nc1cc(NCc2ccccc2)c2ccccc2n1)c1ccccc1,1,0,
SR-ARE,O=C(Nc1cc2ccc(OC3CCCCO3)cc2oc1=O)c1ccccc1,1,0,0.0
SR-ARE,O=C(Nc1ccc(C(=O)N2CCCC(=CC(=O)N3CCC(N4CCCCC4)CC3)c3ccccc32)cc1)c1ccoc1,1,0,
SR-ARE,O=C(Nc1ccc(C=Cc2ccc(NC(=O)c3ccc4cccnc4c3)cc2)cc1)c1ccc2cccnc2c1,1,0,
SR-ARE,O=C(Nc1ccc(Cc2ccccc2)cc1)c1ccccc1,1,0,
SR-ARE,O=C(Nc1ccc(OCCN2CCOCC2)c2ccccc12)Nc1ccnn1-c1ccccc1,1,0,0.0
SR-ARE,O=C(Nc1ccc(Oc2ccccc2)cc1)c1ccccc1,1,0,
SR-ARE,O=C(Nc1ccc(Oc2cccnc2)nc1)N1CCc2ccccc21,1,1,1.0
SR-ARE,O=C(Nc1ccc(S(=O)(=O)N2CCOCC2)cc1)c1ccccc1NS(=O)(=O)c1cccs1,1,0,
SR-ARE,O=C(Nc1ccc(S(=O)(=O)Nc2nccs2)cc1)c1ccccc1,1,0,0.0
SR-ARE,O=C(Nc1ccc2[nH]cc(Cc3ccc(C(=O)NS(=O)(=O)c4ccccc4)cc3)c2c1)OC1CCCC1,1,1,1.0
SR-ARE,O=C(Nc1ccc2[nH]ccc2c1)c1cc2ccccc2n1Cc1ccccc1,1,0,
SR-ARE,O=C(Nc1ccc2c(c1)CCCC2)c1ccccc1,1,0,0.0
SR-ARE,O=C(Nc1ccc2cc(N=Nc3ccc(N=Nc4ccccc4)cc3)ccc2c1)c1ccccc1,1,1,1.0
SR-ARE,O=C(Nc1ccc2ncccc2c1)Nc1ccc2ncccc2c1,1,0,
SR-ARE,O=C(Nc1cccc(C(=O)Nc2cccc(C(=O)Nc3cccc4ccccc34)c2)c1)Nc1cccc(C(=O)Nc2cccc(C(=O)Nc3cccc4ccccc34)c2)c1,1,0,0.0
SR-ARE,O=C(Nc1cccc(C2=NCCN2)c1)Nc1cccc(C2=NCCN2)c1,1,0,0.0
SR-ARE,O=C(Nc1cccc(Nc2nccc(-c3cccnc3)n2)c1)c1ccc(CN2CCNCC2)cc1,1,0,
SR-ARE,O=C(Nc1cccc2c(=O)cc(-c3nnn[nH]3)oc12)c1ccc(OCCCCc2ccccc2)cc1,1,0,
SR-ARE,O=C(Nc1cccc2ccccc12)c1ccccc1,1,1,1.0
SR-ARE,O=C(Nc1cccc2ccoc12)c1ccccc1,1,0,
SR-ARE,O=C(Nc1ccccc1)C1=COCCS1,1,0,0.0
SR-ARE,O=C(Nc1ccccc1)C1=COCCS1(=O)=O,1,1,1.0
SR-ARE,O=C(Nc1ccccc1)C1CCCCC1,1,1,1.0
SR-ARE,O=C(Nc1ccccc1)C1CCCN1,1,0,0.0
SR-ARE,O=C(Nc1ccccc1)N(Cc1ccccc1)C1CCCC1,1,0,
SR-ARE,O=C(Nc1ccccc1)N(Cc1ccccc1)Cc1oc2ccccc2c1-c1ccccc1,1,0,0.0
SR-ARE,O=C(Nc1ccccc1)N1CCN(c2ncnc3cc(OCCCN4CCCCC4)ccc23)CC1,1,1,1.0
SR-ARE,O=C(Nc1ccccc1)N1COC2Cc3ccccc3C2=N1,1,0,
SR-ARE,O=C(Nc1ccccc1)NS(=O)(=O)c1ccco1,1,0,
SR-ARE,O=C(Nc1ccccc1)Nc1ccc(Oc2ccncc2)cc1,1,0,
SR-ARE,O=C(Nc1ccccc1)Nc1ccncc1,1,1,1.0
SR-ARE,O=C(Nc1ccccc1)Nc1cnns1,1,0,
SR-ARE,O=C(Nc1ccccc1)Nc1nc2ccccc2s1,1,0,
SR-ARE,O=C(Nc1ccccc1)OCC(CN1CCCCC1)OC(=O)Nc1ccccc1,1,0,
SR-ARE,O=C(Nc1ccccc1)Oc1ccccc1,1,0,0.0
SR-ARE,O=C(Nc1ccccc1)c1c[nH]c(-c2ccccc2)c1-c1ccccc1,1,0,
SR-ARE,O=C(Nc1ccccc1)c1c[nH]c2c1C(=O)CCC2,1,0,
SR-ARE,O=C(Nc1ccccc1)c1cc2ccccc2[nH]c1=O,1,0,0.0
SR-ARE,O=C(Nc1ccccc1)c1ccc2c(c1)CCCC2,1,0,
SR-ARE,O=C(Nc1ccccc1)c1cccnc1Oc1ccccc1,1,0,0.0
SR-ARE,O=C(Nc1ccccc1)c1ccco1,1,0,0.0
SR-ARE,O=C(Nc1ccccc1)c1cccs1,1,0,
SR-ARE,O=C(Nc1ccccc1)c1ccoc1,1,1,1.0
SR-ARE,O=C(Nc1ccccc1)c1cnc(Nc2cc(N3CCNCC3)ncn2)s1,1,0,
SR-ARE,O=C(Nc1ccccc1)c1cnoc1,1,1,1.0
SR-ARE,O=C(Nc1ccccc1-c1ccccc1)c1cccnc1,1,0,0.0
SR-ARE,O=C(Nc1ccccc1CCC1CCCCN1)c1ccccc1,1,0,
SR-ARE,O=C(Nc1ccccc1CNCC(=O)N1CCOCC1)c1ccccc1,1,0,
SR-ARE,O=C(Nc1ccccc1SSc1ccccc1NC(=O)c1ccccc1)c1ccccc1,1,0,0.0
SR-ARE,O=C(Nc1ccccn1)C1=Cc2sccc2S(=O)(=O)N1,1,0,0.0
SR-ARE,O=C(Nc1ccccn1)C1NS(=O)(=O)c2ccsc2C1=O,1,0,
SR-ARE,O=C(Nc1ccccn1)c1ccc2[nH]c(CNc3ccccc3)nc2c1,1,0,
SR-ARE,O=C(Nc1cccnc1)N1CCc2cc3[nH]ccc3cc21,1,0,0.0
SR-ARE,O=C(Nc1ccno1)c1ccccc1,1,1,1.0
SR-ARE,O=C(Nc1ccon1)C1=Cc2ccccc2S(=O)(=O)N1,1,0,0.0
SR-ARE,O=C(Nc1cnccn1)C(CC1CCCC1)c1ccccc1,1,1,1.0
SR-ARE,O=C(Nc1nc(-c2ccccc2)c(CCC2CCCCC2)s1)c1cc2ccccc2[nH]1,1,0,
SR-ARE,O=C(Nc1nc(-c2ccccc2)cs1)c1cc2ccccc2[nH]1,1,1,1.0
SR-ARE,O=C(Nc1ncccn1)NS(=O)(=O)Cc1ccccc1,1,0,0.0
SR-ARE,O=C(Nc1ncccn1)NS(=O)(=O)c1ccccc1,1,0,0.0
SR-ARE,O=C(Nc1nccs1)C1=Cc2ccccc2S(=O)(=O)N1,1,0,0.0
SR-ARE,O=C(Nc1nccs1)c1ccccc1,1,0,0.0
SR-ARE,O=C(Nc1nccs1)c1cccs1,1,1,1.0
SR-ARE,O=C(Nc1ncncn1)NS(=O)(=O)c1ccsc1,1,0,0.0
SR-ARE,O=C(Nc1nnn[nH]1)c1cc2ccccc2s1,1,0,
SR-ARE,O=C(Nn1ccc2ccccc21)c1cnc(-c2ccccn2)nc1,1,0,
SR-ARE,O=C(OC(=O)c1ccccc1)c1ccccc1,1,0,0.0
SR-ARE,O=C(OC1C2CCC3C4CC5C6CCCC5(C(C2)C31)C4NC6)c1ccccc1,1,0,
SR-ARE,O=C(OC1CC2CC3CC(C1)N2CC3=O)c1c[nH]c2ccccc12,1,0,
SR-ARE,O=C(OC1CC2CCC(C1)N2)c1c[nH]c2ccccc12,1,0,0.0
SR-ARE,O=C(OC1CC2CCC(C1)[N+]21CCCC1)C(c1ccccc1)c1ccccc1,1,0,0.0
SR-ARE,O=C(OC1CC2CCC(C1)[NH2+]2)C(c1ccccc1)c1ccccc1,1,0,0.0
SR-ARE,O=C(OC1CC2CCCC(C1)N2)C(c1cccs1)c1cccs1,1,0,0.0
SR-ARE,O=C(OC1CC2[NH2+]C(C1)C1OC21)C(c1cccs1)c1cccs1,1,0,
SR-ARE,O=C(OC1CCCCC1)c1ccccc1C(=O)OC1CCCCC1,1,0,
SR-ARE,O=C(OC1CCCN(Cc2ccccc2)C1)C1=CNC=CC1c1ccccc1,1,0,
SR-ARE,O=C(OC1CCN(Cc2ccccc2)C1)C1=CNC=CC1c1ccccc1,1,0,
SR-ARE,O=C(OC1CCNCC1)C(Oc1ccccc1)Oc1ccccc1,1,0,
SR-ARE,O=C(OC1CCNCC1)C(c1ccccc1)c1ccccc1,1,0,0.0
SR-ARE,O=C(OC1CC[NH2+]C1)C(c1ccccc1)C1CCCC1,1,0,0.0
SR-ARE,O=C(OC1CC[NH2+]C1)C(c1ccccc1)c1ccccc1,1,0,0.0
SR-ARE,O=C(OC1CN(C(c2ccccc2)c2ccccc2)C1)C1=CNC=CC1c1ccccc1,1,1,1.0
SR-ARE,O=C(OC1CN2CCC1CC2)N1CCc2ccccc2C1c1ccccc1,1,0,
SR-ARE,O=C(OC1CN2CCC1CC2)c1ccccc1,1,0,
SR-ARE,O=C(OC1COCC(OC2CC(OC(=O)c3ccccc3)CCO2)C1)c1ccccc1,1,0,
SR-ARE,O=C(OC1C[NH+]2CCC1CC2)C(c1ccccc1)c1ccccc1,1,0,0.0
SR-ARE,O=C(OC1Cc2ccccc2OC1c1ccccc1)c1ccccc1,1,0,0.0
SR-ARE,O=C(OC1c2nccnc2C(=O)N1c1ccccn1)N1CCNCC1,1,0,0.0
SR-ARE,O=C(OCC(COC(=O)c1ccccc1)(COC(=O)c1ccccc1)COC(=O)c1ccccc1)c1ccccc1,1,0,0.0
SR-ARE,O=C(OCC(COC(=O)c1cccnc1)(COC(=O)c1cccnc1)COC(=O)c1cccnc1)c1cccnc1,1,0,0.0
SR-ARE,O=C(OCC1(COC(=O)c2cccnc2)CCCC(COC(=O)c2cccnc2)(COC(=O)c2cccnc2)C1)c1cccnc1,1,0,0.0
SR-ARE,O=C(OCC1=NCCCN1)C(c1ccccc1)C1CCCCC1,1,0,0.0
SR-ARE,O=C(OCC1CCCC[NH2+]1)C(c1ccccc1)c1ccccc1,1,0,
SR-ARE,O=C(OCC1CNC2Cc3c[nH]c4cccc(c34)C2C1)c1cccnc1,1,0,0.0
SR-ARE,O=C(OCC1CO1)C1CCCCC1C(=O)OCC1CO1,1,1,1.0
SR-ARE,O=C(OCC1OC(OC(=O)c2cccc(OC(=O)c3ccccc3)c2)C(OC(=O)c2cccc(OC(=O)c3ccccc3)c2)C(OC(=O)c2cccc(OC(=O)c3ccccc3)c2)C1OC(=O)c1cccc(OC(=O)c2ccccc2)c1)c1cccc(OC(=O)c2ccccc2)c1,1,1,1.0
SR-ARE,O=C(OCC=Cc1ccccc1)C1=CNC=CC1c1ccccc1,1,1,1.0
SR-ARE,O=C(OCC=Cc1ccccc1)c1ccccc1,1,0,
SR-ARE,O=C(OCCC(=CNCc1cncnc1)SSC(=CNCc1cncnc1)CCOC(=O)c1ccccc1)c1ccccc1,1,0,
SR-ARE,O=C(OCCCCCCOC(=O)c1ccccc1)c1ccccc1,1,0,0.0
SR-ARE,O=C(OCCCCCOC(=O)c1ccccc1)c1ccccc1,1,0,0.0
SR-ARE,O=C(OCCCCNCCc1ccccc1)c1ccccc1,1,0,0.0
SR-ARE,O=C(OCCCN1CCC(c2ccccc2)(c2ccccc2)CC1)C1=CNC=CC1c1ccccc1,1,0,
SR-ARE,O=C(OCCCN1CCCCC1)c1ccc(OC2CCCCC2)cc1,1,0,0.0
SR-ARE,O=C(OCCCN1CCCCC1)c1ccccc1,1,0,
SR-ARE,O=C(OCCCN1CCCN(CCCOC(=O)c2ccccc2)CC1)c1ccccc1,1,1,1.0
SR-ARE,O=C(OCCCOC(=O)N(Cc1cccc[nH+]1)C(=O)c1ccccc1)N1CCCCC1,1,0,
SR-ARE,O=C(OCCN(Cc1ccccc1)c1ccccc1)C1=CNC=C(P2(=O)OCCCO2)C1c1ccccc1,1,0,
SR-ARE,O=C(OCCN1CCCCC1)C(c1ccccc1)c1ccccc1,1,0,
SR-ARE,O=C(OCCN1CCCCC1)c1cccc2c(=O)cc(-c3ccccc3)oc12,1,0,0.0
SR-ARE,O=C(OCCN1CCN(C(c2ccccc2)c2ccccc2)CC1)C1=CNC=CC1c1ccccc1,1,0,
SR-ARE,O=C(OCCN1CCOCC1)c1ccccc1,1,0,0.0
SR-ARE,O=C(OCCN1CCOCC1)c1cccnc1Nc1ccccc1,1,1,1.0
SR-ARE,O=C(OCCNC1CCCCC1)c1ccccc1,1,0,0.0
SR-ARE,O=C(OCCNCCC(c1ccccc1)c1ccccc1)C1=CNC=CC1c1ccccc1,1,0,0.0
SR-ARE,O=C(OCCNCCc1ccccc1)c1ccccc1,1,0,0.0
SR-ARE,O=C(OCCNCc1ccccc1)C1=CNC=CC1c1ccccc1,1,0,
SR-ARE,O=C(OCCOCCOCCOC(=O)c1ccccc1)c1ccccc1,1,0,0.0
SR-ARE,O=C(OCCOc1cccc2[nH]ccc12)c1ccccc1,1,0,0.0
SR-ARE,O=C(OCC[NH+]1CCCCC1)C(c1ccccc1)c1ccccc1,1,0,
SR-ARE,O=C(OCCc1ccc(N2CCN(C(c3ccccc3)c3ccccc3)CC2)cc1)C1=CNC=CC1c1ccccc1,1,0,0.0
SR-ARE,O=C(OCN1C(=O)C2=C(CCCC2)C1=O)C1CC1,1,0,
SR-ARE,O=C(OCN1C(=O)CNC1=O)C1CC1,1,0,
SR-ARE,O=C(OCOC(=O)c1cccc2ncn(Cc3ccc(-c4ccccc4-c4nnn[nH]4)cc3)c12)OC1CCCCC1,1,0,
SR-ARE,O=C(OCc1cccc(-c2ccccc2)c1)C1CC1,1,0,0.0
SR-ARE,O=C(OCc1ccccc1)C(=O)OCc1ccccc1,1,0,0.0
SR-ARE,O=C(OCc1ccccc1)C1CCCC1,1,0,0.0
SR-ARE,O=C(OCc1ccccc1)c1cccnc1,1,0,
SR-ARE,O=C(OCc1coc(=O)o1)c1cncn1Cc1ccc(-c2ccccc2-c2nn[nH]n2)cc1,1,0,
SR-ARE,O=C(OOC(=O)c1ccccc1)c1ccccc1,1,0,0.0
SR-ARE,O=C(Oc1ccc2c(c1)CCCO2)c1cccnc1,1,0,0.0
SR-ARE,O=C(Oc1cccc2cccnc12)c1ccccc1,1,1,1.0
SR-ARE,O=C(Oc1ccccc1)C1CCCCC1,1,0,0.0
SR-ARE,O=C(Oc1ccccc1)N1CCN2CCC1CC2,1,0,0.0
SR-ARE,O=C(Oc1ccccc1)c1ccc2ccccc2c1,1,0,0.0
SR-ARE,O=C(Oc1ccccc1)c1cccc(C(=O)Oc2ccccc2)c1,1,0,0.0
SR-ARE,O=C(Oc1ccccc1)c1ccccc1C(=O)Oc1ccccc1,1,0,0.0
SR-ARE,O=C(Oc1ccccc1)c1ccco1,1,0,
SR-ARE,O=C(Oc1ccccc1OC(=O)c1ccccc1)c1ccccc1,1,0,
SR-ARE,O=C(SC=CNCc1cncnc1)c1ccccc1,1,0,0.0
SR-ARE,O=C(c1c[nH]c2ccccc12)C1CCc2[nH]cnc2C1,1,0,0.0
SR-ARE,O=C(c1cc2ccccc2[nH]1)N1CCN(c2ccccn2)CC1,1,0,
SR-ARE,O=C(c1cc2ccccc2o1)N1CCN(Cc2ccccc2)CC1,1,0,
SR-ARE,O=C(c1ccc(-c2ccc(-c3nnco3)cc2)cc1)N1CCc2cc3c(cc21)C1(CCNCC1)CO3,1,0,
SR-ARE,O=C(c1ccc(C#Cc2ccccc2)o1)N1CCC(c2ccccc2)CC1,1,1,1.0
SR-ARE,O=C(c1ccc(OCCN2CCCCC2)cc1)c1c(-c2ccccc2)sc2ccccc12,1,0,0.0
SR-ARE,O=C(c1ccc2[nH]cnc2c1)C1CC1,1,0,0.0
SR-ARE,O=C(c1ccc2[nH]cnc2c1)c1cccs1,1,1,1.0
SR-ARE,O=C(c1ccc2c(c1)C(=O)OC2=O)c1ccc2c(c1)C(=O)OC2=O,1,0,0.0
SR-ARE,O=C(c1ccccc1)C1CCC1,1,0,0.0
SR-ARE,O=C(c1ccccc1)C1CCCCC1,1,0,0.0
SR-ARE,O=C(c1ccccc1)C1CCN(CCc2cnc3ccccn3c2=O)CC1,1,0,
SR-ARE,O=C(c1ccccc1)C1CCN(CCc2cnc3n(c2=O)CCS3)CC1,1,0,
SR-ARE,O=C(c1ccccc1)C1CCN(CCn2c(=O)[nH]c3ccccc3c2=O)CC1,1,0,0.0
SR-ARE,O=C(c1ccccc1)C1CCN(CCn2c(=S)[nH]c3ccccc3c2=O)CC1,1,0,
SR-ARE,O=C(c1ccccc1)C1CNCCC1c1ccccc1,1,0,
SR-ARE,O=C(c1ccccc1)N1CC2CC(CN(Cc3ccccc3)C2)C1,1,0,0.0
SR-ARE,O=C(c1ccccc1)N1CCC(CCN2C3CCC2CC(n2cnc4ccccc42)C3)(c2ccccc2)CC1,1,1,1.0
SR-ARE,O=C(c1ccccc1)N1CCCC(CCCN2CCC(c3ccccc3)CC2)(c2ccccc2)C1,1,0,
SR-ARE,O=C(c1ccccc1)N1CCCCCCC1,1,0,0.0
SR-ARE,O=C(c1ccccc1)N1CCOC(CCN2CCC(N3CCCCC3)CC2)(c2ccccc2)C1,1,0,
SR-ARE,O=C(c1ccccc1)N1CCOC(CCN2CCC(c3ccccc3)CC2)(c2ccccc2)C1,1,0,0.0
SR-ARE,O=C(c1ccccc1)N1CCOCC1,1,0,0.0
SR-ARE,O=C(c1ccccc1)P(=O)(C(=O)c1ccccc1)c1ccccc1,1,0,0.0
SR-ARE,O=C(c1ccccc1)c1c[nH]c(=O)[nH]1,1,0,0.0
SR-ARE,O=C(c1ccccc1)c1c[nH]c2ccccc12,1,0,0.0
SR-ARE,O=C(c1ccccc1)c1ccc(OCCN2CCCCC2)cc1,1,0,0.0
SR-ARE,O=C(c1ccccc1)c1ccc2[nH]cnc2c1,1,1,1.0
SR-ARE,O=C(c1ccccc1)c1ccc2n1CCC2,1,0,0.0
SR-ARE,O=C(c1ccccc1)c1ccccc1-n1ccnc1,1,1,1.0
SR-ARE,O=C(c1ccccc1)c1ccccc1NCCc1ccc(OCCc2coc(-c3ccccc3)n2)cc1,1,0,
SR-ARE,O=C(c1ccccc1)c1cn(CCN2CCOCC2)c2ccccc12,1,0,
SR-ARE,O=C(c1ccccc1)c1cnoc1C1CC1,1,0,0.0
SR-ARE,O=C(c1ccco1)N1CCN(c2ncc3ccccc3n2)CC1,1,0,0.0
SR-ARE,O=C(c1ccco1)N1CCNCC1,1,0,0.0
SR-ARE,O=C(c1cccs1)N1CCC(c2ccccc2)CC1,1,0,
SR-ARE,O=C(c1cccs1)c1c[nH]c2ccccc12,1,0,
SR-ARE,O=C(c1cn(-c2ccccc2)c(-c2ccccc2)n1)N1CCN(c2ccc3ccccc3c2)CC1,1,1,1.0
SR-ARE,O=C(c1cn[nH]c1)c1cccc(C2=NOCC2)c1,1,0,0.0
SR-ARE,O=C(c1cncnc1)N1CCC(N2CCN(Cc3ccccc3)CC2)CC1,1,0,
SR-ARE,O=C1C(=Cc2ccccc2)C2CCC1C2,1,0,0.0
SR-ARE,O=C1C(=Cc2ccccc2)CCCC1=Cc1ccccc1,1,1,1.0
SR-ARE,O=C1C(=Cc2cccs2)CCCC1=Cc1cccs1,1,0,
SR-ARE,O=C1C(=NNc2cccc(-c3ccccc3)c2)C=NN1c1ccccc1,1,0,
SR-ARE,O=C1C(=O)c2cccc3cccc1c23,1,0,
SR-ARE,O=C1C(=O)c2ncccc2-c2cccnc21,1,0,
SR-ARE,O=C1C(CCCc2ccccc2)C(c2ccccc2)N1c1ccccc1,1,0,
SR-ARE,O=C1C(CC[SH+]c2ccccc2)C(=O)N(c2ccccc2)N1c1ccccc1,1,0,0.0
SR-ARE,O=C1C(Cc2c[nH]cn2)CCc2cc3ccccc3n21,1,0,
SR-ARE,O=C1C(NCCCc2ccccc2)CCCN2CCCCN12,1,0,
SR-ARE,O=C1C(c2ccccc2)N=CN1Nc1ccccc1,1,1,1.0
SR-ARE,O=C1C2=C(CCCC2)C(=O)N1c1ccccc1,1,0,0.0
SR-ARE,O=C1C2C3CCC(C3)C2C(=O)N1CCCCN1CCN(c2ncccn2)CC1,1,0,0.0
SR-ARE,O=C1C2CC2C(=O)N1c1ccccc1,1,0,0.0
SR-ARE,O=C1C2CCCCC2C(=O)N1CCCCN1CCN(c2nsc3ccccc23)CC1,1,1,1.0
SR-ARE,O=C1C=C(C2CCC(c3ccccc3)CC2)C(=O)c2ccccc21,1,1,1.0
SR-ARE,O=C1C=C(C2CCC3C2CCC2C4CCC(OC5CCCCO5)CC4CCC23)CO1,1,0,
SR-ARE,O=C1C=C(C=CC=CC=CC=CC=CC=CC=CC=CC=CC2=CC(=O)CCC2)CCC1,1,0,
SR-ARE,O=C1C=C(CC2CCCCC2)C(=O)c2ccccc21,1,1,1.0
SR-ARE,O=C1C=C(N2CC2)C(=O)C=C1N1CC1,1,0,
SR-ARE,O=C1C=C2C(CC1)C1CCC3C(C4CC4C34CCC(=O)O4)C1C1CC21,1,0,
SR-ARE,O=C1C=C2C=CC3C(CCC4C3CCC43CCC(=O)O3)C2CC1,1,1,1.0
SR-ARE,O=C1C=C2C=CC3C4CCCC4CCC3C2C2CC12,1,1,1.0
SR-ARE,O=C1C=C2C=CC3CC2(O1)C1CCCCN31,1,0,
SR-ARE,O=C1C=C2CCC3C(=C2CC1)C(c1ccccc1)CC1CCCC13,1,1,1.0
SR-ARE,O=C1C=C2CCC3C(=CCC4CCCC43)C2CC1,1,0,
SR-ARE,O=C1C=C2CCC3C(CCC4C(OC(=O)CCC5CCCCC5)CCC43)C2CC1,1,1,1.0
SR-ARE,O=C1C=C2CCC3C(CCC4C3CCC43CCC(=O)O3)C2CC1,1,0,
SR-ARE,O=C1C=C2CCC3C4C=CCC4CCC3C2CC1,1,0,
SR-ARE,O=C1C=C2CCC3C4CCC5(CCC(=O)O5)C4CC4OC43C2CC1,1,0,0.0
SR-ARE,O=C1C=C2CCCCC2CC1,1,0,0.0
SR-ARE,O=C1C=C2CCCCCCC=CCCC=CC=CC(=O)NC(=C1)C2=O,1,0,
SR-ARE,O=C1C=CC(=O)C(Cc2ccccc2)=C1,1,1,1.0
SR-ARE,O=C1C=CC(=O)C2=C1CC1C3NC3CN21,1,0,
SR-ARE,O=C1C=CC(=O)CC1,1,0,0.0
SR-ARE,O=C1C=CC(=O)N1,1,0,0.0
SR-ARE,O=C1C=CC(=O)N1c1ccc(Cc2ccc(N3C(=O)C=CC3=O)cc2)cc1,1,0,
SR-ARE,O=C1C=CC(=O)N1c1ccccc1,1,0,
SR-ARE,O=C1C=CC(=O)O1,1,0,0.0
SR-ARE,O=C1C=CC2(CC1)Oc1ccccc1C2=O,1,0,
SR-ARE,O=C1C=CC2C(=C1)CCC1C2CCC2C(C(=O)COC(=O)c3ccccc3)CCC21,1,0,
SR-ARE,O=C1C=CC2C(=C1)CCC1C2CCC2C(C(=O)COC(=O)c3ccncc3)CCC21,1,0,0.0
SR-ARE,O=C1C=CC2C(=C1)CCC1C2CCC2C(OC(=O)c3ccco3)CCC21,1,1,1.0
SR-ARE,O=C1C=CC2C(=C1)CCC1C2CCC2C1CC1OC(C3CCCCC3)OC12,1,0,
SR-ARE,O=C1C=CC2C(=C1)CCC1C2CCC2C1CC1OC3(CCCC3)OC12,1,0,
SR-ARE,O=C1C=CC2C(=C1)CCC1C2CCC2C1CC1OC=NC12,1,0,
SR-ARE,O=C1C=CC2C(=C1)CCC1C3CCC(=O)OC3CCC21,1,0,
SR-ARE,O=C1C=CC2C(=C1)Oc1ccccc1C21OC(=O)c2ccccc21,1,0,
SR-ARE,O=C1C=CC2C(CCC3C2CCC2C(C(=O)Nc4ccccc4)CCC23)N1,1,0,
SR-ARE,O=C1C=CC2C(CCC3C4CCCC4CCC23)C1,1,0,
SR-ARE,O=C1C=CC2C(CCC3C4CCCC4CCC23)N1,1,1,1.0
SR-ARE,O=C1C=CC2C3=CC(=O)C4C5CCCCC5CCC4C3CCC2C1,1,0,
SR-ARE,O=C1C=CC2CC1C2,1,0,0.0
SR-ARE,O=C1C=CC2CCC3CC(=O)OC3C2=C1,1,0,0.0
SR-ARE,O=C1C=CC2OC2CCCC2CCCC(CC(OC3CCCCO3)C=CC=CC=CC=CCCO1)O2,1,0,
SR-ARE,O=C1C=CC2OC2CCOC(=O)CCCC(OC2CCC(OC3CCCCO3)CO2)CCC1,1,0,
SR-ARE,O=C1C=CC2OC2CCOC(=O)CCCC(OC2CCCCO2)CCC1,1,0,
SR-ARE,O=C1C=CC=CC(COC2CCCCO2)COC(=O)CCCC(OC2CCC(OC3CCCCO3)CO2)CCC1,1,0,
SR-ARE,O=C1C=CC=CC(COC2CCCCO2)COC(=O)CCCC(OC2CCCCO2)C(CCN2CCCCC2)CC1,1,0,
SR-ARE,O=C1C=CC=CCCCCCCCCC=COC2Oc3ccc4c(c3C2=O)C2=NC3(CCNCC3)NC2=C(N1)C4=O,1,1,1.0
SR-ARE,O=C1C=CC=CCCCCCCCCC=COC2Oc3ccc4cc(c(C=NN5CCN(C6CCCC6)CC5)cc4c3C2=O)N1,1,0,
SR-ARE,O=C1C=CC=CCCCCCCCCC=COC2Oc3ccc4cc(c(C=NN5CCNCC5)cc4c3C2=O)N1,1,0,0.0
SR-ARE,O=C1C=CC=CCCCCCCCCC=COC2Oc3ccc4cc(c5c(nc6ccccn65)c4c3C2=O)N1,1,0,
SR-ARE,O=C1C=CC=CCCCCCCCCC=COC2Oc3ccc4cc(ccc4c3C2=O)N1,1,1,1.0
SR-ARE,O=C1C=CCC(C2CCOCC2)C1,1,0,0.0
SR-ARE,O=C1C=CCC(C=Cc2ccc3c(c2)OCO3)O1,1,0,
SR-ARE,O=C1C=CCC(C=Cc2ccccc2)O1,1,0,
SR-ARE,O=C1C=CCC(CCc2ccccc2)O1,1,0,0.0
SR-ARE,O=C1C=CNC(=O)C1,1,0,0.0
SR-ARE,O=C1C=COC(=O)C1,1,0,0.0
SR-ARE,O=C1C=COC1c1ccccc1,1,0,0.0
SR-ARE,O=C1C=COS(=O)(=O)N1,1,0,0.0
SR-ARE,O=C1CC(=O)C1,1,0,0.0
SR-ARE,O=C1CC(=O)N(C2CCCCC2)C(=O)N1,1,0,0.0
SR-ARE,O=C1CC(=O)N(c2ccccc2)c2ccccc2N1,1,0,
SR-ARE,O=C1CC(=O)OCC2OC(=O)N(CCCCn3cnc(-c4cccnc4)c3)C2CC(=O)CCCC(OC2CCCCO2)C1,1,0,
SR-ARE,O=C1CC(C(=O)NC(Cc2c[nH]cn2)C(=O)N2CCCC2)NC(=O)N1,1,0,
SR-ARE,O=C1CC(CCC2CCCCC2=O)CC(=O)N1,1,0,
SR-ARE,O=C1CC(Cc2cnc[nH]2)CO1,1,0,0.0
SR-ARE,O=C1CC(OC2CCCCO2)CC(OC2CCCCO2)CCC2(CO2)C(=O)CCCCO1,1,0,
SR-ARE,O=C1CC(OC2CCCCO2)CC(OC2CCCCO2)CCCCNCCCCO1,1,0,
SR-ARE,O=C1CC(c2ccc3c(c2)OC(c2ccccc2)CO3)Oc2ccccc21,1,0,0.0
SR-ARE,O=C1CC(c2cccc(OC3CCCC3)c2)CN1,1,0,0.0
SR-ARE,O=C1CC(c2ccccc2)CC(=O)N1,1,0,0.0
SR-ARE,O=C1CC2(CCCC2)CC(=O)N1,1,0,0.0
SR-ARE,O=C1CC2(CCCC2)CC(=O)N1CCCCN1CCN(c2ncccn2)CC1,1,1,1.0
SR-ARE,O=C1CC2(CCCC2)CC(=O)N1CCNCC1COc2ccccc2O1,1,0,0.0
SR-ARE,O=C1CC2C(=O)C3CCC2C3C1,1,0,
SR-ARE,O=C1CC2C(CCC3CCCCC32)O1,1,0,
SR-ARE,O=C1CC2C3CCCCC3CCC2C2CC3OC4(CCCCO4)CC3C12,1,0,0.0
SR-ARE,O=C1CC2CC(SC3Cn4cnc[n+]4C3)=CN12,1,0,
SR-ARE,O=C1CC2CC1C1CCCC21,1,0,0.0
SR-ARE,O=C1CC2CC2C1,1,0,0.0
SR-ARE,O=C1CC2CC=CN12,1,0,0.0
SR-ARE,O=C1CC2CCCC3CCC4OOC32C(O1)O4,1,0,
SR-ARE,O=C1CC2CCCN3CCc4c(n1c1ccccc41)C23,1,0,
SR-ARE,O=C1CC2CCCOC2C1,1,0,
SR-ARE,O=C1CC2N1CC(Cn1ccnn1)S2(=O)=O,1,0,
SR-ARE,O=C1CC2OC(=O)CC2O1,1,1,1.0
SR-ARE,O=C1CC2OCC(CSc3nnn[nH]3)=CN12,1,0,
SR-ARE,O=C1CC2OCC3CC(=O)C4C(CCC5C(c6ccoc6)OC(=O)C6OC654)C32CO1,1,0,0.0
SR-ARE,O=C1CC2OCCC2O1,1,0,0.0
SR-ARE,O=C1CC2SC(C3CCCO3)=CN12,1,0,
SR-ARE,O=C1CC2SCC(CSc3nnn[nH]3)=CN12,1,0,
SR-ARE,O=C1CC2SCCN12,1,0,
SR-ARE,O=C1CCC(=O)CC1,1,0,0.0
SR-ARE,O=C1CCC(=O)c2ccccc21,1,0,
SR-ARE,O=C1CCC(C(=O)N2CCCCC2)N1,1,0,0.0
SR-ARE,O=C1CCC(C(=O)N2CCSC2)N1,1,0,
SR-ARE,O=C1CCC(C(=O)NC(Cc2cnc[nH]2)C(=O)N2CCCC2)N1,1,0,
SR-ARE,O=C1CCC(C(=O)NC2CC2c2ccccc2)N1,1,0,
SR-ARE,O=C1CCC(C2CCCCC2)CC1,1,0,
SR-ARE,O=C1CCC(C=CCCC2CCC2)C1,1,0,
SR-ARE,O=C1CCC(C=CCCOc2ccccc2)C1,1,0,
SR-ARE,O=C1CCC(CC(C(=O)Nc2cnccn2)c2ccccc2)C1,1,0,
SR-ARE,O=C1CCC(N2C(=O)c3ccccc3C2=O)C(=O)N1,1,0,0.0
SR-ARE,O=C1CCC(N2Cc3ccccc3C2=O)C(=O)N1,1,0,0.0
SR-ARE,O=C1CCC(OC2CCC(OC3CCC(OC4CCCc5cc6c(cc54)C(=O)c4ccccc4C6=O)OC3)OC2)OC1,1,0,
SR-ARE,O=C1CCC(c2ccc(-n3ccnc3)cc2)=NN1,1,0,
SR-ARE,O=C1CCC(c2ccc(NCCNCCCOc3ccccc3)cc2)=NN1,1,0,0.0
SR-ARE,O=C1CCC(c2ccc3[nH]c(-c4ccccc4)nc3c2)=NN1,1,0,0.0
SR-ARE,O=C1CCC(c2ccccc2)(C2CCN(Cc3ccccc3)CC2)C(=O)N1,1,0,
SR-ARE,O=C1CCC(c2ccccc2)CC1,1,0,0.0
SR-ARE,O=C1CCC(c2cccnc2)N1,1,0,0.0
SR-ARE,O=C1CCC2C(C1)CC(=O)C1C3CCCC3C(=O)CC21,1,0,0.0
SR-ARE,O=C1CCC2C(CCC3C4CC=CC4CCC23)C1,1,0,
SR-ARE,O=C1CCC2C3=CCc4ccccc4C3CCC12,1,0,
SR-ARE,O=C1CCC2C3Cc4cccc5c4C2(CCN3CC2CC2)C1O5,1,0,
SR-ARE,O=C1CCC2CCC3C(=C12)CCC1CCCCC13,1,0,
SR-ARE,O=C1CCC=NN1,1,0,0.0
SR-ARE,O=C1CCCC(=O)C1,1,0,0.0
SR-ARE,O=C1CCCC(=O)C1=CC1CC1,1,0,0.0
SR-ARE,O=C1CCCC(=O)N1,1,0,
SR-ARE,O=C1CCCC(=O)O1,1,0,
SR-ARE,O=C1CCCC(=O)OC2CCN3CC=C(CO1)C23,1,0,0.0
SR-ARE,O=C1CCCC(OC2CCC(OC3CCCCO3)CO2)CCCC(OC2CCCCO2)C=CC=CCCO1,1,0,
SR-ARE,O=C1CCCC1Cc1ccccc1,1,0,0.0
SR-ARE,O=C1CCCC23CCC(CC12)C3,1,0,0.0
SR-ARE,O=C1CCCC2=C1CCC2,1,0,0.0
SR-ARE,O=C1CCCC=CCCCCCCCCCC1,1,0,0.0
SR-ARE,O=C1CCCC=Cc2ccccc2C(=O)OCCCC1,1,0,
SR-ARE,O=C1CCCCC1=Cc1ccccc1,1,1,1.0
SR-ARE,O=C1CCCCC1=O,1,0,0.0
SR-ARE,O=C1CCCCC1C1CCCCC1,1,0,0.0
SR-ARE,O=C1CCCCC1CN1CCCCC1,1,0,
SR-ARE,O=C1CCCCC1c1cccs1,1,0,
SR-ARE,O=C1CCCCCCC2OC2CC(C=Cc2cscn2)OC(=O)CCC1,1,0,
SR-ARE,O=C1CCCCCCCCCC2CCCC(CC(OC3CCCCO3)C=CC=CC=CC=CC=CC=CC=CCC(CCCCCC(=O)c3ccccc3)OC(=O)CCC1)O2,1,0,
SR-ARE,O=C1CCCCCCCCCCC(=O)OCCO1,1,0,0.0
SR-ARE,O=C1CCCCCCCCCCC1,1,1,1.0
SR-ARE,O=C1CCCCCCCCCCCC(=O)OCCO1,1,0,0.0
SR-ARE,O=C1CCCCCCCCCCCC2CCCC(CC(OC3CCCCO3)C=CC=CC=CC=CC=CC=CC=CCCCCO1)O2,1,1,1.0
SR-ARE,O=C1CCCCCCCCCCCC2CCCC(CC(OC3CCCCO3)C=CC=CC=CC=CCCC=CC=CCCCCO1)O2,1,0,
SR-ARE,O=C1CCCCCCCCCCCCCC1,1,0,0.0
SR-ARE,O=C1CCCCCCCCCCCCCCC=CC=CC=CC=CC=CCCO1,1,0,
SR-ARE,O=C1CCCCCCCCCCCCCCCO1,1,0,0.0
SR-ARE,O=C1CCCCCCCCCCCCCCO1,1,0,0.0
SR-ARE,O=C1CCCCCCCCCCCN1,1,0,0.0
SR-ARE,O=C1CCCCCCCCCCOCCCCO1,1,0,0.0
SR-ARE,O=C1CCCCCN1SSN1CCCCCC1=O,1,0,0.0
SR-ARE,O=C1CCCN1C(=O)c1ccccc1,1,0,0.0
SR-ARE,O=C1CCCN1C1CCCCC1,1,0,0.0
SR-ARE,O=C1CCCN1C1CCOc2ccccc21,1,0,0.0
SR-ARE,O=C1CCCN1c1ccccc1,1,1,1.0
SR-ARE,O=C1CCCNC(=O)CNC(=O)CNC(=O)CNC(=O)CNC(=O)C(Cc2ccccc2)NC(=O)CN1,1,0,
SR-ARE,O=C1CCCNC(=O)CNC(=O)CNC(=O)CNC(=O)CNC(=O)CNC(=O)CN1,1,0,
SR-ARE,O=C1CCCc2c1cc1ccc3cccc4ccc2c1c34,1,0,
SR-ARE,O=C1CCN(C2CCCC2)c2nc(Nc3ccc(C(=O)NC4CCNCC4)cc3)ncc2N1,1,0,
SR-ARE,O=C1CCN2C(=O)C(Cc3ccccc3)NC(=O)C3CCCN3C(=O)CNC(=O)C(NC(=O)c3ccccn3)COC(=O)C(c3ccccc3)NC(=O)C2C1,1,0,
SR-ARE,O=C1CCN2CCc3ccccc3C2C1,1,0,0.0
SR-ARE,O=C1CCOC1,1,0,0.0
SR-ARE,O=C1CCOC2CCC3CCCCC3C12,1,0,0.0
SR-ARE,O=C1CCOC2OC3CCCCC3OC12,1,0,0.0
SR-ARE,O=C1CCON1,1,0,0.0
SR-ARE,O=C1CCON1Cc1ccccc1,1,1,1.0
SR-ARE,O=C1CCS(=O)(=O)C(c2ccccc2)N1,1,0,0.0
SR-ARE,O=C1CCSSCCNC(=O)C2CCCN2C(=O)C(Cc2c[nH]c3ccccc23)NC(=O)CNC(=O)CNC(=O)CN1,1,0,0.0
SR-ARE,O=C1CCc2cc(CCN3CCN(c4nsc5ccccc45)CC3)ccc2N1,1,1,1.0
SR-ARE,O=C1CCc2cc(OCCCCc3nnnn3C3CCCCC3)ccc2N1,1,1,1.0
SR-ARE,O=C1CCc2ccc(OCCCCN3CCN(c4ccccc4)CC3)cc2N1,1,0,
SR-ARE,O=C1CCc2ccc(cc2)Oc2cc3cc(c2OC2OCCCC2OC2CCCCO2)Oc2ccc(cc2)CC2NC(=O)C(NC(=O)C3NC(=O)CN1)c1cccc(c1)-c1ccccc1CNC2=O,1,0,
SR-ARE,O=C1CCc2ccccc21,1,0,0.0
SR-ARE,O=C1CCc2ccccc2C2CCCCN12,1,0,0.0
SR-ARE,O=C1CCc2ccccc2N1,1,0,0.0
SR-ARE,O=C1CCc2ccccc2O1,1,0,0.0
SR-ARE,O=C1CN(N=Cc2ccc(-c3ccccc3)o2)C(=O)N1,1,0,0.0
SR-ARE,O=C1CN(N=Cc2ccco2)C(=O)N1,1,1,1.0
SR-ARE,O=C1CN2CCc3ccccc3C2c2ccccc2N1,1,0,
SR-ARE,O=C1CN2Cc3ccccc3NC2=N1,1,0,
SR-ARE,O=C1CN=C(c2ccc3ccccc3n2)N1,1,0,0.0
SR-ARE,O=C1CN=C(c2ccccc2)c2ccccc2N1CC1CC1,1,1,1.0
SR-ARE,O=C1CN=CN1,1,0,0.0
SR-ARE,O=C1CNC(=O)C2CCCN2C(=O)CNC(=O)C(NC(=O)c2cc(=O)cc3oc4cccc(C(=O)NC5COC(=O)CNC(=O)CNC(=O)C6CCCN6C(=O)CNC5=O)c4nc2-3)COC(=O)CN1,1,0,
SR-ARE,O=C1CNC(=O)CNC(=O)C(Cc2c[nH]c3ccccc23)NC(=O)C(Cc2ccccc2)NC(=O)C(NC(=O)CCc2ccccc2)CSSCCN1,1,0,
SR-ARE,O=C1CNC(=O)CNC(=O)C(Cc2cnc[nH]2)NC(=O)C(Cc2ccccc2)NC(=O)CNC(=O)CNC(=O)C(NC(=O)CNC(=O)CNC(=O)CNC(=O)C2CSC=N2)CCCCN1,1,0,
SR-ARE,O=C1CNC(=O)CNC(=O)C2CCCN2C(=O)C(Cc2ccccc2)NC(=O)CNC(=O)CNC(=O)CNC(=O)C2CCCN2C(=O)C(Cc2ccccc2)NC(=O)CN1,1,0,
SR-ARE,O=C1CNC(=O)CNC(=O)CNC(=O)CNC(=O)CNC(=O)CNC(=O)CNC(=O)CNC(=O)CNC(=O)CNC(=O)CN1,1,1,1.0
SR-ARE,O=C1CNC(=S)N1,1,0,
SR-ARE,O=C1CNC(NC(=O)Nc2ccccc2)=N1,1,0,0.0
SR-ARE,O=C1CNC(c2ccccc2)=N1,1,0,0.0
SR-ARE,O=C1CNC(c2ccccn2)=N1,1,0,0.0
SR-ARE,O=C1CNc2ccc(C(=O)N3CCC(C4CCNCC4)CC3)cc2CN1,1,0,
SR-ARE,O=C1COC(=O)CO1,1,0,0.0
SR-ARE,O=C1COC(=O)N1c1ccccc1,1,0,0.0
SR-ARE,O=C1COC(CCN2CCC(c3ccccc3)CC2)(c2ccccc2)CN1c1ccccc1,1,0,
SR-ARE,O=C1COc2c(cccc2C(=O)NC2CN3CCC2CC3)N1,1,0,0.0
SR-ARE,O=C1COc2ccc(N3C(=O)C4=C(CCCC4)C3=O)cc2N1,1,1,1.0
SR-ARE,O=C1COc2ccccc2OC1,1,0,0.0
SR-ARE,O=C1CSC2(CCN(CCCN3c4ccccc4Sc4ccccc43)CC2)N1,1,0,
SR-ARE,O=C1C[NH+]=C(c2ccccc2)c2ccccc2N1,1,0,
SR-ARE,O=C1Cc2cc(CCN3CCN(c4nsc5ccccc45)CC3)ccc2N1,1,0,0.0
SR-ARE,O=C1Cc2cc3n(c(=O)c2CO1)Cc1cc2cc(OC(=O)N4CCC(N5CCCCC5)CC4)ccc2nc1-3,1,0,
SR-ARE,O=C1Cc2ccc3cccc4c3c2-c2c1cccc2C4=O,1,0,
SR-ARE,O=C1Cc2cccc(c2)Oc2cccc(c2)C2NC(=O)C(Cc3ccc(cc3)Oc3cc4cc(c3OC3CCCCO3)Oc3ccc(cc3)C(OC3CCCCO3)C3NC(=O)C(NC(=O)C4NC2=O)c2cccc(c2)-c2c(cccc2OC2CCCCO2)CNC3=O)N1,1,0,
SR-ARE,O=C1Cc2ccccc2C(=C2CCNCC2)c2ccsc21,1,0,0.0
SR-ARE,O=C1Cc2ccccc2CCN1CCCNCC1Cc2ccccc21,1,0,
SR-ARE,O=C1Cc2ccccc2CCN1CCCNCCc1ccccc1,1,0,0.0
SR-ARE,O=C1Cc2ccccc2N1c1ccccc1,1,1,1.0
SR-ARE,O=C1Cc2ccccc2Nc2ccccc21,1,0,0.0
SR-ARE,O=C1Cc2ccccc2Sc2ccccc21,1,0,0.0
SR-ARE,O=C1N(Cc2ccc(-c3ccccc3-c3nnn[nH]3)cc2)C=NC12CCCC2,1,0,0.0
SR-ARE,O=C1N(S(=O)(=O)c2ccccc2)c2ccccc2C1(c1ccccc1)N1CCCC1,1,0,
SR-ARE,O=C1N(c2ccccc2)c2ccccc2C1(Cc1ccncc1)Cc1ccncc1,1,0,0.0
SR-ARE,O=C1N=C2SCCN2C(=O)C1Cc1ccccc1,1,0,
SR-ARE,O=C1N=CC2CN12,1,0,
SR-ARE,O=C1N=CNC(=O)C1C1=CCCCC1,1,0,0.0
SR-ARE,O=C1N=COC1c1ccccc1,1,0,0.0
SR-ARE,O=C1N=NC(CN2CCOC(OCc3ccccc3)C2C2CCCCC2)=N1,1,0,0.0
SR-ARE,O=C1NC(=O)C(=O)C(=O)N1,1,0,0.0
SR-ARE,O=C1NC(=O)C(Cc2ccc(C(=O)CCc3coc(-c4ccccc4)n3)cc2)S1,1,1,1.0
SR-ARE,O=C1NC(=O)C(Cc2ccc(OCC3CCCCC3)cc2)S1,1,0,
SR-ARE,O=C1NC(=O)C(Cc2ccc(OCC3CCc4ccccc4O3)cc2)S1,1,1,1.0
SR-ARE,O=C1NC(=O)C(Cc2ccc(OCCNc3ccccn3)cc2)S1,1,1,1.0
SR-ARE,O=C1NC(=O)C(Cc2ccc(OCCc3ccccn3)cc2)S1,1,1,1.0
SR-ARE,O=C1NC(=O)C(c2ccccc2)S1,1,0,0.0
SR-ARE,O=C1NC(=O)C(c2cn(C3CCN(Cc4ccccn4)CC3)c3ccccc23)=C1c1c[nH]c2ccccc12,1,0,0.0
SR-ARE,O=C1NC(=O)C2C3C=CC(C3)C12,1,0,
SR-ARE,O=C1NC(=O)N(C(=O)c2ccccc2)C(=O)C1c1ccccc1,1,0,
SR-ARE,O=C1NC(=S)SC1=CC=Cc1ccccc1,1,0,
SR-ARE,O=C1NC(Cc2ccc3[nH]ccc3c2)CO1,1,0,0.0
SR-ARE,O=C1NC(Nc2ccc(OCCN3CCCCC3)cc2)c2ccccc21,1,0,0.0
SR-ARE,O=C1NC(c2ccccc2)c2ccccc21,1,0,
SR-ARE,O=C1NC2(C=C1c1ccccc1)CCCCC2,1,0,0.0
SR-ARE,O=C1NC2(CCN(Cc3ccc(Oc4ccccc4)cc3)CC2)C(=O)NC1CC1CCCCC1,1,1,1.0
SR-ARE,O=C1NC2CCCCN2C12CCN(CCCN1c3ccccc3CCc3ccccc31)CC2,1,0,
SR-ARE,O=C1NC2CSCC2N1,1,0,0.0
SR-ARE,O=C1NC2NC(=O)NC2N1,1,0,0.0
SR-ARE,O=C1NCC(=O)N2C1Cc1c([nH]c3ccccc13)C2c1ccc2c(c1)OCO2,1,0,0.0
SR-ARE,O=C1NCC(CCN2CCOCC2)C1(c1ccccc1)c1ccccc1,1,0,
SR-ARE,O=C1NCC(c2ccccc2)=Nc2cn[nH]c21,1,0,
SR-ARE,O=C1NCC(c2cccs2)SCC1NCCCc1ccccc1,1,0,0.0
SR-ARE,O=C1NCC2(CCN(CCc3ccccc3)CC2)O1,1,0,0.0
SR-ARE,O=C1NCCN(C(=O)NC(C(=O)NC2C(=O)N3C=C(CSc4nnn[nH]4)CSC23)c2ccccc2)C1=O,1,0,0.0
SR-ARE,O=C1NCCN(C(=O)NC(C(=O)NC2C(=O)N3CCSC23)c2ccccc2)C1=O,1,0,0.0
SR-ARE,O=C1NCCN1CCN1CCC(c2cn(-c3ccccc3)c3ccccc23)CC1,1,0,
SR-ARE,O=C1NCCN1c1ccccc1,1,0,0.0
SR-ARE,O=C1NCCN1c1nccs1,1,0,
SR-ARE,O=C1NCCS1,1,0,0.0
SR-ARE,O=C1NCN(c2ccccc2)C12CCN(CC1COc3ccccc3O1)CC2,1,0,0.0
SR-ARE,O=C1NCN(c2ccccc2)C12CCN(CCCC(c1ccccc1)c1ccccc1)CC2,1,0,
SR-ARE,O=C1NCN(c2ccccc2)C12CCN(CCCOc1ccccc1)CC2,1,1,1.0
SR-ARE,O=C1NCNC(=O)C1c1ccccc1,1,0,0.0
SR-ARE,O=C1NCNc2ccccc21,1,0,0.0
SR-ARE,O=C1NCc2c1c1c3ccccc3n3c1c1c2c2ccccc2n1C1CCC3O1,1,0,
SR-ARE,O=C1NN=CCN1N=Cc1cccnc1,1,0,0.0
SR-ARE,O=C1NS(=O)(=O)Nc2ccccc21,1,0,0.0
SR-ARE,O=C1NS(=O)(=O)c2ccccc21,1,0,0.0
SR-ARE,O=C1Nc2cc(CNC3CCCNC3c3ccccc3)ccc2C2CC12,1,0,0.0
SR-ARE,O=C1Nc2ccccc2C(C#CC2CC2)O1,1,1,1.0
SR-ARE,O=C1Nc2ccccc2C1=CC1=CCC=N1,1,0,
SR-ARE,O=C1Nc2ccccc2C1=Cc1ccc[nH]1,1,1,1.0
SR-ARE,O=C1Nc2ccccc2C1C(=O)c1cccs1,1,0,
SR-ARE,O=C1Nc2ccccc2CCC1NCCCc1ccccc1,1,0,
SR-ARE,O=C1Nc2ccccc2CO1,1,0,0.0
SR-ARE,O=C1Nc2ccccc2N(C(=O)CN2CCNCC2)c2cscc21,1,0,0.0
SR-ARE,O=C1Nc2ccccc2Nc2ccccc21,1,0,0.0
SR-ARE,O=C1Nc2ccccc2OC1(c1ccccc1)c1ccccc1,1,0,0.0
SR-ARE,O=C1Nc2ccccc2Oc2ccccc21,1,1,1.0
SR-ARE,O=C1Nc2cccnc2N(C(=O)CN2CCCCC2)c2ccccc21,1,0,0.0
SR-ARE,O=C1Nc2cccnc2N(C(=O)CN2CCNCC2)c2ccccc21,1,0,0.0
SR-ARE,O=C1Nc2cccnc2N(C2CC2)c2ncccc21,1,0,0.0
SR-ARE,O=C1Nc2nc(Nc3ccc4c(c3)OCCO4)ncc2CN1c1ccccc1,1,0,
SR-ARE,O=C1OC(=O)C2C3CCC(O3)C12,1,0,
SR-ARE,O=C1OC(=O)C2CC=CCC12,1,0,0.0
SR-ARE,O=C1OC(=O)C2CCCC=C12,1,0,0.0
SR-ARE,O=C1OC(=O)C2CCCCC12,1,0,0.0
SR-ARE,O=C1OC(=O)c2cc(-c3ccc4c(c3)C(=O)OC4=O)ccc21,1,0,0.0
SR-ARE,O=C1OC(=O)c2cc(Oc3ccc(Cc4ccc(Oc5ccc6c(c5)C(=O)OC6=O)cc4)cc3)ccc21,1,0,0.0
SR-ARE,O=C1OC(=O)c2cccc3cccc1c23,1,0,
SR-ARE,O=C1OC(CCc2ccccc2)CC=C1Cc1cccc(NS(=O)(=O)c2ccccn2)c1,1,0,
SR-ARE,O=C1OC(CCc2ccccc2)CC=C1Sc1ccccc1,1,0,0.0
SR-ARE,O=C1OC(CN2CCOCC2)CN1N=Cc1ccco1,1,0,
SR-ARE,O=C1OC(OC(=O)c2cccnc2Nc2ccccc2)c2ccccc21,1,0,
SR-ARE,O=C1OC(c2ccc(Oc3ccccc3)cc2)C(=O)N1Nc1ccccc1,1,1,1.0
SR-ARE,O=C1OC(c2ccccc2)CN1CCCN1CCCCCC1,1,0,0.0
SR-ARE,O=C1OC2(C=C1c1ccccc1)CCCC2,1,0,
SR-ARE,O=C1OC2(C=C1c1ccccc1)CCCCC2,1,1,1.0
SR-ARE,O=C1OC2(CCN1CC1CCOCC1)CCN(C1CCN(C(=O)c3cncnc3)CC1)CC2,1,0,0.0
SR-ARE,O=C1OC2CC(CC=CC(OC3CCC(OC4CCCCO4)CO3)CC=CC=C3COC4CC=CC1C34)OC1(C=CCC(C3CCCCC3)O1)C2,1,0,
SR-ARE,O=C1OC2CC(CC=CC(OC3CCC(OC4CCCCO4)CO3)CC=CC=C3COC4CC=CC1C34)OC1(CCCCO1)C2,1,0,
SR-ARE,O=C1OC2CC(CC=CCCC=CC=C3COC4CC=CC1C34)OC1(CCCCO1)C2,1,0,
SR-ARE,O=C1OC2CC1C1CC3OC34C(=O)OC2C14,1,0,
SR-ARE,O=C1OC2CCCOC2c2ccccc21,1,0,
SR-ARE,O=C1OCC(Cc2ccccc2)C1Cc1ccccc1,1,0,0.0
SR-ARE,O=C1OCC(c2ccccc2)=C1c1ccccc1,1,0,
SR-ARE,O=C1OCC2C(OC3CCC4OC(c5cccs5)OCC4O3)c3cc4c(cc3C(c3ccccc3)C12)OCO4,1,0,
SR-ARE,O=C1OCC2c3c(ccc4c3OCO4)C(SCC13NCCc1ccccc13)C1C3NC(Cc4ccccc43)CN21,1,0,
SR-ARE,O=C1OCCC(=CNCc2cncnc2)S1,1,0,0.0
SR-ARE,O=C1OCCCCCCCCCCc2ccccc21,1,0,
SR-ARE,O=C1OCCN1N=Cc1ccco1,1,1,1.0
SR-ARE,O=C1OCCN1Nc1ccccc1,1,0,0.0
SR-ARE,O=C1OCCN1c1ccc(N2CCOCC2)cc1,1,0,
SR-ARE,O=C1OCc2ccccc21,1,0,
SR-ARE,O=C1O[Sb]2OCC3O[Sb](OCC1O2)OC3=O,1,1,1.0
SR-ARE,O=C1SCCC1=CC1CC1C(=O)OCc1coc(Cc2ccccc2)c1,1,1,1.0
SR-ARE,O=C1c2c([nH]c3ccccc23)CCC1Cn1ccnc1,1,0,0.0
SR-ARE,O=C1c2c([nH]c3ccccc23)CCN1Cc1cnc[nH]1,1,0,0.0
SR-ARE,O=C1c2cc[nH]c2CCC1CN1CCOCC1,1,0,0.0
SR-ARE,O=C1c2ccc3c(c2OC2COc4ccccc4C12)CCO3,1,1,1.0
SR-ARE,O=C1c2cccc3c2C(CCC3)CN1C1CN2CCC1CC2,1,0,0.0
SR-ARE,O=C1c2ccccc2-c2n[nH]c3cccc1c23,1,0,
SR-ARE,O=C1c2ccccc2-n2cncc2C2CCCN12,1,0,
SR-ARE,O=C1c2ccccc2C(=O)N1CCc1noc(-c2ccc(CN3CCCCCC3)s2)n1,1,1,1.0
SR-ARE,O=C1c2ccccc2C(=O)N1SC1CCCCC1,1,0,0.0
SR-ARE,O=C1c2ccccc2C(=O)N1c1ccccc1,1,0,
SR-ARE,O=C1c2ccccc2C(=O)c2cc(C3CCCCO3)ccc21,1,0,
SR-ARE,O=C1c2ccccc2C(=O)c2cc3c(cc21)CCCC3OC1CC(N2CCOCC2)CCO1,1,0,
SR-ARE,O=C1c2ccccc2C(=O)c2cc3c(cc21)CCCC3OC1CCC(OC2CCCCO2)CO1,1,0,
SR-ARE,O=C1c2ccccc2C(C2CCCCO2)c2ccccc21,1,0,
SR-ARE,O=C1c2ccccc2C(C2c3ccccc3C(=O)c3c(OC4CCCCO4)cccc32)c2cccc(OC3CCCCO3)c21,1,0,
SR-ARE,O=C1c2ccccc2C2=Nc3ccccc3CN12,1,0,0.0
SR-ARE,O=C1c2ccccc2CC1CC1CCN(Cc2ccccc2)CC1,1,0,
SR-ARE,O=C1c2ccccc2CCc2ccccc21,1,0,0.0
SR-ARE,O=C1c2ccccc2CN1C1CCCCC1,1,0,0.0
SR-ARE,O=C1c2ccccc2CN2C(=O)c3ccccc3CN12,1,0,
SR-ARE,O=C1c2ccccc2COc2ccccc21,1,0,
SR-ARE,O=C1c2ccccc2NCN1c1ccccc1,1,0,0.0
SR-ARE,O=C1c2ccccc2S(=O)(=O)N1CCCCN1CCN(c2ncccn2)CC1,1,0,0.0
SR-ARE,O=C1c2ccccc2S(=O)(=O)N1COc1cc(=O)n2cccc(OCCN3CCCCC3)c2n1,1,1,1.0
SR-ARE,O=P(N1CC1)(N1CC1)N1CC1,1,0,0.0
SR-ARE,O=P(c1ccccc1)(c1ccccc1)c1ccccc1,1,0,0.0
SR-ARE,O=S(=O)(CCc1ccc2[nH]cc(CC3CCCN3)c2c1)c1ccccc1,1,0,0.0
SR-ARE,O=S(=O)(Cc1ccc2[nH]ccc2c1)N1CCCC1,1,0,0.0
SR-ARE,O=S(=O)(Cc1ccccc1)c1ccccc1N1CCC(c2ccccc2)CC1,1,0,
SR-ARE,O=S(=O)(NC1CCCC1)c1ccc(Oc2ccccc2)cc1,1,0,
SR-ARE,O=S(=O)(NC1CCOCC1)c1ccc(Oc2ccccc2)cc1,1,0,
SR-ARE,O=S(=O)(NC1CCc2[nH]c3ccccc3c2C1)c1ccccc1,1,0,
SR-ARE,O=S(=O)(NCC1CCCO1)c1ccccc1,1,0,0.0
SR-ARE,O=S(=O)(NCCNS(=O)(=O)c1ccccc1)c1ccccc1,1,1,1.0
SR-ARE,O=S(=O)(NCC[n+]1ccccc1)c1ccccc1N=Nc1ccccc1,1,0,
SR-ARE,O=S(=O)(NCCc1ccccc1)c1ccccc1,1,0,0.0
SR-ARE,O=S(=O)(NCCc1cccs1)c1ccccc1,1,0,
SR-ARE,O=S(=O)(NCc1ccccc1)c1ccccc1,1,0,0.0
SR-ARE,O=S(=O)(Nc1ccccc1)c1nc2ncccn2n1,1,0,0.0
SR-ARE,O=S(=O)(Nc1ccccn1)c1ccc(N=Nc2ccccc2)cc1,1,0,0.0
SR-ARE,O=S(=O)(Nc1ccccn1)c1ccccc1,1,0,0.0
SR-ARE,O=S(=O)(Nc1ccnn1-c1ccccc1)c1ccccc1,1,0,0.0
SR-ARE,O=S(=O)(Nc1cnc2ccccc2n1)c1ccccc1,1,0,0.0
SR-ARE,O=S(=O)(Nc1cnccn1)c1ccccc1,1,0,0.0
SR-ARE,O=S(=O)(Nc1nc(-c2ncccn2)ncc1Oc1ccccc1)c1ccccc1,1,0,
SR-ARE,O=S(=O)(Nc1nc2ccncn2n1)c1ccccc1,1,0,0.0
SR-ARE,O=S(=O)(Oc1ccc(N=Nc2ccc(-c3ccc(N=Nc4cccc5ccccc45)cc3)cc2)cc1)c1ccccc1,1,0,
SR-ARE,O=S(=O)(c1cccc2cnccc12)N1CCCNCC1,1,0,
SR-ARE,O=S1(=O)C=CS(=O)(=O)CC1,1,1,1.0
SR-ARE,O=S1(=O)CC=CC1,1,0,0.0
SR-ARE,O=S1(=O)CCCCN1c1ccccc1,1,0,0.0
SR-ARE,O=S1(=O)CCCO1,1,0,0.0
SR-ARE,O=S1(=O)CCCc2ccccc21,1,0,0.0
SR-ARE,O=S1(=O)CCN(N=Cc2ccco2)CC1,1,0,
SR-ARE,O=S1(=O)NC(C2CC3C=CC2C3)Nc2ccccc21,1,0,0.0
SR-ARE,O=S1(=O)NC(CC2CCCC2)Nc2ccccc21,1,0,0.0
SR-ARE,O=S1(=O)NC(CSCc2ccccc2)=Nc2ccccc21,1,0,0.0
SR-ARE,O=S1(=O)NCCc2ccsc21,1,0,0.0
SR-ARE,O=S1(=O)OCC2C3C=CC(C3)C2CO1,1,1,1.0
SR-ARE,O=S1(=O)OCCO1,1,0,0.0
SR-ARE,O=S1(=O)c2cccc3cccc(c23)N1CCCN1CCN(c2ccccc2)CC1,1,1,1.0
SR-ARE,O=S1(=O)c2ccccc2C(c2ccc3c(c2)OCO3)=CN1c1ccccc1,1,0,
SR-ARE,O=S1(=O)c2ccccc2Nc2ccccc21,1,0,
SR-ARE,O=S1OCCO1,1,0,0.0
SR-ARE,O=[PH](OCC1CCC(n2cnc3cncnc32)O1)O[PH](=O)OCC1CCC([n+]2ccccc2)O1,1,0,
SR-ARE,O=[PH](OCc1ccccc1)OCc1ccccc1,1,0,0.0
SR-ARE,O=[PH](Sc1ccccc1)Sc1ccccc1,1,0,
SR-ARE,O=[PH](c1ccccc1)c1ccccc1,1,0,0.0
SR-ARE,O=[PH]1Oc2ccccc2-c2ccccc21,1,0,0.0
SR-ARE,O=c1[nH][nH]c(=O)c2ccccc12,1,0,0.0
SR-ARE,O=c1[nH][nH]c2ccccc12,1,0,0.0
SR-ARE,O=c1[nH]c(-c2cccc(S(=O)(=O)N3CCNCC3)c2)nc2cn(Cc3ccccn3)nc12,1,0,0.0
SR-ARE,O=c1[nH]c(-c2cccc(S(=O)(=O)N3CCNCC3)c2)nc2cn[nH]c12,1,0,0.0
SR-ARE,O=c1[nH]c(-c2ccccc2)nc2[nH]nnc12,1,0,0.0
SR-ARE,O=c1[nH]c(=Nc2ccccc2)cc2n1CCc1ccccc1-2,1,0,
SR-ARE,O=c1[nH]c(=O)c2[nH]c(=O)[nH]c2[nH]1,1,0,0.0
SR-ARE,O=c1[nH]c(=O)c2[nH]c(C=Cc3ccccc3)nc2[nH]1,1,0,0.0
SR-ARE,O=c1[nH]c(=O)c2[nH]c(Cc3ccccc3)nc2[nH]1,1,0,0.0
SR-ARE,O=c1[nH]c(=O)c2c(ncn2CC2OCCO2)[nH]1,1,0,0.0
SR-ARE,O=c1[nH]c(=O)c2c(ncn2CCNCCc2ccccc2)[nH]1,1,0,0.0
SR-ARE,O=c1[nH]c(=O)c2c[nH]nc2[nH]1,1,0,0.0
SR-ARE,O=c1[nH]c(=O)c2ccccc2o1,1,0,0.0
SR-ARE,O=c1[nH]c(=O)n(-c2ccc(Oc3ccccc3)cc2)c(=O)[nH]1,1,0,
SR-ARE,O=c1[nH]c(=O)n(Cc2ccco2)c2nc[nH]c12,1,0,0.0
SR-ARE,O=c1[nH]c(CC2CCCCC2)no1,1,0,
SR-ARE,O=c1[nH]c2c(sc3ncc(-c4ccccc4)nc32)c(=O)n1CCCCN1CC2COc3ccccc3C2C1,1,0,
SR-ARE,O=c1[nH]c2ccc(N3CCOCC3)cc2[nH]c1=O,1,0,0.0
SR-ARE,O=c1[nH]c2ccc([SH+]CCN3CCC(Cc4ccccc4)CC3)cc2o1,1,1,1.0
SR-ARE,O=c1[nH]c2cccc(-n3cnnc3-c3ccc[nH+]c3)c2[nH]c1=O,1,0,0.0
SR-ARE,O=c1[nH]c2ccccc2[nH]1,1,0,0.0
SR-ARE,O=c1[nH]c2ccccc2c(=O)n1Cc1ccccc1,1,0,0.0
SR-ARE,O=c1[nH]c2ccccc2c(=O)o1,1,0,0.0
SR-ARE,O=c1[nH]c2ccccc2n1C1CCN(CC2OCc3ccccc3-n3cccc32)CC1,1,0,
SR-ARE,O=c1[nH]c2ccccc2n1C1CCN(CCCC(c2ccccc2)c2ccccc2)CC1,1,0,
SR-ARE,O=c1[nH]c2ccccc2n1CCCN1CCC(n2c(=O)[nH]c3ccccc32)CC1,1,0,0.0
SR-ARE,O=c1[nH]c2ccccc2n1CCCN1CCN(C(c2ccccc2)c2ccccc2)CC1,1,0,
SR-ARE,O=c1[nH]c2ccccc2nc1Cc1ccccc1,1,0,
SR-ARE,O=c1[nH]c2ccccc2s1,1,0,0.0
SR-ARE,O=c1[nH]c2ncccc2o1,1,1,1.0
SR-ARE,O=c1[nH]cnc2[nH]cc(CN3CCCCC3)c12,1,0,
SR-ARE,O=c1[nH]cnc2c1[nH]c(=O)n2C1CCCO1,1,0,0.0
SR-ARE,O=c1[nH]cnc2c1ncn2C1CCCO1,1,0,0.0
SR-ARE,O=c1[nH]cnc2ccc(CNc3cccs3)cc12,1,0,0.0
SR-ARE,O=c1[nH]cnc2cccc(Sc3ccncc3)c12,1,1,1.0
SR-ARE,O=c1[nH]cnc2ccccc12,1,0,0.0
SR-ARE,O=c1[nH]cnc2nc[nH]c12,1,0,0.0
SR-ARE,O=c1[nH]cnnc1-c1ccccc1,1,0,0.0
SR-ARE,O=c1[nH]nc2c3cc(-c4ccccc4)c(-c4ccc(C5CCC5)cc4)nc3ccn12,1,0,0.0
SR-ARE,O=c1[nH]ncc2ccccc12,1,0,0.0
SR-ARE,O=c1[nH]ncn1-c1ccc(N2CCN(c3ccc(OCC4COC(Cn5cncn5)(c5ccccc5)C4)cc3)CC2)cc1,1,1,1.0
SR-ARE,O=c1[nH]ncn1-c1ccc(N2CCN(c3ccc(OCC4COC(Cn5cncn5)(c5ccccc5)O4)cc3)CC2)cc1,1,1,1.0
SR-ARE,O=c1[nH]ncs1,1,0,0.0
SR-ARE,O=c1[nH]nnc2cncn12,1,0,0.0
SR-ARE,O=c1[nH]nnn1CCN1CCC(Nc2ccccc2)CC1,1,0,0.0
SR-ARE,O=c1[nH]oc2c1CCNC2,1,0,0.0
SR-ARE,O=c1c(-c2ccccc2)c1-c1ccccc1,1,0,
SR-ARE,O=c1c(-c2ccccc2)c[nH]cc1-c1ccccc1,1,0,0.0
SR-ARE,O=c1c(-c2nnn[nH]2)cnc2ccccn12,1,0,0.0
SR-ARE,O=c1c(CCN2CCC(=C(c3ccccc3)c3ccccc3)CC2)cnc2sccn12,1,1,1.0
SR-ARE,O=c1c(N=Nc2ccccc2)c[nH]n1-c1ccccc1,1,0,0.0
SR-ARE,O=c1c2ccccc2[nH]c2ccccc12,1,0,
SR-ARE,O=c1c2ccccc2[se]n1-c1ccccc1,1,0,
SR-ARE,O=c1c2ccccc2c(=O)c2c1ccc1[nH]c3c(ccc4c(=O)c5ccccc5c(=O)c43)[nH]c12,1,0,0.0
SR-ARE,O=c1c2ccccc2c(Cc2ccccc2)nn1C1CCCNCC1,1,0,0.0
SR-ARE,O=c1c2ccccc2cnn1Cc1ccccc1,1,0,
SR-ARE,O=c1c2ccccc2oc2ccccc12,1,0,0.0
SR-ARE,O=c1c2ccccc2oc2ncccc12,1,1,1.0
SR-ARE,O=c1c2sccsc=2c(=O)c2ccccc12,1,1,1.0
SR-ARE,O=c1cc(-c2ccccc2)[nH]cn1,1,0,0.0
SR-ARE,O=c1cc(-c2ccccc2)oc2c(C3CCNCC3)cccc12,1,0,
SR-ARE,O=c1cc(-c2ccccc2)oc2cc(OC3CCCC(COC4CCCCO4)O3)ccc12,1,0,
SR-ARE,O=c1cc(-c2ccccc2)oc2ccc3ccccc3c12,1,1,1.0
SR-ARE,O=c1cc(CCN2CCN(c3nccc4sccc34)CC2)c2ccccc2[nH]1,1,0,
SR-ARE,O=c1cc(CNCCc2ccccc2)[nH]n1-c1ccccc1,1,0,
SR-ARE,O=c1cc(N2CCOCC2)cn[nH]1,1,0,0.0
SR-ARE,O=c1cc(NCC=CCOc2cc(CN3CCCCC3)ccn2)c1=O,1,0,
SR-ARE,O=c1cc(NCCCN2CCN(c3ccccc3)CC2)[nH]c(=O)[nH]1,1,0,0.0
SR-ARE,O=c1cc(NCCNCCCc2ccccc2)[nH]c(=O)[nH]1,1,0,0.0
SR-ARE,O=c1cc(Oc2ccccc2)c2cncnc2[nH]1,1,1,1.0
SR-ARE,O=c1cc(SCc2ccccc2)cn[nH]1,1,1,1.0
SR-ARE,O=c1cc2n(c3cc(N4CCNCC4)ccc13)CS2,1,0,0.0
SR-ARE,O=c1cc2oc3ccccc3nc-2c2cccnc12,1,0,
SR-ARE,O=c1cc[nH]c(=O)n1-c1ccccc1,1,0,
SR-ARE,O=c1cc[nH]c2cc(OCc3ccccc3)ccc12,1,0,
SR-ARE,O=c1cc[nH]c2cc3c(cc12)OCO3,1,0,0.0
SR-ARE,O=c1cc[nH]c2cc3occc(=O)c3cc12,1,0,0.0
SR-ARE,O=c1cc[nH]c2ccccc12,1,0,
SR-ARE,O=c1cc[nH]c2nc(N3CCCC3)ncc12,1,0,0.0
SR-ARE,O=c1cc[nH]c2nc(N3CCNCC3)ccc12,1,0,0.0
SR-ARE,O=c1cc[nH]c2nc(N3CCNCC3)ncc12,1,0,0.0
SR-ARE,O=c1cc[nH]c2ncccc12,1,0,0.0
SR-ARE,O=c1cc[nH]cc1,1,0,
SR-ARE,O=c1ccc(-c2ccc3nccn3c2)c[nH]1,1,0,0.0
SR-ARE,O=c1ccc(-c2ccccc2)n[nH]1,1,0,0.0
SR-ARE,O=c1ccc(=O)[nH][nH]1,1,0,0.0
SR-ARE,O=c1ccc(C2CC3OC34C2CCC2C3CCCCC3CCC24)co1,1,0,
SR-ARE,O=c1ccc(C2CCC3C2CCC2C4CCC(OC5CCCCO5)C=C4CCC23)co1,1,0,
SR-ARE,O=c1ccc1=O,1,0,0.0
SR-ARE,O=c1ccc2cc(OC3CCCCO3)ccc2o1,1,0,
SR-ARE,O=c1ccc2cc(OCCCNCc3ccccc3)ccc2[nH]1,1,0,
SR-ARE,O=c1ccc2ccc(OC3CCCCS3)cc2o1,1,0,0.0
SR-ARE,O=c1ccc2ccccc2[nH]1,1,0,0.0
SR-ARE,O=c1cccc(C2CCCCC2)[nH]1,1,0,
SR-ARE,O=c1cccc(C=Cc2ccccc2)o1,1,0,
SR-ARE,O=c1cccc2c(c1)CCCc1cc(OC3CCCCO3)ccc1-2,1,0,
SR-ARE,O=c1cccc[nH]1,1,0,0.0
SR-ARE,O=c1cccccc1,1,0,
SR-ARE,O=c1ccccn1-c1ccccc1,1,0,0.0
SR-ARE,O=c1cccco1,1,1,1.0
SR-ARE,O=c1ccn(-c2ccccc2)c2ccc(Nc3ccccc3)cc12,1,0,0.0
SR-ARE,O=c1ccn(-c2ccccc2)c2nc(N3CCCC3)ccc12,1,1,1.0
SR-ARE,O=c1ccn(C2C=CCO2)c(=O)[nH]1,1,0,0.0
SR-ARE,O=c1ccn(C2CC2)c2cc(-c3ccc4c(c3)CNC4)ccc12,1,0,0.0
SR-ARE,O=c1ccn(C2CC2)c2cc(N3CC4CC3CN4)ccc12,1,0,0.0
SR-ARE,O=c1ccn(C2CC2)c2cc(N3CC4CCCNC4C3)ccc12,1,0,0.0
SR-ARE,O=c1ccn(C2CC2)c2cc(N3CCC4(CC4)C3)ccc12,1,0,0.0
SR-ARE,O=c1ccn(C2CC2)c2cc(N3CCCCC3)ccc12,1,0,0.0
SR-ARE,O=c1ccn(C2CC2)c2ccccc12,1,0,0.0
SR-ARE,O=c1ccn2c3c(c(C4CC4)ccc13)OCC2,1,0,0.0
SR-ARE,O=c1ccn2c3c(c(N4CCCCC4)ccc13)CCC2,1,0,0.0
SR-ARE,O=c1ccn2c3c(c(N4CCNCC4)ccc13)OCC2,1,0,0.0
SR-ARE,O=c1ccn2c3c(c(N4CCNCC4)ccc13)OCN2,1,0,0.0
SR-ARE,O=c1ccn2c3c(c(N4CCNCC4)ccc13)SCC2,1,0,0.0
SR-ARE,O=c1ccnc(NC2CCN(c3nc4ccccc4n3Cc3ccccc3)CC2)[nH]1,1,0,
SR-ARE,O=c1cco[nH]1,1,0,0.0
SR-ARE,O=c1ccoc2cc3occc3cc12,1,0,0.0
SR-ARE,O=c1ccoc2ccc(Oc3ccccc3)cc12,1,0,
SR-ARE,O=c1ccss1,1,1,1.0
SR-ARE,O=c1cn[nH]c(=S)[nH]1,1,0,0.0
SR-ARE,O=c1cn[nH]c2cc3c(cc12)OCO3,1,0,0.0
SR-ARE,O=c1cnn(-c2ccc(Cc3ccccc3)cc2)c(=O)[nH]1,1,0,
SR-ARE,O=c1cnn(C2CCCO2)c(=O)[nH]1,1,0,0.0
SR-ARE,O=c1cnnc[nH]1,1,0,0.0
SR-ARE,O=c1n(CC2CO2)c(=O)n(CC2CO2)c(=O)n1CC1CO1,1,1,1.0
SR-ARE,O=c1n(CCCN2CCN(c3ccccc3)CC2)nc2ccccn12,1,1,1.0
SR-ARE,O=c1n(CCOc2ccccc2)cnn1CCCN1CCN(c2ccccc2)CC1,1,0,
SR-ARE,O=c1n(Cc2ccccc2)c(=O)n(Cc2ccccc2)c(=O)n1Cc1ccccc1,1,0,0.0
SR-ARE,O=c1nc(-c2cccc(S(=O)(=O)N3CCNCC3)c2)[nH]n2cncc12,1,1,1.0
SR-ARE,O=c1nc(NS(=O)(=O)c2ccccc2)cc[nH]1,1,0,
SR-ARE,O=c1nc[nH]c(=O)n1C1CCCCC1,1,0,0.0
SR-ARE,O=c1nc[nH]c2[nH]cc(CCc3ccccc3)c12,1,0,
SR-ARE,O=c1nc[nH]c2c1NC(CNc1ccccc1)CN2,1,0,
SR-ARE,O=c1nc[nH]c2ncc(CNc3ccccc3)nc12,1,0,0.0
SR-ARE,O=c1ncccn1C1COCO1,1,0,0.0
SR-ARE,O=c1nccnn1C1CCCO1,1,0,0.0
SR-ARE,O=c1nn[nH]c2ccccc12,1,0,0.0
SR-ARE,O=c1oc(=O)c2cc3c(=O)oc(=O)c3cc12,1,1,1.0
SR-ARE,O=c1oc2cccc3c(=O)oc4cccc1c4c23,1,0,
SR-ARE,O=c1oc2ccccc2c2oc3ccccc3c12,1,0,
SR-ARE,O=c1oc2ccccc2cc1C(CCc1ccc(-c2ccccc2)cc1)c1ccccc1,1,0,
SR-ARE,O=c1oc2ccccc2cc1C1CCCc2ccccc21,1,0,
SR-ARE,O=c1oc2ccccc2s1,1,0,
SR-ARE,O=c1occ(CN2CCN(c3ccc4c(=O)cc5n(c4c3)CS5)CC2)o1,1,0,0.0
SR-ARE,O=c1ocnc2ccccc12,1,0,0.0
SR-ARE,O=c1ocnn1-c1ccccc1,1,1,1.0
SR-ARE,O=c1sc(=Nc2ccccc2)n2n1CCCC2,1,0,0.0
SR-ARE,O=c1sc2ccccc2cc1C1CC(c2ccc(-c3ccccc3)cc2)Cc2ccccc21,1,1,1.0
SR-ARE,S=C(NC1CCCCC1)NC1CCCCC1,1,0,
SR-ARE,S=C(Nc1ccccc1)Oc1ccc2c(c1)C1CCC2C1,1,0,
SR-ARE,S=C(Nc1ccccc1)Oc1ccc2c(c1)CCC2,1,1,1.0
SR-ARE,S=C(Nc1ccccc1)Oc1ccc2ccccc2c1,1,0,
SR-ARE,S=C(Nc1ccccn1)Oc1ccc2c(c1)CCCC2,1,1,1.0
SR-ARE,S=C(SSC(=S)N1CCCCC1)N1CCCCC1,1,0,
SR-ARE,S=C(SSSSSSC(=S)N1CCCCC1)N1CCCCC1,1,0,
SR-ARE,S=C1CN=C(c2ccccc2)c2ccccc2N1,1,0,0.0
SR-ARE,S=C1NC(c2ccccc2)N2C(=S)NC(c3ccccc3)N12,1,0,
SR-ARE,S=C1NC=NC2N=CNC12,1,1,1.0
SR-ARE,S=C1NCCN1,1,1,1.0
SR-ARE,S=C1NCNCS1,1,1,1.0
SR-ARE,S=C1SCN(Cc2ccccc2)CN1Cc1ccccc1,1,0,
SR-ARE,S=P(N1CC1)(N1CC1)N1CC1,1,0,
SR-ARE,S=c1[nH]c2ccccc2[nH]1,1,0,0.0
SR-ARE,S=c1[nH]cnc2[nH]cnc12,1,1,1.0
SR-ARE,S=c1[nH]cnc2nc[nH]c12,1,1,1.0
SR-ARE,S=c1cc(-c2ccccc2)ss1,1,1,1.0
SR-ARE,S=c1cccc[nH]1,1,0,
SR-ARE,S=c1cccc[nH]1.S=c1cccc[nH]1,1,0,
SR-ARE,S=c1nc[nH][nH]1,1,0,0.0
SR-ARE,S=c1nccc[nH]1,1,0,
SR-ARE,S=c1scc(-c2ccccc2)n1N=Cc1ccccc1,1,1,1.0
SR-ARE,[C-]1=CCC=C1.c1cc[cH-]c1,1,1,1.0
SR-ARE,[N+]=C1C=Cc2ccccc2C1=O,1,0,0.0
SR-ARE,c1[nH]nc2c1CC1NCCCC1C2,1,0,0.0
SR-ARE,c1[nH]nc2c1CCCC2,1,0,0.0
SR-ARE,c1c2c(nc3c1CCC3)CCCC2,1,0,0.0
SR-ARE,c1c[n+](N2CCOCC2)no1,1,0,0.0
SR-ARE,c1c[nH+]ccn1,1,0,
SR-ARE,c1cc(-c2ccc3ccccc3c2)cc(C23CC4CC(CC(C4)C2)C3)c1,1,1,1.0
SR-ARE,c1cc(-c2ccncc2)ccn1,1,0,0.0
SR-ARE,c1cc(C(c2ccc(OCC3CO3)cc2)c2ccc(OCC3CO3)cc2)ccc1OCC1CO1,1,1,1.0
SR-ARE,c1cc(CCCOc2ccc(-c3ncon3)cc2)on1,1,0,0.0
SR-ARE,c1cc(CCCc2ccncc2)ccn1,1,0,0.0
SR-ARE,c1cc(CN2CCCCC2)cc(OCCCNc2nc3ccccc3s2)c1,1,0,0.0
SR-ARE,c1cc(N(CC2CO2)CC2CO2)ccc1Cc1ccc(N(CC2CO2)CC2CO2)cc1,1,1,1.0
SR-ARE,c1cc(N(CC2CO2)CC2CO2)ccc1OCC1CO1,1,1,1.0
SR-ARE,c1cc(N2CCCCC2)nc[nH+]1,1,0,0.0
SR-ARE,c1cc(N2CCN(c3ncncn3)CC2)ncn1,1,0,
SR-ARE,c1cc(NC2=NCCN2)c2nsnc2c1,1,0,0.0
SR-ARE,c1cc(OCC2CO2)cc(OCC2CO2)c1,1,1,1.0
SR-ARE,c1cc(SSc2ccoc2)co1,1,0,
SR-ARE,c1cc(Sc2ccc(-n3ccnc3)cc2)cc(C2CCOCC2)c1,1,1,1.0
SR-ARE,c1cc2c(c(-c3cc[nH]c3)c1)OCO2,1,0,
SR-ARE,c1cc2c(c(N3CCNCC3)c1)OCCO2,1,0,0.0
SR-ARE,c1cc2c(c(NC3=NCCN3)c1)CCCC2,1,0,
SR-ARE,c1cc2c(c3c1CCC3)CCO2,1,0,
SR-ARE,c1cc2c(c[nH+]c3c4cc5c(cc4ccc23)OCO5)c2c1OCO2,1,0,
SR-ARE,c1cc2c(cc1OC1CCCC1)CCC1C2CCC2CCCC21,1,0,
SR-ARE,c1cc2c(o1)CCCC2,1,0,0.0
SR-ARE,c1cc2c3c(c1)OC1C4CCC5(CC4)C(C2)N(CC2CC2)CCC315,1,0,
SR-ARE,c1cc2c3c(c1)OC1CCCC4C(C2)N(CC2CCC2)CCC314,1,0,
SR-ARE,c1cc2c3c(c1)OC1CCCC4C(C2)NCCC314,1,0,0.0
SR-ARE,c1cc2c3c(c1)ccc1cccc(c13)C2,1,0,0.0
SR-ARE,c1cc2c3c(c4ccc5ccccc5c4cc3c1)CC2,1,1,1.0
SR-ARE,c1cc2cc(c1)Oc1ccc(cc1)CC1NCCc3cc4c(c(c31)Oc1ccc3c(c1)C(C2)NCC3)OCO4,1,0,
SR-ARE,c1cc2cc(c1)Oc1ccc3c(c1)C(Cc1ccc(cc1)Oc1cccc4c1C(C2)[NH2+]CC4)NCC3,1,0,0.0
SR-ARE,c1cc2cc(c1)Oc1ccc3c(c1)C(Cc1ccc(cc1)Oc1cccc4c1C(C2)[NH2+]CC4)[NH2+]CC3,1,0,0.0
SR-ARE,c1cc2ccc3ccc4ccc5cccc6c(c1)c2c3c4c56,1,1,1.0
SR-ARE,c1cc2cnn(C3CCCCC3)c2cc1C1CCCCC1,1,1,1.0
SR-ARE,c1cc[n+](Cc2cncnc2)cc1,1,0,0.0
SR-ARE,c1cc[n+]2c(c1)-c1cccc[n+]1CC2,1,1,1.0
SR-ARE,c1cc[nH]c1,1,0,0.0
SR-ARE,c1ccc(-c2[nH+]c3ccccc3c3ccccc23)cc1,1,1,1.0
SR-ARE,c1ccc(-c2c[nH]c3ccccc23)cc1,1,0,0.0
SR-ARE,c1ccc(-c2c[nH]cn2)cc1,1,0,0.0
SR-ARE,c1ccc(-c2cc(-c3ccccc3)[nH+][nH]2)cc1,1,1,1.0
SR-ARE,c1ccc(-c2cc(C3CC3)nc3ccccc23)cc1,1,0,
SR-ARE,c1ccc(-c2cc(N3CCNCC3)nc3c2CCCCCC3)cc1,1,0,0.0
SR-ARE,c1ccc(-c2cc3ccccc3n2Cc2ccc(OCCN3CCCCCC3)cc2)cc1,1,0,0.0
SR-ARE,c1ccc(-c2cc[nH]c2)cc1,1,0,
SR-ARE,c1ccc(-c2cc[nH]n2)cc1,1,0,0.0
SR-ARE,c1ccc(-c2ccc(-c3ccccc3)cc2)cc1,1,0,0.0
SR-ARE,c1ccc(-c2ccc(C(c3ccccc3)n3ccnc3)cc2)cc1,1,0,
SR-ARE,c1ccc(-c2ccc(CC3COc4cc(C5CCCC5)ccc4C3)cc2)cc1,1,1,1.0
SR-ARE,c1ccc(-c2ccc(COC3CCC(N4CCCCC4)C3)cc2)cc1,1,0,
SR-ARE,c1ccc(-c2ccc(Cn3cnc4ccc(-c5nc6ccccc6[nH]5)cc43)cc2)cc1,1,1,1.0
SR-ARE,c1ccc(-c2ccc(NCCN3CCOCC3)nn2)cc1,1,0,0.0
SR-ARE,c1ccc(-c2ccc[nH]2)cc1,1,0,
SR-ARE,c1ccc(-c2cccc(-c3ccccc3)c2)cc1,1,1,1.0
SR-ARE,c1ccc(-c2cccc(-c3cnc4nccnn34)c2)cc1,1,0,
SR-ARE,c1ccc(-c2cccc(-c3nc[nH]n3)c2)cc1,1,1,1.0
SR-ARE,c1ccc(-c2ccccc2-c2nnn[nH]2)cc1,1,0,
SR-ARE,c1ccc(-c2ccccn2)nc1,1,0,
SR-ARE,c1ccc(-c2cccnc2-c2cccnc2)cc1,1,0,0.0
SR-ARE,c1ccc(-c2ccn(-c3ccccc3)n2)cc1,1,0,0.0
SR-ARE,c1ccc(-c2ccnc3ccnn23)cc1,1,0,0.0
SR-ARE,c1ccc(-c2ccncc2)cc1,1,0,
SR-ARE,c1ccc(-c2ccno2)cc1,1,0,0.0
SR-ARE,c1ccc(-c2cnc3ncncc3n2)cc1,1,0,
SR-ARE,c1ccc(-c2cncnn2)cc1,1,0,0.0
SR-ARE,c1ccc(-c2cncs2)cc1,1,0,0.0
SR-ARE,c1ccc(-c2csc(-c3ccccc3)n2)cc1,1,0,0.0
SR-ARE,c1ccc(-c2nc(-c3ccc[nH]3)sc2-c2ccccc2)cc1,1,1,1.0
SR-ARE,c1ccc(-c2nc(-c3ccccc3)n(-c3ccccc3)n2)cc1,1,0,
SR-ARE,c1ccc(-c2nc(-c3ccncc3)no2)cc1,1,1,1.0
SR-ARE,c1ccc(-c2nc(CCOc3cccc4[nH]ccc34)co2)cc1,1,1,1.0
SR-ARE,c1ccc(-c2nc3ccccc3[nH]2)cc1,1,0,0.0
SR-ARE,c1ccc(-c2nc3ncccc3[nH]2)cc1,1,0,
SR-ARE,c1ccc(-c2nc[nH]c2-c2ccccc2)cc1,1,0,
SR-ARE,c1ccc(-c2ncco2)cc1,1,0,0.0
SR-ARE,c1ccc(-c2ncoc2-c2ccc3nncn3c2)cc1,1,0,0.0
SR-ARE,c1ccc(-c2ncoc2-c2ccccc2)cc1,1,0,
SR-ARE,c1ccc(-c2ncon2)cc1,1,1,1.0
SR-ARE,c1ccc(-c2nnc(-c3ccccc3)nn2)cc1,1,0,0.0
SR-ARE,c1ccc(-c2nnco2)cc1,1,0,0.0
SR-ARE,c1ccc(-c2nnn[nH]2)c(-c2ccc(Cn3ccnc3)cc2)c1,1,0,0.0
SR-ARE,c1ccc(-c2nnn[nH]2)c(-c2ccc(Cn3cnc4ccccc43)cc2)c1,1,0,0.0
SR-ARE,c1ccc(-c2nnn[nH]2)c(-c2ccc(Cn3cnc4cccnc43)cc2)c1,1,0,
SR-ARE,c1ccc(-c2noc(-c3ccccc3)n2)cc1,1,0,
SR-ARE,c1ccc(-c2ocnc2C2CCCCC2)cc1,1,0,
SR-ARE,c1ccc(-n2cnnn2)cc1,1,0,0.0
SR-ARE,c1ccc(B(c2ccccc2)c2ccccc2)cc1,1,0,
SR-ARE,c1ccc(C(=C2CCCCC2)c2ccccc2)cc1,1,1,1.0
SR-ARE,c1ccc(C(=C2CC[NH2+]C2)c2ccccc2)cc1,1,0,0.0
SR-ARE,c1ccc(C(=C2CC[NH2+]CC2)c2ccccc2)cc1,1,0,0.0
SR-ARE,c1ccc(C(CCCN2CCCCC2)c2ccccc2)cc1,1,0,0.0
SR-ARE,c1ccc(C(CCCN2CCCCC2)c2ccccn2)cc1,1,0,0.0
SR-ARE,c1ccc(C(CCCN2CCNCC2)c2ccccc2)cc1,1,1,1.0
SR-ARE,c1ccc(C(CCN2CCCC2)C2CCCCC2)cc1,1,0,0.0
SR-ARE,c1ccc(C(CCN2CCCCC2)C2CCCCC2)cc1,1,0,0.0
SR-ARE,c1ccc(C(CCN2CCCCC2)c2ccccc2)cc1,1,0,0.0
SR-ARE,c1ccc(C(CC[NH+]2CCCCC2)c2ccccc2)cc1,1,0,0.0
SR-ARE,c1ccc(C(CN2CC[NH2+]CC2)C2CCCCC2)cc1,1,0,
SR-ARE,c1ccc(C(Cc2ccncn2)Cn2cncn2)cc1,1,0,0.0
SR-ARE,c1ccc(C(Cn2ccnc2)OCc2ccsc2)cc1,1,0,
SR-ARE,c1ccc(C(Cn2ccnc2)OCc2csc3ccccc23)cc1,1,0,
SR-ARE,c1ccc(C(Cn2cncn2)c2ccccc2)cc1,1,0,0.0
SR-ARE,c1ccc(C(OC2CCNCC2)c2ccccc2)cc1,1,0,0.0
SR-ARE,c1ccc(C(OCCC2CCCN2)c2ccccc2)cc1,1,0,
SR-ARE,c1ccc(C(OCCN2CCCCC2)c2ccccc2)cc1,1,0,
SR-ARE,c1ccc(C(c2ccc3nc[nH]c3c2)n2ccnc2)cc1,1,0,0.0
SR-ARE,c1ccc(C(c2ccccc2)(c2ccccc2)n2ccnc2)cc1,1,1,1.0
SR-ARE,c1ccc(C(c2ccccc2)C2CCN(CCc3ccc4c(c3)CCO4)C2)cc1,1,0,0.0
SR-ARE,c1ccc(C(c2ccccc2)C2CCNCC2)cc1,1,0,0.0
SR-ARE,c1ccc(C(c2ccccc2)C2CN3CCC2CC3)cc1,1,0,
SR-ARE,c1ccc(C(c2ccccc2)N2CCCNCC2)cc1,1,1,1.0
SR-ARE,c1ccc(C(c2ccccc2)N2CCN(c3ncncn3)CC2)cc1,1,1,1.0
SR-ARE,c1ccc(C(c2ccccc2)c2ccccn2)cc1,1,0,0.0
SR-ARE,c1ccc(C(c2ccccc2)c2cccnc2)cc1,1,0,
SR-ARE,c1ccc(C(c2ccccc2)n2cncn2)cc1,1,0,0.0
SR-ARE,c1ccc(C(c2cncnc2)C2CC2)cc1,1,0,0.0
SR-ARE,c1ccc(C2(C3CCCCC3)OCC(C[NH+]3CCCCC3)O2)cc1,1,0,0.0
SR-ARE,c1ccc(C2(Cn3ccnc3)OCC(COc3ccc(N4CCNCC4)cc3)O2)cc1,1,1,1.0
SR-ARE,c1ccc(C2(Cn3cncn3)OCC(COc3ccc(N4CCNCC4)cc3)O2)cc1,1,0,
SR-ARE,c1ccc(C2(c3ccccc3)CC2C2=NCCN2)cc1,1,0,
SR-ARE,c1ccc(C2(c3ccccc3)CC3CC2C2CCCC32)cc1,1,1,1.0
SR-ARE,c1ccc(C2(c3ccccc3)OCC(C[NH+]3CCCCC3)O2)cc1,1,0,0.0
SR-ARE,c1ccc(C2(c3ccccc3)c3ccccc3-c3ccccc32)cc1,1,0,
SR-ARE,c1ccc(C2=NC(c3ccccc3)CO2)cc1,1,1,1.0
SR-ARE,c1ccc(C2=NC3c4ccccc4CC3S2)cc1,1,1,1.0
SR-ARE,c1ccc(C2=NCCNc3ccccc32)cc1,1,0,
SR-ARE,c1ccc(C2=NCc3cncn3-c3ccccc32)cc1,1,0,
SR-ARE,c1ccc(C2=Nc3c[nH]nc3Nc3ccccc32)cc1,1,1,1.0
SR-ARE,c1ccc(C2CC(c3ccc4c(c3)OCO4)c3cccnc32)cc1,1,0,0.0
SR-ARE,c1ccc(C2CC2)c(OCC2=NCCN2)c1,1,0,0.0
SR-ARE,c1ccc(C2CCC(N3CCC(c4ccccc4)CC3)CC2)cc1,1,0,0.0
SR-ARE,c1ccc(C2CCC2)cc1,1,0,0.0
SR-ARE,c1ccc(C2CCCCNC2)cc1,1,0,0.0
SR-ARE,c1ccc(C2CCCNC2)cc1,1,0,
SR-ARE,c1ccc(C2CCCc3cncn32)cc1,1,0,0.0
SR-ARE,c1ccc(C2CCN(C3COc4ccccc4C3)CC2)cc1,1,0,0.0
SR-ARE,c1ccc(C2CCN(CCCC(c3ccccc3)c3ccccc3)CC2)cc1,1,0,
SR-ARE,c1ccc(C2CCNCC2COc2ccc3c(c2)OCO3)cc1,1,0,
SR-ARE,c1ccc(C2CCc3ccccc32)cc1,1,0,
SR-ARE,c1ccc(C2CCc3ccccc3O2)cc1,1,0,
SR-ARE,c1ccc(C2CNCCO2)cc1,1,0,0.0
SR-ARE,c1ccc(C2CNCc3ccccc32)cc1,1,0,0.0
SR-ARE,c1ccc(C2COc3ccccc3C2c2ccc(OCCN3CCCC3)cc2)cc1,1,0,
SR-ARE,c1ccc(C2Cc3ccccc3O2)cc1,1,0,
SR-ARE,c1ccc(C2OC2(Cn2cncn2)c2ccccc2)cc1,1,0,0.0
SR-ARE,c1ccc(C2OCCNCc3ccccc32)cc1,1,0,0.0
SR-ARE,c1ccc(C2OCCO2)cc1,1,0,0.0
SR-ARE,c1ccc(C2OCc3ccccc32)cc1,1,0,
SR-ARE,c1ccc(CC(c2ccccc2)c2ccccc2)cc1,1,0,
SR-ARE,c1ccc(CC2CCCC2)cc1,1,0,0.0
SR-ARE,c1ccc(CC2CCCCCC2)cc1,1,0,0.0
SR-ARE,c1ccc(CC2CCCCN2)cc1,1,0,0.0
SR-ARE,c1ccc(CC2COc3ccc(OCc4nc5ccccc5s4)cc3C2)cc1,1,0,
SR-ARE,c1ccc(CC2NCCc3ccccc32)cc1,1,0,
SR-ARE,c1ccc(CCC(Cn2ccnc2)Sc2ccccc2)cc1,1,0,
SR-ARE,c1ccc(CCC(Cn2cncn2)c2ccccc2)cc1,1,0,
SR-ARE,c1ccc(CCC2CO2)cc1,1,0,0.0
SR-ARE,c1ccc(CCCCNCc2ccc(-c3ccccn3)cc2)cc1,1,0,0.0
SR-ARE,c1ccc(CCCCOCCCCCCNCCc2ccccc2)cc1,1,0,0.0
SR-ARE,c1ccc(CCCCn2cncn2)cc1,1,0,0.0
SR-ARE,c1ccc(CCCN2CCN(CCOC(c3ccccc3)c3ccccc3)CC2)cc1,1,0,
SR-ARE,c1ccc(CCCNCCCc2ccccc2)cc1,1,0,0.0
SR-ARE,c1ccc(CCCNCc2cccc3ccccc23)cc1,1,0,
SR-ARE,c1ccc(CCCOc2cccc3ccccc23)cc1,1,0,
SR-ARE,c1ccc(CCCc2ccccn2)cc1,1,0,0.0
SR-ARE,c1ccc(CCCc2ccncc2)cc1,1,0,
SR-ARE,c1ccc(CCN2CCC(Nc3nc4ccccc4n3Cc3ccccc3)CC2)cc1,1,0,
SR-ARE,c1ccc(CCN2CCC(c3nc4ccccc4[nH]3)CC2)cc1,1,0,0.0
SR-ARE,c1ccc(CCNC2CCc3ccccc3C2)cc1,1,0,0.0
SR-ARE,c1ccc(CCNCCC(c2ccccc2)c2ccccc2)cc1,1,0,
SR-ARE,c1ccc(CCNCCCOc2ccccc2)cc1,1,0,
SR-ARE,c1ccc(CCNCCOC(c2ccccc2)c2ccccc2)cc1,1,0,0.0
SR-ARE,c1ccc(CCNCCc2cscn2)cc1,1,0,0.0
SR-ARE,c1ccc(CCNCc2ccccc2)cc1,1,0,0.0
SR-ARE,c1ccc(CCNCc2ccco2)cc1,1,0,0.0
SR-ARE,c1ccc(CCNc2ccccc2)cc1,1,0,0.0
SR-ARE,c1ccc(CCNc2nc(-c3ccccc3)cs2)cc1,1,0,
SR-ARE,c1ccc(CCOC2CCC(Nc3[nH]cnc4nncc3-4)CC2)cc1,1,0,
SR-ARE,c1ccc(CCOC2CCCCO2)cc1,1,0,0.0
SR-ARE,c1ccc(CCOCC2CC2)cc1,1,0,0.0
SR-ARE,c1ccc(CCOCc2cccc(Oc3ccccc3)c2)cc1,1,0,
SR-ARE,c1ccc(CCOc2ccccc2)cc1,1,0,
SR-ARE,c1ccc(CCOc2ncnc3ccccc23)cc1,1,0,0.0
SR-ARE,c1ccc(CCc2cc3c(s2)-n2cnnc2CN=C3c2ccccc2)cc1,1,1,1.0
SR-ARE,c1ccc(CCc2cnc3ncncc3n2)cc1,1,0,
SR-ARE,c1ccc(CCn2ccnc2)cc1,1,0,
SR-ARE,c1ccc(CN(CC2=NCCN2)c2ccccc2)cc1,1,0,0.0
SR-ARE,c1ccc(CN(CCN2CCCC2)c2ccccc2)cc1,1,0,
SR-ARE,c1ccc(CN(Cc2ccccc2)Cc2ccccc2)cc1,1,0,
SR-ARE,c1ccc(CN(c2ccccc2)C2CCNCC2)cc1,1,0,0.0
SR-ARE,c1ccc(CN2CCC(Nc3ccccc3)CC2)cc1,1,0,0.0
SR-ARE,c1ccc(CN2CCc3ccsc3C2)cc1,1,0,
SR-ARE,c1ccc(CNC2CCCNC2c2ccccc2)cc1,1,0,
SR-ARE,c1ccc(CNC2CCNc3ccccc32)cc1,1,0,0.0
SR-ARE,c1ccc(CNCCC(c2ccccc2)c2ccccc2)cc1,1,0,
SR-ARE,c1ccc(CNCCNCc2ccccc2)cc1,1,0,0.0
SR-ARE,c1ccc(CNCCOc2ccccc2)cc1,1,1,1.0
SR-ARE,c1ccc(CNCc2cccc3ccccc23)cc1,1,0,0.0
SR-ARE,c1ccc(CNc2[nH]cnc3ncnc2-3)cc1,1,0,0.0
SR-ARE,c1ccc(CNc2ncnc3c2ncn3C2CCCCO2)cc1,1,0,0.0
SR-ARE,c1ccc(CNc2ncnc3c2ncn3C2CCCO2)cc1,1,0,
SR-ARE,c1ccc(COC2CC3CCC2O3)cc1,1,0,0.0
SR-ARE,c1ccc(COCC(OCc2ccccc2)C2OCCC2OCc2ccccc2)cc1,1,0,
SR-ARE,c1ccc(COCc2ccccc2)cc1,1,0,0.0
SR-ARE,c1ccc(CON=C(Cn2ccnc2)c2ccccc2)cc1,1,0,
SR-ARE,c1ccc(COOCc2ccccc2)cc1,1,0,0.0
SR-ARE,c1ccc(COc2ccc(Nc3ncnc4ccc(-c5ccco5)cc34)cc2)cc1,1,1,1.0
SR-ARE,c1ccc(COc2ccc3c(c2)OCC3)cc1,1,0,
SR-ARE,c1ccc(COc2ccc3oc(-c4nccs4)cc3c2)cc1,1,1,1.0
SR-ARE,c1ccc(COc2ccccn2)cc1,1,1,1.0
SR-ARE,c1ccc(COc2ccn(-c3ccccc3)n2)cc1,1,1,1.0
SR-ARE,c1ccc(CSC(Cn2ccnc2)c2ccccc2)cc1,1,0,
SR-ARE,c1ccc(CSCc2ccccc2)cc1,1,0,
SR-ARE,c1ccc(CSc2nc3ccccc3[nH]2)nc1,1,0,0.0
SR-ARE,c1ccc(C[N+]2(CCOCCC3CCC4CC3C4)CCOCC2)cc1,1,0,
SR-ARE,c1ccc(C[SH+]c2nc3ncccc3[nH]2)nc1,1,1,1.0
SR-ARE,c1ccc(C[n+]2cccc3ccccc32)cc1,1,1,1.0
SR-ARE,c1ccc(Cc2cc(C3CCN(CC4CCCC4c4ccccc4)CC3)[nH]n2)cc1,1,0,0.0
SR-ARE,c1ccc(Cc2cc(Cc3ccccc3)cc(-n3nc4ccccc4n3)c2)cc1,1,0,0.0
SR-ARE,c1ccc(Cc2ccc(Nc3ccc(Cc4ccccc4)cc3)cc2)cc1,1,0,0.0
SR-ARE,c1ccc(Cc2cccc(Cc3ccccc3)c2)cc1,1,0,
SR-ARE,c1ccc(Cn2c(CN3CCCC3)nc3ccccc32)cc1,1,0,0.0
SR-ARE,c1ccc(Cn2c3c(c4ccccc42)CNCC3)cc1,1,0,
SR-ARE,c1ccc(Cn2cc[nH+]c2)cc1,1,0,
SR-ARE,c1ccc(Cn2ccc3ccccc32)cc1,1,0,
SR-ARE,c1ccc(Cn2ccnn2)cc1,1,0,0.0
SR-ARE,c1ccc(Cn2cnc3ccccc32)cc1,1,1,1.0
SR-ARE,c1ccc(Cn2cnc3cncnc32)cc1,1,0,0.0
SR-ARE,c1ccc(Cn2cncn2)cc1,1,0,0.0
SR-ARE,c1ccc(N(CC2=NCCN2)c2ccccc2)cc1,1,0,
SR-ARE,c1ccc(N(Cc2cccnc2)c2ccccc2)cc1,1,0,
SR-ARE,c1ccc(N(Cc2cccs2)C2CCNCC2)cc1,1,0,0.0
SR-ARE,c1ccc(N2CCCCC2)nc1,1,0,0.0
SR-ARE,c1ccc(N2CCN(C3(c4ccccc4)CCCCC3)CC2)cc1,1,0,0.0
SR-ARE,c1ccc(N2CCN(CCCOc3cccc4ccccc34)CC2)cc1,1,0,
SR-ARE,c1ccc(N2CCN(CCc3c[nH]c4ccccc34)CC2)cc1,1,0,
SR-ARE,c1ccc(N2CCN(CCc3nnc4n3CCCC4)CC2)cc1,1,0,0.0
SR-ARE,c1ccc(N2CCOCC2)cc1,1,0,0.0
SR-ARE,c1ccc(N=C2NCCN2)cc1,1,0,0.0
SR-ARE,c1ccc(N=NNc2ccccc2)cc1,1,1,1.0
SR-ARE,c1ccc(N=Nc2ccc(-c3ccc(N=Nc4ccc5ccc(N=Nc6ccccc6)cc5c4)cc3)cc2)cc1,1,0,0.0
SR-ARE,c1ccc(N=Nc2ccc(N=Nc3cccc4ccccc34)cc2)cc1,1,1,1.0
SR-ARE,c1ccc(N=Nc2ccc(N=Nc3ccccc3)cc2)cc1,1,0,
SR-ARE,c1ccc(N=Nc2cccc(N=Nc3ccccc3)c2)cc1,1,0,0.0
SR-ARE,c1ccc(N=Nc2cccnc2)cc1,1,1,1.0
SR-ARE,c1ccc(NC2=NCCCS2)cc1,1,0,0.0
SR-ARE,c1ccc(NC2CCCCO2)cc1,1,0,
SR-ARE,c1ccc(NC2CCN(Cc3cccs3)CC2)cc1,1,0,
SR-ARE,c1ccc(NC2Cc3ccccc3C2)cc1,1,0,0.0
SR-ARE,c1ccc(NCC2CC2)cc1,1,0,0.0
SR-ARE,c1ccc(NCC2CNc3ncncc3N2)cc1,1,0,
SR-ARE,c1ccc(NCCCNc2ccccc2)cc1,1,0,0.0
SR-ARE,c1ccc(NCCCc2cccnc2)cc1,1,0,
SR-ARE,c1ccc(NCc2ccc3ncncc3c2)cc1,1,1,1.0
SR-ARE,c1ccc(NCc2ccco2)cc1,1,0,0.0
SR-ARE,c1ccc(NCc2cccs2)nc1,1,0,0.0
SR-ARE,c1ccc(NCc2ccsc2)nc1,1,0,0.0
SR-ARE,c1ccc(NNc2ccccc2)cc1,1,0,0.0
SR-ARE,c1ccc(Nc2c3ccccc3nc3ccccc23)cc1,1,0,
SR-ARE,c1ccc(Nc2ccc(N=Nc3cccc4ccccc34)c3ccccc23)cc1,1,0,
SR-ARE,c1ccc(Nc2ccc(Nc3ccccc3)cc2)cc1,1,0,0.0
SR-ARE,c1ccc(Nc2ccc3[nH]cnc3c2)cc1,1,0,
SR-ARE,c1ccc(Nc2cccc3ccccc23)cc1,1,0,0.0
SR-ARE,c1ccc(Nc2ccnc3cc(OCCCN4CCNCC4)ccc23)cc1,1,0,
SR-ARE,c1ccc(Nc2ccncc2)cc1,1,0,0.0
SR-ARE,c1ccc(Nc2ccncn2)cc1,1,0,
SR-ARE,c1ccc(Nc2nccc(C3CC3)n2)cc1,1,0,
SR-ARE,c1ccc(Nc2nccc(Nc3ccc4c[nH]nc4c3)n2)cc1,1,0,
SR-ARE,c1ccc(Nc2ncnc3cc(OCC4CCNCC4)ccc23)cc1,1,0,0.0
SR-ARE,c1ccc(Nc2ncnc3cc(OCCCN4CCOCC4)ccc23)cc1,1,1,1.0
SR-ARE,c1ccc(Nc2ncnc3ccc(OCCCN4CCOCC4)cc23)cc1,1,1,1.0
SR-ARE,c1ccc(Nc2ncnc3ccccc23)cc1,1,1,1.0
SR-ARE,c1ccc(Nc2ncnc3cnc(NC4CCNCC4)nc23)cc1,1,1,1.0
SR-ARE,c1ccc(Nc2nnc(Cc3ccncc3)c3ccccc23)cc1,1,1,1.0
SR-ARE,c1ccc(OC(c2ccccc2)C2CNCCO2)cc1,1,0,0.0
SR-ARE,c1ccc(OC2CCCCC2)cc1,1,1,1.0
SR-ARE,c1ccc(OC2CCCCO2)cc1,1,0,0.0
SR-ARE,c1ccc(OCC2=NCCN2)cc1,1,0,
SR-ARE,c1ccc(OCC2CCCO2)cc1,1,0,0.0
SR-ARE,c1ccc(OCC2CNCCO2)cc1,1,0,0.0
SR-ARE,c1ccc(OCCCCC2CCNCC2)cc1,1,0,0.0
SR-ARE,c1ccc(OCCCCCOc2ccccc2)cc1,1,1,1.0
SR-ARE,c1ccc(OCCCCc2nnn[nH]2)cc1,1,0,0.0
SR-ARE,c1ccc(OCCCN2CCC(c3noc4ccccc34)CC2)cc1,1,0,0.0
SR-ARE,c1ccc(OCCCN2CCN(c3ccccc3)CC2)cc1,1,0,0.0
SR-ARE,c1ccc(OCCCN2CCOCC2)cc1,1,1,1.0
SR-ARE,c1ccc(OCCCNC2CCC(c3ccccc3)CC2)cc1,1,0,
SR-ARE,c1ccc(OCCCNCCOc2ccccc2)cc1,1,0,
SR-ARE,c1ccc(OCCCNCCc2c[nH]c3ccccc23)cc1,1,0,0.0
SR-ARE,c1ccc(OCCNCCCOc2cccc3[nH]c4ccccc4c23)cc1,1,0,0.0
SR-ARE,c1ccc(OCCNc2ccncc2)cc1,1,0,0.0
SR-ARE,c1ccc(OCCOCCOc2ccccc2)cc1,1,0,0.0
SR-ARE,c1ccc(OCCn2ccnc2)cc1,1,0,
SR-ARE,c1ccc(OCc2ccc(CCCN3CCOCC3)cc2)cc1,1,1,1.0
SR-ARE,c1ccc(OCc2ccno2)c(CNc2ncnc3c2ncn3C2CCCO2)c1,1,0,0.0
SR-ARE,c1ccc(OCn2ccnc2)cc1,1,0,0.0
SR-ARE,c1ccc(OP(Oc2ccccc2)Oc2ccccc2)cc1,1,0,0.0
SR-ARE,c1ccc(OP2OCCCO2)cc1,1,0,0.0
SR-ARE,c1ccc(Oc2cc(Oc3ccccc3)ncn2)cc1,1,1,1.0
SR-ARE,c1ccc(Oc2ccc(C3(Cn4cncn4)OCCO3)cc2)cc1,1,1,1.0
SR-ARE,c1ccc(Oc2ccc(OCC3COCO3)cc2)cc1,1,0,
SR-ARE,c1ccc(Oc2ccc(OCCOc3ccccn3)cc2)cc1,1,1,1.0
SR-ARE,c1ccc(Oc2ccc(Oc3ccccn3)cc2)nc1,1,0,0.0
SR-ARE,c1ccc(Oc2ccc3nc[nH]c3c2)cc1,1,0,
SR-ARE,c1ccc(Oc2cccc3c2CCC3)cc1,1,0,0.0
SR-ARE,c1ccc(Oc2ccccc2N2CCCC2)cc1,1,0,0.0
SR-ARE,c1ccc(Oc2ccnc3ccccc23)cc1,1,1,1.0
SR-ARE,c1ccc(Oc2cnc3ccccc3n2)cc1,1,0,0.0
SR-ARE,c1ccc(Oc2nccc(-c3[nH]cnc3-c3ccccc3)n2)cc1,1,0,
SR-ARE,c1ccc(P(c2ccccc2)c2ccccc2)cc1,1,0,
SR-ARE,c1ccc(SC2CCNCC2)nc1,1,0,0.0
SR-ARE,c1ccc(SCCSc2ccccc2)cc1,1,0,0.0
SR-ARE,c1ccc(SCSc2ccccc2)cc1,1,0,0.0
SR-ARE,c1ccc(SCc2cnc(-c3ccccc3)s2)cc1,1,0,
SR-ARE,c1ccc(SCc2sc(-c3ccccc3)nc2CN2CCN(c3ccccc3)CC2)cc1,1,0,
SR-ARE,c1ccc(SSc2cccc[nH+]2)[nH+]c1,1,0,
SR-ARE,c1ccc(SSc2ccccc2)cc1,1,0,0.0
SR-ARE,c1ccc(Sc2ccc(COC(Cn3ccnc3)c3ccccc3)cc2)cc1,1,0,
SR-ARE,c1ccc(Sc2ccc3[nH]cnc3c2)cc1,1,0,
SR-ARE,c1ccc(Sc2ncccn2)cc1,1,0,0.0
SR-ARE,c1ccc([Bi](c2ccccc2)c2ccccc2)cc1,1,0,
SR-ARE,c1ccc([Hg]c2ccccc2)cc1,1,0,
SR-ARE,c1ccc([PH+](c2ccccc2)c2ccccc2)cc1,1,0,0.0
SR-ARE,c1ccc([SH+]c2ccc3[nH]cnc3c2)cc1,1,0,0.0
SR-ARE,c1ccc([SH+]c2ccccc2)cc1,1,0,
SR-ARE,c1ccc([SiH](Cn2cncn2)c2ccccc2)cc1,1,0,0.0
SR-ARE,c1ccc2[nH+]c3ccccc3cc2c1,1,0,
SR-ARE,c1ccc2[nH]c(-c3n[nH]c4ncncc34)cc2c1,1,0,
SR-ARE,c1ccc2[nH]c(N3CCCNCC3)nc2c1,1,0,0.0
SR-ARE,c1ccc2[nH]ncc2c1,1,0,0.0
SR-ARE,c1ccc2c(C3CCCCC3)cccc2c1,1,0,
SR-ARE,c1ccc2c(C3CCNCC3)c[nH]c2c1,1,0,0.0
SR-ARE,c1ccc2c(CC3CCCCN3)ccnc2c1,1,0,
SR-ARE,c1ccc2c(CCC3CCNCC3)c[nH]c2c1,1,0,
SR-ARE,c1ccc2c(CCCC3CCCO3)cccc2c1,1,0,0.0
SR-ARE,c1ccc2c(Cc3cccc4ccccc34)cccc2c1,1,0,
SR-ARE,c1ccc2c(Cn3ccnc3)c[nH]c2c1,1,0,0.0
SR-ARE,c1ccc2c(N=Nc3cccc4ccccc34)cccc2c1,1,0,0.0
SR-ARE,c1ccc2c(c1)-c1cccc3c1c-2cc1ccccc13,1,1,1.0
SR-ARE,c1ccc2c(c1)-c1ccccc1C2[NH2+]CCCCCC[NH2+]C1c2ccccc2-c2ccccc21,1,0,
SR-ARE,c1ccc2c(c1)C1CCC2c2ccccc21,1,0,0.0
SR-ARE,c1ccc2c(c1)CC(C1=NCCN1)O2,1,0,0.0
SR-ARE,c1ccc2c(c1)CC(c1cnc[nH]1)C2,1,0,0.0
SR-ARE,c1ccc2c(c1)CC1CC2CCN1CC1CC1,1,0,
SR-ARE,c1ccc2c(c1)CC1COc3ccccc3C21,1,0,0.0
SR-ARE,c1ccc2c(c1)CC1NC2c2ccccc21,1,0,
SR-ARE,c1ccc2c(c1)CC1NCCc3cccc-2c31,1,1,1.0
SR-ARE,c1ccc2c(c1)CC1ON2CC2NC21,1,0,
SR-ARE,c1ccc2c(c1)CC1c3cc4c(cc3CCN1C2)OCO4,1,0,0.0
SR-ARE,c1ccc2c(c1)CCC(CCNCCC1CCc3ccccc3O1)O2,1,0,
SR-ARE,c1ccc2c(c1)CCC(CCNCCCc1nc3ccccc3[nH]1)C2,1,0,
SR-ARE,c1ccc2c(c1)CCCC2C1=NCCN1,1,0,0.0
SR-ARE,c1ccc2c(c1)CCCCc1cc3c(cc1-2)OCO3,1,0,
SR-ARE,c1ccc2c(c1)CCN1CCCCC21,1,0,0.0
SR-ARE,c1ccc2c(c1)CCNC1CCc3ccccc3C21,1,0,0.0
SR-ARE,c1ccc2c(c1)CCNC2CC1CCN2CCc3ccccc3C2C1,1,0,
SR-ARE,c1ccc2c(c1)CCNCC2,1,0,0.0
SR-ARE,c1ccc2c(c1)CC[n+]1cc3ccccc3cc1-2,1,0,0.0
SR-ARE,c1ccc2c(c1)CCc1cccc3c1C2CN1CCCCC31,1,0,
SR-ARE,c1ccc2c(c1)CCc1ccccc1C2OC1CC2CCC(C1)N2,1,0,
SR-ARE,c1ccc2c(c1)CCc1sccc1C2=C1CCNCC1,1,0,
SR-ARE,c1ccc2c(c1)CN1CCCCCC1=N2,1,0,0.0
SR-ARE,c1ccc2c(c1)COc1ccccc1-2,1,0,
SR-ARE,c1ccc2c(c1)C[NH2+]C2,1,1,1.0
SR-ARE,c1ccc2c(c1)Cc1ccccc1N1CCNCC21,1,0,0.0
SR-ARE,c1ccc2c(c1)Cc1ccccc1N2,1,0,
SR-ARE,c1ccc2c(c1)Cc1cccnc1N1CCNCC21,1,0,
SR-ARE,c1ccc2c(c1)Cn1ccnc1N2,1,0,
SR-ARE,c1ccc2c(c1)N=C(N1CCNCC1)c1ccccc1N2,1,0,
SR-ARE,c1ccc2c(c1)N=C(N1CCNCC1)c1ccsc1N2,1,0,0.0
SR-ARE,c1ccc2c(c1)NC1C3CC4CCN3C3CC21CC43,1,0,
SR-ARE,c1ccc2c(c1)NC1CCNCC21,1,0,0.0
SR-ARE,c1ccc2c(c1)NC1NCCC21,1,1,1.0
SR-ARE,c1ccc2c(c1)Nc1cc(N3CCNCC3)nnc1O2,1,0,0.0
SR-ARE,c1ccc2c(c1)Nc1ncccc1S2,1,0,
SR-ARE,c1ccc2c(c1)OC1CCC3CCCCC34COC2C14,1,0,
SR-ARE,c1ccc2c(c1)OC1CCCC21,1,0,
SR-ARE,c1ccc2c(c1)OCC(C1=NCCN1)O2,1,1,1.0
SR-ARE,c1ccc2c(c1)OCC(CN1CCCCC1)O2,1,0,
SR-ARE,c1ccc2c(c1)OCC(Cc1ncc[nH]1)O2,1,0,0.0
SR-ARE,c1ccc2c(c1)OCCO2,1,0,
SR-ARE,c1ccc2c(c1)Oc1ccccc1C1CNCC21,1,0,0.0
SR-ARE,c1ccc2c(c1)Oc1ccccc1S2,1,0,0.0
SR-ARE,c1ccc2c(c1)Sc1ccccc1C2=C1CCNCC1,1,0,0.0
SR-ARE,c1ccc2c(c1)Sc1ccccc1C2CC1CCCNC1,1,0,
SR-ARE,c1ccc2c(c1)Sc1ccccc1N2CC1CCCNC1,1,0,
SR-ARE,c1ccc2c(c1)Sc1ccccc1N2CC1CCNC1,1,0,
SR-ARE,c1ccc2c(c1)Sc1ccccc1N2CCN1CCCC1,1,0,
SR-ARE,c1ccc2c(c1)[nH]c1cnccc12,1,0,0.0
SR-ARE,c1ccc2c(c1)c1c3n2CCC2CCCN(CC1)C32,1,0,0.0
SR-ARE,c1ccc2c(c1)c1c3n2CCNC3=NCC1,1,0,0.0
SR-ARE,c1ccc2c(c1)c1c3n2CCNC3CCC1,1,0,0.0
SR-ARE,c1ccc2c(c1)c1cccc3ccc4cccc2c4c31,1,1,1.0
SR-ARE,c1ccc2c(c1)c1ccccc1n2CCCN1CCNCC1,1,0,
SR-ARE,c1ccc2c(c1)ccc1c3ccccc3ccc21,1,1,1.0
SR-ARE,c1ccc2c(c1)ccc1cc3c(ccc4ccccc43)cc12,1,1,1.0
SR-ARE,c1ccc2c(c1)ccc1ccc3c(c12)OCO3,1,1,1.0
SR-ARE,c1ccc2c(c1)ccc1ncccc12,1,0,
SR-ARE,c1ccc2c(c1)ccc[n+]2CCCCCCCCCC[n+]1cccc2ccccc21,1,0,
SR-ARE,c1ccc2c(c1)ncc1nc[nH]c12,1,0,
SR-ARE,c1ccc2c(c1)sc1ccccc12,1,0,0.0
SR-ARE,c1ccc2c(c1)sc1nncn12,1,1,1.0
SR-ARE,c1ccc2c3c([nH]c2c1)C1CC2CCC1N(CC3)C2,1,0,0.0
SR-ARE,c1ccc2c3c([nH]c2c1)COCC3,1,1,1.0
SR-ARE,c1ccc2c[n+]3c(cc2c1)-c1cc2c(cc1CC3)OCO2,1,1,1.0
SR-ARE,c1ccc2c[nH+]ccc2c1,1,0,
SR-ARE,c1ccc2cc(-c3ccc4ccccc4c3)ccc2c1,1,0,
SR-ARE,c1ccc2cc(CC3=NCCN3)ccc2c1,1,0,0.0
SR-ARE,c1ccc2cc(Nc3ccc(Nc4ccc5ccccc5c4)cc3)ccc2c1,1,0,0.0
SR-ARE,c1ccc2cc(SSc3ccc4ccccc4c3)ccc2c1,1,1,1.0
SR-ARE,c1ccc2cc3c(cc2c1)-c1cccc2cccc-3c12,1,0,
SR-ARE,c1ccc2cc3c4ccccc4c4ccccc4c3cc2c1,1,1,1.0
SR-ARE,c1ccc2nc(N3CCCNCC3)ncc2c1,1,0,
SR-ARE,c1ccc2nc(N3CCNCC3)ccc2c1,1,0,0.0
SR-ARE,c1ccc2ocnc2c1,1,0,0.0
SR-ARE,c1ccc2oncc2c1,1,0,0.0
SR-ARE,c1ccc2sc(SN(C3CCCCC3)C3CCCCC3)nc2c1,1,1,1.0
SR-ARE,c1ccc2sc(SN3CCOCC3)nc2c1,1,0,0.0
SR-ARE,c1ccc2sc(SNC3CCCCC3)nc2c1,1,1,1.0
SR-ARE,c1ccc2sc(SSN3CCOCC3)nc2c1,1,0,0.0
SR-ARE,c1ccc2sc(SSc3nc4ccccc4s3)nc2c1,1,1,1.0
SR-ARE,c1ccc2snnc2c1,1,0,0.0
SR-ARE,c1ccn2ccnc2c1,1,0,
SR-ARE,c1ccn2nccc2c1,1,0,0.0
SR-ARE,c1ccnnc1,1,0,0.0
SR-ARE,c1cn(CCN2CCOCC2)cn1,1,0,0.0
SR-ARE,c1cnc(-n2cccn2)nc1,1,0,0.0
SR-ARE,c1cnc(N2CCN(Cc3ccc4c(c3)OCO4)CC2)nc1,1,0,0.0
SR-ARE,c1cnc(Oc2cccc(Oc3ncccn3)c2)nc1,1,0,0.0
SR-ARE,c1cnc2c(c1)CCCCC2[SH+]c1nc2ccccc2[nH]1,1,1,1.0
SR-ARE,c1cnc2c(c1)ccc1cccnc12,1,0,
SR-ARE,c1cnc2c(n1)CCC2,1,0,0.0
SR-ARE,c1cnc2c(n1)CCCC2,1,0,0.0
SR-ARE,c1cnc2cc(NC3=NCCN3)ccc2n1,1,0,0.0
SR-ARE,c1cnc2cc3c(cc2n1)C1CNCC3C1,1,0,0.0
SR-ARE,c1cnc2ccc3[nH]cnc3c2c1,1,0,0.0
SR-ARE,c1cnc2ccnn2c1,1,0,
SR-ARE,c1cnc2ncnn2c1,1,0,0.0
SR-ARE,c1cncc(-c2c[nH]c3ccccc23)c1,1,0,0.0
SR-ARE,c1cncc(C2=NCCS2)c1,1,0,0.0
SR-ARE,c1cncc(C2CC3CCC2N3)c1,1,0,
SR-ARE,c1cncc(C2CCCCN2)c1,1,0,0.0
SR-ARE,c1cncc(CCn2c3c(c4ccccc42)CNCC3)c1,1,0,
SR-ARE,c1cncc(CSSCc2cccnc2)c1,1,0,0.0
SR-ARE,c1cncc(Cc2ccc3occc3c2)c1,1,0,
SR-ARE,c1cnn(-c2ncc3ncn(C4CCCO4)c3n2)c1,1,0,0.0
SR-ARE,c1cnoc1,1,0,
SR-ARE,c1cnsc1,1,0,
SR-ARE,c1coc(-c2nc3ccccc3[nH]2)c1,1,0,0.0
SR-ARE,c1coc(CNc2[nH]cnc3ncnc2-3)c1,1,0,0.0
SR-ARE,c1coc(Cn2cccc2)c1,1,0,0.0
SR-ARE,c1csc(-c2ccc(-c3cccs3)s2)c1,1,1,1.0
SR-ARE,c1csc(-c2cscn2)c1,1,0,
SR-ARE,c1csc(C(=C2CCC3CCCC[NH+]3C2)c2cccs2)c1,1,0,
SR-ARE,c1csc(C(=C2CCC[NH2+]C2)c2cccs2)c1,1,0,0.0
SR-ARE,c1csc(C2(N3CCCCC3)CCCCC2)c1,1,0,
SR-ARE,c1csc(CCNC2CCc3ccccc3C2)c1,1,0,0.0
SR-ARE,c1csc(CNc2ccccc2-c2nnn[nH]2)c1,1,1,1.0
SR-ARE,c1csc(COc2cccc3ccccc23)c1,1,0,
SR-ARE,c1csc(SSc2cccs2)c1,1,0,0.0
SR-ARE,c1nc(N2CCCCC2)c2ncnc(N3CCCCC3)c2n1,1,0,
SR-ARE,c1nc(Sc2cnc[nH]2)c2[nH]cnc2n1,1,1,1.0
SR-ARE,c1nc2c(o1)CCNCC2,1,0,0.0
SR-ARE,c1nc2c(s1)CCCC2,1,0,0.0
SR-ARE,c1nc2c(s1)CCNCC2,1,0,0.0
SR-ARE,c1ncc(CCCCCCCc2ccc3c(n2)NCCC3)cn1,1,0,
SR-ARE,c1ncc(NC2=NCCN2)cn1,1,0,0.0
SR-ARE,c1ncc2c(n1)CC1CCCNC1C2,1,0,
SR-ARE,c1ncc2cn[nH]c2n1,1,0,0.0
SR-ARE,c1ncn(C2CCCO2)n1,1,0,0.0
SR-ARE,c1ncn(Cc2ccc3[nH]ccc3c2)n1,1,0,
SR-ARE,c1ncsn1,1,0,0.0
SR-ARE,c1nnn[nH]1,1,0,0.0
SR-ARE,c1nsnc1N1CCOCC1,1,0,0.0
SR-ATAD5,,1716,32,0.019500304692260818
SR-ATAD5,c1ccccc1,1457,34,0.025411061285500747
SR-ATAD5,c1ccncc1,88,3,0.039473684210526314
SR-ATAD5,c1ccc(Cc2ccccc2)cc1,81,0,0.0
SR-ATAD5,c1ccc2ccccc2c1,66,1,0.01639344262295082
SR-ATAD5,C1CCCCC1,63,0,0.0
SR-ATAD5,c1ccc(Oc2ccccc2)cc1,44,1,0.022727272727272728
SR-ATAD5,O=C1C=C2CCC3C4CCCC4CCC3C2CC1,43,0,0.0
SR-ATAD5,O=C1C=CC2C(=C1)CCC1C3CCCC3CCC21,41,0,0.0
SR-ATAD5,c1ccc(-c2ccccc2)cc1,39,7,0.2
SR-ATAD5,C1=CCCCC1,38,1,0.027777777777777776
SR-ATAD5,O=C(c1ccccc1)c1ccccc1,36,1,0.030303030303030304
SR-ATAD5,c1ccc2ncccc2c1,34,3,0.0967741935483871
SR-ATAD5,c1ccc(Nc2ccccc2)cc1,29,2,0.06896551724137931
SR-ATAD5,c1ccc2[nH]ccc2c1,27,0,0.0
SR-ATAD5,c1ccoc1,26,1,0.043478260869565216
SR-ATAD5,c1ncncn1,26,0,0.0
SR-ATAD5,O=C(Nc1ccccc1)c1ccccc1,23,2,0.1
SR-ATAD5,O=C1c2ccccc2C(=O)c2ccccc21,23,6,0.2727272727272727
SR-ATAD5,C1CO1,21,0,0.0
SR-ATAD5,C1CCOCC1,20,1,0.05263157894736842
SR-ATAD5,c1ccc2scnc2c1,19,6,0.3157894736842105
SR-ATAD5,c1c[nH]cn1,18,0,0.0
SR-ATAD5,c1cncnc1,18,0,0.0
SR-ATAD5,c1ccc2c(c1)OCO2,17,0,0.0
SR-ATAD5,c1cscn1,17,0,0.0
SR-ATAD5,C1CCNCC1,16,0,0.0
SR-ATAD5,c1cc[nH+]cc1,16,0,0.0
SR-ATAD5,c1ccc2c(c1)CCC1C2CCC2CCCC21,16,0,0.0
SR-ATAD5,O=c1[nH]c(=O)c2[nH]cnc2[nH]1,15,0,0.0
SR-ATAD5,c1c[nH+]c[nH]1,15,0,0.0
SR-ATAD5,c1ccc2c(c1)Nc1ccccc1S2,15,0,0.0
SR-ATAD5,C1COCCN1,14,0,0.0
SR-ATAD5,c1ccc(N=Nc2ccccc2)cc1,14,10,0.7142857142857143
SR-ATAD5,O=C1CCCN1,13,0,0.0
SR-ATAD5,O=c1ccn(C2CCCO2)c(=O)[nH]1,13,0,0.0
SR-ATAD5,c1ccc2[nH]cnc2c1,13,3,0.25
SR-ATAD5,C1=CC(c2ccccc2)C=CN1,12,0,0.0
SR-ATAD5,C1CCOC1,12,0,0.0
SR-ATAD5,O=C1CCCCC1,12,0,0.0
SR-ATAD5,O=C1CCCO1,12,0,0.0
SR-ATAD5,c1ccc2c(c1)Cc1ccccc1-2,12,3,0.3
SR-ATAD5,c1ncc2ncn(C3CCCO3)c2n1,12,0,0.0
SR-ATAD5,C(=Cc1ccccc1)c1ccccc1,11,1,0.1111111111111111
SR-ATAD5,C1CC2CCC1C2,11,0,0.0
SR-ATAD5,C1CNCCN1,11,0,0.0
SR-ATAD5,O=C1NC(=O)c2ccccc21,11,0,0.0
SR-ATAD5,O=c1ccc2ccccc2o1,11,1,0.09090909090909091
SR-ATAD5,c1ccc2cc3ccccc3cc2c1,11,1,0.09090909090909091
SR-ATAD5,c1cnccn1,11,0,0.0
SR-ATAD5,C1CCC2C(C1)CCC1C3CCCC3CCC21,10,0,0.0
SR-ATAD5,C1CCNC1,10,0,0.0
SR-ATAD5,O=C(Oc1ccccc1)c1ccccc1,10,2,0.2
SR-ATAD5,O=S(=O)(c1ccccc1)c1ccccc1,10,0,0.0
SR-ATAD5,c1ccc(Sc2ccccc2)cc1,10,0,0.0
SR-ATAD5,O=C(OCc1cccc(Oc2ccccc2)c1)C1CC1,9,0,0.0
SR-ATAD5,O=C1CNC(=O)N1,9,0,0.0
SR-ATAD5,c1ccc(N=Nc2cccc3ccccc23)cc1,9,0,0.0
SR-ATAD5,c1ccc2c(c1)Sc1ccccc1N2CCCN1CCNCC1,9,0,0.0
SR-ATAD5,O=C(Cc1ccccc1)NC1C(=O)N2CCSC12,8,0,0.0
SR-ATAD5,O=C(NCC1CCCN1)c1ccccc1,8,0,0.0
SR-ATAD5,O=C1C=CCCC1,8,0,0.0
SR-ATAD5,O=C1CC(=O)NC(=O)N1,8,0,0.0
SR-ATAD5,O=C1CN=C(c2ccccc2)c2ccccc2N1,8,2,0.25
SR-ATAD5,O=S1(=O)NCNc2ccccc21,8,0,0.0
SR-ATAD5,O=c1cc(-c2ccccc2)oc2ccccc12,8,2,0.25
SR-ATAD5,C1CCCC1,7,0,0.0
SR-ATAD5,C=C1CCCCC1=CC=C1CCCC2CCCC12,7,0,0.0
SR-ATAD5,O=C1C2=CC3C(=O)C=CCC3CC2Cc2ccccc21,7,0,0.0
SR-ATAD5,O=C1C=CC(=O)C=C1,7,0,0.0
SR-ATAD5,O=C1C=CC2C(=C1)CCC1C2CCC2C1CC1OCOC12,7,0,0.0
SR-ATAD5,O=S(=O)(Nc1ncccn1)c1ccccc1,7,0,0.0
SR-ATAD5,O=c1cc[nH]n1-c1ccccc1,7,0,0.0
SR-ATAD5,c1ccc(CCc2ccccc2)cc1,7,0,0.0
SR-ATAD5,c1ccc(Cc2ccccn2)cc1,7,0,0.0
SR-ATAD5,c1ccc(N2CCNCC2)cc1,7,0,0.0
SR-ATAD5,c1ccc2c(c1)ccc1ccccc12,7,0,0.0
SR-ATAD5,c1ccsc1,7,0,0.0
SR-ATAD5,C(=C(c1ccccc1)c1ccccc1)c1ccccc1,6,0,0.0
SR-ATAD5,C1CCC(OC2CCCC(OC3CCCCO3)C2)OC1,6,0,0.0
SR-ATAD5,C=C(c1ccccc1)c1ccccc1,6,0,0.0
SR-ATAD5,O=C1CC=NN1c1ccccc1,6,0,0.0
SR-ATAD5,O=C1CCC(=O)O1,6,0,0.0
SR-ATAD5,O=C1OC(=O)c2ccccc21,6,0,0.0
SR-ATAD5,O=P(Oc1ccccc1)(Oc1ccccc1)Oc1ccccc1,6,0,0.0
SR-ATAD5,O=c1[nH]c(=O)[nH]c(=O)[nH]1,6,1,0.16666666666666666
SR-ATAD5,O=c1cc[nH]c(=O)[nH]1,6,1,0.2
SR-ATAD5,O=c1ccn(C2CC2)c2cc(N3CCNCC3)ccc12,6,0,0.0
SR-ATAD5,O=c1ncccn1C1CCCO1,6,0,0.0
SR-ATAD5,c1ccc(C(c2ccccc2)N2CCNCC2)cc1,6,0,0.0
SR-ATAD5,c1ccc(CCN2CCC(Nc3ccccc3)CC2)cc1,6,0,0.0
SR-ATAD5,c1ccc(Nc2ccccn2)cc1,6,1,0.16666666666666666
SR-ATAD5,c1ccc2c(c1)CCO2,6,0,0.0
SR-ATAD5,c1ccc2c(c1)CCc1ccccc1N2,6,0,0.0
SR-ATAD5,c1ccc2cnncc2c1,6,0,0.0
SR-ATAD5,C1=C2CCC3C4CCCC4CCC3C2CCC1,5,0,0.0
SR-ATAD5,C1=C2c3cccc4[nH]cc(c34)CC2NCC1,5,0,0.0
SR-ATAD5,C1=CC2C3Cc4cccc5c4C2(CCN3)C(C1)O5,5,0,0.0
SR-ATAD5,C1CCC(OC2CCCO2)OC1,5,0,0.0
SR-ATAD5,C1COCOC1,5,0,0.0
SR-ATAD5,N=C(C(=O)NC1C(=O)N2C=CCSC12)c1cscn1,5,0,0.0
SR-ATAD5,O=C(Cc1ccccc1)c1ccccc1,5,0,0.0
SR-ATAD5,O=C(NC(=O)c1ccccc1)Nc1ccccc1,5,0,0.0
SR-ATAD5,O=C(Nc1ccccc1)Nc1ccccc1,5,0,0.0
SR-ATAD5,O=C(Nc1ncncn1)NS(=O)(=O)c1ccccc1,5,0,0.0
SR-ATAD5,O=C(OC1CC2CCC(C1)N2)c1ccccc1,5,0,0.0
SR-ATAD5,O=C(OCc1ccccc1)c1ccccc1,5,1,0.2
SR-ATAD5,O=C1C=C2C=CC3C4CCCC4CCC3C2CC1,5,0,0.0
SR-ATAD5,O=C1C=CC(=O)c2ccccc21,5,0,0.0
SR-ATAD5,O=C1C=CCO1,5,1,0.2
SR-ATAD5,O=C1CCCC1,5,0,0.0
SR-ATAD5,O=C1CCCCO1,5,0,0.0
SR-ATAD5,O=C1CNC(=O)C(Cc2ccccc2)NC(=O)C(Cc2ccccc2)NC(=O)CCSSCC(C(=O)N2CCCC2)NC(=O)CN1,5,0,0.0
SR-ATAD5,O=C1OC2(c3ccccc3Oc3ccccc32)c2ccccc21,5,0,0.0
SR-ATAD5,O=C1c2ccccc2C(=O)c2cc3c(cc21)CCCC3OC1CCCCO1,5,5,1.0
SR-ATAD5,O=S(=O)(Nc1ccncn1)c1ccccc1,5,0,0.0
SR-ATAD5,O=S(=O)(Nc1nncs1)c1ccccc1,5,0,0.0
SR-ATAD5,O=[PH](Oc1ccccc1)Oc1ccccc1,5,0,0.0
SR-ATAD5,O=c1c(-c2ccccc2)coc2ccccc12,5,5,1.0
SR-ATAD5,[N+]=C1C=CC(=C(c2ccccc2)c2ccccc2)C=C1,5,1,0.3333333333333333
SR-ATAD5,c1ccc(C2CCNCC2)cc1,5,0,0.0
SR-ATAD5,c1ccc(CC2CCCCC2)cc1,5,0,0.0
SR-ATAD5,c1ccc(CCNCCc2ccccc2)cc1,5,0,0.0
SR-ATAD5,c1ccc(CCn2cncn2)cc1,5,0,0.0
SR-ATAD5,c1ccc(COc2ccccc2)cc1,5,1,0.2
SR-ATAD5,c1ccc(Oc2ccccn2)cc1,5,0,0.0
SR-ATAD5,c1ccc2c(CC3CC4CCN3CC4)ccnc2c1,5,0,0.0
SR-ATAD5,c1ccc2c(c1)CCCC2,5,0,0.0
SR-ATAD5,c1ccc2c(c1)CCCO2,5,0,0.0
SR-ATAD5,c1cn[nH]c1,5,0,0.0
SR-ATAD5,c1ncc2nc[nH]c2n1,5,1,0.25
SR-ATAD5,C1=C2CCCCC2C2CCC3CCCC3C2C1,4,0,0.0
SR-ATAD5,C1=CCCC=C1,4,0,0.0
SR-ATAD5,C1=CNCN1,4,0,0.0
SR-ATAD5,C1CCC(CC2CCCCC2)CC1,4,0,0.0
SR-ATAD5,C1CC[NH2+]CC1,4,0,0.0
SR-ATAD5,C=C1CC2CCC1C2,4,0,0.0
SR-ATAD5,O=C(CCCN1CCC(c2ccccc2)CC1)c1ccccc1,4,0,0.0
SR-ATAD5,O=C(Cc1ccccc1)NC1C(=O)N2C=CCSC12,4,0,0.0
SR-ATAD5,O=C(NCC1CCCCO1)C1CCCN1,4,0,0.0
SR-ATAD5,O=C(NN=Cc1ccccc1)c1ccncc1,4,1,0.25
SR-ATAD5,O=C(c1ccccc1)c1coc2ccccc12,4,0,0.0
SR-ATAD5,O=C1C=C(C2CCC3C2CCC2C4CCC(OC5CCC(OC6CCC(OC7CCC(OC8CCCCO8)CO7)CO6)CO5)CC4CCC23)CO1,4,0,
SR-ATAD5,O=C1C=C2CCC3C(=C2CC1)C=CC1CCCC13,4,1,0.25
SR-ATAD5,O=C1CC(=O)N(c2ccccc2)N1c1ccccc1,4,0,0.0
SR-ATAD5,O=C1CCC2C1CCC1C3CCCCC3=CCC21,4,0,0.0
SR-ATAD5,O=C1CCCCOC(=O)CC(OC2CCCCO2)CC(OC2CCCCO2)CCC1,4,0,0.0
SR-ATAD5,O=C1CCCc2ccccc21,4,0,0.0
SR-ATAD5,O=C1NC(=O)C2CC=CCC12,4,0,0.0
SR-ATAD5,O=C1NCCN1,4,0,0.0
SR-ATAD5,O=C1c2ccccc2C(=O)C1c1ccccc1,4,0,0.0
SR-ATAD5,O=S(=O)(Nc1ccccc1)c1ccccc1,4,0,0.0
SR-ATAD5,O=S1(=O)OC(c2ccccc2)(c2ccccc2)c2ccccc21,4,0,0.0
SR-ATAD5,O=c1[nH]c2ccccc2o1,4,0,0.0
SR-ATAD5,O=c1cc[nH]c(=S)[nH]1,4,0,0.0
SR-ATAD5,O=c1cc[nH]c2cc(N3CCNCC3)ccc12,4,0,0.0
SR-ATAD5,O=c1ccc2cc3ccoc3cc2o1,4,0,0.0
SR-ATAD5,O=c1ccocc1,4,0,0.0
SR-ATAD5,O=c1ccs[nH]1,4,0,0.0
SR-ATAD5,c1cc2c3c(c[nH]c3c1)CC1NCCCC21,4,0,0.0
SR-ATAD5,c1ccc(-c2cscn2)cc1,4,0,0.0
SR-ATAD5,c1ccc(-n2nc3ccccc3n2)cc1,4,1,0.25
SR-ATAD5,c1ccc(C2CCCC2)cc1,4,0,0.0
SR-ATAD5,c1ccc(C2CCCCC2)cc1,4,0,0.0
SR-ATAD5,c1ccc(CCCNCCc2ccccc2)cc1,4,0,0.0
SR-ATAD5,c1ccc(CCNCCOc2ccccc2)cc1,4,0,0.0
SR-ATAD5,c1ccc(CNc2ccccn2)cc1,4,0,0.0
SR-ATAD5,c1ccc(C[SH+]c2nc3ccccc3[nH]2)nc1,4,0,0.0
SR-ATAD5,c1ccc(Cc2cncnc2)cc1,4,0,0.0
SR-ATAD5,c1ccc(Cn2ccnc2)cc1,4,0,0.0
SR-ATAD5,c1ccc(OCC2CO2)cc1,4,0,0.0
SR-ATAD5,c1ccc(OCCCOc2ccccc2)cc1,4,0,0.0
SR-ATAD5,c1ccc2[nH]nnc2c1,4,0,0.0
SR-ATAD5,c1ccc2c(c1)CC1CC2CCN1,4,0,0.0
SR-ATAD5,c1ccc2c(c1)CC1NCCC23CCCCC13,4,0,0.0
SR-ATAD5,c1ccc2c(c1)CCC2,4,0,0.0
SR-ATAD5,c1ccc2c(c1)[nH]c1ccccc12,4,0,0.0
SR-ATAD5,c1ccc2c3c([nH]c2c1)C1CC2CCCCC2CN1CC3,4,0,0.0
SR-ATAD5,c1ccc2nccnc2c1,4,0,0.0
SR-ATAD5,C(=CC=CC=CC=CC=CC1=CCCCC1)C=CC=CC=CC=CC1=CCCCC1,3,1,0.3333333333333333
SR-ATAD5,C(CCN1CCNCC1)=C1c2ccccc2Sc2ccccc21,3,0,0.0
SR-ATAD5,C1=CC2C3C=CC(C3)C2C1,3,0,0.0
SR-ATAD5,C1=CC2CC(C1)C2,3,0,0.0
SR-ATAD5,C1=CC2CCC1C2,3,0,0.0
SR-ATAD5,C1=CC2CCC3Nc4ccc(C5CC6CCCN(CCc7c5[nH]c5ccccc75)C6)cc4C34CCN(C1)C24,3,3,1.0
SR-ATAD5,C1=CCC=C1,3,0,0.0
SR-ATAD5,C1=COC(OC2CCCC(OC3CCCCO3)C2)CC1,3,0,0.0
SR-ATAD5,C1=COCCC1,3,0,0.0
SR-ATAD5,C1=Cc2ccccc2C1=Cc1ccccc1,3,0,0.0
SR-ATAD5,C1C2CC3CC1CC(C2)C3,3,0,0.0
SR-ATAD5,C1CC2C3CCC(C3)C2C1,3,0,0.0
SR-ATAD5,C1CC2CCOC3OC4CCC(C1)C23OO4,3,0,0.0
SR-ATAD5,C1CC2OCCC2O1,3,0,0.0
SR-ATAD5,C1CC2OCOC2O1,3,0,0.0
SR-ATAD5,C1CCC(C2CCCCC2)CC1,3,0,0.0
SR-ATAD5,C1CCC1,3,0,0.0
SR-ATAD5,C1CCC2CCCCC2C1,3,0,0.0
SR-ATAD5,C1CCCCCCCCCCC1,3,0,0.0
SR-ATAD5,C1CCCNCC1,3,0,0.0
SR-ATAD5,C1CCCNCCC1,3,0,0.0
SR-ATAD5,C1CC[NH2+]C1,3,0,0.0
SR-ATAD5,C1COCCO1,3,0,0.0
SR-ATAD5,O=C(C=Cc1ccccc1)c1ccccc1,3,1,0.5
SR-ATAD5,O=C(CCN1CCCCC1)c1ccccc1,3,0,0.0
SR-ATAD5,O=C(CCc1ccccc1)c1ccccc1,3,0,0.0
SR-ATAD5,O=C(CNCCCc1ccccc1)N1CCCC1,3,0,0.0
SR-ATAD5,O=C(CNCCCc1ccccc1)N1CCc2ccccc2C1,3,0,0.0
SR-ATAD5,O=C(Cc1ccccc1)OC1CC2CCC(C1)[NH2+]2,3,0,0.0
SR-ATAD5,O=C(Cc1ccccc1)OC1CC2[NH2+]C(C1)C1OC21,3,0,0.0
SR-ATAD5,O=C(Cc1ccccc1)OCc1cccc(Oc2ccccc2)c1,3,0,0.0
SR-ATAD5,O=C(NNC(=O)c1ccccc1)c1ccccc1,3,0,0.0
SR-ATAD5,O=C(Nc1ccccc1)C1CCCCN1,3,0,0.0
SR-ATAD5,O=C(OC1CCC2CC3c4[nH]c5ccccc5c4CCN3CC2C1)c1ccccc1,3,0,0.0
SR-ATAD5,O=C(OCCCOC(=O)c1ccccc1)c1ccccc1,3,0,0.0
SR-ATAD5,O=C(OCCc1ccccc1)c1ccccc1,3,2,0.6666666666666666
SR-ATAD5,O=C(c1ccccc1)c1cccs1,3,0,0.0
SR-ATAD5,O=C(c1ccccc1)n1ccc2ccccc21,3,0,0.0
SR-ATAD5,O=C1C=C(C2CCC3C2CCC2C4CCC(OC5CCC(OC6CCC(OC7CCCCO7)CO6)CO5)CC4CCC23)CO1,3,0,
SR-ATAD5,O=C1C=CC(=C(c2ccccc2)c2ccccc2)C=C1,3,0,0.0
SR-ATAD5,O=C1C=CC(OC(=O)C2CC2)C1,3,0,0.0
SR-ATAD5,O=C1C=CC2C(=C1)CCC1C3CCCC3CC(=O)C21,3,0,0.0
SR-ATAD5,O=C1CC(=O)NC=N1,3,0,0.0
SR-ATAD5,O=C1CC(=O)c2ccccc21,3,0,0.0
SR-ATAD5,O=C1CCC(=O)N1,3,0,0.0
SR-ATAD5,O=C1CCC23CCCCCC(CCC2)C13,3,0,0.0
SR-ATAD5,O=C1CCCC(CCC2CC=CC3=CCCCC32)O1,3,0,0.0
SR-ATAD5,O=C1CCCC(OC2CCC(OC3CCCCO3)CO2)CCCCC=CC=CCCO1,3,0,0.0
SR-ATAD5,O=C1CCCCC1c1ccccc1,3,0,0.0
SR-ATAD5,O=C1CCCCCN1,3,0,0.0
SR-ATAD5,O=C1CCN(c2ccccc2)N1,3,0,0.0
SR-ATAD5,O=C1CCNCC1,3,0,0.0
SR-ATAD5,O=C1CN(CCN2CC(=O)NC(=O)C2)CC(=O)N1,3,0,0.0
SR-ATAD5,O=C1CN=C(c2ccccn2)N1,3,0,0.0
SR-ATAD5,O=C1Cc2cc3n(c(=O)c2CO1)Cc1cc2ccccc2nc1-3,3,0,0.0
SR-ATAD5,O=C1NC(=O)C(c2ccccc2)C(=O)N1,3,0,0.0
SR-ATAD5,O=C1OC(C2NCCc3cc4c(cc32)OCO4)c2ccccc21,3,0,0.0
SR-ATAD5,O=C1OC(c2ccccc2)(c2ccccc2)c2ccccc21,3,0,0.0
SR-ATAD5,O=C1OC2CC(CC=CC(OC3CCC(OC4CCCCO4)CO3)CC=CC=C3COC4CC=CC1C34)OC1(C=CCCO1)C2,3,0,0.0
SR-ATAD5,O=C1OCCO1,3,0,0.0
SR-ATAD5,O=C1c2ccccc2C(=O)C1c1ccc2ccccc2n1,3,2,0.6666666666666666
SR-ATAD5,O=S(=O)(Nc1cccnn1)c1ccccc1,3,0,0.0
SR-ATAD5,O=S(=O)(Nc1nccs1)c1ccccc1,3,0,0.0
SR-ATAD5,O=S(=O)(Oc1ccccc1)c1ccccc1,3,0,0.0
SR-ATAD5,O=[PH]1NCCCO1,3,0,0.0
SR-ATAD5,O=c1[nH]c2ccccc2n1C1CCNCC1,3,0,
SR-ATAD5,O=c1[nH]cnc2[nH]cnc12,3,0,0.0
SR-ATAD5,O=c1[nH]sc2ccccc12,3,0,0.0
SR-ATAD5,O=c1c2ccccc2ncn1-c1ccccc1,3,0,0.0
SR-ATAD5,O=c1c2ccccc2sc2ccccc12,3,2,0.6666666666666666
SR-ATAD5,O=c1cc[nH]cn1,3,0,0.0
SR-ATAD5,O=c1ccc2c(-c3ccccc3)c3ccccc3oc-2c1,3,0,0.0
SR-ATAD5,O=c1cccnn1-c1ccccc1,3,1,0.3333333333333333
SR-ATAD5,O=c1ccn(-c2ccccc2)c2cc(N3CCNCC3)ccc12,3,0,0.0
SR-ATAD5,O=c1nc[nH]c2[nH]cnc12,3,0,0.0
SR-ATAD5,c1cc2ccc3cccc4ccc(c1)c2c34,3,0,0.0
SR-ATAD5,c1ccc(-c2ccc3ccccc3n2)cc1,3,0,0.0
SR-ATAD5,c1ccc(-c2ccnn2-c2ccccc2)cc1,3,0,0.0
SR-ATAD5,c1ccc(-c2cn3ccccc3n2)cc1,3,0,0.0
SR-ATAD5,c1ccc(-c2conc2-c2ccccc2)cc1,3,0,0.0
SR-ATAD5,c1ccc(-c2nnn[nH]2)cc1,3,0,0.0
SR-ATAD5,c1ccc(C(c2ccccc2)c2ccccc2)cc1,3,0,0.0
SR-ATAD5,c1ccc(C2(Cn3cncn3)OCCO2)cc1,3,0,0.0
SR-ATAD5,c1ccc(C2=NCc3nncn3-c3ccccc32)cc1,3,1,0.3333333333333333
SR-ATAD5,c1ccc(C2CC2)cc1,3,0,0.0
SR-ATAD5,c1ccc(C2CCCc3ccccc32)cc1,3,0,0.0
SR-ATAD5,c1ccc(C2CO2)cc1,3,0,0.0
SR-ATAD5,c1ccc(CC2=NCCN2)cc1,3,0,0.0
SR-ATAD5,c1ccc(CCCCc2ccccc2)cc1,3,0,0.0
SR-ATAD5,c1ccc(CCN2CCC(Cc3ccccc3)CC2)cc1,3,0,0.0
SR-ATAD5,c1ccc(CN2CCN(C(c3ccccc3)c3ccccc3)CC2)cc1,3,0,0.0
SR-ATAD5,c1ccc(CNCc2ccccc2)cc1,3,0,0.0
SR-ATAD5,c1ccc(CNc2ccccc2)cc1,3,0,0.0
SR-ATAD5,c1ccc(COC(Cn2ccnc2)c2ccccc2)cc1,3,0,0.0
SR-ATAD5,c1ccc(Cc2nccc3ccccc23)cc1,3,0,0.0
SR-ATAD5,c1ccc(Cn2ncc3ccccc32)cc1,3,0,0.0
SR-ATAD5,c1ccc(N=Nc2ccc3ccccc3c2)cc1,3,0,0.0
SR-ATAD5,c1ccc(NC2CCN(CCc3cccs3)CC2)cc1,3,0,0.0
SR-ATAD5,c1ccc(Nc2ccnc3ccccc23)cc1,3,0,0.0
SR-ATAD5,c1ccc2[nH+]cc[nH+]c2c1,3,0,0.0
SR-ATAD5,c1ccc2c(c1)CCCN2,3,0,0.0
SR-ATAD5,c1ccc2c(c1)CCc1ccccc1C2,3,0,0.0
SR-ATAD5,c1ccc2c(c1)CCc1cccnc1C2=C1CCNCC1,3,0,0.0
SR-ATAD5,c1ccc2c(c1)Sc1ccccc1N2CCCN1CCCCC1,3,0,0.0
SR-ATAD5,c1ccc2cc(N=Nc3ccc(-c4ccc(N=Nc5ccc6ccccc6c5)cc4)cc3)ccc2c1,3,0,0.0
SR-ATAD5,c1ccc2nc3ccccc3cc2c1,3,0,0.0
SR-ATAD5,c1nc[nH]n1,3,0,0.0
SR-ATAD5,c1ncc(C[n+]2ccsc2)cn1,3,0,0.0
SR-ATAD5,c1ncnc(NC2CC2)n1,3,0,0.0
SR-ATAD5,c1nncs1,3,0,0.0
SR-ATAD5,C(=C1SCC(c2ccccc2)S1)n1ccnc1,2,0,0.0
SR-ATAD5,C(=CC1CCCC1)CCOc1ccccc1,2,0,0.0
SR-ATAD5,C(=CSSC=CNCc1cncnc1)NCc1cncnc1,2,0,0.0
SR-ATAD5,C(=Cc1ccccc1)CN1CCN(C(c2ccccc2)c2ccccc2)CC1,2,0,0.0
SR-ATAD5,C(=Cc1cccs1)C1=NCCCN1,2,0,
SR-ATAD5,C(=Cn1cncn1)c1ccccc1,2,0,0.0
SR-ATAD5,C(=NCc1ccccc1)c1ccccc1,2,0,0.0
SR-ATAD5,C(C=C1CCCC2CCCC12)=C1CCCCC1,2,0,0.0
SR-ATAD5,C(CN1CCCC1)=C(c1ccccc1)c1ccccn1,2,0,0.0
SR-ATAD5,C1=C(c2ccccc2)CCN(CCCCc2c[nH]c3ccccc23)C1,2,0,0.0
SR-ATAD5,C1=C2CCCCC2CC1,2,0,0.0
SR-ATAD5,C1=CC(=C(c2ccccc2)c2ccc(NCc3ccccc3)cc2)C=CC1=[NH+]Cc1ccccc1,2,0,0.0
SR-ATAD5,C1=CC2=CCC3CCCCC3C2CC1,2,0,0.0
SR-ATAD5,C1=CC2CC1C1C3C=CC(C3)C21,2,0,0.0
SR-ATAD5,C1=CC2CC1C1C3CC(C4OC34)C21,2,0,0.0
SR-ATAD5,C1=CC2CC1C1CCCC21,2,0,0.0
SR-ATAD5,C1=CC2CC3CCCC3(C1)C2,2,0,0.0
SR-ATAD5,C1=Cc2ccccc2NC1,2,0,0.0
SR-ATAD5,C1CC1,2,0,0.0
SR-ATAD5,C1CC2OC2CC1C1CO1,2,0,0.0
SR-ATAD5,C1CCC(NC2CCCCC2)CC1,2,0,0.0
SR-ATAD5,C1CCC(OC2CCCCO2)CC1,2,0,0.0
SR-ATAD5,C1CCC(OC2CCCOC2)OC1,2,0,0.0
SR-ATAD5,C1CCC(OC2OCCC2OC2CCCCO2)CC1,2,0,0.0
SR-ATAD5,C1CCC2(CC1)OCCO2,2,0,0.0
SR-ATAD5,C1CCC2(CO2)C(C2CO2)C1,2,0,0.0
SR-ATAD5,C1CCC2OC2C1,2,0,0.0
SR-ATAD5,C1CCN(C2CCC3CCC4C5CC([NH+]6CCCCC6)CC5CCC4C3C2)CC1,2,0,0.0
SR-ATAD5,C1CN2CCC1CC2,2,0,0.0
SR-ATAD5,C1COCO1,2,0,0.0
SR-ATAD5,C1CSCCS1,2,0,0.0
SR-ATAD5,C1CSSC1,2,0,0.0
SR-ATAD5,C1OCOCO1,2,0,0.0
SR-ATAD5,C=C(C(=C)c1ccccc1)c1ccccc1,2,0,0.0
SR-ATAD5,C=C1C(=O)CC2C1CCC1C3CCC(=O)C=C3CCC21,2,0,0.0
SR-ATAD5,C=C1CCC2CC1C2,2,0,0.0
SR-ATAD5,C=C1c2ccccc2C(=O)C2=CC3C(=O)C=CCC3CC12,2,0,0.0
SR-ATAD5,C=C1c2ccccc2CCc2ccccc21,2,0,0.0
SR-ATAD5,C=C1c2ccccc2COc2ccccc21,2,0,0.0
SR-ATAD5,N=C(C(=O)NC1CNC1=O)c1cscn1,2,0,0.0
SR-ATAD5,N=C(Nc1ccccc1)Nc1ccccc1,2,0,0.0
SR-ATAD5,N=C1C=C2CCC3C4CCCC4CCC3C2CC1,2,0,0.0
SR-ATAD5,N=C1C=C2CCNC2=CC1=O,2,0,0.0
SR-ATAD5,N=C1C=CC(=C(c2ccccc2)c2ccccc2)C=C1,2,0,0.0
SR-ATAD5,O1[SiH2]O[SiH2]O[SiH2]O[SiH2]1,2,0,0.0
SR-ATAD5,O=C(C(=O)c1ccccc1)c1ccccc1,2,0,0.0
SR-ATAD5,O=C(C=Cc1ccccc1)Nc1ccccc1,2,1,0.5
SR-ATAD5,O=C(C=Cc1ccccc1)OC1CCC2CC3c4[nH]c5ccccc5c4CCN3CC2C1,2,0,0.0
SR-ATAD5,O=C(CC(=O)c1ccccc1)c1ccccc1,2,1,0.5
SR-ATAD5,O=C(CCCC1CCCCO1)CC1CCCC2(C=CCC3(CCC(C4CCCCO4)O3)O2)O1,2,0,0.0
SR-ATAD5,O=C(CCCCC(=O)Nc1ccccc1)Nc1ccccc1,2,0,0.0
SR-ATAD5,O=C(CCN1CCNCC1)N1c2ccccc2Sc2ccccc21,2,0,0.0
SR-ATAD5,O=C(CCc1c[nH]c2ccccc12)NCC(=O)NCC(=O)NCCc1ccccc1,2,0,0.0
SR-ATAD5,O=C(CNC(=O)C(Cc1c[nH]c2ccccc12)NC(=O)C(Cc1ccccc1)NC(=O)CNC(=O)C(Cc1c[nH]c2ccccc12)NC(=O)C(Cc1c[nH]cn1)NC(=O)C1CCC(=O)N1)NCC(=O)N1CCCC1,2,0,0.0
SR-ATAD5,O=C(CNC(=O)CNC(=O)C(Cc1ccccc1)NC(=O)CNC(=O)C(Cc1c[nH]c2ccccc12)NC(=O)C(Cc1c[nH]cn1)NC(=O)C1CCC(=O)N1)NCC(=O)N1CCCC1,2,0,0.0
SR-ATAD5,O=C(CNC(=O)CNC(=O)C(Cc1ccccc1)NC(=O)CNC(=O)C(Cc1c[nH]c2ccccc12)NC(=O)C(Cc1cnc[nH]1)NC(=O)C1CCC(=O)N1)NCC(=O)N1CCCC1,2,0,0.0
SR-ATAD5,O=C(CNCCCc1ccccc1)N1CCNC1=O,2,0,0.0
SR-ATAD5,O=C(CNc1ccccc1)OCc1cccc(Oc2ccccc2)c1,2,0,0.0
SR-ATAD5,O=C(COc1ccccc1)N1CCCCC1,2,1,0.5
SR-ATAD5,O=C(Cc1ccccc1)NC1CCC2(CCCO2)CC1N1CCCC1,2,0,0.0
SR-ATAD5,O=C(Cc1ccccc1)OC1CC2CCC(C1)N2,2,0,0.0
SR-ATAD5,O=C(Cc1cccs1)NC1C(=O)N2C=CCSC12,2,0,0.0
SR-ATAD5,O=C(Cn1cnnn1)NC1C(=O)N2C=C(CSc3nncs3)CSC12,2,0,0.0
SR-ATAD5,O=C(NC(CCNS(=O)(=O)c1ccccc1)Cc1ccccc1)OC1CCOC1,2,0,0.0
SR-ATAD5,O=C(NC1C(=O)N2CCSC12)C(NC(=O)N1CCNC1=O)c1ccccc1,2,0,0.0
SR-ATAD5,O=C(NC1C(=O)N2CCSC12)c1conc1-c1ccccc1,2,0,0.0
SR-ATAD5,O=C(NC1CCCCC1)NS(=O)(=O)c1ccccc1,2,0,0.0
SR-ATAD5,O=C(NC1N=C(c2ccccc2)c2cccc3c2N(CC3)C1=O)c1cc2ccccc2[nH]1,2,1,0.5
SR-ATAD5,O=C(NC1OC2C3CCCN3C(=O)C(Cc3ccccc3)N2C1=O)C1CNC2Cc3c[nH]c4cccc(c34)C2C1,2,0,0.0
SR-ATAD5,O=C(NCCc1ccccc1)c1ccccc1,2,0,0.0
SR-ATAD5,O=C(NCc1ccccc1)c1ccccc1,2,0,0.0
SR-ATAD5,O=C(NN1CCCCC1)c1cc(-c2ccccc2)n(-c2ccccc2)n1,2,0,0.0
SR-ATAD5,O=C(NN=Cc1ccco1)c1ccccc1,2,0,0.0
SR-ATAD5,O=C(NS(=O)(=O)c1ccccc1)n1nc[nH]c1=O,2,0,0.0
SR-ATAD5,O=C(Nc1ccc(C(=O)N2CCCCc3ccccc32)cc1)c1ccccc1,2,0,0.0
SR-ATAD5,O=C(Nc1ccccc1)C1CC1,2,1,0.5
SR-ATAD5,O=C(Nc1ccccc1)NC1CCCCC1,2,0,0.0
SR-ATAD5,O=C(Nc1ccccc1)c1ccc2ccccc2c1,2,0,0.0
SR-ATAD5,O=C(Nc1ccccn1)C1=Cc2ccccc2S(=O)(=O)N1,2,0,0.0
SR-ATAD5,O=C(Nc1ncccn1)NS(=O)(=O)c1ccccn1,2,0,0.0
SR-ATAD5,O=C(OC1CCCCC1)c1ccccc1,2,0,0.0
SR-ATAD5,O=C(OC1CCCNC1)C(c1ccccc1)c1ccccc1,2,0,0.0
SR-ATAD5,O=C(OC1CCC[NH2+]C1)C(c1ccccc1)c1ccccc1,2,0,0.0
SR-ATAD5,O=C(OCCOC(=O)c1ccccc1)c1ccccc1,2,0,0.0
SR-ATAD5,O=C(OCCOCCOC(=O)c1ccccc1)c1ccccc1,2,0,0.0
SR-ATAD5,O=C(OCc1ccccc1)C1CC1,2,0,0.0
SR-ATAD5,O=C(OCc1coc(Cc2ccccc2)c1)C1CC1,2,0,0.0
SR-ATAD5,O=C(Oc1ccc2c(c1)CCC1C2CCC2CCCC21)c1ccccc1,2,0,0.0
SR-ATAD5,O=C(Oc1ccc2ccccc2c1)c1ccccc1,2,1,0.5
SR-ATAD5,O=C(Oc1ccccc1)Oc1ccccc1,2,0,0.0
SR-ATAD5,O=C(SCCC(=O)N1CCC(Sc2ccccc2)C1)c1ccccc1,2,0,0.0
SR-ATAD5,O=C(c1ccccc1)c1ccc[nH]1,2,0,0.0
SR-ATAD5,O=C1C(=C2Nc3ccccc3C2=O)Nc2ccccc21,2,0,0.0
SR-ATAD5,O=C1C(N=CN2CCCCCC2)C2SCCN12,2,0,0.0
SR-ATAD5,O=C1C(N=Nc2ccccc2)C=NN1c1ccccc1,2,0,0.0
SR-ATAD5,O=C1C=C2C3CCCCC3CCC2C2CCC3CC(OC4OCCCC4OC4CCCCO4)CCC3C12,2,0,0.0
SR-ATAD5,O=C1C=C2C3CCCCC3CCC2C2CCC3CCCCC3C12,2,0,0.0
SR-ATAD5,O=C1C=C2CCC3C(CCC4C(OC(=O)CCc5ccccc5)CCC43)C2CC1,2,0,0.0
SR-ATAD5,O=C1C=C2CCC3C(CCC4C3CC3OCOC34)C2CC1,2,0,0.0
SR-ATAD5,O=C1C=C2CCC3C4CCC(=O)C4CCC3C2CC1,2,0,0.0
SR-ATAD5,O=C1C=C2CCC3C4CCCC4CC(=O)C3C2CC1,2,0,0.0
SR-ATAD5,O=C1C=CCC1,2,0,0.0
SR-ATAD5,O=C1C=COC1,2,0,0.0
SR-ATAD5,O=C1CC(c2ccccc2)C(=O)N1,2,0,0.0
SR-ATAD5,O=C1CC(c2ccccc2)Oc2cc(OC3CCCC(COC4CCCCO4)O3)ccc21,2,0,0.0
SR-ATAD5,O=C1CC(c2ccccc2)Sc2ccccc2N1,2,0,0.0
SR-ATAD5,O=C1CC2CC(SC3CCNC3)=CN12,2,0,0.0
SR-ATAD5,O=C1CC2CCC1C2,2,0,0.0
SR-ATAD5,O=C1CC2CCCC2C2CCC3CCCCC3C12,2,0,0.0
SR-ATAD5,O=C1CC2N1CCS2(=O)=O,2,0,0.0
SR-ATAD5,O=C1CC2OCC=C3CN4CCC56c7ccccc7N1C5C2C3CC46,2,0,0.0
SR-ATAD5,O=C1CC2SCC=CN12,2,0,0.0
SR-ATAD5,O=C1CC=CCCCCC2CCCC(O2)C(=O)C(=O)N2CCCCC2C(=O)OC(C=CC2CCCCC2)CCC1,2,0,0.0
SR-ATAD5,O=C1CCC(c2ccccc2)=NN1,2,0,0.0
SR-ATAD5,O=C1CCC(c2ccccc2)C(=O)N1,2,0,0.0
SR-ATAD5,O=C1CCC2=C(CCC3C2CCC2CCCC23)C1,2,0,0.0
SR-ATAD5,O=C1CCC2C(CCC3C4CCCC4CCC23)C1,2,0,0.0
SR-ATAD5,O=C1CCC2C1CCC1c3ccccc3CCC12,2,0,0.0
SR-ATAD5,O=C1CCC2C3Cc4cccc5c4C2(CCN3)C1O5,2,0,0.0
SR-ATAD5,O=C1CCC=CCC(=O)CC(CCC2CCCCC2)OC(=O)C2CCCCN2C(=O)C(=O)C2CCCC(CCC=CC=CC=CCCC1)O2,2,0,
SR-ATAD5,O=C1CCCC(=O)C1C(=O)c1ccccc1,2,0,0.0
SR-ATAD5,O=C1CCCC1=O,2,0,0.0
SR-ATAD5,O=C1CCCCCO1,2,0,0.0
SR-ATAD5,O=C1CCCS1,2,0,0.0
SR-ATAD5,O=C1CCO1,2,0,0.0
SR-ATAD5,O=C1CN2CCOC2(c2ccccc2)c2ccccc2N1,2,0,
SR-ATAD5,O=C1CNC(=O)CNC(=O)C(Cc2ccccc2)NC(=O)CCSSCC(C(=O)N2CCCC2)NC(=O)CN1,2,0,0.0
SR-ATAD5,O=C1CNC(=O)N1c1ccccc1,2,0,0.0
SR-ATAD5,O=C1COC(=O)N1,2,0,0.0
SR-ATAD5,O=C1Cc2ccccc2N1,2,0,0.0
SR-ATAD5,O=C1NC(=O)C(c2ccccc2)(c2ccccc2)N1,2,0,0.0
SR-ATAD5,O=C1NC(=O)C(c2ccccc2)N1,2,0,0.0
SR-ATAD5,O=C1NC(=O)C2(CCOc3ccccc32)N1,2,0,0.0
SR-ATAD5,O=C1NC(=O)c2cccc3cccc1c23,2,0,0.0
SR-ATAD5,O=C1NCC(COc2ccccc2)O1,2,0,0.0
SR-ATAD5,O=C1NCc2cncn2-c2ccccc21,2,0,0.0
SR-ATAD5,O=C1Nc2ccccc2C1(c1ccccc1)c1ccccc1,2,0,0.0
SR-ATAD5,O=C1Nc2ccccc2C1=O,2,0,0.0
SR-ATAD5,O=C1OC(=O)C2C3C=CC(C3)C12,2,0,0.0
SR-ATAD5,O=C1OCC2C(OC3CCC4OCOCC4O3)c3cc4c(cc3C(c3ccccc3)C12)OCO4,2,1,0.5
SR-ATAD5,O=C1OCC2Cc3cc4c(cc3C(c3ccccc3)C12)OCO4,2,2,1.0
SR-ATAD5,O=C1c2cc3ccc(OC4CC(OC5CCCCO5)CCO4)cc3cc2CCC1OC1CC(OC2CC(OC3CCCCO3)CCO2)CCO1,2,0,0.0
SR-ATAD5,O=C1c2ccccc2-c2ccccc21,2,0,0.0
SR-ATAD5,O=C1c2ccccc2C(=O)C1C(=O)C(c1ccccc1)c1ccccc1,2,0,
SR-ATAD5,O=C1c2ccccc2C(=O)c2c(Nc3ccccc3)cccc21,2,0,0.0
SR-ATAD5,O=C1c2ccccc2CN1c1ccccc1,2,1,1.0
SR-ATAD5,O=C1c2ccccc2Cc2ccccc21,2,0,0.0
SR-ATAD5,O=S(=O)(NC1CCCCC1)c1ccccc1,2,0,0.0
SR-ATAD5,O=S(=O)(Nc1ccccc1)c1nc2ccncn2n1,2,0,0.0
SR-ATAD5,O=S(=O)(Nc1ccno1)c1ccccc1,2,0,0.0
SR-ATAD5,O=S(=O)(Nc1ccon1)c1ccccc1,2,0,0.0
SR-ATAD5,O=S1(=O)CCCC1,2,1,0.5
SR-ATAD5,O=S1(=O)CCCc2ccsc21,2,0,0.0
SR-ATAD5,O=S1(=O)NC(Cc2ccccc2)Nc2ccccc21,2,0,0.0
SR-ATAD5,O=S1(=O)NC=Nc2ccccc21,2,0,0.0
SR-ATAD5,O=S1OCC2C3C=CC(C3)C2CO1,2,0,0.0
SR-ATAD5,O=[PH]1OCC2OC(n3cnc4cncnc43)CC2O1,2,0,0.0
SR-ATAD5,O=c1[nH]c(=O)c2ccccc2[nH]1,2,0,0.0
SR-ATAD5,O=c1[nH]cnn1-c1ccccc1,2,0,0.0
SR-ATAD5,O=c1[nH]nnc2ccccc12,2,0,0.0
SR-ATAD5,O=c1c(CCN2CCC(c3noc4ccccc34)CC2)cnc2n1CCCC2,2,0,0.0
SR-ATAD5,O=c1c(OC2CCCC(COC3CCCCO3)O2)c(-c2ccccc2)oc2ccccc12,2,0,0.0
SR-ATAD5,O=c1ccc(-c2ccncc2)c[nH]1,2,0,0.0
SR-ATAD5,O=c1cccc2c(c1)CCCc1ccccc1-2,2,2,1.0
SR-ATAD5,O=c1ccn(-c2ccccc2)c2nc(N3CC4CC4C3)ccc12,2,0,0.0
SR-ATAD5,O=c1ccn2c3c(cccc13)CCC2,2,0,0.0
SR-ATAD5,O=c1ccoc2cccc(OCCCOc3cccc4occc(=O)c34)c12,2,0,0.0
SR-ATAD5,O=c1ccoc2ccccc12,2,0,0.0
SR-ATAD5,O=c1nc2[nH]c3ccccc3nc-2c(=O)[nH]1,2,0,0.0
SR-ATAD5,O=c1nccc[nH]1,2,0,0.0
SR-ATAD5,O=c1ncccn1C1CSCO1,2,0,0.0
SR-ATAD5,O=c1ncncn1C1CCCO1,2,0,0.0
SR-ATAD5,O=c1oc2ccccc2cc1Cc1cc2ccccc2oc1=O,2,0,
SR-ATAD5,O=c1oc2ccccc2cc1Cc1ccccc1,2,0,0.0
SR-ATAD5,S=C(Nc1ccccc1)Nc1ccccc1,2,0,0.0
SR-ATAD5,S=C(c1ccccc1)N1CCOCC1,2,0,0.0
SR-ATAD5,S=[PH](Oc1ccccc1)c1ccccc1,2,0,0.0
SR-ATAD5,S=c1[nH]cc[nH]1,2,0,0.0
SR-ATAD5,[N+]=C1C=CC(=C(c2ccccc2)c2cccc3ccccc23)C=C1,2,0,
SR-ATAD5,c1c2c(cc3c1OCO3)CNCC2,2,0,0.0
SR-ATAD5,c1cc(OCC2CO2)ccc1Cc1ccc(OCC2CO2)cc1,2,0,0.0
SR-ATAD5,c1cc2c3c(cccc3c1)CC2,2,0,0.0
SR-ATAD5,c1ccc(-c2c3ccccc3[o+]c3ccccc23)cc1,2,0,0.0
SR-ATAD5,c1ccc(-c2cc(CCCCCCc3ccc(OC4CCCCO4)c(-c4ccccc4)c3)ccc2OC2CCCCO2)cc1,2,0,0.0
SR-ATAD5,c1ccc(-c2ccon2)cc1,2,0,
SR-ATAD5,c1ccc(-c2cncnc2)cc1,2,0,0.0
SR-ATAD5,c1ccc(-c2nc3ccccc3s2)cc1,2,1,1.0
SR-ATAD5,c1ccc(-c2nccc3ccccc23)cc1,2,0,0.0
SR-ATAD5,c1ccc(-c2nccs2)cc1,2,1,0.5
SR-ATAD5,c1ccc(-c2ncncn2)cc1,2,0,0.0
SR-ATAD5,c1ccc(-n2cccc2)cc1,2,0,0.0
SR-ATAD5,c1ccc(-n2cccn2)cc1,2,0,0.0
SR-ATAD5,c1ccc(-n2ccnc2)cc1,2,0,0.0
SR-ATAD5,c1ccc(-n2cncn2)cc1,2,0,0.0
SR-ATAD5,c1ccc(C(COc2ncccn2)c2ccccc2)cc1,2,0,0.0
SR-ATAD5,c1ccc(C(Cn2cncn2)Cn2cncn2)cc1,2,0,0.0
SR-ATAD5,c1ccc(C(OC2CC3CCC(C2)N3)c2ccccc2)cc1,2,0,0.0
SR-ATAD5,c1ccc(C(OC2CCCN(CCc3ccc4c(c3)OCO4)C2)c2ccccc2)cc1,2,0,0.0
SR-ATAD5,c1ccc(C(c2ccccc2)c2cncnc2)cc1,2,0,0.0
SR-ATAD5,c1ccc(C2(c3ccccc3)CCCCC2)cc1,2,0,0.0
SR-ATAD5,c1ccc(C2=NCc3nncn3-c3sccc32)cc1,2,2,1.0
SR-ATAD5,c1ccc(C2CCN(CCC(c3ccccc3)c3ccccc3)CC2)cc1,2,0,0.0
SR-ATAD5,c1ccc(C2CN3CCSC3=N2)cc1,2,0,0.0
SR-ATAD5,c1ccc(C2CNCCc3ccccc32)cc1,2,0,0.0
SR-ATAD5,c1ccc(CC2CCCC2Cn2cncn2)cc1,2,0,0.0
SR-ATAD5,c1ccc(CCCCN2CCC(C(c3ccccc3)c3ccccc3)CC2)cc1,2,0,0.0
SR-ATAD5,c1ccc(CCCCNCCc2ccccc2)cc1,2,0,0.0
SR-ATAD5,c1ccc(CCCN2CCOCC2)cc1,2,0,0.0
SR-ATAD5,c1ccc(CCN2CCC(c3ccccc3)CC2)cc1,2,0,0.0
SR-ATAD5,c1ccc(CCN2CCC3CC2Cc2ccccc23)cc1,2,0,0.0
SR-ATAD5,c1ccc(CCNCCCCCCNCCc2ccccc2)cc1,2,0,0.0
SR-ATAD5,c1ccc(CN2CCCCC2)cc1,2,0,0.0
SR-ATAD5,c1ccc(CN2CCNCC2)cc1,2,0,0.0
SR-ATAD5,c1ccc(CN2CCc3sccc3C2)cc1,2,0,0.0
SR-ATAD5,c1ccc(CNC2CCCCC2)cc1,2,0,0.0
SR-ATAD5,c1ccc(CNc2ncccn2)cc1,2,0,0.0
SR-ATAD5,c1ccc(C[NH2+]CCOCCOc2ccccc2)cc1,2,0,
SR-ATAD5,c1ccc(Cc2c[nH]cn2)cc1,2,0,0.0
SR-ATAD5,c1ccc(N=[NH+]c2ccccc2)cc1,2,1,0.5
SR-ATAD5,c1ccc(NC2=NCCN2)cc1,2,0,0.0
SR-ATAD5,c1ccc(NC2CCNCC2)cc1,2,0,
SR-ATAD5,c1ccc(NCc2cnc3ncncc3n2)cc1,2,0,0.0
SR-ATAD5,c1ccc(Nc2ccc3ccccc3c2)cc1,2,1,0.5
SR-ATAD5,c1ccc(Nc2ncccn2)cc1,2,0,0.0
SR-ATAD5,c1ccc(Nc2ncncn2)cc1,2,1,0.5
SR-ATAD5,c1ccc(OCCN2CCCCC2)cc1,2,0,0.0
SR-ATAD5,c1ccc(OCCOc2ccccc2)cc1,2,0,0.0
SR-ATAD5,c1ccc(OCn2cncn2)cc1,2,0,0.0
SR-ATAD5,c1ccc(Oc2nc3ccccc3o2)cc1,2,0,0.0
SR-ATAD5,c1ccc([SiH2]c2ccccc2)cc1,2,0,0.0
SR-ATAD5,c1ccc([Sn+](c2ccccc2)c2ccccc2)cc1,2,1,1.0
SR-ATAD5,c1ccc2[nH]c(-c3cscn3)nc2c1,2,2,1.0
SR-ATAD5,c1ccc2[s+]c3ccccc3nc2c1,2,0,0.0
SR-ATAD5,c1ccc2c(c1)-c1cccc3cccc-2c13,2,0,0.0
SR-ATAD5,c1ccc2c(c1)CC(N1CCNCC1)c1ccccc1S2,2,0,0.0
SR-ATAD5,c1ccc2c(c1)CCC1CCCCC21,2,0,0.0
SR-ATAD5,c1ccc2c(c1)CCNC2,2,0,0.0
SR-ATAD5,c1ccc2c(c1)Cc1ccccc1C(N1CCNCC1)=N2,2,0,0.0
SR-ATAD5,c1ccc2c(c1)Cc1ccccc1O2,2,0,0.0
SR-ATAD5,c1ccc2c(c1)Cc1cccnc1O2,2,1,0.5
SR-ATAD5,c1ccc2c(c1)N=C(N1CCNCC1)c1ccccc1O2,2,0,0.0
SR-ATAD5,c1ccc2c(c1)N=C(N1CCNCC1)c1ccccc1S2,2,0,0.0
SR-ATAD5,c1ccc2c(c1)NCCO2,2,1,0.5
SR-ATAD5,c1ccc2c(c1)Oc1ccccc1O2,2,0,0.0
SR-ATAD5,c1ccc2c(c1)Sc1ccccc1N2CC1CN2CCC1CC2,2,0,0.0
SR-ATAD5,c1ccc2c(c1)Sc1ccccc1N2CCC1CCCCN1,2,0,0.0
SR-ATAD5,c1ccc2c(c1)cc1ccc3cccc4ccc2c1c34,2,0,0.0
SR-ATAD5,c1ccc2c(c1)oc1ccccc12,2,0,0.0
SR-ATAD5,c1ccc2cc3c(ccc4ccccc43)cc2c1,2,1,0.5
SR-ATAD5,c1ccc2cccc-2cc1,2,0,0.0
SR-ATAD5,c1ccc2cnccc2c1,2,0,0.0
SR-ATAD5,c1ccc2nc3c(cc2c1)CCCC3,2,0,0.0
SR-ATAD5,c1ccc2ncncc2c1,2,0,0.0
SR-ATAD5,c1ccc2occc2c1,2,0,0.0
SR-ATAD5,c1ccc2sccc2c1,2,0,0.0
SR-ATAD5,c1cn(C2CCCO2)cn1,2,0,0.0
SR-ATAD5,c1cnc2[nH]ncc2c1,2,0,0.0
SR-ATAD5,c1cncc(C2CCCN2)c1,2,0,0.0
SR-ATAD5,c1coc(-c2nnco2)c1,2,0,0.0
SR-ATAD5,c1ncc2[nH]cnc2n1,2,0,0.0
SR-ATAD5,c1nnc[nH]1,2,0,0.0
SR-ATAD5,C(#CC(c1ccccc1)c1ccccc1)CN1CCCC1,1,0,0.0
SR-ATAD5,C(#Cc1ccccn1)c1ccc2c(c1)CCCS2,1,0,0.0
SR-ATAD5,C(=C(OCCOc1ccccc1)c1ccccc1)n1ccnc1,1,0,
SR-ATAD5,C(=C1CCCC1Cn1cncn1)c1ccccc1,1,0,0.0
SR-ATAD5,C(=C1c2ccccc2-c2ccccc21)c1ccccc1,1,0,0.0
SR-ATAD5,C(=CC1CCC2OC(=Cc3ccccc3)CC12)CC1CCCCC1,1,0,0.0
SR-ATAD5,C(=CC=C1Nc2ccccc2S1)C=Cc1[nH+]c2ccccc2s1,1,0,
SR-ATAD5,C(=CC=CC1=[NH+]c2ccc3ccccc3c2C1)C=CC=C1Cc2c(ccc3ccccc23)N1,1,0,0.0
SR-ATAD5,C(=CC=CC=CC=CC=CC1C=CCCC1)C=CC=CC=CC=CC1=CCCCC1,1,0,0.0
SR-ATAD5,C(=CC=Nc1ccccc1)C=CNc1ccccc1,1,0,0.0
SR-ATAD5,C(=CSSCC1CCCO1)NCc1cncnc1,1,0,0.0
SR-ATAD5,C(=Cc1[nH+]c2ccccc2s1)C=C1Nc2ccccc2S1,1,0,
SR-ATAD5,C(=Cc1ccc(-c2ccc(C=Cc3ccccc3)cc2)cc1)c1ccccc1,1,0,0.0
SR-ATAD5,C(=Cc1ccc(-c2ccccc2)cc1)CN1CCCCCC1,1,0,0.0
SR-ATAD5,C(=Cc1ccc(N=Nc2ccccc2)cc1)c1ccc(N=Nc2ccccc2)cc1,1,0,0.0
SR-ATAD5,C(=Cc1ccc(Nc2ncnc(Nc3ccccc3)n2)cc1)c1ccc(Nc2ncnc(Nc3ccccc3)n2)cc1,1,0,0.0
SR-ATAD5,C(=Cc1ccc2ccccc2[nH+]1)C=C1C=Cc2ccccc2N1,1,0,
SR-ATAD5,C(=Cc1ccc2ccccc2n1)c1cccc(C(CCc2ccccc2)SCC2CC2)c1,1,1,1.0
SR-ATAD5,C(=Cc1ccc2ccccc2n1)c1ccccc1,1,1,1.0
SR-ATAD5,C(=Cc1ccccc1)C(C=Cc1ccccc1)=NN=C1NCCCN1,1,0,
SR-ATAD5,C(=Cc1ccccc1)CNCCc1ccccc1,1,0,
SR-ATAD5,C(=Cc1ccccc1)CNCc1cccc2ccccc12,1,0,0.0
SR-ATAD5,C(=Cc1ccncc1)c1ccccc1,1,1,1.0
SR-ATAD5,C(=Cc1cncn1Cc1ccccc1)Cc1cccs1,1,0,0.0
SR-ATAD5,C(=Cc1n[nH]c2cc(Sc3ccccc3)ccc12)c1ccccn1,1,0,
SR-ATAD5,C(=Cc1nc(C2CCC2)cs1)c1ccccc1,1,0,0.0
SR-ATAD5,C(=NC1CCCCC1)=NC1CCCCC1,1,0,0.0
SR-ATAD5,C(=NCCN=Cc1ccccc1)c1ccccc1,1,0,0.0
SR-ATAD5,C(=NOCC1OCCO1)c1ccccc1,1,0,0.0
SR-ATAD5,C(=NOCCCN1CCCCC1)c1ccc[nH+]c1,1,0,
SR-ATAD5,C(=NOCc1ccccc1)c1ccccc1,1,0,0.0
SR-ATAD5,C(=NOCc1ccccc1)c1cn[nH]c1Oc1ccccc1,1,0,0.0
SR-ATAD5,C(=NOc1ccccc1)c1ccccc1,1,0,0.0
SR-ATAD5,C(=Nc1ccccc1)NC=Nc1ccccc1,1,0,0.0
SR-ATAD5,C(=Nc1ccccc1)Nc1ccccc1,1,0,0.0
SR-ATAD5,C(=Nc1ccccc1)c1ccccc1,1,1,1.0
SR-ATAD5,C(=Nc1ccccc1)n1ccnc1,1,0,0.0
SR-ATAD5,C(CCN1CCCCC1)=C(c1cccs1)c1cccs1,1,0,0.0
SR-ATAD5,C(CCOCC1CO1)COCC1CO1,1,0,0.0
SR-ATAD5,C(CC[NH+]1CCCC1)CC[NH+]1CCCC1,1,0,0.0
SR-ATAD5,C(COCC1CO1)OCC1CO1,1,0,0.0
SR-ATAD5,C(COc1ccc2c(c1)[nH]c1ccccc12)=C1CN2CCC1CC2,1,0,0.0
SR-ATAD5,C1=C(Cc2ccccn2)c2ccccc2C1,1,0,0.0
SR-ATAD5,C1=C(c2ccccc2)CCN(CCc2ccc3ccccc3c2)C1,1,0,0.0
SR-ATAD5,C1=C2C3CC4OC5(CCC4C3CCC23CC32CCC(OC3CCCCO3)CC2C1)OCC1OC15,1,0,0.0
SR-ATAD5,C1=C2C3CCCC3CCC2C2CCCCC2C1,1,0,0.0
SR-ATAD5,C1=C2CC(OC3OCCC(OC4CCCCO4)C3OC3CCCCO3)CCC2C2CCC3C(CC4C3CC3CCCCN34)C2C1,1,0,0.0
SR-ATAD5,C1=C2CC3C4CCCCC4=CCC3C2CCC12CC1NCCCC1O2,1,0,0.0
SR-ATAD5,C1=C2CC3CCC2(CCC1)C3,1,0,0.0
SR-ATAD5,C1=C2CCC3C4CCCC4CCC3C2Cc2cnoc21,1,0,0.0
SR-ATAD5,C1=C2CCCCC2C2CCC34CNCC3CCC4C2C1,1,0,
SR-ATAD5,C1=C2CCCCC2C2CCC3C(c4cccnc4)=CCC3C2C1,1,0,0.0
SR-ATAD5,C1=C2CCCCC2CCC1,1,0,0.0
SR-ATAD5,C1=CC(=C(c2ccccc2)c2ccc(Nc3ccccc3)cc2)C=CC1=Nc1ccccc1,1,0,0.0
SR-ATAD5,C1=CC(NC2CCC(OC3CCC(OC4CCCOC4)OC3)OC2)CCC1,1,0,0.0
SR-ATAD5,C1=CC(Oc2cccc(Oc3ccccc3)c2)CC1,1,0,0.0
SR-ATAD5,C1=CC(c2cccc3nonc23)C=CN1,1,0,0.0
SR-ATAD5,C1=CC(n2cnc3c(NC4CC4)ncnc32)CC1,1,1,1.0
SR-ATAD5,C1=CC1,1,0,0.0
SR-ATAD5,C1=CC2(CCC1)CCCO2,1,0,0.0
SR-ATAD5,C1=CC23CCCN2CCc2cc4c(cc2C3C1)OCO4,1,0,
SR-ATAD5,C1=CC23CCNCc4cccc(c42)OC3CC1,1,0,0.0
SR-ATAD5,C1=CC2=CCC3C4CCCC4CCC3C2CC1,1,0,0.0
SR-ATAD5,C1=CC2=CCCCC2CC1,1,0,0.0
SR-ATAD5,C1=CC2C3CCC(C3)C2C1,1,0,0.0
SR-ATAD5,C1=CC2CC(c3ccc4c(c3)C35CCN6CC=CC(CCC3N4)C65)c3[nH]c4ccccc4c3CN(C1)C2,1,0,
SR-ATAD5,C1=CC2CC1C1CC3OC3C21,1,0,0.0
SR-ATAD5,C1=CC2CC1CC2C(CCN1CCCCC1)c1ccccc1,1,0,0.0
SR-ATAD5,C1=CC2CCC3C4CCCCC4=CCC3C2C1,1,0,
SR-ATAD5,C1=CC2OC23CCC2C4CCCC4CCC2C3C1,1,0,0.0
SR-ATAD5,C1=CC2Oc3cccc4c3C23CCNC(C4)C3=C1,1,0,0.0
SR-ATAD5,C1=CC2c3ccccc3OCC2CC1,1,0,0.0
SR-ATAD5,C1=CCC(c2ccccc2)CC1,1,0,0.0
SR-ATAD5,C1=CCC2CC2C1,1,0,0.0
SR-ATAD5,C1=CCC2CC=CC2C1,1,0,0.0
SR-ATAD5,C1=CCC=C1.C1=CCC=C1,1,0,0.0
SR-ATAD5,C1=CCC=C1.c1cc[cH-]c1,1,0,0.0
SR-ATAD5,C1=CCC=CC1,1,0,0.0
SR-ATAD5,C1=CCCC1,1,0,0.0
SR-ATAD5,C1=CCCC=CCC1,1,0,0.0
SR-ATAD5,C1=CCCC=CCCC=CCC1,1,0,0.0
SR-ATAD5,C1=CCNCC1,1,0,0.0
SR-ATAD5,C1=COC(OC2CCC(OC3CCC(OC4CCC(OC5CCC(OC6CCC7OCC6O7)OC5)OC4)CC3)OC2)CC1,1,0,0.0
SR-ATAD5,C1=Cc2cc3ccc(cc4nc(cc5ccc(cc1n2)[nH]5)C=C4)[nH]3,1,0,0.0
SR-ATAD5,C1=Cc2cc3ccc(cc4nc(cc5ccc(cc1n2)[nH]5)CC4)[nH]3,1,0,0.0
SR-ATAD5,C1=Cc2cccc3cccc1c23,1,0,0.0
SR-ATAD5,C1=Cc2ccccc2C(=C2CCNCC2)c2ccccc21,1,0,0.0
SR-ATAD5,C1=Cc2ccccc2C1,1,0,0.0
SR-ATAD5,C1=Cc2ccccc2Cc2ccccc21,1,0,0.0
SR-ATAD5,C1=Cc2ccccc2N(CCCN2CCNCC2)c2ccccc21,1,0,0.0
SR-ATAD5,C1=Cc2ccccc2Nc2ccccc21,1,0,0.0
SR-ATAD5,C1=Cc2ccccc2Sc2ccccc21,1,0,0.0
SR-ATAD5,C1=Cc2nc1c(-c1ccccc1)c1ccc([nH]1)c(-c1ccccc1)c1nc(c(-c3ccccc3)c3ccc([nH]3)c2-c2ccccc2)CC1,1,0,0.0
SR-ATAD5,C1=Cn2c3c(c4ccccc42)CCN2CCCC1C32,1,0,0.0
SR-ATAD5,C1=NC(c2ccccc2)CN1,1,0,0.0
SR-ATAD5,C1=NC=NCN1c1ccccc1,1,0,0.0
SR-ATAD5,C1=NCC(c2ccccc2)O1,1,0,0.0
SR-ATAD5,C1=NCC2c3ccccc3Cc3ccccc3N12,1,0,0.0
SR-ATAD5,C1=NCOC1,1,0,0.0
SR-ATAD5,C1=NCSC1,1,0,0.0
SR-ATAD5,C1=NNc2ncnc3c2c1cn3C1CCCO1,1,0,0.0
SR-ATAD5,C1=NOC(c2ccccc2)(c2ccccc2)C1,1,0,0.0
SR-ATAD5,C1=Nc2ccc3ccccc3c2C1,1,0,0.0
SR-ATAD5,C1=Nc2ccccc2C(c2ccccc2)=[NH+]C1,1,0,0.0
SR-ATAD5,C1=Nc2ccccc2C1,1,0,0.0
SR-ATAD5,C1C2C3C4CC5C3C1C5C24,1,0,0.0
SR-ATAD5,C1C2OC2C2C1C1CC2C2OC12,1,0,0.0
SR-ATAD5,C1CC(COCC2CO2)CCC1COCC1CO1,1,0,0.0
SR-ATAD5,C1CC2CC(C1)C2,1,0,0.0
SR-ATAD5,C1CC2CC3CCCC3(C1)C2,1,0,0.0
SR-ATAD5,C1CC2CCC(C1)N2,1,0,0.0
SR-ATAD5,C1CC2CCC(C1)[NH2+]2,1,0,0.0
SR-ATAD5,C1CC2CCC1CO2,1,0,0.0
SR-ATAD5,C1CC2CCC1O2,1,1,1.0
SR-ATAD5,C1CC2CCC3C4CC5SC5CC4CCC3C2C1,1,0,0.0
SR-ATAD5,C1CC2CCC3C4Cc5nonc5CC4CCC3C2C1,1,0,
SR-ATAD5,C1CC2C[NH2+]CC1C2,1,0,0.0
SR-ATAD5,C1CC2OCC1OC1CCC(CO1)OC1CCC(CO1)OC1CCC(CO1)OC1CCC(CO1)OC1CCC(CO1)O2,1,0,0.0
SR-ATAD5,C1CC2OCC1OC1CCC(CO1)OC1CCC(CO1)OC1CCC(CO1)OC1CCC(CO1)OC1CCC(CO1)OC1CCC(CO1)O2,1,0,0.0
SR-ATAD5,C1CC2OCC1OC1CCC(CO1)OC1CCC(CO1)OC1CCC(CO1)OC1CCC(CO1)OC1CCC(CO1)OC1CCC(CO1)OC1CCC(CO1)O2,1,0,0.0
SR-ATAD5,C1CCC(C(CC2CCCCN2)C2CCCCC2)CC1,1,0,
SR-ATAD5,C1CCC(C2CC3CCC2C3)CC1,1,0,0.0
SR-ATAD5,C1CCC(C2CCC(C3CCC(C4CCC5(CCCCO5)O4)O3)O2)OC1,1,0,0.0
SR-ATAD5,C1CCC(CC2CCCC2)C1,1,0,0.0
SR-ATAD5,C1CCC(CC2CCCC3(CCC(C4CCC(C5OC(C6CCCCO6)CC5OC5CCCCO5)O4)O3)O2)OC1,1,0,0.0
SR-ATAD5,C1CCC(N=NC2CCCCC2)CC1,1,0,0.0
SR-ATAD5,C1CCC(N[SiH](NC2CCCCC2)NC2CCCCC2)CC1,1,0,0.0
SR-ATAD5,C1CCC(OC2CCC(OC3CCCOC3)OC2)OC1,1,0,0.0
SR-ATAD5,C1CCC(OC2CCC3OC(OC4CCCCO4)CCC3O2)CC1,1,0,0.0
SR-ATAD5,C1CCC(OC2CCCCC2OC2CCCO2)OC1,1,0,0.0
SR-ATAD5,C1CCC(OC2CCCCO2)OC1,1,0,0.0
SR-ATAD5,C1CCC(OC2CCOC(OC3C(OC4CCCCO4)CCOC3OC3CCC(OC4CCC5C(CCC6C5CCC5C7CC8(CCCCO8)OC7CC56)C4)OC3)C2)OC1,1,1,1.0
SR-ATAD5,C1CCC(OC2CCOC(OC3CCC(OC4CCOCC4)OC3)C2)OC1,1,0,0.0
SR-ATAD5,C1CCC(OC2CCOC2)OC1,1,0,0.0
SR-ATAD5,C1CCC(OC2COC(OC3CCCCC3OC3CCCCO3)C2)OC1,1,0,0.0
SR-ATAD5,C1CCC(OC2OCCC3OC4(CCCCO4)OC32)CC1,1,0,0.0
SR-ATAD5,C1CCC(SSC2CCCCC2)CC1,1,0,0.0
SR-ATAD5,C1CCC2(CC1)NCCO2,1,0,0.0
SR-ATAD5,C1CCC2(CC3C(CC4C3CCC3C5CCC(OC6CCC(OC7OCCC(OC8CCCCO8)C7OC7CCCCO7)CO6)CC5CCC34)O2)NC1,1,0,
SR-ATAD5,C1CCC2(CC3C(CC4C3CCC3C5CCCCC5CCC34)O2)NC1,1,0,0.0
SR-ATAD5,C1CCC2(CCCCO2)OC1,1,0,0.0
SR-ATAD5,C1CCC2=C(C1)CCCC2,1,0,0.0
SR-ATAD5,C1CCC2=NCCCN2CC1,1,0,0.0
SR-ATAD5,C1CCC2C(C1)CCC1CCCCC12,1,0,0.0
SR-ATAD5,C1CCC2C(C1)CCC1OCCC12,1,0,0.0
SR-ATAD5,C1CCC2NCCC2C1,1,0,0.0
SR-ATAD5,C1CCN(C2CCC3CCC4C5CC(N6CCCCC6)CC5CCC4C3C2)CC1,1,0,0.0
SR-ATAD5,C1CCN(CN2CCCCC2)CC1,1,0,0.0
SR-ATAD5,C1CCN2CC3CC(CN4CCCCC34)C2C1,1,0,0.0
SR-ATAD5,C1CCN2CCCC2C1,1,0,0.0
SR-ATAD5,C1CC[NH+](C2CCC3CCC4C5CC([NH+]6CCCCC6)CC5CCC4C3C2)CC1,1,0,0.0
SR-ATAD5,C1CCc2nnnn2CC1,1,0,0.0
SR-ATAD5,C1CN(C2CCC3CCC4C5CC(N6CC[NH2+]CC6)CC5CCC4C3C2)CC[NH2+]1,1,0,0.0
SR-ATAD5,C1CN(CCOCCN2CCOCC2)CCO1,1,0,0.0
SR-ATAD5,C1CN(P2(N3CC3)=NP(N3CC3)(N3CC3)=NP(N3CC3)(N3CC3)=N2)CCO1,1,0,0.0
SR-ATAD5,C1CN(SSN2CCOCC2)CCO1,1,0,0.0
SR-ATAD5,C1CN1,1,0,0.0
SR-ATAD5,C1CN2CCN1CC2,1,0,0.0
SR-ATAD5,C1CNCCNCCNCCN1,1,0,
SR-ATAD5,C1CNCNC1,1,0,
SR-ATAD5,C1COC(NC(C2CC2)C2CC2)=N1,1,0,
SR-ATAD5,C1COC1,1,0,0.0
SR-ATAD5,C1COCC(CC2CO2)C1,1,0,0.0
SR-ATAD5,C1COCC[NH2+]1,1,0,0.0
SR-ATAD5,C1COCSC1,1,0,0.0
SR-ATAD5,C1CS1,1,0,0.0
SR-ATAD5,C1CSCN1,1,0,
SR-ATAD5,C1CSSSC1,1,0,0.0
SR-ATAD5,C1N2CN3CN1CN(C2)C3,1,0,0.0
SR-ATAD5,C1N2CN3CN1C[NH+](C2)C3,1,0,0.0
SR-ATAD5,C1NCNCN1,1,0,0.0
SR-ATAD5,C1OC2COC3OCOC3C2O1,1,0,0.0
SR-ATAD5,C1OCC2OC3OCOC3C2O1,1,0,0.0
SR-ATAD5,C1OCN2COCC12,1,0,0.0
SR-ATAD5,C1SCSCS1,1,0,0.0
SR-ATAD5,C=C(Nc1ccccc1)Nc1ccccc1,1,0,0.0
SR-ATAD5,C=C(c1ccccc1)c1ccc2c(c1)CCCC2,1,0,0.0
SR-ATAD5,C=C(c1ccccc1)c1cccnc1,1,0,0.0
SR-ATAD5,C=C(c1ccccc1)n1ccnc1,1,0,
SR-ATAD5,C=C1C(=O)C=COC1=O,1,0,0.0
SR-ATAD5,C=C1C(=O)OC2C1CCC=CCCC1OC12,1,0,
SR-ATAD5,C=C1C2C=CCC1c1ccc(=O)[nH]c1C2,1,0,0.0
SR-ATAD5,C=C1C2CCC3C1CCCCC23,1,0,0.0
SR-ATAD5,C=C1C=CCCC1=O,1,0,0.0
SR-ATAD5,C=C1CC23CC1CCC2C12C=CCC(C(=O)O1)C2C3,1,0,0.0
SR-ATAD5,C=C1CC23CCC4C(C(=O)OC5CCCCO5)CCCC4C2CC(OC2OCCC(OC4CCCCO4)C2OC2CCCCO2)C1C3,1,0,0.0
SR-ATAD5,C=C1CC2C(CCC3C(=O)CCC32)C2C=CC(=O)C=C12,1,0,0.0
SR-ATAD5,C=C1CC2C(CCC3C4CCCC4CCC23)CC1=O,1,0,0.0
SR-ATAD5,C=C1CC2C=CC1C2,1,0,0.0
SR-ATAD5,C=C1CC2C=CCC3CC(=C)CC(CCOC(=O)CCCC4CCCC(CC(C1)O2)O4)O3,1,0,
SR-ATAD5,C=C1CC2CCC3C4C=CC(=O)C=C4CCC3C2C1,1,0,0.0
SR-ATAD5,C=C1CC2CCC3C4CCC(=O)C=C4C=CC3C2C1,1,0,0.0
SR-ATAD5,C=C1CC2CCCC2C1,1,0,0.0
SR-ATAD5,C=C1CC2CCCC2C2CCC3=CC(=O)CCC3C12,1,0,0.0
SR-ATAD5,C=C1CC2CCCC2C2CCC3=CCCCC3C12,1,0,0.0
SR-ATAD5,C=C1CC=CCC1,1,0,0.0
SR-ATAD5,C=C1CCC2C1CCC1C3CCCCC3CCC21,1,0,0.0
SR-ATAD5,C=C1CCC2C3Cc4cccc5c4C2(CCN3CC2CC2)C1O5,1,0,0.0
SR-ATAD5,C=C1CCC2CCCCC2C1CC=C1CCOC1=O,1,0,0.0
SR-ATAD5,C=C1CCC=CCCC2CCC12,1,0,0.0
SR-ATAD5,C=C1CCCC1n1cnc2c(=O)[nH]cnc21,1,0,0.0
SR-ATAD5,C=C1CCCCC1=CC=C1CCCC2C(CC=CCC3CC3)CCC12,1,0,0.0
SR-ATAD5,C=C1CCCCC1=O,1,0,0.0
SR-ATAD5,C=C1CN2C(=O)CC2O1,1,0,0.0
SR-ATAD5,C=C1C[NH+]2CCC34c5ccccc5N5C=C6C7CC8[NH+](CCC89c8ccccc8N(C=C(C1CC23)C54)C69)CC7=C,1,0,0.0
SR-ATAD5,C=C1N=C(c2ccccc2)OC1=O,1,0,0.0
SR-ATAD5,C=C1NC(=O)C2CSSCCC=CC(CC(=O)NCC(=O)N2)OC(=O)CNC1=O,1,1,1.0
SR-ATAD5,C=C1NC(=O)CNC(=O)CNC(=O)CCNC(=O)C(C2CCN=CN2)NC1=O,1,0,0.0
SR-ATAD5,C=C1NC(=O)CNC(=O)CNC(=O)CCNC(=O)C(C2CCNC=N2)NC1=O,1,0,
SR-ATAD5,C=C1NC(=O)CNC(=O)CNC2C=Cc3ccc(nc3C2)C(=O)OCC2NC(=O)c3csc(n3)CNC(=O)C3CSC(=N3)C(=C)NC(=O)CNC(=O)c3csc(n3)C3(CCC(c4nccs4)=NC3c3csc2n3)NC(=O)CNC1=O,1,1,1.0
SR-ATAD5,C=C1OC(=O)c2ccccc21,1,0,0.0
SR-ATAD5,C=C1SC(C(=O)NC2C(=O)N3C=C(CSc4nnn[nH]4)CSC23)S1,1,0,0.0
SR-ATAD5,C=C1SC=CS1,1,0,0.0
SR-ATAD5,C=C1c2ccccc2C=Cc2ccccc21,1,0,0.0
SR-ATAD5,C=C1c2ccccc2CSc2ccccc21,1,0,0.0
SR-ATAD5,C=C1c2ccccc2Cc2ccccc21,1,0,0.0
SR-ATAD5,C=C1c2ccccc2Sc2ccccc21,1,0,0.0
SR-ATAD5,N=C(C(=O)NC1C(=O)N2C=C(CSC(=O)c3ccco3)CSC12)c1cscn1,1,0,0.0
SR-ATAD5,N=C(C(=O)NC1C(=O)N2C=C(CSc3nc(=O)cn[nH]3)CSC12)c1cscn1,1,0,0.0
SR-ATAD5,N=C(C(=O)NC1C(=O)N2C=C(CSc3nccs3)CSC12)c1cscn1,1,0,0.0
SR-ATAD5,N=C(C(=O)NC1C(=O)N2C=C(CSc3nnn[nH]3)CSC12)c1cscn1,1,0,0.0
SR-ATAD5,N=C(C(=O)NC1C(=O)N2C=C(C[NH+]3CCCC3)CSC12)c1cscn1,1,0,0.0
SR-ATAD5,N=C(C(=O)NC1C(=O)N2C=C(C[n+]3ccc[nH]3)CSC12)c1cscn1,1,0,0.0
SR-ATAD5,N=C(C(=O)NC1C(=O)N2C=C(C[n+]3cccc4c3CCC4)CSC12)c1cscn1,1,0,0.0
SR-ATAD5,N=C(C(=O)NC1C(=O)N2C=C(C[n+]3ccn4ncccc43)CSC12)c1ncsn1,1,0,0.0
SR-ATAD5,N=C(C(=O)NC1C(=O)N2C=C(Cn3ncnn3)CSC12)c1cscn1,1,0,0.0
SR-ATAD5,N=C(C(=O)NC1C(=O)N2C=CCSC12)c1ccco1,1,0,0.0
SR-ATAD5,N=C(C1=NOCCO1)c1ccccc1Oc1cc(Oc2ccccc2)ncn1,1,0,0.0
SR-ATAD5,N=C(C=Cc1ccco1)C=Cc1ccco1,1,1,1.0
SR-ATAD5,N=C(NCCCCCCNC(=N)NC(=N)Nc1ccccc1)NC(=N)Nc1ccccc1,1,0,0.0
SR-ATAD5,N=C(NN=Cc1ccccc1)NN=Cc1ccccc1,1,0,0.0
SR-ATAD5,N=C(Nc1ccccc1)Nc1cccc2ccccc12,1,0,0.0
SR-ATAD5,N=C(c1ccccc1)c1ccccc1,1,0,0.0
SR-ATAD5,N=C1C(=O)Nc2ccccc21,1,0,0.0
SR-ATAD5,N=C1C=CC(=N)C=C1,1,0,0.0
SR-ATAD5,N=C1C=CC2C(=O)OC3CC(CC=CC(OC4CCCCO4)CC=CC=C4COC1C42)OC1(CCCC(C2CCCCC2)O1)C3,1,0,0.0
SR-ATAD5,N=C1CCCC1,1,0,0.0
SR-ATAD5,N=C1CCCCC1,1,0,0.0
SR-ATAD5,N=C1CCCCOC(=O)CC(OC2CCCCO2)CC(OC2CCCCO2)CCC1,1,0,0.0
SR-ATAD5,N=C1CCN(c2ccc3c(=O)ccn(C4CC4)c3n2)C1,1,0,0.0
SR-ATAD5,N=C1CCOC2(C1)CC1CC(CC=CCCC=CC=C3COC4CC=CC(C(=O)O1)C34)O2,1,0,0.0
SR-ATAD5,N=C1CN(N2CCOCC2)NO1,1,0,0.0
SR-ATAD5,N=C1NC(=N)c2cc3ccccc3cc21,1,1,1.0
SR-ATAD5,N=C1NC(=N)c2ccccc21,1,1,1.0
SR-ATAD5,N=C1NC(=O)C(=Cc2ccccc2)S1,1,0,
SR-ATAD5,N=C1NC(=O)N(c2ccccc2)CS1,1,0,0.0
SR-ATAD5,N=C1NCC(=O)N1,1,0,
SR-ATAD5,N=C1NCCN1Cc1cccnc1,1,0,0.0
SR-ATAD5,N=C1NCOCN1Cc1cncs1,1,0,0.0
SR-ATAD5,N=C1SCCN1Cc1cccnc1,1,0,0.0
SR-ATAD5,N=C1SCCS1,1,0,0.0
SR-ATAD5,N=c1[nH]c(=O)c2nc[nH]c2[nH]1,1,0,0.0
SR-ATAD5,N=c1[nH]ncs1,1,0,0.0
SR-ATAD5,N=c1cc2n(-c3ccccc3)c3ccccc3nc-2cc1Nc1ccccc1,1,0,0.0
SR-ATAD5,N=c1ccc2c(-c3ccccc3)c3ccccc3oc-2c1,1,0,0.0
SR-ATAD5,N=c1ccn2c(n1)OC1CCOC12,1,0,0.0
SR-ATAD5,O1[As]2O[As]3O[As]1O[As](O2)O3,1,0,0.0
SR-ATAD5,O1[SiH2]O[SiH2]O[SiH2]1,1,0,0.0
SR-ATAD5,O1[SiH2]O[SiH2]O[SiH2]O[SiH2]O[SiH2]1,1,0,0.0
SR-ATAD5,O=C(C(=O)c1ccco1)c1ccco1,1,0,0.0
SR-ATAD5,O=C(C(C1=NCCc2ccccc21)c1ccccc1)N(CCc1ccccc1)CCc1ccccc1,1,0,0.0
SR-ATAD5,O=C(C1C(c2ccccc2)c2ccccc2N1S(=O)(=O)c1ccccc1)N1CCCC1,1,0,0.0
SR-ATAD5,O=C(C1CC1)C(c1ccccc1)N1CCc2sccc2C1,1,0,0.0
SR-ATAD5,O=C(C1CCC(NC2CCOCC2)C1)N1CCc2ncccc2C1,1,0,0.0
SR-ATAD5,O=C(C1CCCCC1)N1CC(=O)N2CCCc3ccccc3C2C1,1,0,
SR-ATAD5,O=C(C1CCCCC1)N1CC(=O)N2CCc3ccccc3C2C1,1,0,0.0
SR-ATAD5,O=C(C1CCCCC1)N1CCNCC1,1,0,0.0
SR-ATAD5,O=C(C1CCCO1)N1CCN(c2ncc3ccccc3n2)CC1,1,0,0.0
SR-ATAD5,O=C(C1CCNCC1)N1CCC(NC2CCc3ccccc3C2)CC1,1,0,0.0
SR-ATAD5,O=C(C1COc2ccccc2O1)N1CCN(c2ncc3ccccc3n2)CC1,1,0,0.0
SR-ATAD5,O=C(C=CC=CC=CC=CC1=CCCCC1)Nc1ccccc1,1,0,
SR-ATAD5,O=C(C=CC=CC=CC=CC1=CCCCC1)Oc1ccc2c(c1)CCCO2,1,0,0.0
SR-ATAD5,O=C(C=CC=CC=CC=CC=CC=CC=CC(=O)OC1CCCC(COC2CCCCO2)O1)OC1CCCC(COC2CCCCO2)O1,1,0,0.0
SR-ATAD5,O=C(C=CC=Cc1ccc2c(c1)OCO2)N1CCCCC1,1,1,1.0
SR-ATAD5,O=C(C=Cc1ccccc1)CC(=O)C=Cc1ccccc1,1,0,0.0
SR-ATAD5,O=C(C=Cc1ccccc1)N1CCN(CC(=O)N2CCCC2)CC1,1,0,0.0
SR-ATAD5,O=C(C=Cc1ccccc1)NC1CC1,1,0,0.0
SR-ATAD5,O=C(C=Cc1ccccc1)NC1CCC(CCN2CCc3ccc(-c4ncon4)cc3CC2)CC1,1,1,1.0
SR-ATAD5,O=C(C=Cc1ccccc1)OC1C(COC2CCCCO2)OC(OCCc2ccccc2)CC1OC1CCCCO1,1,0,0.0
SR-ATAD5,O=C(C=Cc1ccccc1)OC1CCC23CC24CCC2CCCC2C4CCC3C1,1,1,1.0
SR-ATAD5,O=C(C=Cc1ccccc1)OC1CCCC(OC(=O)C=Cc2ccccc2)C1,1,0,0.0
SR-ATAD5,O=C(C=Cc1ccccc1)OC1CCCCC1,1,0,0.0
SR-ATAD5,O=C(C=Cc1ccccc1)OCC=Cc1ccccc1,1,0,0.0
SR-ATAD5,O=C(C=Cc1ccccc1)OCCCc1ccccc1,1,0,0.0
SR-ATAD5,O=C(C=Cc1ccccc1)OCCOC(=O)C=Cc1ccccc1,1,0,0.0
SR-ATAD5,O=C(C=Cc1ccccc1)OCCc1ccccc1,1,1,1.0
SR-ATAD5,O=C(C=Cc1ccccc1)OCc1ccccc1,1,0,0.0
SR-ATAD5,O=C(CC(NC(=O)c1ccccc1)c1ccccc1)OC1C=C2CC(=O)C3CCC4OCC4C3C(OC(=O)c3ccccc3)C(C2)C1,1,0,0.0
SR-ATAD5,O=C(CC(NS(=O)(=O)c1ccc2ccccc2c1)c1ccc2c(c1)OCO2)NCCc1ccc(CN2CCCCC2)cc1,1,0,
SR-ATAD5,O=C(CC12CC3CC(CC(C3)C1)C2)N1CCC2CC21,1,0,0.0
SR-ATAD5,O=C(CC12CCCN1CCC2)Nc1ccccc1,1,0,0.0
SR-ATAD5,O=C(CC1=CCC=CC1)NC1C(=O)N2C=CCSC12,1,0,0.0
SR-ATAD5,O=C(CC1CCCCN1)Cn1cnc2ccccc2c1=O,1,0,0.0
SR-ATAD5,O=C(CCC(=O)OC1CCCCC1)OC1CCCCC1,1,0,0.0
SR-ATAD5,O=C(CCC1(C(=O)NC2CCCCC2)CCCC1)Oc1ccc2c(c1)CCC2,1,0,0.0
SR-ATAD5,O=C(CCC1CC2N=C1C=C1CCC(=N1)C=C1CCC(=N1)C=C1CCC2[N-]1)NCCO[PH](=O)OC1COC(n2cnc3ccccc32)C1,1,0,
SR-ATAD5,O=C(CCC1CC2[N-]C1=CC1=NC(=CC3=NC(=CC4=NC2CC4)CC3)CC1)NCCO[PH](=O)OC1COC(n2cnc3ccccc32)C1.c1ncc2ncn(C3CCCO3)c2n1,1,0,
SR-ATAD5,O=C(CCC1CCCC1)OC1CCC2C1CCC1c3ccccc3CCC12,1,0,0.0
SR-ATAD5,O=C(CCC1CCN(Cc2ccccc2)CC1)c1ccc2c(c1)NCCCC2,1,0,0.0
SR-ATAD5,O=C(CCC=CCc1ccc2c(c1)C(=O)OC2)OCCN1CCOCC1,1,0,0.0
SR-ATAD5,O=C(CCCCCCCCC(=O)OC1CCNCC1)OC1CCNCC1,1,0,0.0
SR-ATAD5,O=C(CCCCCCCCCCCCC1CCCC1)Nc1ccc(S(=O)(=O)c2ccc(NC(=O)CCCCCCCCCCCCC3CCCC3)cc2)cc1,1,0,0.0
SR-ATAD5,O=C(CCCCCCCCc1cccnc1)N1CCC(C=C(c2ccccc2)c2ccccc2)CC1,1,0,0.0
SR-ATAD5,O=C(CCCCCc1ccccc1)CC1CCC(C2CCCCO2)O1,1,0,
SR-ATAD5,O=C(CCCN1CC=C(n2c(=O)[nH]c3ccccc32)CC1)c1ccccc1,1,0,0.0
SR-ATAD5,O=C(CCCN1CCC(C(=O)c2ccccc2)CC1)c1ccccc1,1,0,0.0
SR-ATAD5,O=C(CCCN1CCC(N2CCCCC2)CC1)c1ccccc1,1,0,
SR-ATAD5,O=C(CCCN1CCC(OC(c2ccccc2)c2ccccc2)CC1)c1ccccc1,1,0,0.0
SR-ATAD5,O=C(CCCN1CCC(n2c(=O)[nH]c3ccccc32)CC1)c1ccccc1,1,0,0.0
SR-ATAD5,O=C(CCCN1CCC(n2c(=S)[nH]c3ccccc32)CC1)c1ccccc1,1,0,
SR-ATAD5,O=C(CCCN1CCC2(CC1)C(=O)NCN2c1ccccc1)c1ccccc1,1,0,0.0
SR-ATAD5,O=C(CCCN1CCCC1)c1ccccc1,1,0,0.0
SR-ATAD5,O=C(CCCN1CCCCC1)c1ccccc1,1,0,0.0
SR-ATAD5,O=C(CCCN1CCN(c2ccccc2)CC1)NC1c2ccccc2CSc2ccccc21,1,0,0.0
SR-ATAD5,O=C(CCCN1CCN(c2ccccc2)CC1)c1ccccc1,1,0,0.0
SR-ATAD5,O=C(CCCN1CCN(c2ccccn2)CC1)c1ccccc1,1,0,0.0
SR-ATAD5,O=C(CCCN1CCN2CCCC2C1)c1ccccc1,1,0,0.0
SR-ATAD5,O=C(CCCNC(=O)C(NC(=O)c1ccncn1)C(OC1OCCCC1OC1CCCCO1)c1c[nH]cn1)NCC(=O)NCCc1nc(-c2nc(C(=O)NCCCNCc3ccccc3)cs2)cs1,1,0,0.0
SR-ATAD5,O=C(CCCNC(=O)C(NC(=O)c1ccncn1)C(OC1OCCCC1OC1CCCCO1)c1cnc[nH]1)NCC(=O)NCCc1nc(-c2nccs2)cs1,1,0,0.0
SR-ATAD5,O=C(CCCNC(=O)c1ccccc1)OCCCN1CCN(CCOC(=O)Cc2cn(C(=O)c3ccccc3)c3ccccc23)CC1,1,0,0.0
SR-ATAD5,O=C(CCCOc1ccc2[nH]c(=O)ccc2c1)NC1CCCCC1,1,1,1.0
SR-ATAD5,O=C(CCCc1ccccc1)N1CC2CCCCC2C1,1,0,0.0
SR-ATAD5,O=C(CCN1CC1)OCC(COC(=O)CCN1CC1)COC(=O)CCN1CC1,1,0,0.0
SR-ATAD5,O=C(CCN1CCC(c2ccccc2)C1)c1ccc2c(c1)OCCO2,1,0,0.0
SR-ATAD5,O=C(CCN1CCCC1)c1ccccc1,1,0,0.0
SR-ATAD5,O=C(CCN1CCN(CCc2ccccc2)CC1)c1ccccc1,1,0,0.0
SR-ATAD5,O=C(CCN1CCN2CCCC2C1)N1c2ccccc2Sc2ccccc21,1,0,0.0
SR-ATAD5,O=C(CCN1CCOCC1)N1c2ccccc2Sc2ccccc21,1,0,0.0
SR-ATAD5,O=C(CCNCCc1ccccc1)c1ccccc1,1,0,0.0
SR-ATAD5,O=C(CCNNC(=O)c1ccncc1)NCc1ccccc1,1,0,0.0
SR-ATAD5,O=C(CCOCCOCCOCCOCCC(=O)Nc1ccccc1)Nc1ccccc1,1,0,
SR-ATAD5,O=C(CCS(=O)(=O)c1ccccc1)Nc1ccccc1,1,0,0.0
SR-ATAD5,O=C(CC[NH+]1CCc2ccccc2C1Cc1ccccc1)OCCCCCOC(=O)CC[NH+]1CCc2ccccc2C1Cc1ccccc1,1,0,0.0
SR-ATAD5,O=C(CCc1cc2c(s1)-n1cnnc1CN=C2c1ccccc1)N1CCOCC1,1,0,0.0
SR-ATAD5,O=C(CCc1ccc(OCCCNCCNC(=O)N2CCOCC2)cc1)OCC1COCO1,1,0,0.0
SR-ATAD5,O=C(CCc1cccc2ccccc12)Nc1ccccc1C(=O)N1CCC2(CCCC2)CC1,1,0,0.0
SR-ATAD5,O=C(CCc1ccccc1)NC1COC(n2cnc3cncnc32)C1,1,0,
SR-ATAD5,O=C(CCc1ccccc1)NCC(=O)NCC(=O)NC(Cc1c[nH]c2ccccc12)C(=O)NCC(=O)NCC(=O)NCCc1ccccc1,1,0,0.0
SR-ATAD5,O=C(CCc1ccccc1)NCC(=O)OCc1ccccc1,1,0,0.0
SR-ATAD5,O=C(CCc1ccccc1)OC1C=C2CC(=O)C3CCC4OCC4C3C(OC(=O)c3ccccc3)C(C2)C1,1,0,0.0
SR-ATAD5,O=C(CCc1ccccc1)OCC(COC(=O)CCc1ccccc1)(COC(=O)CCc1ccccc1)COC(=O)CCc1ccccc1,1,0,0.0
SR-ATAD5,O=C(CCc1ccccc1)OCCOCCOCCOC(=O)CCc1ccccc1,1,0,0.0
SR-ATAD5,O=C(CCc1ccccc1)c1ccc(OC2OCCCC2OC2CCCCO2)cc1,1,0,0.0
SR-ATAD5,O=C(CN1CCCC1)Nc1ccccc1,1,0,0.0
SR-ATAD5,O=C(CN1CCCC1=O)Nc1ccccc1,1,0,0.0
SR-ATAD5,O=C(CN1CCCCC1)Nc1ccccc1,1,0,0.0
SR-ATAD5,O=C(CN1CCCCCC1)Nc1ccccc1,1,0,0.0
SR-ATAD5,O=C(CN1CCN(C(=O)c2ccccc2)CC1)N1CCOCC1,1,0,0.0
SR-ATAD5,O=C(CN1CCN(CCCC(c2ccccc2)c2ccccc2)CC1)Nc1ccccc1,1,0,0.0
SR-ATAD5,O=C(CN1CCN(CCCOc2ccccc2)CC1)Nc1ccccc1,1,0,0.0
SR-ATAD5,O=C(CN1CCN(Cc2ccc3c(c2)OCO3)CC1)N1c2ccccc2Sc2ccccc21,1,0,0.0
SR-ATAD5,O=C(CN1CCNCC1)NC1CCCCC1,1,0,0.0
SR-ATAD5,O=C(CN1CCOCC1)NC(CCc1ccccc1)C(=O)NCC(=O)NC(Cc1ccccc1)C(=O)NCC(=O)C1CO1,1,1,1.0
SR-ATAD5,O=C(CN1CCOCC1)c1ccccc1,1,0,0.0
SR-ATAD5,O=C(CNC(=O)CNC(=O)CNC(=O)CNC(=O)C1CCCN1C(=O)C1CCC(=O)N1)NCCc1ccccc1,1,0,0.0
SR-ATAD5,O=C(CNC(=O)NCc1cscn1)NC(CCC(Cc1ccccc1)NC(=O)OCc1cncs1)Cc1ccccc1,1,0,
SR-ATAD5,O=C(CNC(=O)c1ccc2ccccc2n1)NC(CCN1CCC2CCCCC2C1)Cc1ccccc1,1,0,
SR-ATAD5,O=C(CNC(=O)c1ccccc1)Nc1ccccc1,1,0,0.0
SR-ATAD5,O=C(CNC1CC2CCC(C1)N2c1ncccn1)N1CCCC1,1,0,0.0
SR-ATAD5,O=C(CNCC(=O)NCCc1ccccc1)NCCc1ccccc1,1,0,0.0
SR-ATAD5,O=C(CNCCCN1c2ccccc2CCc2ccccc21)c1ccccc1,1,0,
SR-ATAD5,O=C(CNCCCc1ccccc1)N1CCC2(C1)SCCS2,1,0,0.0
SR-ATAD5,O=C(CNCCCc1ccccc1)N1CCC2CCCC21,1,0,0.0
SR-ATAD5,O=C(CNCCCc1ccccc1)N1CCC2CCCCC21,1,0,0.0
SR-ATAD5,O=C(CNS(=O)(=O)c1cccc2c1NCCC2)N1CCCCC1,1,0,0.0
SR-ATAD5,O=C(COCCOCCOCC(=O)Nc1ccccc1)Nc1ccccc1,1,0,0.0
SR-ATAD5,O=C(COc1ccccc1)N1CCN(C(=O)COc2ccccc2)CC1,1,0,
SR-ATAD5,O=C(COc1ccccc1)N1CCN(Cc2ccc3c(c2)OCO3)CC1,1,0,0.0
SR-ATAD5,O=C(COc1ccccc1)NC(CCC(Cc1ccccc1)NC(=O)CN1CCCNC1=O)Cc1ccccc1,1,0,
SR-ATAD5,O=C(COc1ccccc1)NC1C(=O)N2CCSC12,1,0,0.0
SR-ATAD5,O=C(COc1ccccc1)OC1CCC2CC3c4[nH]c5ccccc5c4CCN3CC2C1,1,0,0.0
SR-ATAD5,O=C(COc1ccccc1)OCCCOC(=O)COc1ccccc1,1,0,
SR-ATAD5,O=C(COc1ccccc1)OCCNC12CC3CC(CC(C3)C1)C2,1,0,0.0
SR-ATAD5,O=C(COc1ccccc1)OCCn1cnc2[nH]c(=O)[nH]c(=O)c21,1,0,0.0
SR-ATAD5,O=C(COc1nncs1)Nc1ccccc1,1,0,0.0
SR-ATAD5,O=C(CSc1ccncc1)NC1C(=O)N2C=CCSC12,1,0,0.0
SR-ATAD5,O=C(C[NH2+]Cc1ccccc1)Nc1ccccc1,1,0,0.0
SR-ATAD5,O=C(C[PH](=O)CCCCc1ccccc1)N1CCC(C2CCCCC2)C1,1,0,0.0
SR-ATAD5,O=C(C[SH+]Cc1ccco1)NCC=CCOc1cc(CN2CCCCC2)ccn1,1,0,0.0
SR-ATAD5,O=C(Cc1ccc2c(c1)OCO2)c1sccc1S(=O)(=O)Nc1ccno1,1,0,
SR-ATAD5,O=C(Cc1cccc2occc12)NC1CCC2(CCCO2)CC1N1CCCC1,1,0,0.0
SR-ATAD5,O=C(Cc1ccccc1)NC1C(=O)N2C(C(=O)OCOC(=O)C3CS(=O)(=O)C4CC(=O)N34)CSC12,1,0,0.0
SR-ATAD5,O=C(Cc1ccccc1)NC1C(=O)N2C(C(=O)OCc3coc(=O)o3)CSC12,1,0,
SR-ATAD5,O=C(Cc1ccccc1)NC1C(=O)N2C(C(=O)Oc3ccccc3)CSC12,1,0,
SR-ATAD5,O=C(Cc1ccccc1)NC1C(=O)N2C=C(CSc3c[nH]nn3)CSC12,1,0,0.0
SR-ATAD5,O=C(Cc1ccccc1)NC1C(=O)N2C=C(CSc3nnn[nH]3)COC12,1,0,0.0
SR-ATAD5,O=C(Cc1ccccc1)NC1C(=O)N2C=C(C[n+]3ccccc3)CSC12,1,0,0.0
SR-ATAD5,O=C(Cc1ccccc1)NCc1ccccc1N1CCCCC1,1,0,0.0
SR-ATAD5,O=C(Cc1ccccc1)NCc1ccncc1,1,0,0.0
SR-ATAD5,O=C(Cc1ccccc1)Nc1ccccc1,1,0,0.0
SR-ATAD5,O=C(Cc1ccccc1)Nc1cnc(N2CCCC2)cc1-c1ccccc1,1,0,
SR-ATAD5,O=C(Cc1ccccc1)OC1CC2NC(C1)C1OC21,1,0,0.0
SR-ATAD5,O=C(Cc1ccccc1)OC1CCNCC1,1,0,0.0
SR-ATAD5,O=C(Cc1ccccc1)OCCN1CCOC(c2ccccc2)C1,1,0,
SR-ATAD5,O=C(Cc1ccccc1)OCCc1ccccc1,1,0,0.0
SR-ATAD5,O=C(Cc1ccccc1)OCc1ccccc1,1,0,0.0
SR-ATAD5,O=C(Cc1ccccc1)OCc1ccccn1,1,0,
SR-ATAD5,O=C(Cc1ccccc1)Oc1ccccc1,1,0,0.0
SR-ATAD5,O=C(Cc1cccnc1)c1cccnc1,1,0,0.0
SR-ATAD5,O=C(Cc1cccs1)NC1C(=O)N2C=C(C[n+]3ccccc3)CSC12,1,0,0.0
SR-ATAD5,O=C(Cc1ccsc1)NC1C(=O)N2CCSC12,1,0,0.0
SR-ATAD5,O=C(Cc1cscn1)NC1C(=O)N2C=C(CSc3nnn[nH]3)CSC12,1,0,0.0
SR-ATAD5,O=C(Cn1c(=O)sc2ccccc21)N1CCNCC1,1,0,0.0
SR-ATAD5,O=C(Cn1c(C(=O)NC2CCNCC2)cc2ccncc21)Nc1ccccn1,1,0,0.0
SR-ATAD5,O=C(Cn1ccnc1)NCc1ccccc1,1,0,0.0
SR-ATAD5,O=C(N1CCCC1)C(CCN1CCOCC1)(c1ccccc1)c1ccccc1,1,0,0.0
SR-ATAD5,O=C(N=NC(=O)OCc1ccccc1)OCc1ccccc1,1,0,0.0
SR-ATAD5,O=C(NC(=O)c1ccccc1)Nc1ccc(Oc2ccccc2)cc1,1,0,0.0
SR-ATAD5,O=C(NC(=O)c1ccccc1)Nc1ccc(Oc2ccccn2)cc1,1,0,0.0
SR-ATAD5,O=C(NC(=O)c1ccccc1)Nc1cccc(Oc2ccccn2)c1,1,0,0.0
SR-ATAD5,O=C(NC(=O)c1ccccc1)Nc1ccccc1N1CCCCC1,1,0,0.0
SR-ATAD5,O=C(NC(C(=O)NC1C(=O)N2C=C(CSc3nnn[nH]3)CSC12)c1ccccc1)c1cccnc1,1,0,0.0
SR-ATAD5,O=C(NC(CC(=O)N1CCCC1)Cc1ccccc1)c1cc2ccccc2[nH]1,1,0,0.0
SR-ATAD5,O=C(NC(CCN1C2CCC1CC(n1cnnc1)C2)c1ccccc1)C1CCCCC1,1,0,0.0
SR-ATAD5,O=C(NC(CCN1CCC2CCCCC2C1)CSc1ccccc1)c1ccccc1,1,0,0.0
SR-ATAD5,O=C(NC(CCNS(=O)(=O)c1ccccc1)Cc1ccccc1)OC1COC2OCCC12,1,0,0.0
SR-ATAD5,O=C(NC(Cc1ccccc1)C(=O)Nc1ccccc1)c1ccccc1,1,0,0.0
SR-ATAD5,O=C(NC(c1ccccc1)C1CCCCN1)c1ccccc1,1,0,0.0
SR-ATAD5,O=C(NC(c1ccccc1)C1CN2CCC1CC2)c1ccccc1,1,0,0.0
SR-ATAD5,O=C(NC1=CCCN1)Nc1ccccc1,1,0,0.0
SR-ATAD5,O=C(NC1C(=O)N2CCSC12)C1CCCCC1,1,0,0.0
SR-ATAD5,O=C(NC1C(=O)N2CCSC12)c1cccc2ccccc12,1,0,0.0
SR-ATAD5,O=C(NC1C(=O)N2CCSC12)c1ccccc1,1,0,0.0
SR-ATAD5,O=C(NC1CC2CCC(C1)N2)n1c(=O)[nH]c2ccccc21,1,0,0.0
SR-ATAD5,O=C(NC1CC2CCCC(C1)N2)c1n[nH]c2ccccc12,1,0,0.0
SR-ATAD5,O=C(NC1CCCC1)NS(=O)(=O)c1ccccc1,1,0,0.0
SR-ATAD5,O=C(NC1CCCCC1)N1CC(c2ccccc2)SC1=O,1,0,0.0
SR-ATAD5,O=C(NC1CCCCC1)NS(=O)(=O)c1ccc(CCN2C(=O)Cc3ccccc3C2=O)cc1,1,0,0.0
SR-ATAD5,O=C(NC1CCCCC1)NS(=O)(=O)c1ccc(CCNC(=O)N2CC=CC2=O)cc1,1,0,0.0
SR-ATAD5,O=C(NC1CCCCC1)NS(=O)(=O)c1ccc(CCNC(=O)c2ccccc2)cc1,1,0,0.0
SR-ATAD5,O=C(NC1CCCCC1)NS(=O)(=O)c1ccc(CCNC(=O)c2cnccn2)cc1,1,0,0.0
SR-ATAD5,O=C(NC1CCCCCCC1)NS(=O)(=O)c1ccccc1,1,0,0.0
SR-ATAD5,O=C(NC1CCCNC1)c1ccccc1,1,0,0.0
SR-ATAD5,O=C(NC1CCCOC1)c1ccccc1,1,0,0.0
SR-ATAD5,O=C(NC1CCN(C2CC2)CC1)c1nc2ccccc2n1Cc1cc(-c2cccs2)on1,1,0,0.0
SR-ATAD5,O=C(NC1CCN(CCCOc2ccccc2)CC1)c1ccccc1,1,0,0.0
SR-ATAD5,O=C(NC1CCN(CCc2c[nH]c3ccccc23)CC1)c1ccccc1,1,0,0.0
SR-ATAD5,O=C(NC1CCN(Cc2ccccc2)C1)c1ccccc1,1,0,0.0
SR-ATAD5,O=C(NC1CCN(Cc2ccccc2)CC1)c1ccccc1,1,0,0.0
SR-ATAD5,O=C(NC1CCNCC1)c1cc2ccccc2n1Cc1cc(-c2cccs2)on1,1,0,
SR-ATAD5,O=C(NC1CCNCC1)c1cccc2c1OCC2,1,0,
SR-ATAD5,O=C(NC1CCOc2ccccc21)c1ccccc1,1,0,0.0
SR-ATAD5,O=C(NC1CCc2ccccc21)C(CCCN1CCN(Cc2cccnc2)CC1)Cc1ccccc1,1,0,0.0
SR-ATAD5,O=C(NC1CN2CCC1CC2)c1cc2ccoc2cn1,1,0,0.0
SR-ATAD5,O=C(NC1CN2CCC1CC2)c1ccc2c(c1)OCCO2,1,0,0.0
SR-ATAD5,O=C(NC1CN2CCC1CC2)c1ccccc1,1,0,0.0
SR-ATAD5,O=C(NC1N=C(c2ccccc2)c2cccc3c2N(CC3)C1=O)c1cccnc1,1,0,0.0
SR-ATAD5,O=C(NC1N=C(c2ccccc2)c2cccc3c2N(CC3)C1=O)c1ccncc1,1,0,0.0
SR-ATAD5,O=C(NC1N=C(c2ccccc2)c2ccccc2NC1=O)c1cc2ccccc2[nH]1,1,1,1.0
SR-ATAD5,O=C(NC1OC2C3CCCN3C(=O)CN2C1=O)C1C=C2c3cccc4[nH]cc(c34)CC2NC1,1,0,
SR-ATAD5,O=C(NC1OC2C3CCCN3C(=O)CN2C1=O)C1CNC2Cc3c[nH]c4cccc(c34)C2C1,1,0,0.0
SR-ATAD5,O=C(NCC(CC[N+]12CCC(C3CCCCC3)(CC1)CC2)c1ccccc1)c1ccccc1,1,0,0.0
SR-ATAD5,O=C(NCC1CCCCN1)c1ccccc1,1,0,0.0
SR-ATAD5,O=C(NCC1CCCN1)C(c1ccccc1)c1ccccc1,1,0,
SR-ATAD5,O=C(NCC1CN(Cc2ccccc2)CCO1)c1ccccc1,1,0,0.0
SR-ATAD5,O=C(NCC1CN(c2ccc(N3CCOCC3=O)cc2)C(=O)O1)c1cccs1,1,0,
SR-ATAD5,O=C(NCC1CNC2Cc3c[nH]c4cccc(c34)C2C1)OCc1ccccc1,1,0,0.0
SR-ATAD5,O=C(NCCCCCCCCCCNC(=O)Oc1ccccc1)Oc1ccccc1,1,0,0.0
SR-ATAD5,O=C(NCCCCCCNC(=O)OCCN1CCOC1)OCCN1CCOC1,1,0,0.0
SR-ATAD5,O=C(NCCCCN1CCN(c2ccccc2)CC1)c1ccc(-c2ccccc2)cc1,1,0,0.0
SR-ATAD5,O=C(NCCCN1CCOCC1)c1ccccc1,1,0,0.0
SR-ATAD5,O=C(NCCCNc1ncc2ccccc2n1)C1CCCO1,1,0,0.0
SR-ATAD5,O=C(NCCN1CCOCC1)c1ccccc1,1,0,0.0
SR-ATAD5,O=C(NCCNC(=O)N1CCOCC1)N1CCOCC1,1,0,
SR-ATAD5,O=C(NCCNC(=O)c1cccnc1)c1cccnc1,1,0,0.0
SR-ATAD5,O=C(NCCNCCCOc1ccccc1)N1CCOCC1,1,0,0.0
SR-ATAD5,O=C(NCCOc1ccccc1)n1ccnc1,1,0,0.0
SR-ATAD5,O=C(NCC[NH2+]Cc1ccccc1)C(=O)NCC[NH2+]Cc1ccccc1,1,0,0.0
SR-ATAD5,O=C(NCCc1c[nH]c2ccccc12)c1cccnc1,1,0,0.0
SR-ATAD5,O=C(NCCc1cc(=O)[nH]c2ccccc12)c1ccccc1,1,0,0.0
SR-ATAD5,O=C(NCCc1ccccc1)C1CCCCC1,1,0,0.0
SR-ATAD5,O=C(NCCc1ccccc1)C1CCCN1,1,0,0.0
SR-ATAD5,O=C(NCCc1ccccc1)NS(=O)(=O)c1ccccc1,1,0,0.0
SR-ATAD5,O=C(NCCc1ccccc1)c1cnccn1,1,1,1.0
SR-ATAD5,O=C(NCN1CCCC1)C1=CCC2CC3Cc4ccccc4C(=O)C3=CC2C1=O,1,0,0.0
SR-ATAD5,O=C(NCN1CCOCC1)c1cnccn1,1,0,
SR-ATAD5,O=C(NCNC(=O)NC1NC(=O)NC1=O)NC1NC(=O)NC1=O,1,0,0.0
SR-ATAD5,O=C(NCc1ccc(OCCc2coc(-c3ccccc3)n2)cc1)Oc1ccccc1,1,0,
SR-ATAD5,O=C(NCc1ccccc1)C1CCN1C(=O)CC1CCCCC1,1,0,0.0
SR-ATAD5,O=C(NCc1ccccc1)c1c[nH]c2cccnc2c1=O,1,0,0.0
SR-ATAD5,O=C(NCc1ccccc1)c1cc(=O)[nH]c(CNC(=O)c2nnco2)n1,1,0,0.0
SR-ATAD5,O=C(NCc1ccccc1)c1ccccc1NS(=O)(=O)c1cccc2cccnc12,1,0,0.0
SR-ATAD5,O=C(NCc1ccccc1)c1cccnc1Oc1ccc2c(c1)OCO2,1,0,0.0
SR-ATAD5,O=C(NCc1ccccc1)c1cccnc1Oc1ccc2nonc2c1,1,0,0.0
SR-ATAD5,O=C(NCc1ccccc1)c1cccnc1Oc1ccccc1,1,0,0.0
SR-ATAD5,O=C(NCc1ccccc1)c1ccn[nH]1,1,0,0.0
SR-ATAD5,O=C(NCc1cccnc1)Nc1ccccc1,1,0,0.0
SR-ATAD5,O=C(NCc1cccnc1)c1ccccc1C1C(=O)N(Cc2ccccc2)c2ccccc21,1,0,0.0
SR-ATAD5,O=C(NN1CC2C3CCC(C3)C2C1)c1ccccc1,1,0,
SR-ATAD5,O=C(NN1CC2CCCC2C1)NS(=O)(=O)c1ccccc1,1,0,0.0
SR-ATAD5,O=C(NN1CCCC1)NS(=O)(=O)c1ccccc1,1,0,0.0
SR-ATAD5,O=C(NN1CCCCC1)c1ccccc1,1,0,0.0
SR-ATAD5,O=C(NN1CCCCCC1)NS(=O)(=O)c1ccc(CCNC(=O)c2ccon2)cc1,1,0,0.0
SR-ATAD5,O=C(NN1CCCCCC1)NS(=O)(=O)c1ccccc1,1,0,0.0
SR-ATAD5,O=C(NN1CCc2ccccc21)c1ccccc1,1,0,0.0
SR-ATAD5,O=C(NN=Cc1ccccn1)Nc1ccccc1,1,0,0.0
SR-ATAD5,O=C(NNCNNC(=O)c1ccncc1)c1ccncc1,1,0,0.0
SR-ATAD5,O=C(NNCc1ccccc1)c1ccccc1,1,1,1.0
SR-ATAD5,O=C(NNCc1ccccc1)c1ccon1,1,0,0.0
SR-ATAD5,O=C(NOCC1CC1)c1ccccc1Nc1ccccc1,1,0,
SR-ATAD5,O=C(NS(=O)(=O)C=Cc1ccccc1)c1ccccc1,1,1,1.0
SR-ATAD5,O=C(NS(=O)(=O)C=Cc1cccs1)c1ccccc1,1,1,1.0
SR-ATAD5,O=C(NS(=O)(=O)c1ccccc1)c1ccccc1,1,0,0.0
SR-ATAD5,O=C(Nc1c[nH]c(C(=O)Nc2cc[nH]c2)c1)c1ccc[nH]1,1,0,0.0
SR-ATAD5,O=C(Nc1c[nH]n(-c2ccccc2)c1=O)c1cccnc1,1,0,0.0
SR-ATAD5,O=C(Nc1cc(NCc2ccccc2)c2ccccc2n1)c1ccccc1,1,0,0.0
SR-ATAD5,O=C(Nc1cc2ccc(OC3CCCCO3)cc2oc1=O)c1ccccc1,1,0,0.0
SR-ATAD5,O=C(Nc1ccc(C(=O)N2CCCC(=CC(=O)N3CCC(N4CCCCC4)CC3)c3ccccc32)cc1)c1ccoc1,1,0,0.0
SR-ATAD5,O=C(Nc1ccc(C=Cc2ccc(NC(=O)c3ccc4cccnc4c3)cc2)cc1)c1ccc2cccnc2c1,1,0,0.0
SR-ATAD5,O=C(Nc1ccc(Cc2ccccc2)cc1)c1ccccc1,1,0,
SR-ATAD5,O=C(Nc1ccc(OCCN2CCOCC2)c2ccccc12)Nc1ccnn1-c1ccccc1,1,0,0.0
SR-ATAD5,O=C(Nc1ccc(Oc2ccccc2)cc1)c1ccccc1,1,0,0.0
SR-ATAD5,O=C(Nc1ccc(Oc2cccnc2)nc1)N1CCc2ccccc21,1,0,
SR-ATAD5,O=C(Nc1ccc(S(=O)(=O)N2CCOCC2)cc1)c1ccccc1NS(=O)(=O)c1cccs1,1,0,0.0
SR-ATAD5,O=C(Nc1ccc(S(=O)(=O)Nc2nccs2)cc1)c1ccccc1,1,0,0.0
SR-ATAD5,O=C(Nc1ccc2[nH]cc(Cc3ccc(C(=O)NS(=O)(=O)c4ccccc4)cc3)c2c1)OC1CCCC1,1,0,0.0
SR-ATAD5,O=C(Nc1ccc2[nH]ccc2c1)c1cc2ccccc2n1Cc1ccccc1,1,0,0.0
SR-ATAD5,O=C(Nc1ccc2c(c1)CCCC2)c1ccccc1,1,0,0.0
SR-ATAD5,O=C(Nc1ccc2cc(N=Nc3ccc(N=Nc4ccccc4)cc3)ccc2c1)c1ccccc1,1,0,0.0
SR-ATAD5,O=C(Nc1ccc2ncccc2c1)Nc1ccc2ncccc2c1,1,0,
SR-ATAD5,O=C(Nc1cccc(C(=O)Nc2cccc(C(=O)Nc3cccc4ccccc34)c2)c1)Nc1cccc(C(=O)Nc2cccc(C(=O)Nc3cccc4ccccc34)c2)c1,1,0,0.0
SR-ATAD5,O=C(Nc1cccc(C2=NCCN2)c1)Nc1cccc(C2=NCCN2)c1,1,0,0.0
SR-ATAD5,O=C(Nc1cccc(Nc2nccc(-c3cccnc3)n2)c1)c1ccc(CN2CCNCC2)cc1,1,0,
SR-ATAD5,O=C(Nc1cccc2c(=O)cc(-c3nnn[nH]3)oc12)c1ccc(OCCCCc2ccccc2)cc1,1,0,0.0
SR-ATAD5,O=C(Nc1cccc2ccccc12)c1ccccc1,1,0,0.0
SR-ATAD5,O=C(Nc1cccc2ccoc12)c1ccccc1,1,0,0.0
SR-ATAD5,O=C(Nc1ccccc1)C1=COCCS1,1,1,1.0
SR-ATAD5,O=C(Nc1ccccc1)C1=COCCS1(=O)=O,1,0,0.0
SR-ATAD5,O=C(Nc1ccccc1)C1CCCCC1,1,0,0.0
SR-ATAD5,O=C(Nc1ccccc1)C1CCCN1,1,0,0.0
SR-ATAD5,O=C(Nc1ccccc1)N(Cc1ccccc1)C1CCCC1,1,0,
SR-ATAD5,O=C(Nc1ccccc1)N(Cc1ccccc1)Cc1oc2ccccc2c1-c1ccccc1,1,0,0.0
SR-ATAD5,O=C(Nc1ccccc1)N1CCN(c2ncnc3cc(OCCCN4CCCCC4)ccc23)CC1,1,0,
SR-ATAD5,O=C(Nc1ccccc1)N1COC2Cc3ccccc3C2=N1,1,0,0.0
SR-ATAD5,O=C(Nc1ccccc1)NS(=O)(=O)c1ccco1,1,0,0.0
SR-ATAD5,O=C(Nc1ccccc1)Nc1ccc(Oc2ccncc2)cc1,1,0,
SR-ATAD5,O=C(Nc1ccccc1)Nc1ccncc1,1,0,0.0
SR-ATAD5,O=C(Nc1ccccc1)Nc1cnns1,1,0,0.0
SR-ATAD5,O=C(Nc1ccccc1)Nc1nc2ccccc2s1,1,1,1.0
SR-ATAD5,O=C(Nc1ccccc1)OCC(CN1CCCCC1)OC(=O)Nc1ccccc1,1,0,0.0
SR-ATAD5,O=C(Nc1ccccc1)Oc1ccccc1,1,0,0.0
SR-ATAD5,O=C(Nc1ccccc1)c1c[nH]c(-c2ccccc2)c1-c1ccccc1,1,0,0.0
SR-ATAD5,O=C(Nc1ccccc1)c1c[nH]c2c1C(=O)CCC2,1,0,0.0
SR-ATAD5,O=C(Nc1ccccc1)c1cc2ccccc2[nH]c1=O,1,0,0.0
SR-ATAD5,O=C(Nc1ccccc1)c1ccc2c(c1)CCCC2,1,0,0.0
SR-ATAD5,O=C(Nc1ccccc1)c1cccnc1Oc1ccccc1,1,0,0.0
SR-ATAD5,O=C(Nc1ccccc1)c1ccco1,1,0,0.0
SR-ATAD5,O=C(Nc1ccccc1)c1cccs1,1,0,0.0
SR-ATAD5,O=C(Nc1ccccc1)c1ccoc1,1,0,0.0
SR-ATAD5,O=C(Nc1ccccc1)c1cnc(Nc2cc(N3CCNCC3)ncn2)s1,1,0,
SR-ATAD5,O=C(Nc1ccccc1)c1cnoc1,1,1,1.0
SR-ATAD5,O=C(Nc1ccccc1-c1ccccc1)c1cccnc1,1,0,0.0
SR-ATAD5,O=C(Nc1ccccc1CCC1CCCCN1)c1ccccc1,1,0,0.0
SR-ATAD5,O=C(Nc1ccccc1CNCC(=O)N1CCOCC1)c1ccccc1,1,0,0.0
SR-ATAD5,O=C(Nc1ccccc1SSc1ccccc1NC(=O)c1ccccc1)c1ccccc1,1,0,0.0
SR-ATAD5,O=C(Nc1ccccn1)C1=Cc2sccc2S(=O)(=O)N1,1,0,0.0
SR-ATAD5,O=C(Nc1ccccn1)C1NS(=O)(=O)c2ccsc2C1=O,1,0,0.0
SR-ATAD5,O=C(Nc1ccccn1)c1ccc2[nH]c(CNc3ccccc3)nc2c1,1,0,
SR-ATAD5,O=C(Nc1cccnc1)N1CCc2cc3[nH]ccc3cc21,1,1,1.0
SR-ATAD5,O=C(Nc1ccno1)c1ccccc1,1,0,0.0
SR-ATAD5,O=C(Nc1ccon1)C1=Cc2ccccc2S(=O)(=O)N1,1,0,0.0
SR-ATAD5,O=C(Nc1cnccn1)C(CC1CCCC1)c1ccccc1,1,0,0.0
SR-ATAD5,O=C(Nc1nc(-c2ccccc2)c(CCC2CCCCC2)s1)c1cc2ccccc2[nH]1,1,0,
SR-ATAD5,O=C(Nc1nc(-c2ccccc2)cs1)c1cc2ccccc2[nH]1,1,0,0.0
SR-ATAD5,O=C(Nc1ncccn1)NS(=O)(=O)Cc1ccccc1,1,0,0.0
SR-ATAD5,O=C(Nc1ncccn1)NS(=O)(=O)c1ccccc1,1,0,0.0
SR-ATAD5,O=C(Nc1nccs1)C1=Cc2ccccc2S(=O)(=O)N1,1,0,0.0
SR-ATAD5,O=C(Nc1nccs1)c1ccccc1,1,1,1.0
SR-ATAD5,O=C(Nc1nccs1)c1cccs1,1,0,
SR-ATAD5,O=C(Nc1ncncn1)NS(=O)(=O)c1ccsc1,1,0,0.0
SR-ATAD5,O=C(Nc1nnn[nH]1)c1cc2ccccc2s1,1,0,0.0
SR-ATAD5,O=C(Nn1ccc2ccccc21)c1cnc(-c2ccccn2)nc1,1,0,0.0
SR-ATAD5,O=C(OC(=O)c1ccccc1)c1ccccc1,1,0,0.0
SR-ATAD5,O=C(OC1C2CCC3C4CC5C6CCCC5(C(C2)C31)C4NC6)c1ccccc1,1,0,0.0
SR-ATAD5,O=C(OC1CC2CC3CC(C1)N2CC3=O)c1c[nH]c2ccccc12,1,0,0.0
SR-ATAD5,O=C(OC1CC2CCC(C1)N2)c1c[nH]c2ccccc12,1,0,0.0
SR-ATAD5,O=C(OC1CC2CCC(C1)[N+]21CCCC1)C(c1ccccc1)c1ccccc1,1,0,0.0
SR-ATAD5,O=C(OC1CC2CCC(C1)[NH2+]2)C(c1ccccc1)c1ccccc1,1,0,
SR-ATAD5,O=C(OC1CC2CCCC(C1)N2)C(c1cccs1)c1cccs1,1,0,
SR-ATAD5,O=C(OC1CC2[NH2+]C(C1)C1OC21)C(c1cccs1)c1cccs1,1,0,0.0
SR-ATAD5,O=C(OC1CCCCC1)c1ccccc1C(=O)OC1CCCCC1,1,0,0.0
SR-ATAD5,O=C(OC1CCCN(Cc2ccccc2)C1)C1=CNC=CC1c1ccccc1,1,0,0.0
SR-ATAD5,O=C(OC1CCN(Cc2ccccc2)C1)C1=CNC=CC1c1ccccc1,1,0,0.0
SR-ATAD5,O=C(OC1CCNCC1)C(Oc1ccccc1)Oc1ccccc1,1,0,0.0
SR-ATAD5,O=C(OC1CCNCC1)C(c1ccccc1)c1ccccc1,1,0,0.0
SR-ATAD5,O=C(OC1CC[NH2+]C1)C(c1ccccc1)C1CCCC1,1,0,0.0
SR-ATAD5,O=C(OC1CC[NH2+]C1)C(c1ccccc1)c1ccccc1,1,0,
SR-ATAD5,O=C(OC1CN(C(c2ccccc2)c2ccccc2)C1)C1=CNC=CC1c1ccccc1,1,0,
SR-ATAD5,O=C(OC1CN2CCC1CC2)N1CCc2ccccc2C1c1ccccc1,1,0,0.0
SR-ATAD5,O=C(OC1CN2CCC1CC2)c1ccccc1,1,0,0.0
SR-ATAD5,O=C(OC1COCC(OC2CC(OC(=O)c3ccccc3)CCO2)C1)c1ccccc1,1,0,0.0
SR-ATAD5,O=C(OC1C[NH+]2CCC1CC2)C(c1ccccc1)c1ccccc1,1,0,0.0
SR-ATAD5,O=C(OC1Cc2ccccc2OC1c1ccccc1)c1ccccc1,1,0,0.0
SR-ATAD5,O=C(OC1c2nccnc2C(=O)N1c1ccccn1)N1CCNCC1,1,0,0.0
SR-ATAD5,O=C(OCC(COC(=O)c1ccccc1)(COC(=O)c1ccccc1)COC(=O)c1ccccc1)c1ccccc1,1,0,0.0
SR-ATAD5,O=C(OCC(COC(=O)c1cccnc1)(COC(=O)c1cccnc1)COC(=O)c1cccnc1)c1cccnc1,1,0,0.0
SR-ATAD5,O=C(OCC1(COC(=O)c2cccnc2)CCCC(COC(=O)c2cccnc2)(COC(=O)c2cccnc2)C1)c1cccnc1,1,0,0.0
SR-ATAD5,O=C(OCC1=NCCCN1)C(c1ccccc1)C1CCCCC1,1,0,0.0
SR-ATAD5,O=C(OCC1CCCC[NH2+]1)C(c1ccccc1)c1ccccc1,1,0,0.0
SR-ATAD5,O=C(OCC1CNC2Cc3c[nH]c4cccc(c34)C2C1)c1cccnc1,1,0,0.0
SR-ATAD5,O=C(OCC1CO1)C1CCCCC1C(=O)OCC1CO1,1,1,1.0
SR-ATAD5,O=C(OCC1OC(OC(=O)c2cccc(OC(=O)c3ccccc3)c2)C(OC(=O)c2cccc(OC(=O)c3ccccc3)c2)C(OC(=O)c2cccc(OC(=O)c3ccccc3)c2)C1OC(=O)c1cccc(OC(=O)c2ccccc2)c1)c1cccc(OC(=O)c2ccccc2)c1,1,1,1.0
SR-ATAD5,O=C(OCC=Cc1ccccc1)C1=CNC=CC1c1ccccc1,1,0,
SR-ATAD5,O=C(OCC=Cc1ccccc1)c1ccccc1,1,0,0.0
SR-ATAD5,O=C(OCCC(=CNCc1cncnc1)SSC(=CNCc1cncnc1)CCOC(=O)c1ccccc1)c1ccccc1,1,0,0.0
SR-ATAD5,O=C(OCCCCCCOC(=O)c1ccccc1)c1ccccc1,1,0,0.0
SR-ATAD5,O=C(OCCCCCOC(=O)c1ccccc1)c1ccccc1,1,0,0.0
SR-ATAD5,O=C(OCCCCNCCc1ccccc1)c1ccccc1,1,0,0.0
SR-ATAD5,O=C(OCCCN1CCC(c2ccccc2)(c2ccccc2)CC1)C1=CNC=CC1c1ccccc1,1,0,
SR-ATAD5,O=C(OCCCN1CCCCC1)c1ccc(OC2CCCCC2)cc1,1,0,
SR-ATAD5,O=C(OCCCN1CCCCC1)c1ccccc1,1,0,0.0
SR-ATAD5,O=C(OCCCN1CCCN(CCCOC(=O)c2ccccc2)CC1)c1ccccc1,1,0,
SR-ATAD5,O=C(OCCCOC(=O)N(Cc1cccc[nH+]1)C(=O)c1ccccc1)N1CCCCC1,1,0,
SR-ATAD5,O=C(OCCN(Cc1ccccc1)c1ccccc1)C1=CNC=C(P2(=O)OCCCO2)C1c1ccccc1,1,0,0.0
SR-ATAD5,O=C(OCCN1CCCCC1)C(c1ccccc1)c1ccccc1,1,0,0.0
SR-ATAD5,O=C(OCCN1CCCCC1)c1cccc2c(=O)cc(-c3ccccc3)oc12,1,0,0.0
SR-ATAD5,O=C(OCCN1CCN(C(c2ccccc2)c2ccccc2)CC1)C1=CNC=CC1c1ccccc1,1,0,
SR-ATAD5,O=C(OCCN1CCOCC1)c1ccccc1,1,0,0.0
SR-ATAD5,O=C(OCCN1CCOCC1)c1cccnc1Nc1ccccc1,1,0,
SR-ATAD5,O=C(OCCNC1CCCCC1)c1ccccc1,1,0,0.0
SR-ATAD5,O=C(OCCNCCC(c1ccccc1)c1ccccc1)C1=CNC=CC1c1ccccc1,1,0,0.0
SR-ATAD5,O=C(OCCNCCc1ccccc1)c1ccccc1,1,0,0.0
SR-ATAD5,O=C(OCCNCc1ccccc1)C1=CNC=CC1c1ccccc1,1,0,
SR-ATAD5,O=C(OCCOCCOCCOC(=O)c1ccccc1)c1ccccc1,1,0,0.0
SR-ATAD5,O=C(OCCOc1cccc2[nH]ccc12)c1ccccc1,1,0,0.0
SR-ATAD5,O=C(OCC[NH+]1CCCCC1)C(c1ccccc1)c1ccccc1,1,0,0.0
SR-ATAD5,O=C(OCCc1ccc(N2CCN(C(c3ccccc3)c3ccccc3)CC2)cc1)C1=CNC=CC1c1ccccc1,1,0,
SR-ATAD5,O=C(OCN1C(=O)C2=C(CCCC2)C1=O)C1CC1,1,0,0.0
SR-ATAD5,O=C(OCN1C(=O)CNC1=O)C1CC1,1,0,0.0
SR-ATAD5,O=C(OCOC(=O)c1cccc2ncn(Cc3ccc(-c4ccccc4-c4nnn[nH]4)cc3)c12)OC1CCCCC1,1,0,0.0
SR-ATAD5,O=C(OCc1cccc(-c2ccccc2)c1)C1CC1,1,0,0.0
SR-ATAD5,O=C(OCc1ccccc1)C(=O)OCc1ccccc1,1,0,0.0
SR-ATAD5,O=C(OCc1ccccc1)C1CCCC1,1,0,
SR-ATAD5,O=C(OCc1ccccc1)c1cccnc1,1,0,0.0
SR-ATAD5,O=C(OCc1coc(=O)o1)c1cncn1Cc1ccc(-c2ccccc2-c2nn[nH]n2)cc1,1,0,0.0
SR-ATAD5,O=C(OOC(=O)c1ccccc1)c1ccccc1,1,0,
SR-ATAD5,O=C(Oc1ccc2c(c1)CCCO2)c1cccnc1,1,0,0.0
SR-ATAD5,O=C(Oc1cccc2cccnc12)c1ccccc1,1,0,0.0
SR-ATAD5,O=C(Oc1ccccc1)C1CCCCC1,1,0,0.0
SR-ATAD5,O=C(Oc1ccccc1)N1CCN2CCC1CC2,1,0,0.0
SR-ATAD5,O=C(Oc1ccccc1)c1ccc2ccccc2c1,1,1,1.0
SR-ATAD5,O=C(Oc1ccccc1)c1cccc(C(=O)Oc2ccccc2)c1,1,0,
SR-ATAD5,O=C(Oc1ccccc1)c1ccccc1C(=O)Oc1ccccc1,1,0,0.0
SR-ATAD5,O=C(Oc1ccccc1)c1ccco1,1,0,0.0
SR-ATAD5,O=C(Oc1ccccc1OC(=O)c1ccccc1)c1ccccc1,1,0,
SR-ATAD5,O=C(SC=CNCc1cncnc1)c1ccccc1,1,0,
SR-ATAD5,O=C(c1c[nH]c2ccccc12)C1CCc2[nH]cnc2C1,1,0,0.0
SR-ATAD5,O=C(c1cc2ccccc2[nH]1)N1CCN(c2ccccn2)CC1,1,0,0.0
SR-ATAD5,O=C(c1cc2ccccc2o1)N1CCN(Cc2ccccc2)CC1,1,0,0.0
SR-ATAD5,O=C(c1ccc(-c2ccc(-c3nnco3)cc2)cc1)N1CCc2cc3c(cc21)C1(CCNCC1)CO3,1,0,
SR-ATAD5,O=C(c1ccc(C#Cc2ccccc2)o1)N1CCC(c2ccccc2)CC1,1,0,0.0
SR-ATAD5,O=C(c1ccc(OCCN2CCCCC2)cc1)c1c(-c2ccccc2)sc2ccccc12,1,0,0.0
SR-ATAD5,O=C(c1ccc2[nH]cnc2c1)C1CC1,1,0,
SR-ATAD5,O=C(c1ccc2[nH]cnc2c1)c1cccs1,1,1,1.0
SR-ATAD5,O=C(c1ccc2c(c1)C(=O)OC2=O)c1ccc2c(c1)C(=O)OC2=O,1,0,0.0
SR-ATAD5,O=C(c1ccccc1)C1CCC1,1,0,0.0
SR-ATAD5,O=C(c1ccccc1)C1CCCCC1,1,0,0.0
SR-ATAD5,O=C(c1ccccc1)C1CCN(CCc2cnc3ccccn3c2=O)CC1,1,0,0.0
SR-ATAD5,O=C(c1ccccc1)C1CCN(CCc2cnc3n(c2=O)CCS3)CC1,1,0,
SR-ATAD5,O=C(c1ccccc1)C1CCN(CCn2c(=O)[nH]c3ccccc3c2=O)CC1,1,0,0.0
SR-ATAD5,O=C(c1ccccc1)C1CCN(CCn2c(=S)[nH]c3ccccc3c2=O)CC1,1,0,0.0
SR-ATAD5,O=C(c1ccccc1)C1CNCCC1c1ccccc1,1,0,
SR-ATAD5,O=C(c1ccccc1)N1CC2CC(CN(Cc3ccccc3)C2)C1,1,0,
SR-ATAD5,O=C(c1ccccc1)N1CCC(CCN2C3CCC2CC(n2cnc4ccccc42)C3)(c2ccccc2)CC1,1,0,0.0
SR-ATAD5,O=C(c1ccccc1)N1CCCC(CCCN2CCC(c3ccccc3)CC2)(c2ccccc2)C1,1,0,0.0
SR-ATAD5,O=C(c1ccccc1)N1CCCCCCC1,1,0,0.0
SR-ATAD5,O=C(c1ccccc1)N1CCOC(CCN2CCC(N3CCCCC3)CC2)(c2ccccc2)C1,1,0,
SR-ATAD5,O=C(c1ccccc1)N1CCOC(CCN2CCC(c3ccccc3)CC2)(c2ccccc2)C1,1,0,0.0
SR-ATAD5,O=C(c1ccccc1)N1CCOCC1,1,0,0.0
SR-ATAD5,O=C(c1ccccc1)P(=O)(C(=O)c1ccccc1)c1ccccc1,1,0,0.0
SR-ATAD5,O=C(c1ccccc1)c1c[nH]c(=O)[nH]1,1,0,0.0
SR-ATAD5,O=C(c1ccccc1)c1c[nH]c2ccccc12,1,0,0.0
SR-ATAD5,O=C(c1ccccc1)c1ccc(OCCN2CCCCC2)cc1,1,0,0.0
SR-ATAD5,O=C(c1ccccc1)c1ccc2[nH]cnc2c1,1,1,1.0
SR-ATAD5,O=C(c1ccccc1)c1ccc2n1CCC2,1,0,0.0
SR-ATAD5,O=C(c1ccccc1)c1ccccc1-n1ccnc1,1,0,0.0
SR-ATAD5,O=C(c1ccccc1)c1ccccc1NCCc1ccc(OCCc2coc(-c3ccccc3)n2)cc1,1,0,
SR-ATAD5,O=C(c1ccccc1)c1cn(CCN2CCOCC2)c2ccccc12,1,0,0.0
SR-ATAD5,O=C(c1ccccc1)c1cnoc1C1CC1,1,0,0.0
SR-ATAD5,O=C(c1ccco1)N1CCN(c2ncc3ccccc3n2)CC1,1,0,
SR-ATAD5,O=C(c1ccco1)N1CCNCC1,1,0,
SR-ATAD5,O=C(c1cccs1)N1CCC(c2ccccc2)CC1,1,0,0.0
SR-ATAD5,O=C(c1cccs1)c1c[nH]c2ccccc12,1,0,
SR-ATAD5,O=C(c1cn(-c2ccccc2)c(-c2ccccc2)n1)N1CCN(c2ccc3ccccc3c2)CC1,1,0,
SR-ATAD5,O=C(c1cn[nH]c1)c1cccc(C2=NOCC2)c1,1,0,0.0
SR-ATAD5,O=C(c1cncnc1)N1CCC(N2CCN(Cc3ccccc3)CC2)CC1,1,0,0.0
SR-ATAD5,O=C1C(=Cc2ccccc2)C2CCC1C2,1,0,0.0
SR-ATAD5,O=C1C(=Cc2ccccc2)CCCC1=Cc1ccccc1,1,0,
SR-ATAD5,O=C1C(=Cc2cccs2)CCCC1=Cc1cccs1,1,1,1.0
SR-ATAD5,O=C1C(=NNc2cccc(-c3ccccc3)c2)C=NN1c1ccccc1,1,0,
SR-ATAD5,O=C1C(=O)c2cccc3cccc1c23,1,0,0.0
SR-ATAD5,O=C1C(=O)c2ncccc2-c2cccnc21,1,0,0.0
SR-ATAD5,O=C1C(CCCc2ccccc2)C(c2ccccc2)N1c1ccccc1,1,0,0.0
SR-ATAD5,O=C1C(CC[SH+]c2ccccc2)C(=O)N(c2ccccc2)N1c1ccccc1,1,0,0.0
SR-ATAD5,O=C1C(Cc2c[nH]cn2)CCc2cc3ccccc3n21,1,0,0.0
SR-ATAD5,O=C1C(NCCCc2ccccc2)CCCN2CCCCN12,1,0,0.0
SR-ATAD5,O=C1C(c2ccccc2)N=CN1Nc1ccccc1,1,0,0.0
SR-ATAD5,O=C1C2=C(CCCC2)C(=O)N1c1ccccc1,1,0,0.0
SR-ATAD5,O=C1C2C3CCC(C3)C2C(=O)N1CCCCN1CCN(c2ncccn2)CC1,1,0,0.0
SR-ATAD5,O=C1C2CC2C(=O)N1c1ccccc1,1,0,0.0
SR-ATAD5,O=C1C2CCCCC2C(=O)N1CCCCN1CCN(c2nsc3ccccc23)CC1,1,0,0.0
SR-ATAD5,O=C1C=C(C2CCC(c3ccccc3)CC2)C(=O)c2ccccc21,1,0,0.0
SR-ATAD5,O=C1C=C(C2CCC3C2CCC2C4CCC(OC5CCCCO5)CC4CCC23)CO1,1,0,
SR-ATAD5,O=C1C=C(C=CC=CC=CC=CC=CC=CC=CC=CC=CC2=CC(=O)CCC2)CCC1,1,0,0.0
SR-ATAD5,O=C1C=C(CC2CCCCC2)C(=O)c2ccccc21,1,0,
SR-ATAD5,O=C1C=C(N2CC2)C(=O)C=C1N1CC1,1,0,0.0
SR-ATAD5,O=C1C=C2C(CC1)C1CCC3C(C4CC4C34CCC(=O)O4)C1C1CC21,1,0,0.0
SR-ATAD5,O=C1C=C2C=CC3C(CCC4C3CCC43CCC(=O)O3)C2CC1,1,0,0.0
SR-ATAD5,O=C1C=C2C=CC3C4CCCC4CCC3C2C2CC12,1,0,0.0
SR-ATAD5,O=C1C=C2C=CC3CC2(O1)C1CCCCN31,1,1,1.0
SR-ATAD5,O=C1C=C2CCC3C(=C2CC1)C(c1ccccc1)CC1CCCC13,1,0,
SR-ATAD5,O=C1C=C2CCC3C(=CCC4CCCC43)C2CC1,1,0,0.0
SR-ATAD5,O=C1C=C2CCC3C(CCC4C(OC(=O)CCC5CCCCC5)CCC43)C2CC1,1,0,
SR-ATAD5,O=C1C=C2CCC3C(CCC4C3CCC43CCC(=O)O3)C2CC1,1,0,0.0
SR-ATAD5,O=C1C=C2CCC3C4C=CCC4CCC3C2CC1,1,0,0.0
SR-ATAD5,O=C1C=C2CCC3C4CCC5(CCC(=O)O5)C4CC4OC43C2CC1,1,0,0.0
SR-ATAD5,O=C1C=C2CCCCC2CC1,1,0,0.0
SR-ATAD5,O=C1C=C2CCCCCCC=CCCC=CC=CC(=O)NC(=C1)C2=O,1,0,0.0
SR-ATAD5,O=C1C=CC(=O)C(Cc2ccccc2)=C1,1,0,
SR-ATAD5,O=C1C=CC(=O)C2=C1CC1C3NC3CN21,1,0,0.0
SR-ATAD5,O=C1C=CC(=O)CC1,1,0,0.0
SR-ATAD5,O=C1C=CC(=O)N1,1,0,
SR-ATAD5,O=C1C=CC(=O)N1c1ccc(Cc2ccc(N3C(=O)C=CC3=O)cc2)cc1,1,0,
SR-ATAD5,O=C1C=CC(=O)N1c1ccccc1,1,0,
SR-ATAD5,O=C1C=CC(=O)O1,1,0,0.0
SR-ATAD5,O=C1C=CC2(CC1)Oc1ccccc1C2=O,1,1,1.0
SR-ATAD5,O=C1C=CC2C(=C1)CCC1C2CCC2C(C(=O)COC(=O)c3ccccc3)CCC21,1,0,
SR-ATAD5,O=C1C=CC2C(=C1)CCC1C2CCC2C(C(=O)COC(=O)c3ccncc3)CCC21,1,0,
SR-ATAD5,O=C1C=CC2C(=C1)CCC1C2CCC2C(OC(=O)c3ccco3)CCC21,1,0,0.0
SR-ATAD5,O=C1C=CC2C(=C1)CCC1C2CCC2C1CC1OC(C3CCCCC3)OC12,1,0,0.0
SR-ATAD5,O=C1C=CC2C(=C1)CCC1C2CCC2C1CC1OC3(CCCC3)OC12,1,0,
SR-ATAD5,O=C1C=CC2C(=C1)CCC1C2CCC2C1CC1OC=NC12,1,0,
SR-ATAD5,O=C1C=CC2C(=C1)CCC1C3CCC(=O)OC3CCC21,1,0,0.0
SR-ATAD5,O=C1C=CC2C(=C1)Oc1ccccc1C21OC(=O)c2ccccc21,1,0,0.0
SR-ATAD5,O=C1C=CC2C(CCC3C2CCC2C(C(=O)Nc4ccccc4)CCC23)N1,1,0,0.0
SR-ATAD5,O=C1C=CC2C(CCC3C4CCCC4CCC23)C1,1,0,0.0
SR-ATAD5,O=C1C=CC2C(CCC3C4CCCC4CCC23)N1,1,0,0.0
SR-ATAD5,O=C1C=CC2C3=CC(=O)C4C5CCCCC5CCC4C3CCC2C1,1,1,1.0
SR-ATAD5,O=C1C=CC2CC1C2,1,0,0.0
SR-ATAD5,O=C1C=CC2CCC3CC(=O)OC3C2=C1,1,0,0.0
SR-ATAD5,O=C1C=CC2OC2CCCC2CCCC(CC(OC3CCCCO3)C=CC=CC=CC=CCCO1)O2,1,0,0.0
SR-ATAD5,O=C1C=CC2OC2CCOC(=O)CCCC(OC2CCC(OC3CCCCO3)CO2)CCC1,1,0,
SR-ATAD5,O=C1C=CC2OC2CCOC(=O)CCCC(OC2CCCCO2)CCC1,1,0,0.0
SR-ATAD5,O=C1C=CC=CC(COC2CCCCO2)COC(=O)CCCC(OC2CCC(OC3CCCCO3)CO2)CCC1,1,0,0.0
SR-ATAD5,O=C1C=CC=CC(COC2CCCCO2)COC(=O)CCCC(OC2CCCCO2)C(CCN2CCCCC2)CC1,1,0,0.0
SR-ATAD5,O=C1C=CC=CCCCCCCCCC=COC2Oc3ccc4c(c3C2=O)C2=NC3(CCNCC3)NC2=C(N1)C4=O,1,0,0.0
SR-ATAD5,O=C1C=CC=CCCCCCCCCC=COC2Oc3ccc4cc(c(C=NN5CCN(C6CCCC6)CC5)cc4c3C2=O)N1,1,0,0.0
SR-ATAD5,O=C1C=CC=CCCCCCCCCC=COC2Oc3ccc4cc(c(C=NN5CCNCC5)cc4c3C2=O)N1,1,0,0.0
SR-ATAD5,O=C1C=CC=CCCCCCCCCC=COC2Oc3ccc4cc(c5c(nc6ccccn65)c4c3C2=O)N1,1,0,0.0
SR-ATAD5,O=C1C=CC=CCCCCCCCCC=COC2Oc3ccc4cc(ccc4c3C2=O)N1,1,0,0.0
SR-ATAD5,O=C1C=CCC(C2CCOCC2)C1,1,0,0.0
SR-ATAD5,O=C1C=CCC(C=Cc2ccc3c(c2)OCO3)O1,1,0,0.0
SR-ATAD5,O=C1C=CCC(C=Cc2ccccc2)O1,1,0,0.0
SR-ATAD5,O=C1C=CCC(CCc2ccccc2)O1,1,0,0.0
SR-ATAD5,O=C1C=CNC(=O)C1,1,0,0.0
SR-ATAD5,O=C1C=COC(=O)C1,1,0,0.0
SR-ATAD5,O=C1C=COC1c1ccccc1,1,0,0.0
SR-ATAD5,O=C1C=COS(=O)(=O)N1,1,0,0.0
SR-ATAD5,O=C1CC(=O)C1,1,0,0.0
SR-ATAD5,O=C1CC(=O)N(C2CCCCC2)C(=O)N1,1,0,0.0
SR-ATAD5,O=C1CC(=O)N(c2ccccc2)c2ccccc2N1,1,0,0.0
SR-ATAD5,O=C1CC(=O)OCC2OC(=O)N(CCCCn3cnc(-c4cccnc4)c3)C2CC(=O)CCCC(OC2CCCCO2)C1,1,0,0.0
SR-ATAD5,O=C1CC(C(=O)NC(Cc2c[nH]cn2)C(=O)N2CCCC2)NC(=O)N1,1,0,0.0
SR-ATAD5,O=C1CC(CCC2CCCCC2=O)CC(=O)N1,1,0,
SR-ATAD5,O=C1CC(Cc2cnc[nH]2)CO1,1,0,0.0
SR-ATAD5,O=C1CC(OC2CCCCO2)CC(OC2CCCCO2)CCC2(CO2)C(=O)CCCCO1,1,0,0.0
SR-ATAD5,O=C1CC(OC2CCCCO2)CC(OC2CCCCO2)CCCCNCCCCO1,1,0,0.0
SR-ATAD5,O=C1CC(c2ccc3c(c2)OC(c2ccccc2)CO3)Oc2ccccc21,1,0,0.0
SR-ATAD5,O=C1CC(c2cccc(OC3CCCC3)c2)CN1,1,0,0.0
SR-ATAD5,O=C1CC(c2ccccc2)CC(=O)N1,1,0,
SR-ATAD5,O=C1CC2(CCCC2)CC(=O)N1,1,0,
SR-ATAD5,O=C1CC2(CCCC2)CC(=O)N1CCCCN1CCN(c2ncccn2)CC1,1,0,0.0
SR-ATAD5,O=C1CC2(CCCC2)CC(=O)N1CCNCC1COc2ccccc2O1,1,0,0.0
SR-ATAD5,O=C1CC2C(=O)C3CCC2C3C1,1,0,0.0
SR-ATAD5,O=C1CC2C(CCC3CCCCC32)O1,1,0,0.0
SR-ATAD5,O=C1CC2C3CCCCC3CCC2C2CC3OC4(CCCCO4)CC3C12,1,0,0.0
SR-ATAD5,O=C1CC2CC(SC3Cn4cnc[n+]4C3)=CN12,1,0,0.0
SR-ATAD5,O=C1CC2CC1C1CCCC21,1,0,0.0
SR-ATAD5,O=C1CC2CC2C1,1,0,0.0
SR-ATAD5,O=C1CC2CC=CN12,1,0,0.0
SR-ATAD5,O=C1CC2CCCC3CCC4OOC32C(O1)O4,1,0,
SR-ATAD5,O=C1CC2CCCN3CCc4c(n1c1ccccc41)C23,1,0,0.0
SR-ATAD5,O=C1CC2CCCOC2C1,1,0,0.0
SR-ATAD5,O=C1CC2N1CC(Cn1ccnn1)S2(=O)=O,1,0,0.0
SR-ATAD5,O=C1CC2OC(=O)CC2O1,1,0,0.0
SR-ATAD5,O=C1CC2OCC(CSc3nnn[nH]3)=CN12,1,0,0.0
SR-ATAD5,O=C1CC2OCC3CC(=O)C4C(CCC5C(c6ccoc6)OC(=O)C6OC654)C32CO1,1,0,0.0
SR-ATAD5,O=C1CC2OCCC2O1,1,0,0.0
SR-ATAD5,O=C1CC2SC(C3CCCO3)=CN12,1,0,0.0
SR-ATAD5,O=C1CC2SCC(CSc3nnn[nH]3)=CN12,1,0,0.0
SR-ATAD5,O=C1CC2SCCN12,1,0,0.0
SR-ATAD5,O=C1CCC(=O)CC1,1,0,0.0
SR-ATAD5,O=C1CCC(=O)c2ccccc21,1,0,0.0
SR-ATAD5,O=C1CCC(C(=O)N2CCCCC2)N1,1,0,0.0
SR-ATAD5,O=C1CCC(C(=O)N2CCSC2)N1,1,0,0.0
SR-ATAD5,O=C1CCC(C(=O)NC(Cc2cnc[nH]2)C(=O)N2CCCC2)N1,1,0,0.0
SR-ATAD5,O=C1CCC(C(=O)NC2CC2c2ccccc2)N1,1,0,0.0
SR-ATAD5,O=C1CCC(C2CCCCC2)CC1,1,0,0.0
SR-ATAD5,O=C1CCC(C=CCCC2CCC2)C1,1,0,0.0
SR-ATAD5,O=C1CCC(C=CCCOc2ccccc2)C1,1,0,0.0
SR-ATAD5,O=C1CCC(CC(C(=O)Nc2cnccn2)c2ccccc2)C1,1,0,0.0
SR-ATAD5,O=C1CCC(N2C(=O)c3ccccc3C2=O)C(=O)N1,1,0,0.0
SR-ATAD5,O=C1CCC(N2Cc3ccccc3C2=O)C(=O)N1,1,0,0.0
SR-ATAD5,O=C1CCC(OC2CCC(OC3CCC(OC4CCCc5cc6c(cc54)C(=O)c4ccccc4C6=O)OC3)OC2)OC1,1,0,
SR-ATAD5,O=C1CCC(c2ccc(-n3ccnc3)cc2)=NN1,1,0,0.0
SR-ATAD5,O=C1CCC(c2ccc(NCCNCCCOc3ccccc3)cc2)=NN1,1,0,0.0
SR-ATAD5,O=C1CCC(c2ccc3[nH]c(-c4ccccc4)nc3c2)=NN1,1,0,0.0
SR-ATAD5,O=C1CCC(c2ccccc2)(C2CCN(Cc3ccccc3)CC2)C(=O)N1,1,0,0.0
SR-ATAD5,O=C1CCC(c2ccccc2)CC1,1,0,
SR-ATAD5,O=C1CCC(c2cccnc2)N1,1,0,0.0
SR-ATAD5,O=C1CCC2C(C1)CC(=O)C1C3CCCC3C(=O)CC21,1,0,0.0
SR-ATAD5,O=C1CCC2C(CCC3C4CC=CC4CCC23)C1,1,0,0.0
SR-ATAD5,O=C1CCC2C3=CCc4ccccc4C3CCC12,1,0,0.0
SR-ATAD5,O=C1CCC2C3Cc4cccc5c4C2(CCN3CC2CC2)C1O5,1,0,0.0
SR-ATAD5,O=C1CCC2CCC3C(=C12)CCC1CCCCC13,1,0,0.0
SR-ATAD5,O=C1CCC=NN1,1,0,
SR-ATAD5,O=C1CCCC(=O)C1,1,0,0.0
SR-ATAD5,O=C1CCCC(=O)C1=CC1CC1,1,0,0.0
SR-ATAD5,O=C1CCCC(=O)N1,1,0,0.0
SR-ATAD5,O=C1CCCC(=O)O1,1,0,0.0
SR-ATAD5,O=C1CCCC(=O)OC2CCN3CC=C(CO1)C23,1,0,0.0
SR-ATAD5,O=C1CCCC(OC2CCC(OC3CCCCO3)CO2)CCCC(OC2CCCCO2)C=CC=CCCO1,1,0,0.0
SR-ATAD5,O=C1CCCC1Cc1ccccc1,1,0,0.0
SR-ATAD5,O=C1CCCC23CCC(CC12)C3,1,0,0.0
SR-ATAD5,O=C1CCCC2=C1CCC2,1,0,0.0
SR-ATAD5,O=C1CCCC=CCCCCCCCCCC1,1,0,0.0
SR-ATAD5,O=C1CCCC=Cc2ccccc2C(=O)OCCCC1,1,0,0.0
SR-ATAD5,O=C1CCCCC1=Cc1ccccc1,1,0,0.0
SR-ATAD5,O=C1CCCCC1=O,1,0,0.0
SR-ATAD5,O=C1CCCCC1C1CCCCC1,1,0,0.0
SR-ATAD5,O=C1CCCCC1CN1CCCCC1,1,0,0.0
SR-ATAD5,O=C1CCCCC1c1cccs1,1,0,0.0
SR-ATAD5,O=C1CCCCCCC2OC2CC(C=Cc2cscn2)OC(=O)CCC1,1,0,0.0
SR-ATAD5,O=C1CCCCCCCCCC2CCCC(CC(OC3CCCCO3)C=CC=CC=CC=CC=CC=CC=CCC(CCCCCC(=O)c3ccccc3)OC(=O)CCC1)O2,1,0,0.0
SR-ATAD5,O=C1CCCCCCCCCCC(=O)OCCO1,1,0,0.0
SR-ATAD5,O=C1CCCCCCCCCCC1,1,0,0.0
SR-ATAD5,O=C1CCCCCCCCCCCC(=O)OCCO1,1,0,0.0
SR-ATAD5,O=C1CCCCCCCCCCCC2CCCC(CC(OC3CCCCO3)C=CC=CC=CC=CC=CC=CC=CCCCCO1)O2,1,0,0.0
SR-ATAD5,O=C1CCCCCCCCCCCC2CCCC(CC(OC3CCCCO3)C=CC=CC=CC=CCCC=CC=CCCCCO1)O2,1,0,0.0
SR-ATAD5,O=C1CCCCCCCCCCCCCC1,1,0,0.0
SR-ATAD5,O=C1CCCCCCCCCCCCCCC=CC=CC=CC=CC=CCCO1,1,0,0.0
SR-ATAD5,O=C1CCCCCCCCCCCCCCCO1,1,0,0.0
SR-ATAD5,O=C1CCCCCCCCCCCCCCO1,1,0,0.0
SR-ATAD5,O=C1CCCCCCCCCCCN1,1,0,0.0
SR-ATAD5,O=C1CCCCCCCCCCOCCCCO1,1,0,0.0
SR-ATAD5,O=C1CCCCCN1SSN1CCCCCC1=O,1,0,0.0
SR-ATAD5,O=C1CCCN1C(=O)c1ccccc1,1,0,0.0
SR-ATAD5,O=C1CCCN1C1CCCCC1,1,0,0.0
SR-ATAD5,O=C1CCCN1C1CCOc2ccccc21,1,0,0.0
SR-ATAD5,O=C1CCCN1c1ccccc1,1,0,0.0
SR-ATAD5,O=C1CCCNC(=O)CNC(=O)CNC(=O)CNC(=O)CNC(=O)C(Cc2ccccc2)NC(=O)CN1,1,0,0.0
SR-ATAD5,O=C1CCCNC(=O)CNC(=O)CNC(=O)CNC(=O)CNC(=O)CNC(=O)CN1,1,0,0.0
SR-ATAD5,O=C1CCCc2c1cc1ccc3cccc4ccc2c1c34,1,0,
SR-ATAD5,O=C1CCN(C2CCCC2)c2nc(Nc3ccc(C(=O)NC4CCNCC4)cc3)ncc2N1,1,1,1.0
SR-ATAD5,O=C1CCN2C(=O)C(Cc3ccccc3)NC(=O)C3CCCN3C(=O)CNC(=O)C(NC(=O)c3ccccn3)COC(=O)C(c3ccccc3)NC(=O)C2C1,1,0,0.0
SR-ATAD5,O=C1CCN2CCc3ccccc3C2C1,1,0,0.0
SR-ATAD5,O=C1CCOC1,1,0,0.0
SR-ATAD5,O=C1CCOC2CCC3CCCCC3C12,1,1,1.0
SR-ATAD5,O=C1CCOC2OC3CCCCC3OC12,1,0,0.0
SR-ATAD5,O=C1CCON1,1,0,0.0
SR-ATAD5,O=C1CCON1Cc1ccccc1,1,0,0.0
SR-ATAD5,O=C1CCS(=O)(=O)C(c2ccccc2)N1,1,0,0.0
SR-ATAD5,O=C1CCSSCCNC(=O)C2CCCN2C(=O)C(Cc2c[nH]c3ccccc23)NC(=O)CNC(=O)CNC(=O)CN1,1,0,0.0
SR-ATAD5,O=C1CCc2cc(CCN3CCN(c4nsc5ccccc45)CC3)ccc2N1,1,0,
SR-ATAD5,O=C1CCc2cc(OCCCCc3nnnn3C3CCCCC3)ccc2N1,1,0,0.0
SR-ATAD5,O=C1CCc2ccc(OCCCCN3CCN(c4ccccc4)CC3)cc2N1,1,0,0.0
SR-ATAD5,O=C1CCc2ccc(cc2)Oc2cc3cc(c2OC2OCCCC2OC2CCCCO2)Oc2ccc(cc2)CC2NC(=O)C(NC(=O)C3NC(=O)CN1)c1cccc(c1)-c1ccccc1CNC2=O,1,0,0.0
SR-ATAD5,O=C1CCc2ccccc21,1,0,
SR-ATAD5,O=C1CCc2ccccc2C2CCCCN12,1,0,0.0
SR-ATAD5,O=C1CCc2ccccc2N1,1,0,0.0
SR-ATAD5,O=C1CCc2ccccc2O1,1,0,0.0
SR-ATAD5,O=C1CN(N=Cc2ccc(-c3ccccc3)o2)C(=O)N1,1,0,0.0
SR-ATAD5,O=C1CN(N=Cc2ccco2)C(=O)N1,1,0,0.0
SR-ATAD5,O=C1CN2CCc3ccccc3C2c2ccccc2N1,1,0,0.0
SR-ATAD5,O=C1CN2Cc3ccccc3NC2=N1,1,0,0.0
SR-ATAD5,O=C1CN=C(c2ccc3ccccc3n2)N1,1,0,0.0
SR-ATAD5,O=C1CN=C(c2ccccc2)c2ccccc2N1CC1CC1,1,0,0.0
SR-ATAD5,O=C1CN=CN1,1,0,
SR-ATAD5,O=C1CNC(=O)C2CCCN2C(=O)CNC(=O)C(NC(=O)c2cc(=O)cc3oc4cccc(C(=O)NC5COC(=O)CNC(=O)CNC(=O)C6CCCN6C(=O)CNC5=O)c4nc2-3)COC(=O)CN1,1,0,0.0
SR-ATAD5,O=C1CNC(=O)CNC(=O)C(Cc2c[nH]c3ccccc23)NC(=O)C(Cc2ccccc2)NC(=O)C(NC(=O)CCc2ccccc2)CSSCCN1,1,0,0.0
SR-ATAD5,O=C1CNC(=O)CNC(=O)C(Cc2cnc[nH]2)NC(=O)C(Cc2ccccc2)NC(=O)CNC(=O)CNC(=O)C(NC(=O)CNC(=O)CNC(=O)CNC(=O)C2CSC=N2)CCCCN1,1,0,0.0
SR-ATAD5,O=C1CNC(=O)CNC(=O)C2CCCN2C(=O)C(Cc2ccccc2)NC(=O)CNC(=O)CNC(=O)CNC(=O)C2CCCN2C(=O)C(Cc2ccccc2)NC(=O)CN1,1,0,
SR-ATAD5,O=C1CNC(=O)CNC(=O)CNC(=O)CNC(=O)CNC(=O)CNC(=O)CNC(=O)CNC(=O)CNC(=O)CNC(=O)CN1,1,0,0.0
SR-ATAD5,O=C1CNC(=S)N1,1,0,0.0
SR-ATAD5,O=C1CNC(NC(=O)Nc2ccccc2)=N1,1,0,0.0
SR-ATAD5,O=C1CNC(c2ccccc2)=N1,1,0,0.0
SR-ATAD5,O=C1CNC(c2ccccn2)=N1,1,0,0.0
SR-ATAD5,O=C1CNc2ccc(C(=O)N3CCC(C4CCNCC4)CC3)cc2CN1,1,0,
SR-ATAD5,O=C1COC(=O)CO1,1,0,0.0
SR-ATAD5,O=C1COC(=O)N1c1ccccc1,1,0,0.0
SR-ATAD5,O=C1COC(CCN2CCC(c3ccccc3)CC2)(c2ccccc2)CN1c1ccccc1,1,0,0.0
SR-ATAD5,O=C1COc2c(cccc2C(=O)NC2CN3CCC2CC3)N1,1,0,0.0
SR-ATAD5,O=C1COc2ccc(N3C(=O)C4=C(CCCC4)C3=O)cc2N1,1,0,0.0
SR-ATAD5,O=C1COc2ccccc2OC1,1,0,0.0
SR-ATAD5,O=C1CSC2(CCN(CCCN3c4ccccc4Sc4ccccc43)CC2)N1,1,0,0.0
SR-ATAD5,O=C1C[NH+]=C(c2ccccc2)c2ccccc2N1,1,0,0.0
SR-ATAD5,O=C1Cc2cc(CCN3CCN(c4nsc5ccccc45)CC3)ccc2N1,1,0,0.0
SR-ATAD5,O=C1Cc2cc3n(c(=O)c2CO1)Cc1cc2cc(OC(=O)N4CCC(N5CCCCC5)CC4)ccc2nc1-3,1,0,0.0
SR-ATAD5,O=C1Cc2ccc3cccc4c3c2-c2c1cccc2C4=O,1,0,0.0
SR-ATAD5,O=C1Cc2cccc(c2)Oc2cccc(c2)C2NC(=O)C(Cc3ccc(cc3)Oc3cc4cc(c3OC3CCCCO3)Oc3ccc(cc3)C(OC3CCCCO3)C3NC(=O)C(NC(=O)C4NC2=O)c2cccc(c2)-c2c(cccc2OC2CCCCO2)CNC3=O)N1,1,0,0.0
SR-ATAD5,O=C1Cc2ccccc2C(=C2CCNCC2)c2ccsc21,1,0,0.0
SR-ATAD5,O=C1Cc2ccccc2CCN1CCCNCC1Cc2ccccc21,1,0,0.0
SR-ATAD5,O=C1Cc2ccccc2CCN1CCCNCCc1ccccc1,1,0,0.0
SR-ATAD5,O=C1Cc2ccccc2N1c1ccccc1,1,0,0.0
SR-ATAD5,O=C1Cc2ccccc2Nc2ccccc21,1,0,0.0
SR-ATAD5,O=C1Cc2ccccc2Sc2ccccc21,1,0,0.0
SR-ATAD5,O=C1N(Cc2ccc(-c3ccccc3-c3nnn[nH]3)cc2)C=NC12CCCC2,1,0,0.0
SR-ATAD5,O=C1N(S(=O)(=O)c2ccccc2)c2ccccc2C1(c1ccccc1)N1CCCC1,1,0,0.0
SR-ATAD5,O=C1N(c2ccccc2)c2ccccc2C1(Cc1ccncc1)Cc1ccncc1,1,0,0.0
SR-ATAD5,O=C1N=C2SCCN2C(=O)C1Cc1ccccc1,1,0,0.0
SR-ATAD5,O=C1N=CC2CN12,1,0,0.0
SR-ATAD5,O=C1N=CNC(=O)C1C1=CCCCC1,1,0,0.0
SR-ATAD5,O=C1N=COC1c1ccccc1,1,0,0.0
SR-ATAD5,O=C1N=NC(CN2CCOC(OCc3ccccc3)C2C2CCCCC2)=N1,1,0,0.0
SR-ATAD5,O=C1NC(=O)C(=O)C(=O)N1,1,0,0.0
SR-ATAD5,O=C1NC(=O)C(Cc2ccc(C(=O)CCc3coc(-c4ccccc4)n3)cc2)S1,1,0,
SR-ATAD5,O=C1NC(=O)C(Cc2ccc(OCC3CCCCC3)cc2)S1,1,0,0.0
SR-ATAD5,O=C1NC(=O)C(Cc2ccc(OCC3CCc4ccccc4O3)cc2)S1,1,0,0.0
SR-ATAD5,O=C1NC(=O)C(Cc2ccc(OCCNc3ccccn3)cc2)S1,1,0,0.0
SR-ATAD5,O=C1NC(=O)C(Cc2ccc(OCCc3ccccn3)cc2)S1,1,0,0.0
SR-ATAD5,O=C1NC(=O)C(c2ccccc2)S1,1,0,0.0
SR-ATAD5,O=C1NC(=O)C(c2cn(C3CCN(Cc4ccccn4)CC3)c3ccccc23)=C1c1c[nH]c2ccccc12,1,0,0.0
SR-ATAD5,O=C1NC(=O)C2C3C=CC(C3)C12,1,0,0.0
SR-ATAD5,O=C1NC(=O)N(C(=O)c2ccccc2)C(=O)C1c1ccccc1,1,0,0.0
SR-ATAD5,O=C1NC(=S)SC1=CC=Cc1ccccc1,1,1,1.0
SR-ATAD5,O=C1NC(Cc2ccc3[nH]ccc3c2)CO1,1,0,
SR-ATAD5,O=C1NC(Nc2ccc(OCCN3CCCCC3)cc2)c2ccccc21,1,0,0.0
SR-ATAD5,O=C1NC(c2ccccc2)c2ccccc21,1,0,0.0
SR-ATAD5,O=C1NC2(C=C1c1ccccc1)CCCCC2,1,0,0.0
SR-ATAD5,O=C1NC2(CCN(Cc3ccc(Oc4ccccc4)cc3)CC2)C(=O)NC1CC1CCCCC1,1,0,0.0
SR-ATAD5,O=C1NC2CCCCN2C12CCN(CCCN1c3ccccc3CCc3ccccc31)CC2,1,0,0.0
SR-ATAD5,O=C1NC2CSCC2N1,1,0,0.0
SR-ATAD5,O=C1NC2NC(=O)NC2N1,1,0,0.0
SR-ATAD5,O=C1NCC(=O)N2C1Cc1c([nH]c3ccccc13)C2c1ccc2c(c1)OCO2,1,0,0.0
SR-ATAD5,O=C1NCC(CCN2CCOCC2)C1(c1ccccc1)c1ccccc1,1,0,0.0
SR-ATAD5,O=C1NCC(c2ccccc2)=Nc2cn[nH]c21,1,0,0.0
SR-ATAD5,O=C1NCC(c2cccs2)SCC1NCCCc1ccccc1,1,0,0.0
SR-ATAD5,O=C1NCC2(CCN(CCc3ccccc3)CC2)O1,1,0,0.0
SR-ATAD5,O=C1NCCN(C(=O)NC(C(=O)NC2C(=O)N3C=C(CSc4nnn[nH]4)CSC23)c2ccccc2)C1=O,1,0,
SR-ATAD5,O=C1NCCN(C(=O)NC(C(=O)NC2C(=O)N3CCSC23)c2ccccc2)C1=O,1,0,
SR-ATAD5,O=C1NCCN1CCN1CCC(c2cn(-c3ccccc3)c3ccccc23)CC1,1,0,0.0
SR-ATAD5,O=C1NCCN1c1ccccc1,1,0,
SR-ATAD5,O=C1NCCN1c1nccs1,1,0,0.0
SR-ATAD5,O=C1NCCS1,1,0,0.0
SR-ATAD5,O=C1NCN(c2ccccc2)C12CCN(CC1COc3ccccc3O1)CC2,1,0,0.0
SR-ATAD5,O=C1NCN(c2ccccc2)C12CCN(CCCC(c1ccccc1)c1ccccc1)CC2,1,0,
SR-ATAD5,O=C1NCN(c2ccccc2)C12CCN(CCCOc1ccccc1)CC2,1,0,0.0
SR-ATAD5,O=C1NCNC(=O)C1c1ccccc1,1,0,0.0
SR-ATAD5,O=C1NCNc2ccccc21,1,0,0.0
SR-ATAD5,O=C1NCc2c1c1c3ccccc3n3c1c1c2c2ccccc2n1C1CCC3O1,1,0,
SR-ATAD5,O=C1NN=CCN1N=Cc1cccnc1,1,0,0.0
SR-ATAD5,O=C1NS(=O)(=O)Nc2ccccc21,1,0,0.0
SR-ATAD5,O=C1NS(=O)(=O)c2ccccc21,1,0,0.0
SR-ATAD5,O=C1Nc2cc(CNC3CCCNC3c3ccccc3)ccc2C2CC12,1,0,
SR-ATAD5,O=C1Nc2ccccc2C(C#CC2CC2)O1,1,0,0.0
SR-ATAD5,O=C1Nc2ccccc2C1=CC1=CCC=N1,1,0,
SR-ATAD5,O=C1Nc2ccccc2C1=Cc1ccc[nH]1,1,0,0.0
SR-ATAD5,O=C1Nc2ccccc2C1C(=O)c1cccs1,1,0,0.0
SR-ATAD5,O=C1Nc2ccccc2CCC1NCCCc1ccccc1,1,0,
SR-ATAD5,O=C1Nc2ccccc2CO1,1,0,
SR-ATAD5,O=C1Nc2ccccc2N(C(=O)CN2CCNCC2)c2cscc21,1,0,0.0
SR-ATAD5,O=C1Nc2ccccc2Nc2ccccc21,1,0,0.0
SR-ATAD5,O=C1Nc2ccccc2OC1(c1ccccc1)c1ccccc1,1,0,0.0
SR-ATAD5,O=C1Nc2ccccc2Oc2ccccc21,1,0,
SR-ATAD5,O=C1Nc2cccnc2N(C(=O)CN2CCCCC2)c2ccccc21,1,0,0.0
SR-ATAD5,O=C1Nc2cccnc2N(C(=O)CN2CCNCC2)c2ccccc21,1,0,0.0
SR-ATAD5,O=C1Nc2cccnc2N(C2CC2)c2ncccc21,1,0,0.0
SR-ATAD5,O=C1Nc2nc(Nc3ccc4c(c3)OCCO4)ncc2CN1c1ccccc1,1,0,
SR-ATAD5,O=C1OC(=O)C2C3CCC(O3)C12,1,1,1.0
SR-ATAD5,O=C1OC(=O)C2CC=CCC12,1,0,0.0
SR-ATAD5,O=C1OC(=O)C2CCCC=C12,1,0,0.0
SR-ATAD5,O=C1OC(=O)C2CCCCC12,1,0,0.0
SR-ATAD5,O=C1OC(=O)c2cc(-c3ccc4c(c3)C(=O)OC4=O)ccc21,1,0,0.0
SR-ATAD5,O=C1OC(=O)c2cc(Oc3ccc(Cc4ccc(Oc5ccc6c(c5)C(=O)OC6=O)cc4)cc3)ccc21,1,0,0.0
SR-ATAD5,O=C1OC(=O)c2cccc3cccc1c23,1,0,0.0
SR-ATAD5,O=C1OC(CCc2ccccc2)CC=C1Cc1cccc(NS(=O)(=O)c2ccccn2)c1,1,0,0.0
SR-ATAD5,O=C1OC(CCc2ccccc2)CC=C1Sc1ccccc1,1,0,0.0
SR-ATAD5,O=C1OC(CN2CCOCC2)CN1N=Cc1ccco1,1,0,0.0
SR-ATAD5,O=C1OC(OC(=O)c2cccnc2Nc2ccccc2)c2ccccc21,1,0,0.0
SR-ATAD5,O=C1OC(c2ccc(Oc3ccccc3)cc2)C(=O)N1Nc1ccccc1,1,0,0.0
SR-ATAD5,O=C1OC(c2ccccc2)CN1CCCN1CCCCCC1,1,0,
SR-ATAD5,O=C1OC2(C=C1c1ccccc1)CCCC2,1,0,0.0
SR-ATAD5,O=C1OC2(C=C1c1ccccc1)CCCCC2,1,0,0.0
SR-ATAD5,O=C1OC2(CCN1CC1CCOCC1)CCN(C1CCN(C(=O)c3cncnc3)CC1)CC2,1,0,0.0
SR-ATAD5,O=C1OC2CC(CC=CC(OC3CCC(OC4CCCCO4)CO3)CC=CC=C3COC4CC=CC1C34)OC1(C=CCC(C3CCCCC3)O1)C2,1,0,
SR-ATAD5,O=C1OC2CC(CC=CC(OC3CCC(OC4CCCCO4)CO3)CC=CC=C3COC4CC=CC1C34)OC1(CCCCO1)C2,1,0,
SR-ATAD5,O=C1OC2CC(CC=CCCC=CC=C3COC4CC=CC1C34)OC1(CCCCO1)C2,1,0,
SR-ATAD5,O=C1OC2CC1C1CC3OC34C(=O)OC2C14,1,0,0.0
SR-ATAD5,O=C1OC2CCCOC2c2ccccc21,1,0,0.0
SR-ATAD5,O=C1OCC(Cc2ccccc2)C1Cc1ccccc1,1,0,0.0
SR-ATAD5,O=C1OCC(c2ccccc2)=C1c1ccccc1,1,0,0.0
SR-ATAD5,O=C1OCC2C(OC3CCC4OC(c5cccs5)OCC4O3)c3cc4c(cc3C(c3ccccc3)C12)OCO4,1,0,0.0
SR-ATAD5,O=C1OCC2c3c(ccc4c3OCO4)C(SCC13NCCc1ccccc13)C1C3NC(Cc4ccccc43)CN21,1,0,0.0
SR-ATAD5,O=C1OCCC(=CNCc2cncnc2)S1,1,0,
SR-ATAD5,O=C1OCCCCCCCCCCc2ccccc21,1,0,0.0
SR-ATAD5,O=C1OCCN1N=Cc1ccco1,1,0,0.0
SR-ATAD5,O=C1OCCN1Nc1ccccc1,1,0,0.0
SR-ATAD5,O=C1OCCN1c1ccc(N2CCOCC2)cc1,1,0,0.0
SR-ATAD5,O=C1OCc2ccccc21,1,0,0.0
SR-ATAD5,O=C1O[Sb]2OCC3O[Sb](OCC1O2)OC3=O,1,0,0.0
SR-ATAD5,O=C1SCCC1=CC1CC1C(=O)OCc1coc(Cc2ccccc2)c1,1,0,0.0
SR-ATAD5,O=C1c2c([nH]c3ccccc23)CCC1Cn1ccnc1,1,0,0.0
SR-ATAD5,O=C1c2c([nH]c3ccccc23)CCN1Cc1cnc[nH]1,1,0,0.0
SR-ATAD5,O=C1c2cc[nH]c2CCC1CN1CCOCC1,1,0,0.0
SR-ATAD5,O=C1c2ccc3c(c2OC2COc4ccccc4C12)CCO3,1,0,0.0
SR-ATAD5,O=C1c2cccc3c2C(CCC3)CN1C1CN2CCC1CC2,1,0,0.0
SR-ATAD5,O=C1c2ccccc2-c2n[nH]c3cccc1c23,1,0,0.0
SR-ATAD5,O=C1c2ccccc2-n2cncc2C2CCCN12,1,0,0.0
SR-ATAD5,O=C1c2ccccc2C(=O)N1CCc1noc(-c2ccc(CN3CCCCCC3)s2)n1,1,0,0.0
SR-ATAD5,O=C1c2ccccc2C(=O)N1SC1CCCCC1,1,0,0.0
SR-ATAD5,O=C1c2ccccc2C(=O)N1c1ccccc1,1,0,0.0
SR-ATAD5,O=C1c2ccccc2C(=O)c2cc(C3CCCCO3)ccc21,1,0,0.0
SR-ATAD5,O=C1c2ccccc2C(=O)c2cc3c(cc21)CCCC3OC1CC(N2CCOCC2)CCO1,1,0,
SR-ATAD5,O=C1c2ccccc2C(=O)c2cc3c(cc21)CCCC3OC1CCC(OC2CCCCO2)CO1,1,0,
SR-ATAD5,O=C1c2ccccc2C(C2CCCCO2)c2ccccc21,1,0,0.0
SR-ATAD5,O=C1c2ccccc2C(C2c3ccccc3C(=O)c3c(OC4CCCCO4)cccc32)c2cccc(OC3CCCCO3)c21,1,0,0.0
SR-ATAD5,O=C1c2ccccc2C2=Nc3ccccc3CN12,1,0,
SR-ATAD5,O=C1c2ccccc2CC1CC1CCN(Cc2ccccc2)CC1,1,0,0.0
SR-ATAD5,O=C1c2ccccc2CCc2ccccc21,1,0,0.0
SR-ATAD5,O=C1c2ccccc2CN1C1CCCCC1,1,0,
SR-ATAD5,O=C1c2ccccc2CN2C(=O)c3ccccc3CN12,1,0,0.0
SR-ATAD5,O=C1c2ccccc2COc2ccccc21,1,0,
SR-ATAD5,O=C1c2ccccc2NCN1c1ccccc1,1,0,0.0
SR-ATAD5,O=C1c2ccccc2S(=O)(=O)N1CCCCN1CCN(c2ncccn2)CC1,1,0,0.0
SR-ATAD5,O=C1c2ccccc2S(=O)(=O)N1COc1cc(=O)n2cccc(OCCN3CCCCC3)c2n1,1,0,0.0
SR-ATAD5,O=P(N1CC1)(N1CC1)N1CC1,1,0,0.0
SR-ATAD5,O=P(c1ccccc1)(c1ccccc1)c1ccccc1,1,0,0.0
SR-ATAD5,O=S(=O)(CCc1ccc2[nH]cc(CC3CCCN3)c2c1)c1ccccc1,1,0,0.0
SR-ATAD5,O=S(=O)(Cc1ccc2[nH]ccc2c1)N1CCCC1,1,0,0.0
SR-ATAD5,O=S(=O)(Cc1ccccc1)c1ccccc1N1CCC(c2ccccc2)CC1,1,0,0.0
SR-ATAD5,O=S(=O)(NC1CCCC1)c1ccc(Oc2ccccc2)cc1,1,0,0.0
SR-ATAD5,O=S(=O)(NC1CCOCC1)c1ccc(Oc2ccccc2)cc1,1,0,0.0
SR-ATAD5,O=S(=O)(NC1CCc2[nH]c3ccccc3c2C1)c1ccccc1,1,0,
SR-ATAD5,O=S(=O)(NCC1CCCO1)c1ccccc1,1,0,0.0
SR-ATAD5,O=S(=O)(NCCNS(=O)(=O)c1ccccc1)c1ccccc1,1,0,0.0
SR-ATAD5,O=S(=O)(NCC[n+]1ccccc1)c1ccccc1N=Nc1ccccc1,1,0,0.0
SR-ATAD5,O=S(=O)(NCCc1ccccc1)c1ccccc1,1,0,0.0
SR-ATAD5,O=S(=O)(NCCc1cccs1)c1ccccc1,1,0,0.0
SR-ATAD5,O=S(=O)(NCc1ccccc1)c1ccccc1,1,0,0.0
SR-ATAD5,O=S(=O)(Nc1ccccc1)c1nc2ncccn2n1,1,0,0.0
SR-ATAD5,O=S(=O)(Nc1ccccn1)c1ccc(N=Nc2ccccc2)cc1,1,0,0.0
SR-ATAD5,O=S(=O)(Nc1ccccn1)c1ccccc1,1,0,0.0
SR-ATAD5,O=S(=O)(Nc1ccnn1-c1ccccc1)c1ccccc1,1,0,0.0
SR-ATAD5,O=S(=O)(Nc1cnc2ccccc2n1)c1ccccc1,1,0,0.0
SR-ATAD5,O=S(=O)(Nc1cnccn1)c1ccccc1,1,0,0.0
SR-ATAD5,O=S(=O)(Nc1nc(-c2ncccn2)ncc1Oc1ccccc1)c1ccccc1,1,0,0.0
SR-ATAD5,O=S(=O)(Nc1nc2ccncn2n1)c1ccccc1,1,0,0.0
SR-ATAD5,O=S(=O)(Oc1ccc(N=Nc2ccc(-c3ccc(N=Nc4cccc5ccccc45)cc3)cc2)cc1)c1ccccc1,1,0,0.0
SR-ATAD5,O=S(=O)(c1cccc2cnccc12)N1CCCNCC1,1,0,0.0
SR-ATAD5,O=S1(=O)C=CS(=O)(=O)CC1,1,0,0.0
SR-ATAD5,O=S1(=O)CC=CC1,1,0,0.0
SR-ATAD5,O=S1(=O)CCCCN1c1ccccc1,1,0,
SR-ATAD5,O=S1(=O)CCCO1,1,0,0.0
SR-ATAD5,O=S1(=O)CCCc2ccccc21,1,0,0.0
SR-ATAD5,O=S1(=O)CCN(N=Cc2ccco2)CC1,1,0,0.0
SR-ATAD5,O=S1(=O)NC(C2CC3C=CC2C3)Nc2ccccc21,1,0,0.0
SR-ATAD5,O=S1(=O)NC(CC2CCCC2)Nc2ccccc21,1,0,0.0
SR-ATAD5,O=S1(=O)NC(CSCc2ccccc2)=Nc2ccccc21,1,0,0.0
SR-ATAD5,O=S1(=O)NCCc2ccsc21,1,0,0.0
SR-ATAD5,O=S1(=O)OCC2C3C=CC(C3)C2CO1,1,0,0.0
SR-ATAD5,O=S1(=O)OCCO1,1,0,0.0
SR-ATAD5,O=S1(=O)c2cccc3cccc(c23)N1CCCN1CCN(c2ccccc2)CC1,1,0,0.0
SR-ATAD5,O=S1(=O)c2ccccc2C(c2ccc3c(c2)OCO3)=CN1c1ccccc1,1,0,0.0
SR-ATAD5,O=S1(=O)c2ccccc2Nc2ccccc21,1,0,0.0
SR-ATAD5,O=S1OCCO1,1,0,0.0
SR-ATAD5,O=[PH](OCC1CCC(n2cnc3cncnc32)O1)O[PH](=O)OCC1CCC([n+]2ccccc2)O1,1,0,0.0
SR-ATAD5,O=[PH](OCc1ccccc1)OCc1ccccc1,1,0,0.0
SR-ATAD5,O=[PH](Sc1ccccc1)Sc1ccccc1,1,0,0.0
SR-ATAD5,O=[PH](c1ccccc1)c1ccccc1,1,0,0.0
SR-ATAD5,O=[PH]1Oc2ccccc2-c2ccccc21,1,0,0.0
SR-ATAD5,O=c1[nH][nH]c(=O)c2ccccc12,1,0,0.0
SR-ATAD5,O=c1[nH][nH]c2ccccc12,1,0,0.0
SR-ATAD5,O=c1[nH]c(-c2cccc(S(=O)(=O)N3CCNCC3)c2)nc2cn(Cc3ccccn3)nc12,1,0,0.0
SR-ATAD5,O=c1[nH]c(-c2cccc(S(=O)(=O)N3CCNCC3)c2)nc2cn[nH]c12,1,0,0.0
SR-ATAD5,O=c1[nH]c(-c2ccccc2)nc2[nH]nnc12,1,0,0.0
SR-ATAD5,O=c1[nH]c(=Nc2ccccc2)cc2n1CCc1ccccc1-2,1,0,
SR-ATAD5,O=c1[nH]c(=O)c2[nH]c(=O)[nH]c2[nH]1,1,0,0.0
SR-ATAD5,O=c1[nH]c(=O)c2[nH]c(C=Cc3ccccc3)nc2[nH]1,1,0,
SR-ATAD5,O=c1[nH]c(=O)c2[nH]c(Cc3ccccc3)nc2[nH]1,1,0,0.0
SR-ATAD5,O=c1[nH]c(=O)c2c(ncn2CC2OCCO2)[nH]1,1,0,0.0
SR-ATAD5,O=c1[nH]c(=O)c2c(ncn2CCNCCc2ccccc2)[nH]1,1,0,0.0
SR-ATAD5,O=c1[nH]c(=O)c2c[nH]nc2[nH]1,1,0,0.0
SR-ATAD5,O=c1[nH]c(=O)c2ccccc2o1,1,0,0.0
SR-ATAD5,O=c1[nH]c(=O)n(-c2ccc(Oc3ccccc3)cc2)c(=O)[nH]1,1,0,0.0
SR-ATAD5,O=c1[nH]c(=O)n(Cc2ccco2)c2nc[nH]c12,1,0,0.0
SR-ATAD5,O=c1[nH]c(CC2CCCCC2)no1,1,0,0.0
SR-ATAD5,O=c1[nH]c2c(sc3ncc(-c4ccccc4)nc32)c(=O)n1CCCCN1CC2COc3ccccc3C2C1,1,0,
SR-ATAD5,O=c1[nH]c2ccc(N3CCOCC3)cc2[nH]c1=O,1,0,0.0
SR-ATAD5,O=c1[nH]c2ccc([SH+]CCN3CCC(Cc4ccccc4)CC3)cc2o1,1,0,0.0
SR-ATAD5,O=c1[nH]c2cccc(-n3cnnc3-c3ccc[nH+]c3)c2[nH]c1=O,1,0,0.0
SR-ATAD5,O=c1[nH]c2ccccc2[nH]1,1,0,0.0
SR-ATAD5,O=c1[nH]c2ccccc2c(=O)n1Cc1ccccc1,1,0,0.0
SR-ATAD5,O=c1[nH]c2ccccc2c(=O)o1,1,0,0.0
SR-ATAD5,O=c1[nH]c2ccccc2n1C1CCN(CC2OCc3ccccc3-n3cccc32)CC1,1,0,
SR-ATAD5,O=c1[nH]c2ccccc2n1C1CCN(CCCC(c2ccccc2)c2ccccc2)CC1,1,0,
SR-ATAD5,O=c1[nH]c2ccccc2n1CCCN1CCC(n2c(=O)[nH]c3ccccc32)CC1,1,0,
SR-ATAD5,O=c1[nH]c2ccccc2n1CCCN1CCN(C(c2ccccc2)c2ccccc2)CC1,1,0,
SR-ATAD5,O=c1[nH]c2ccccc2nc1Cc1ccccc1,1,0,0.0
SR-ATAD5,O=c1[nH]c2ccccc2s1,1,0,0.0
SR-ATAD5,O=c1[nH]c2ncccc2o1,1,0,0.0
SR-ATAD5,O=c1[nH]cnc2[nH]cc(CN3CCCCC3)c12,1,0,0.0
SR-ATAD5,O=c1[nH]cnc2c1[nH]c(=O)n2C1CCCO1,1,0,0.0
SR-ATAD5,O=c1[nH]cnc2c1ncn2C1CCCO1,1,0,0.0
SR-ATAD5,O=c1[nH]cnc2ccc(CNc3cccs3)cc12,1,0,0.0
SR-ATAD5,O=c1[nH]cnc2cccc(Sc3ccncc3)c12,1,0,0.0
SR-ATAD5,O=c1[nH]cnc2ccccc12,1,0,0.0
SR-ATAD5,O=c1[nH]cnc2nc[nH]c12,1,0,
SR-ATAD5,O=c1[nH]cnnc1-c1ccccc1,1,0,0.0
SR-ATAD5,O=c1[nH]nc2c3cc(-c4ccccc4)c(-c4ccc(C5CCC5)cc4)nc3ccn12,1,0,0.0
SR-ATAD5,O=c1[nH]ncc2ccccc12,1,0,0.0
SR-ATAD5,O=c1[nH]ncn1-c1ccc(N2CCN(c3ccc(OCC4COC(Cn5cncn5)(c5ccccc5)C4)cc3)CC2)cc1,1,0,0.0
SR-ATAD5,O=c1[nH]ncn1-c1ccc(N2CCN(c3ccc(OCC4COC(Cn5cncn5)(c5ccccc5)O4)cc3)CC2)cc1,1,0,0.0
SR-ATAD5,O=c1[nH]ncs1,1,0,0.0
SR-ATAD5,O=c1[nH]nnc2cncn12,1,0,0.0
SR-ATAD5,O=c1[nH]nnn1CCN1CCC(Nc2ccccc2)CC1,1,0,0.0
SR-ATAD5,O=c1[nH]oc2c1CCNC2,1,0,0.0
SR-ATAD5,O=c1c(-c2ccccc2)c1-c1ccccc1,1,0,
SR-ATAD5,O=c1c(-c2ccccc2)c[nH]cc1-c1ccccc1,1,0,0.0
SR-ATAD5,O=c1c(-c2nnn[nH]2)cnc2ccccn12,1,0,0.0
SR-ATAD5,O=c1c(CCN2CCC(=C(c3ccccc3)c3ccccc3)CC2)cnc2sccn12,1,0,0.0
SR-ATAD5,O=c1c(N=Nc2ccccc2)c[nH]n1-c1ccccc1,1,0,0.0
SR-ATAD5,O=c1c2ccccc2[nH]c2ccccc12,1,0,0.0
SR-ATAD5,O=c1c2ccccc2[se]n1-c1ccccc1,1,0,0.0
SR-ATAD5,O=c1c2ccccc2c(=O)c2c1ccc1[nH]c3c(ccc4c(=O)c5ccccc5c(=O)c43)[nH]c12,1,0,0.0
SR-ATAD5,O=c1c2ccccc2c(Cc2ccccc2)nn1C1CCCNCC1,1,0,0.0
SR-ATAD5,O=c1c2ccccc2cnn1Cc1ccccc1,1,0,0.0
SR-ATAD5,O=c1c2ccccc2oc2ccccc12,1,0,0.0
SR-ATAD5,O=c1c2ccccc2oc2ncccc12,1,1,1.0
SR-ATAD5,O=c1c2sccsc=2c(=O)c2ccccc12,1,0,0.0
SR-ATAD5,O=c1cc(-c2ccccc2)[nH]cn1,1,0,0.0
SR-ATAD5,O=c1cc(-c2ccccc2)oc2c(C3CCNCC3)cccc12,1,0,0.0
SR-ATAD5,O=c1cc(-c2ccccc2)oc2cc(OC3CCCC(COC4CCCCO4)O3)ccc12,1,0,0.0
SR-ATAD5,O=c1cc(-c2ccccc2)oc2ccc3ccccc3c12,1,1,1.0
SR-ATAD5,O=c1cc(CCN2CCN(c3nccc4sccc34)CC2)c2ccccc2[nH]1,1,0,0.0
SR-ATAD5,O=c1cc(CNCCc2ccccc2)[nH]n1-c1ccccc1,1,0,0.0
SR-ATAD5,O=c1cc(N2CCOCC2)cn[nH]1,1,0,
SR-ATAD5,O=c1cc(NCC=CCOc2cc(CN3CCCCC3)ccn2)c1=O,1,0,0.0
SR-ATAD5,O=c1cc(NCCCN2CCN(c3ccccc3)CC2)[nH]c(=O)[nH]1,1,0,0.0
SR-ATAD5,O=c1cc(NCCNCCCc2ccccc2)[nH]c(=O)[nH]1,1,0,0.0
SR-ATAD5,O=c1cc(Oc2ccccc2)c2cncnc2[nH]1,1,0,0.0
SR-ATAD5,O=c1cc(SCc2ccccc2)cn[nH]1,1,0,0.0
SR-ATAD5,O=c1cc2n(c3cc(N4CCNCC4)ccc13)CS2,1,0,
SR-ATAD5,O=c1cc2oc3ccccc3nc-2c2cccnc12,1,0,0.0
SR-ATAD5,O=c1cc[nH]c(=O)n1-c1ccccc1,1,0,0.0
SR-ATAD5,O=c1cc[nH]c2cc(OCc3ccccc3)ccc12,1,0,0.0
SR-ATAD5,O=c1cc[nH]c2cc3c(cc12)OCO3,1,0,0.0
SR-ATAD5,O=c1cc[nH]c2cc3occc(=O)c3cc12,1,0,0.0
SR-ATAD5,O=c1cc[nH]c2ccccc12,1,0,0.0
SR-ATAD5,O=c1cc[nH]c2nc(N3CCCC3)ncc12,1,0,0.0
SR-ATAD5,O=c1cc[nH]c2nc(N3CCNCC3)ccc12,1,0,0.0
SR-ATAD5,O=c1cc[nH]c2nc(N3CCNCC3)ncc12,1,0,0.0
SR-ATAD5,O=c1cc[nH]c2ncccc12,1,0,0.0
SR-ATAD5,O=c1cc[nH]cc1,1,0,0.0
SR-ATAD5,O=c1ccc(-c2ccc3nccn3c2)c[nH]1,1,0,0.0
SR-ATAD5,O=c1ccc(-c2ccccc2)n[nH]1,1,1,1.0
SR-ATAD5,O=c1ccc(=O)[nH][nH]1,1,0,0.0
SR-ATAD5,O=c1ccc(C2CC3OC34C2CCC2C3CCCCC3CCC24)co1,1,0,
SR-ATAD5,O=c1ccc(C2CCC3C2CCC2C4CCC(OC5CCCCO5)C=C4CCC23)co1,1,0,
SR-ATAD5,O=c1ccc1=O,1,0,0.0
SR-ATAD5,O=c1ccc2cc(OC3CCCCO3)ccc2o1,1,0,0.0
SR-ATAD5,O=c1ccc2cc(OCCCNCc3ccccc3)ccc2[nH]1,1,0,0.0
SR-ATAD5,O=c1ccc2ccc(OC3CCCCS3)cc2o1,1,0,
SR-ATAD5,O=c1ccc2ccccc2[nH]1,1,0,0.0
SR-ATAD5,O=c1cccc(C2CCCCC2)[nH]1,1,0,
SR-ATAD5,O=c1cccc(C=Cc2ccccc2)o1,1,1,1.0
SR-ATAD5,O=c1cccc2c(c1)CCCc1cc(OC3CCCCO3)ccc1-2,1,0,0.0
SR-ATAD5,O=c1cccc[nH]1,1,0,
SR-ATAD5,O=c1cccccc1,1,0,0.0
SR-ATAD5,O=c1ccccn1-c1ccccc1,1,0,0.0
SR-ATAD5,O=c1cccco1,1,0,0.0
SR-ATAD5,O=c1ccn(-c2ccccc2)c2ccc(Nc3ccccc3)cc12,1,0,0.0
SR-ATAD5,O=c1ccn(-c2ccccc2)c2nc(N3CCCC3)ccc12,1,0,0.0
SR-ATAD5,O=c1ccn(C2C=CCO2)c(=O)[nH]1,1,0,0.0
SR-ATAD5,O=c1ccn(C2CC2)c2cc(-c3ccc4c(c3)CNC4)ccc12,1,0,
SR-ATAD5,O=c1ccn(C2CC2)c2cc(N3CC4CC3CN4)ccc12,1,0,0.0
SR-ATAD5,O=c1ccn(C2CC2)c2cc(N3CC4CCCNC4C3)ccc12,1,0,0.0
SR-ATAD5,O=c1ccn(C2CC2)c2cc(N3CCC4(CC4)C3)ccc12,1,0,0.0
SR-ATAD5,O=c1ccn(C2CC2)c2cc(N3CCCCC3)ccc12,1,0,0.0
SR-ATAD5,O=c1ccn(C2CC2)c2ccccc12,1,0,
SR-ATAD5,O=c1ccn2c3c(c(C4CC4)ccc13)OCC2,1,0,0.0
SR-ATAD5,O=c1ccn2c3c(c(N4CCCCC4)ccc13)CCC2,1,0,0.0
SR-ATAD5,O=c1ccn2c3c(c(N4CCNCC4)ccc13)OCC2,1,0,0.0
SR-ATAD5,O=c1ccn2c3c(c(N4CCNCC4)ccc13)OCN2,1,0,0.0
SR-ATAD5,O=c1ccn2c3c(c(N4CCNCC4)ccc13)SCC2,1,0,0.0
SR-ATAD5,O=c1ccnc(NC2CCN(c3nc4ccccc4n3Cc3ccccc3)CC2)[nH]1,1,0,0.0
SR-ATAD5,O=c1cco[nH]1,1,0,0.0
SR-ATAD5,O=c1ccoc2cc3occc3cc12,1,0,0.0
SR-ATAD5,O=c1ccoc2ccc(Oc3ccccc3)cc12,1,0,0.0
SR-ATAD5,O=c1ccss1,1,0,0.0
SR-ATAD5,O=c1cn[nH]c(=S)[nH]1,1,0,0.0
SR-ATAD5,O=c1cn[nH]c2cc3c(cc12)OCO3,1,0,0.0
SR-ATAD5,O=c1cnn(-c2ccc(Cc3ccccc3)cc2)c(=O)[nH]1,1,0,
SR-ATAD5,O=c1cnn(C2CCCO2)c(=O)[nH]1,1,0,
SR-ATAD5,O=c1cnnc[nH]1,1,0,0.0
SR-ATAD5,O=c1n(CC2CO2)c(=O)n(CC2CO2)c(=O)n1CC1CO1,1,1,1.0
SR-ATAD5,O=c1n(CCCN2CCN(c3ccccc3)CC2)nc2ccccn12,1,0,0.0
SR-ATAD5,O=c1n(CCOc2ccccc2)cnn1CCCN1CCN(c2ccccc2)CC1,1,0,0.0
SR-ATAD5,O=c1n(Cc2ccccc2)c(=O)n(Cc2ccccc2)c(=O)n1Cc1ccccc1,1,0,0.0
SR-ATAD5,O=c1nc(-c2cccc(S(=O)(=O)N3CCNCC3)c2)[nH]n2cncc12,1,0,0.0
SR-ATAD5,O=c1nc(NS(=O)(=O)c2ccccc2)cc[nH]1,1,0,
SR-ATAD5,O=c1nc[nH]c(=O)n1C1CCCCC1,1,0,0.0
SR-ATAD5,O=c1nc[nH]c2[nH]cc(CCc3ccccc3)c12,1,0,0.0
SR-ATAD5,O=c1nc[nH]c2c1NC(CNc1ccccc1)CN2,1,0,0.0
SR-ATAD5,O=c1nc[nH]c2ncc(CNc3ccccc3)nc12,1,0,0.0
SR-ATAD5,O=c1ncccn1C1COCO1,1,0,0.0
SR-ATAD5,O=c1nccnn1C1CCCO1,1,0,0.0
SR-ATAD5,O=c1nn[nH]c2ccccc12,1,0,0.0
SR-ATAD5,O=c1oc(=O)c2cc3c(=O)oc(=O)c3cc12,1,0,0.0
SR-ATAD5,O=c1oc2cccc3c(=O)oc4cccc1c4c23,1,0,0.0
SR-ATAD5,O=c1oc2ccccc2c2oc3ccccc3c12,1,1,1.0
SR-ATAD5,O=c1oc2ccccc2cc1C(CCc1ccc(-c2ccccc2)cc1)c1ccccc1,1,0,0.0
SR-ATAD5,O=c1oc2ccccc2cc1C1CCCc2ccccc21,1,0,0.0
SR-ATAD5,O=c1oc2ccccc2s1,1,0,0.0
SR-ATAD5,O=c1occ(CN2CCN(c3ccc4c(=O)cc5n(c4c3)CS5)CC2)o1,1,0,0.0
SR-ATAD5,O=c1ocnc2ccccc12,1,0,0.0
SR-ATAD5,O=c1ocnn1-c1ccccc1,1,0,0.0
SR-ATAD5,O=c1sc(=Nc2ccccc2)n2n1CCCC2,1,0,0.0
SR-ATAD5,O=c1sc2ccccc2cc1C1CC(c2ccc(-c3ccccc3)cc2)Cc2ccccc21,1,0,
SR-ATAD5,S=C(NC1CCCCC1)NC1CCCCC1,1,0,0.0
SR-ATAD5,S=C(Nc1ccccc1)Oc1ccc2c(c1)C1CCC2C1,1,0,
SR-ATAD5,S=C(Nc1ccccc1)Oc1ccc2c(c1)CCC2,1,0,0.0
SR-ATAD5,S=C(Nc1ccccc1)Oc1ccc2ccccc2c1,1,0,0.0
SR-ATAD5,S=C(Nc1ccccn1)Oc1ccc2c(c1)CCCC2,1,0,0.0
SR-ATAD5,S=C(SSC(=S)N1CCCCC1)N1CCCCC1,1,1,1.0
SR-ATAD5,S=C(SSSSSSC(=S)N1CCCCC1)N1CCCCC1,1,1,1.0
SR-ATAD5,S=C1CN=C(c2ccccc2)c2ccccc2N1,1,0,
SR-ATAD5,S=C1NC(c2ccccc2)N2C(=S)NC(c3ccccc3)N12,1,0,0.0
SR-ATAD5,S=C1NC=NC2N=CNC12,1,0,0.0
SR-ATAD5,S=C1NCCN1,1,0,0.0
SR-ATAD5,S=C1NCNCS1,1,0,0.0
SR-ATAD5,S=C1SCN(Cc2ccccc2)CN1Cc1ccccc1,1,0,0.0
SR-ATAD5,S=P(N1CC1)(N1CC1)N1CC1,1,0,0.0
SR-ATAD5,S=c1[nH]c2ccccc2[nH]1,1,0,0.0
SR-ATAD5,S=c1[nH]cnc2[nH]cnc12,1,0,0.0
SR-ATAD5,S=c1[nH]cnc2nc[nH]c12,1,0,0.0
SR-ATAD5,S=c1cc(-c2ccccc2)ss1,1,0,0.0
SR-ATAD5,S=c1cccc[nH]1,1,1,1.0
SR-ATAD5,S=c1cccc[nH]1.S=c1cccc[nH]1,1,1,1.0
SR-ATAD5,S=c1nc[nH][nH]1,1,0,0.0
SR-ATAD5,S=c1nccc[nH]1,1,0,0.0
SR-ATAD5,S=c1scc(-c2ccccc2)n1N=Cc1ccccc1,1,0,0.0
SR-ATAD5,[C-]1=CCC=C1.c1cc[cH-]c1,1,0,0.0
SR-ATAD5,[N+]=C1C=Cc2ccccc2C1=O,1,0,
SR-ATAD5,c1[nH]nc2c1CC1NCCCC1C2,1,0,0.0
SR-ATAD5,c1[nH]nc2c1CCCC2,1,0,0.0
SR-ATAD5,c1c2c(nc3c1CCC3)CCCC2,1,0,0.0
SR-ATAD5,c1c[n+](N2CCOCC2)no1,1,0,0.0
SR-ATAD5,c1c[nH+]ccn1,1,0,0.0
SR-ATAD5,c1cc(-c2ccc3ccccc3c2)cc(C23CC4CC(CC(C4)C2)C3)c1,1,0,0.0
SR-ATAD5,c1cc(-c2ccncc2)ccn1,1,0,0.0
SR-ATAD5,c1cc(C(c2ccc(OCC3CO3)cc2)c2ccc(OCC3CO3)cc2)ccc1OCC1CO1,1,0,
SR-ATAD5,c1cc(CCCOc2ccc(-c3ncon3)cc2)on1,1,0,
SR-ATAD5,c1cc(CCCc2ccncc2)ccn1,1,0,0.0
SR-ATAD5,c1cc(CN2CCCCC2)cc(OCCCNc2nc3ccccc3s2)c1,1,0,
SR-ATAD5,c1cc(N(CC2CO2)CC2CO2)ccc1Cc1ccc(N(CC2CO2)CC2CO2)cc1,1,1,1.0
SR-ATAD5,c1cc(N(CC2CO2)CC2CO2)ccc1OCC1CO1,1,1,1.0
SR-ATAD5,c1cc(N2CCCCC2)nc[nH+]1,1,0,0.0
SR-ATAD5,c1cc(N2CCN(c3ncncn3)CC2)ncn1,1,0,0.0
SR-ATAD5,c1cc(NC2=NCCN2)c2nsnc2c1,1,0,0.0
SR-ATAD5,c1cc(OCC2CO2)cc(OCC2CO2)c1,1,0,0.0
SR-ATAD5,c1cc(SSc2ccoc2)co1,1,0,0.0
SR-ATAD5,c1cc(Sc2ccc(-n3ccnc3)cc2)cc(C2CCOCC2)c1,1,0,0.0
SR-ATAD5,c1cc2c(c(-c3cc[nH]c3)c1)OCO2,1,0,0.0
SR-ATAD5,c1cc2c(c(N3CCNCC3)c1)OCCO2,1,0,0.0
SR-ATAD5,c1cc2c(c(NC3=NCCN3)c1)CCCC2,1,0,0.0
SR-ATAD5,c1cc2c(c3c1CCC3)CCO2,1,0,0.0
SR-ATAD5,c1cc2c(c[nH+]c3c4cc5c(cc4ccc23)OCO5)c2c1OCO2,1,0,
SR-ATAD5,c1cc2c(cc1OC1CCCC1)CCC1C2CCC2CCCC21,1,0,0.0
SR-ATAD5,c1cc2c(o1)CCCC2,1,0,0.0
SR-ATAD5,c1cc2c3c(c1)OC1C4CCC5(CC4)C(C2)N(CC2CC2)CCC315,1,0,0.0
SR-ATAD5,c1cc2c3c(c1)OC1CCCC4C(C2)N(CC2CCC2)CCC314,1,0,0.0
SR-ATAD5,c1cc2c3c(c1)OC1CCCC4C(C2)NCCC314,1,0,0.0
SR-ATAD5,c1cc2c3c(c1)ccc1cccc(c13)C2,1,0,0.0
SR-ATAD5,c1cc2c3c(c4ccc5ccccc5c4cc3c1)CC2,1,0,0.0
SR-ATAD5,c1cc2cc(c1)Oc1ccc(cc1)CC1NCCc3cc4c(c(c31)Oc1ccc3c(c1)C(C2)NCC3)OCO4,1,0,
SR-ATAD5,c1cc2cc(c1)Oc1ccc3c(c1)C(Cc1ccc(cc1)Oc1cccc4c1C(C2)[NH2+]CC4)NCC3,1,0,0.0
SR-ATAD5,c1cc2cc(c1)Oc1ccc3c(c1)C(Cc1ccc(cc1)Oc1cccc4c1C(C2)[NH2+]CC4)[NH2+]CC3,1,0,0.0
SR-ATAD5,c1cc2ccc3ccc4ccc5cccc6c(c1)c2c3c4c56,1,0,0.0
SR-ATAD5,c1cc2cnn(C3CCCCC3)c2cc1C1CCCCC1,1,0,
SR-ATAD5,c1cc[n+](Cc2cncnc2)cc1,1,0,0.0
SR-ATAD5,c1cc[n+]2c(c1)-c1cccc[n+]1CC2,1,0,0.0
SR-ATAD5,c1cc[nH]c1,1,0,0.0
SR-ATAD5,c1ccc(-c2[nH+]c3ccccc3c3ccccc23)cc1,1,0,
SR-ATAD5,c1ccc(-c2c[nH]c3ccccc23)cc1,1,0,0.0
SR-ATAD5,c1ccc(-c2c[nH]cn2)cc1,1,0,
SR-ATAD5,c1ccc(-c2cc(-c3ccccc3)[nH+][nH]2)cc1,1,0,0.0
SR-ATAD5,c1ccc(-c2cc(C3CC3)nc3ccccc23)cc1,1,0,0.0
SR-ATAD5,c1ccc(-c2cc(N3CCNCC3)nc3c2CCCCCC3)cc1,1,0,0.0
SR-ATAD5,c1ccc(-c2cc3ccccc3n2Cc2ccc(OCCN3CCCCCC3)cc2)cc1,1,0,0.0
SR-ATAD5,c1ccc(-c2cc[nH]c2)cc1,1,0,0.0
SR-ATAD5,c1ccc(-c2cc[nH]n2)cc1,1,0,0.0
SR-ATAD5,c1ccc(-c2ccc(-c3ccccc3)cc2)cc1,1,1,1.0
SR-ATAD5,c1ccc(-c2ccc(C(c3ccccc3)n3ccnc3)cc2)cc1,1,0,0.0
SR-ATAD5,c1ccc(-c2ccc(CC3COc4cc(C5CCCC5)ccc4C3)cc2)cc1,1,0,0.0
SR-ATAD5,c1ccc(-c2ccc(COC3CCC(N4CCCCC4)C3)cc2)cc1,1,0,0.0
SR-ATAD5,c1ccc(-c2ccc(Cn3cnc4ccc(-c5nc6ccccc6[nH]5)cc43)cc2)cc1,1,0,0.0
SR-ATAD5,c1ccc(-c2ccc(NCCN3CCOCC3)nn2)cc1,1,0,0.0
SR-ATAD5,c1ccc(-c2ccc[nH]2)cc1,1,0,0.0
SR-ATAD5,c1ccc(-c2cccc(-c3ccccc3)c2)cc1,1,0,0.0
SR-ATAD5,c1ccc(-c2cccc(-c3cnc4nccnn34)c2)cc1,1,0,0.0
SR-ATAD5,c1ccc(-c2cccc(-c3nc[nH]n3)c2)cc1,1,0,
SR-ATAD5,c1ccc(-c2ccccc2-c2nnn[nH]2)cc1,1,0,0.0
SR-ATAD5,c1ccc(-c2ccccn2)nc1,1,0,0.0
SR-ATAD5,c1ccc(-c2cccnc2-c2cccnc2)cc1,1,0,0.0
SR-ATAD5,c1ccc(-c2ccn(-c3ccccc3)n2)cc1,1,0,0.0
SR-ATAD5,c1ccc(-c2ccnc3ccnn23)cc1,1,0,0.0
SR-ATAD5,c1ccc(-c2ccncc2)cc1,1,0,0.0
SR-ATAD5,c1ccc(-c2ccno2)cc1,1,0,0.0
SR-ATAD5,c1ccc(-c2cnc3ncncc3n2)cc1,1,1,1.0
SR-ATAD5,c1ccc(-c2cncnn2)cc1,1,0,0.0
SR-ATAD5,c1ccc(-c2cncs2)cc1,1,0,0.0
SR-ATAD5,c1ccc(-c2csc(-c3ccccc3)n2)cc1,1,0,0.0
SR-ATAD5,c1ccc(-c2nc(-c3ccc[nH]3)sc2-c2ccccc2)cc1,1,0,0.0
SR-ATAD5,c1ccc(-c2nc(-c3ccccc3)n(-c3ccccc3)n2)cc1,1,0,0.0
SR-ATAD5,c1ccc(-c2nc(-c3ccncc3)no2)cc1,1,1,1.0
SR-ATAD5,c1ccc(-c2nc(CCOc3cccc4[nH]ccc34)co2)cc1,1,0,0.0
SR-ATAD5,c1ccc(-c2nc3ccccc3[nH]2)cc1,1,0,0.0
SR-ATAD5,c1ccc(-c2nc3ncccc3[nH]2)cc1,1,0,0.0
SR-ATAD5,c1ccc(-c2nc[nH]c2-c2ccccc2)cc1,1,0,0.0
SR-ATAD5,c1ccc(-c2ncco2)cc1,1,0,0.0
SR-ATAD5,c1ccc(-c2ncoc2-c2ccc3nncn3c2)cc1,1,0,0.0
SR-ATAD5,c1ccc(-c2ncoc2-c2ccccc2)cc1,1,0,0.0
SR-ATAD5,c1ccc(-c2ncon2)cc1,1,0,0.0
SR-ATAD5,c1ccc(-c2nnc(-c3ccccc3)nn2)cc1,1,1,1.0
SR-ATAD5,c1ccc(-c2nnco2)cc1,1,0,
SR-ATAD5,c1ccc(-c2nnn[nH]2)c(-c2ccc(Cn3ccnc3)cc2)c1,1,0,0.0
SR-ATAD5,c1ccc(-c2nnn[nH]2)c(-c2ccc(Cn3cnc4ccccc43)cc2)c1,1,0,
SR-ATAD5,c1ccc(-c2nnn[nH]2)c(-c2ccc(Cn3cnc4cccnc43)cc2)c1,1,0,0.0
SR-ATAD5,c1ccc(-c2noc(-c3ccccc3)n2)cc1,1,1,1.0
SR-ATAD5,c1ccc(-c2ocnc2C2CCCCC2)cc1,1,0,
SR-ATAD5,c1ccc(-n2cnnn2)cc1,1,0,0.0
SR-ATAD5,c1ccc(B(c2ccccc2)c2ccccc2)cc1,1,0,
SR-ATAD5,c1ccc(C(=C2CCCCC2)c2ccccc2)cc1,1,0,
SR-ATAD5,c1ccc(C(=C2CC[NH2+]C2)c2ccccc2)cc1,1,0,0.0
SR-ATAD5,c1ccc(C(=C2CC[NH2+]CC2)c2ccccc2)cc1,1,0,0.0
SR-ATAD5,c1ccc(C(CCCN2CCCCC2)c2ccccc2)cc1,1,0,0.0
SR-ATAD5,c1ccc(C(CCCN2CCCCC2)c2ccccn2)cc1,1,0,
SR-ATAD5,c1ccc(C(CCCN2CCNCC2)c2ccccc2)cc1,1,0,0.0
SR-ATAD5,c1ccc(C(CCN2CCCC2)C2CCCCC2)cc1,1,0,0.0
SR-ATAD5,c1ccc(C(CCN2CCCCC2)C2CCCCC2)cc1,1,0,0.0
SR-ATAD5,c1ccc(C(CCN2CCCCC2)c2ccccc2)cc1,1,0,0.0
SR-ATAD5,c1ccc(C(CC[NH+]2CCCCC2)c2ccccc2)cc1,1,0,0.0
SR-ATAD5,c1ccc(C(CN2CC[NH2+]CC2)C2CCCCC2)cc1,1,0,0.0
SR-ATAD5,c1ccc(C(Cc2ccncn2)Cn2cncn2)cc1,1,0,0.0
SR-ATAD5,c1ccc(C(Cn2ccnc2)OCc2ccsc2)cc1,1,0,0.0
SR-ATAD5,c1ccc(C(Cn2ccnc2)OCc2csc3ccccc23)cc1,1,0,0.0
SR-ATAD5,c1ccc(C(Cn2cncn2)c2ccccc2)cc1,1,0,0.0
SR-ATAD5,c1ccc(C(OC2CCNCC2)c2ccccc2)cc1,1,0,0.0
SR-ATAD5,c1ccc(C(OCCC2CCCN2)c2ccccc2)cc1,1,0,0.0
SR-ATAD5,c1ccc(C(OCCN2CCCCC2)c2ccccc2)cc1,1,0,0.0
SR-ATAD5,c1ccc(C(c2ccc3nc[nH]c3c2)n2ccnc2)cc1,1,0,0.0
SR-ATAD5,c1ccc(C(c2ccccc2)(c2ccccc2)n2ccnc2)cc1,1,0,0.0
SR-ATAD5,c1ccc(C(c2ccccc2)C2CCN(CCc3ccc4c(c3)CCO4)C2)cc1,1,0,0.0
SR-ATAD5,c1ccc(C(c2ccccc2)C2CCNCC2)cc1,1,0,0.0
SR-ATAD5,c1ccc(C(c2ccccc2)C2CN3CCC2CC3)cc1,1,0,0.0
SR-ATAD5,c1ccc(C(c2ccccc2)N2CCCNCC2)cc1,1,0,0.0
SR-ATAD5,c1ccc(C(c2ccccc2)N2CCN(c3ncncn3)CC2)cc1,1,0,
SR-ATAD5,c1ccc(C(c2ccccc2)c2ccccn2)cc1,1,0,0.0
SR-ATAD5,c1ccc(C(c2ccccc2)c2cccnc2)cc1,1,0,0.0
SR-ATAD5,c1ccc(C(c2ccccc2)n2cncn2)cc1,1,0,0.0
SR-ATAD5,c1ccc(C(c2cncnc2)C2CC2)cc1,1,0,0.0
SR-ATAD5,c1ccc(C2(C3CCCCC3)OCC(C[NH+]3CCCCC3)O2)cc1,1,0,0.0
SR-ATAD5,c1ccc(C2(Cn3ccnc3)OCC(COc3ccc(N4CCNCC4)cc3)O2)cc1,1,0,0.0
SR-ATAD5,c1ccc(C2(Cn3cncn3)OCC(COc3ccc(N4CCNCC4)cc3)O2)cc1,1,0,0.0
SR-ATAD5,c1ccc(C2(c3ccccc3)CC2C2=NCCN2)cc1,1,0,0.0
SR-ATAD5,c1ccc(C2(c3ccccc3)CC3CC2C2CCCC32)cc1,1,0,0.0
SR-ATAD5,c1ccc(C2(c3ccccc3)OCC(C[NH+]3CCCCC3)O2)cc1,1,0,0.0
SR-ATAD5,c1ccc(C2(c3ccccc3)c3ccccc3-c3ccccc32)cc1,1,0,0.0
SR-ATAD5,c1ccc(C2=NC(c3ccccc3)CO2)cc1,1,0,0.0
SR-ATAD5,c1ccc(C2=NC3c4ccccc4CC3S2)cc1,1,0,0.0
SR-ATAD5,c1ccc(C2=NCCNc3ccccc32)cc1,1,0,0.0
SR-ATAD5,c1ccc(C2=NCc3cncn3-c3ccccc32)cc1,1,1,1.0
SR-ATAD5,c1ccc(C2=Nc3c[nH]nc3Nc3ccccc32)cc1,1,1,1.0
SR-ATAD5,c1ccc(C2CC(c3ccc4c(c3)OCO4)c3cccnc32)cc1,1,0,0.0
SR-ATAD5,c1ccc(C2CC2)c(OCC2=NCCN2)c1,1,0,0.0
SR-ATAD5,c1ccc(C2CCC(N3CCC(c4ccccc4)CC3)CC2)cc1,1,0,0.0
SR-ATAD5,c1ccc(C2CCC2)cc1,1,0,0.0
SR-ATAD5,c1ccc(C2CCCCNC2)cc1,1,0,0.0
SR-ATAD5,c1ccc(C2CCCNC2)cc1,1,0,0.0
SR-ATAD5,c1ccc(C2CCCc3cncn32)cc1,1,0,0.0
SR-ATAD5,c1ccc(C2CCN(C3COc4ccccc4C3)CC2)cc1,1,1,1.0
SR-ATAD5,c1ccc(C2CCN(CCCC(c3ccccc3)c3ccccc3)CC2)cc1,1,0,
SR-ATAD5,c1ccc(C2CCNCC2COc2ccc3c(c2)OCO3)cc1,1,0,0.0
SR-ATAD5,c1ccc(C2CCc3ccccc32)cc1,1,0,0.0
SR-ATAD5,c1ccc(C2CCc3ccccc3O2)cc1,1,0,0.0
SR-ATAD5,c1ccc(C2CNCCO2)cc1,1,0,0.0
SR-ATAD5,c1ccc(C2CNCc3ccccc32)cc1,1,0,0.0
SR-ATAD5,c1ccc(C2COc3ccccc3C2c2ccc(OCCN3CCCC3)cc2)cc1,1,0,
SR-ATAD5,c1ccc(C2Cc3ccccc3O2)cc1,1,0,0.0
SR-ATAD5,c1ccc(C2OC2(Cn2cncn2)c2ccccc2)cc1,1,0,0.0
SR-ATAD5,c1ccc(C2OCCNCc3ccccc32)cc1,1,0,0.0
SR-ATAD5,c1ccc(C2OCCO2)cc1,1,0,0.0
SR-ATAD5,c1ccc(C2OCc3ccccc32)cc1,1,0,0.0
SR-ATAD5,c1ccc(CC(c2ccccc2)c2ccccc2)cc1,1,0,
SR-ATAD5,c1ccc(CC2CCCC2)cc1,1,0,0.0
SR-ATAD5,c1ccc(CC2CCCCCC2)cc1,1,0,
SR-ATAD5,c1ccc(CC2CCCCN2)cc1,1,0,0.0
SR-ATAD5,c1ccc(CC2COc3ccc(OCc4nc5ccccc5s4)cc3C2)cc1,1,0,0.0
SR-ATAD5,c1ccc(CC2NCCc3ccccc32)cc1,1,0,0.0
SR-ATAD5,c1ccc(CCC(Cn2ccnc2)Sc2ccccc2)cc1,1,0,0.0
SR-ATAD5,c1ccc(CCC(Cn2cncn2)c2ccccc2)cc1,1,0,
SR-ATAD5,c1ccc(CCC2CO2)cc1,1,0,0.0
SR-ATAD5,c1ccc(CCCCNCc2ccc(-c3ccccn3)cc2)cc1,1,0,0.0
SR-ATAD5,c1ccc(CCCCOCCCCCCNCCc2ccccc2)cc1,1,0,0.0
SR-ATAD5,c1ccc(CCCCn2cncn2)cc1,1,0,0.0
SR-ATAD5,c1ccc(CCCN2CCN(CCOC(c3ccccc3)c3ccccc3)CC2)cc1,1,0,
SR-ATAD5,c1ccc(CCCNCCCc2ccccc2)cc1,1,0,0.0
SR-ATAD5,c1ccc(CCCNCc2cccc3ccccc23)cc1,1,0,
SR-ATAD5,c1ccc(CCCOc2cccc3ccccc23)cc1,1,0,
SR-ATAD5,c1ccc(CCCc2ccccn2)cc1,1,0,0.0
SR-ATAD5,c1ccc(CCCc2ccncc2)cc1,1,0,0.0
SR-ATAD5,c1ccc(CCN2CCC(Nc3nc4ccccc4n3Cc3ccccc3)CC2)cc1,1,0,
SR-ATAD5,c1ccc(CCN2CCC(c3nc4ccccc4[nH]3)CC2)cc1,1,0,
SR-ATAD5,c1ccc(CCNC2CCc3ccccc3C2)cc1,1,0,0.0
SR-ATAD5,c1ccc(CCNCCC(c2ccccc2)c2ccccc2)cc1,1,0,0.0
SR-ATAD5,c1ccc(CCNCCCOc2ccccc2)cc1,1,0,0.0
SR-ATAD5,c1ccc(CCNCCOC(c2ccccc2)c2ccccc2)cc1,1,0,0.0
SR-ATAD5,c1ccc(CCNCCc2cscn2)cc1,1,0,0.0
SR-ATAD5,c1ccc(CCNCc2ccccc2)cc1,1,0,0.0
SR-ATAD5,c1ccc(CCNCc2ccco2)cc1,1,0,
SR-ATAD5,c1ccc(CCNc2ccccc2)cc1,1,0,
SR-ATAD5,c1ccc(CCNc2nc(-c3ccccc3)cs2)cc1,1,1,1.0
SR-ATAD5,c1ccc(CCOC2CCC(Nc3[nH]cnc4nncc3-4)CC2)cc1,1,0,
SR-ATAD5,c1ccc(CCOC2CCCCO2)cc1,1,0,
SR-ATAD5,c1ccc(CCOCC2CC2)cc1,1,0,0.0
SR-ATAD5,c1ccc(CCOCc2cccc(Oc3ccccc3)c2)cc1,1,0,0.0
SR-ATAD5,c1ccc(CCOc2ccccc2)cc1,1,0,0.0
SR-ATAD5,c1ccc(CCOc2ncnc3ccccc23)cc1,1,0,0.0
SR-ATAD5,c1ccc(CCc2cc3c(s2)-n2cnnc2CN=C3c2ccccc2)cc1,1,0,0.0
SR-ATAD5,c1ccc(CCc2cnc3ncncc3n2)cc1,1,0,
SR-ATAD5,c1ccc(CCn2ccnc2)cc1,1,0,0.0
SR-ATAD5,c1ccc(CN(CC2=NCCN2)c2ccccc2)cc1,1,0,0.0
SR-ATAD5,c1ccc(CN(CCN2CCCC2)c2ccccc2)cc1,1,0,
SR-ATAD5,c1ccc(CN(Cc2ccccc2)Cc2ccccc2)cc1,1,0,0.0
SR-ATAD5,c1ccc(CN(c2ccccc2)C2CCNCC2)cc1,1,0,
SR-ATAD5,c1ccc(CN2CCC(Nc3ccccc3)CC2)cc1,1,0,0.0
SR-ATAD5,c1ccc(CN2CCc3ccsc3C2)cc1,1,0,
SR-ATAD5,c1ccc(CNC2CCCNC2c2ccccc2)cc1,1,0,0.0
SR-ATAD5,c1ccc(CNC2CCNc3ccccc32)cc1,1,0,0.0
SR-ATAD5,c1ccc(CNCCC(c2ccccc2)c2ccccc2)cc1,1,0,
SR-ATAD5,c1ccc(CNCCNCc2ccccc2)cc1,1,0,
SR-ATAD5,c1ccc(CNCCOc2ccccc2)cc1,1,0,0.0
SR-ATAD5,c1ccc(CNCc2cccc3ccccc23)cc1,1,0,0.0
SR-ATAD5,c1ccc(CNc2[nH]cnc3ncnc2-3)cc1,1,0,0.0
SR-ATAD5,c1ccc(CNc2ncnc3c2ncn3C2CCCCO2)cc1,1,1,1.0
SR-ATAD5,c1ccc(CNc2ncnc3c2ncn3C2CCCO2)cc1,1,0,
SR-ATAD5,c1ccc(COC2CC3CCC2O3)cc1,1,0,0.0
SR-ATAD5,c1ccc(COCC(OCc2ccccc2)C2OCCC2OCc2ccccc2)cc1,1,0,
SR-ATAD5,c1ccc(COCc2ccccc2)cc1,1,0,0.0
SR-ATAD5,c1ccc(CON=C(Cn2ccnc2)c2ccccc2)cc1,1,0,0.0
SR-ATAD5,c1ccc(COOCc2ccccc2)cc1,1,0,0.0
SR-ATAD5,c1ccc(COc2ccc(Nc3ncnc4ccc(-c5ccco5)cc34)cc2)cc1,1,0,
SR-ATAD5,c1ccc(COc2ccc3c(c2)OCC3)cc1,1,1,1.0
SR-ATAD5,c1ccc(COc2ccc3oc(-c4nccs4)cc3c2)cc1,1,0,
SR-ATAD5,c1ccc(COc2ccccn2)cc1,1,0,0.0
SR-ATAD5,c1ccc(COc2ccn(-c3ccccc3)n2)cc1,1,0,0.0
SR-ATAD5,c1ccc(CSC(Cn2ccnc2)c2ccccc2)cc1,1,0,0.0
SR-ATAD5,c1ccc(CSCc2ccccc2)cc1,1,0,0.0
SR-ATAD5,c1ccc(CSc2nc3ccccc3[nH]2)nc1,1,0,
SR-ATAD5,c1ccc(C[N+]2(CCOCCC3CCC4CC3C4)CCOCC2)cc1,1,0,0.0
SR-ATAD5,c1ccc(C[SH+]c2nc3ncccc3[nH]2)nc1,1,0,0.0
SR-ATAD5,c1ccc(C[n+]2cccc3ccccc32)cc1,1,0,0.0
SR-ATAD5,c1ccc(Cc2cc(C3CCN(CC4CCCC4c4ccccc4)CC3)[nH]n2)cc1,1,0,0.0
SR-ATAD5,c1ccc(Cc2cc(Cc3ccccc3)cc(-n3nc4ccccc4n3)c2)cc1,1,0,0.0
SR-ATAD5,c1ccc(Cc2ccc(Nc3ccc(Cc4ccccc4)cc3)cc2)cc1,1,0,0.0
SR-ATAD5,c1ccc(Cc2cccc(Cc3ccccc3)c2)cc1,1,0,0.0
SR-ATAD5,c1ccc(Cn2c(CN3CCCC3)nc3ccccc32)cc1,1,0,0.0
SR-ATAD5,c1ccc(Cn2c3c(c4ccccc42)CNCC3)cc1,1,0,0.0
SR-ATAD5,c1ccc(Cn2cc[nH+]c2)cc1,1,0,0.0
SR-ATAD5,c1ccc(Cn2ccc3ccccc32)cc1,1,0,0.0
SR-ATAD5,c1ccc(Cn2ccnn2)cc1,1,0,0.0
SR-ATAD5,c1ccc(Cn2cnc3ccccc32)cc1,1,0,0.0
SR-ATAD5,c1ccc(Cn2cnc3cncnc32)cc1,1,0,
SR-ATAD5,c1ccc(Cn2cncn2)cc1,1,0,0.0
SR-ATAD5,c1ccc(N(CC2=NCCN2)c2ccccc2)cc1,1,0,0.0
SR-ATAD5,c1ccc(N(Cc2cccnc2)c2ccccc2)cc1,1,0,0.0
SR-ATAD5,c1ccc(N(Cc2cccs2)C2CCNCC2)cc1,1,0,0.0
SR-ATAD5,c1ccc(N2CCCCC2)nc1,1,0,0.0
SR-ATAD5,c1ccc(N2CCN(C3(c4ccccc4)CCCCC3)CC2)cc1,1,0,0.0
SR-ATAD5,c1ccc(N2CCN(CCCOc3cccc4ccccc34)CC2)cc1,1,0,0.0
SR-ATAD5,c1ccc(N2CCN(CCc3c[nH]c4ccccc34)CC2)cc1,1,0,0.0
SR-ATAD5,c1ccc(N2CCN(CCc3nnc4n3CCCC4)CC2)cc1,1,0,0.0
SR-ATAD5,c1ccc(N2CCOCC2)cc1,1,0,0.0
SR-ATAD5,c1ccc(N=C2NCCN2)cc1,1,0,0.0
SR-ATAD5,c1ccc(N=NNc2ccccc2)cc1,1,0,0.0
SR-ATAD5,c1ccc(N=Nc2ccc(-c3ccc(N=Nc4ccc5ccc(N=Nc6ccccc6)cc5c4)cc3)cc2)cc1,1,0,0.0
SR-ATAD5,c1ccc(N=Nc2ccc(N=Nc3cccc4ccccc34)cc2)cc1,1,0,0.0
SR-ATAD5,c1ccc(N=Nc2ccc(N=Nc3ccccc3)cc2)cc1,1,0,0.0
SR-ATAD5,c1ccc(N=Nc2cccc(N=Nc3ccccc3)c2)cc1,1,0,0.0
SR-ATAD5,c1ccc(N=Nc2cccnc2)cc1,1,1,1.0
SR-ATAD5,c1ccc(NC2=NCCCS2)cc1,1,0,0.0
SR-ATAD5,c1ccc(NC2CCCCO2)cc1,1,0,0.0
SR-ATAD5,c1ccc(NC2CCN(Cc3cccs3)CC2)cc1,1,0,0.0
SR-ATAD5,c1ccc(NC2Cc3ccccc3C2)cc1,1,0,
SR-ATAD5,c1ccc(NCC2CC2)cc1,1,0,0.0
SR-ATAD5,c1ccc(NCC2CNc3ncncc3N2)cc1,1,0,0.0
SR-ATAD5,c1ccc(NCCCNc2ccccc2)cc1,1,0,0.0
SR-ATAD5,c1ccc(NCCCc2cccnc2)cc1,1,0,0.0
SR-ATAD5,c1ccc(NCc2ccc3ncncc3c2)cc1,1,0,
SR-ATAD5,c1ccc(NCc2ccco2)cc1,1,0,0.0
SR-ATAD5,c1ccc(NCc2cccs2)nc1,1,0,0.0
SR-ATAD5,c1ccc(NCc2ccsc2)nc1,1,0,
SR-ATAD5,c1ccc(NNc2ccccc2)cc1,1,0,0.0
SR-ATAD5,c1ccc(Nc2c3ccccc3nc3ccccc23)cc1,1,0,
SR-ATAD5,c1ccc(Nc2ccc(N=Nc3cccc4ccccc34)c3ccccc23)cc1,1,0,0.0
SR-ATAD5,c1ccc(Nc2ccc(Nc3ccccc3)cc2)cc1,1,0,0.0
SR-ATAD5,c1ccc(Nc2ccc3[nH]cnc3c2)cc1,1,0,0.0
SR-ATAD5,c1ccc(Nc2cccc3ccccc23)cc1,1,0,0.0
SR-ATAD5,c1ccc(Nc2ccnc3cc(OCCCN4CCNCC4)ccc23)cc1,1,0,
SR-ATAD5,c1ccc(Nc2ccncc2)cc1,1,0,0.0
SR-ATAD5,c1ccc(Nc2ccncn2)cc1,1,0,0.0
SR-ATAD5,c1ccc(Nc2nccc(C3CC3)n2)cc1,1,0,0.0
SR-ATAD5,c1ccc(Nc2nccc(Nc3ccc4c[nH]nc4c3)n2)cc1,1,0,
SR-ATAD5,c1ccc(Nc2ncnc3cc(OCC4CCNCC4)ccc23)cc1,1,0,
SR-ATAD5,c1ccc(Nc2ncnc3cc(OCCCN4CCOCC4)ccc23)cc1,1,0,
SR-ATAD5,c1ccc(Nc2ncnc3ccc(OCCCN4CCOCC4)cc23)cc1,1,0,0.0
SR-ATAD5,c1ccc(Nc2ncnc3ccccc23)cc1,1,0,0.0
SR-ATAD5,c1ccc(Nc2ncnc3cnc(NC4CCNCC4)nc23)cc1,1,1,1.0
SR-ATAD5,c1ccc(Nc2nnc(Cc3ccncc3)c3ccccc23)cc1,1,0,0.0
SR-ATAD5,c1ccc(OC(c2ccccc2)C2CNCCO2)cc1,1,0,0.0
SR-ATAD5,c1ccc(OC2CCCCC2)cc1,1,0,0.0
SR-ATAD5,c1ccc(OC2CCCCO2)cc1,1,0,0.0
SR-ATAD5,c1ccc(OCC2=NCCN2)cc1,1,0,
SR-ATAD5,c1ccc(OCC2CCCO2)cc1,1,0,
SR-ATAD5,c1ccc(OCC2CNCCO2)cc1,1,0,
SR-ATAD5,c1ccc(OCCCCC2CCNCC2)cc1,1,0,0.0
SR-ATAD5,c1ccc(OCCCCCOc2ccccc2)cc1,1,0,
SR-ATAD5,c1ccc(OCCCCc2nnn[nH]2)cc1,1,0,0.0
SR-ATAD5,c1ccc(OCCCN2CCC(c3noc4ccccc34)CC2)cc1,1,0,0.0
SR-ATAD5,c1ccc(OCCCN2CCN(c3ccccc3)CC2)cc1,1,0,
SR-ATAD5,c1ccc(OCCCN2CCOCC2)cc1,1,0,0.0
SR-ATAD5,c1ccc(OCCCNC2CCC(c3ccccc3)CC2)cc1,1,0,0.0
SR-ATAD5,c1ccc(OCCCNCCOc2ccccc2)cc1,1,0,0.0
SR-ATAD5,c1ccc(OCCCNCCc2c[nH]c3ccccc23)cc1,1,0,0.0
SR-ATAD5,c1ccc(OCCNCCCOc2cccc3[nH]c4ccccc4c23)cc1,1,0,0.0
SR-ATAD5,c1ccc(OCCNc2ccncc2)cc1,1,0,0.0
SR-ATAD5,c1ccc(OCCOCCOc2ccccc2)cc1,1,0,0.0
SR-ATAD5,c1ccc(OCCn2ccnc2)cc1,1,0,0.0
SR-ATAD5,c1ccc(OCc2ccc(CCCN3CCOCC3)cc2)cc1,1,0,0.0
SR-ATAD5,c1ccc(OCc2ccno2)c(CNc2ncnc3c2ncn3C2CCCO2)c1,1,0,0.0
SR-ATAD5,c1ccc(OCn2ccnc2)cc1,1,0,0.0
SR-ATAD5,c1ccc(OP(Oc2ccccc2)Oc2ccccc2)cc1,1,0,0.0
SR-ATAD5,c1ccc(OP2OCCCO2)cc1,1,0,0.0
SR-ATAD5,c1ccc(Oc2cc(Oc3ccccc3)ncn2)cc1,1,0,0.0
SR-ATAD5,c1ccc(Oc2ccc(C3(Cn4cncn4)OCCO3)cc2)cc1,1,0,
SR-ATAD5,c1ccc(Oc2ccc(OCC3COCO3)cc2)cc1,1,0,0.0
SR-ATAD5,c1ccc(Oc2ccc(OCCOc3ccccn3)cc2)cc1,1,0,0.0
SR-ATAD5,c1ccc(Oc2ccc(Oc3ccccn3)cc2)nc1,1,0,0.0
SR-ATAD5,c1ccc(Oc2ccc3nc[nH]c3c2)cc1,1,0,
SR-ATAD5,c1ccc(Oc2cccc3c2CCC3)cc1,1,0,0.0
SR-ATAD5,c1ccc(Oc2ccccc2N2CCCC2)cc1,1,0,0.0
SR-ATAD5,c1ccc(Oc2ccnc3ccccc23)cc1,1,0,0.0
SR-ATAD5,c1ccc(Oc2cnc3ccccc3n2)cc1,1,0,0.0
SR-ATAD5,c1ccc(Oc2nccc(-c3[nH]cnc3-c3ccccc3)n2)cc1,1,0,0.0
SR-ATAD5,c1ccc(P(c2ccccc2)c2ccccc2)cc1,1,0,0.0
SR-ATAD5,c1ccc(SC2CCNCC2)nc1,1,0,0.0
SR-ATAD5,c1ccc(SCCSc2ccccc2)cc1,1,0,0.0
SR-ATAD5,c1ccc(SCSc2ccccc2)cc1,1,0,0.0
SR-ATAD5,c1ccc(SCc2cnc(-c3ccccc3)s2)cc1,1,0,0.0
SR-ATAD5,c1ccc(SCc2sc(-c3ccccc3)nc2CN2CCN(c3ccccc3)CC2)cc1,1,0,
SR-ATAD5,c1ccc(SSc2cccc[nH+]2)[nH+]c1,1,1,1.0
SR-ATAD5,c1ccc(SSc2ccccc2)cc1,1,0,0.0
SR-ATAD5,c1ccc(Sc2ccc(COC(Cn3ccnc3)c3ccccc3)cc2)cc1,1,0,
SR-ATAD5,c1ccc(Sc2ccc3[nH]cnc3c2)cc1,1,1,1.0
SR-ATAD5,c1ccc(Sc2ncccn2)cc1,1,0,0.0
SR-ATAD5,c1ccc([Bi](c2ccccc2)c2ccccc2)cc1,1,0,0.0
SR-ATAD5,c1ccc([Hg]c2ccccc2)cc1,1,1,1.0
SR-ATAD5,c1ccc([PH+](c2ccccc2)c2ccccc2)cc1,1,0,
SR-ATAD5,c1ccc([SH+]c2ccc3[nH]cnc3c2)cc1,1,0,0.0
SR-ATAD5,c1ccc([SH+]c2ccccc2)cc1,1,0,0.0
SR-ATAD5,c1ccc([SiH](Cn2cncn2)c2ccccc2)cc1,1,0,0.0
SR-ATAD5,c1ccc2[nH+]c3ccccc3cc2c1,1,0,
SR-ATAD5,c1ccc2[nH]c(-c3n[nH]c4ncncc34)cc2c1,1,1,1.0
SR-ATAD5,c1ccc2[nH]c(N3CCCNCC3)nc2c1,1,0,0.0
SR-ATAD5,c1ccc2[nH]ncc2c1,1,0,0.0
SR-ATAD5,c1ccc2c(C3CCCCC3)cccc2c1,1,0,0.0
SR-ATAD5,c1ccc2c(C3CCNCC3)c[nH]c2c1,1,0,0.0
SR-ATAD5,c1ccc2c(CC3CCCCN3)ccnc2c1,1,0,
SR-ATAD5,c1ccc2c(CCC3CCNCC3)c[nH]c2c1,1,0,0.0
SR-ATAD5,c1ccc2c(CCCC3CCCO3)cccc2c1,1,0,0.0
SR-ATAD5,c1ccc2c(Cc3cccc4ccccc34)cccc2c1,1,0,0.0
SR-ATAD5,c1ccc2c(Cn3ccnc3)c[nH]c2c1,1,0,0.0
SR-ATAD5,c1ccc2c(N=Nc3cccc4ccccc34)cccc2c1,1,0,0.0
SR-ATAD5,c1ccc2c(c1)-c1cccc3c1c-2cc1ccccc13,1,0,0.0
SR-ATAD5,c1ccc2c(c1)-c1ccccc1C2[NH2+]CCCCCC[NH2+]C1c2ccccc2-c2ccccc21,1,0,0.0
SR-ATAD5,c1ccc2c(c1)C1CCC2c2ccccc21,1,0,0.0
SR-ATAD5,c1ccc2c(c1)CC(C1=NCCN1)O2,1,0,0.0
SR-ATAD5,c1ccc2c(c1)CC(c1cnc[nH]1)C2,1,0,0.0
SR-ATAD5,c1ccc2c(c1)CC1CC2CCN1CC1CC1,1,0,0.0
SR-ATAD5,c1ccc2c(c1)CC1COc3ccccc3C21,1,0,0.0
SR-ATAD5,c1ccc2c(c1)CC1NC2c2ccccc21,1,0,0.0
SR-ATAD5,c1ccc2c(c1)CC1NCCc3cccc-2c31,1,0,0.0
SR-ATAD5,c1ccc2c(c1)CC1ON2CC2NC21,1,0,0.0
SR-ATAD5,c1ccc2c(c1)CC1c3cc4c(cc3CCN1C2)OCO4,1,0,0.0
SR-ATAD5,c1ccc2c(c1)CCC(CCNCCC1CCc3ccccc3O1)O2,1,0,
SR-ATAD5,c1ccc2c(c1)CCC(CCNCCCc1nc3ccccc3[nH]1)C2,1,0,
SR-ATAD5,c1ccc2c(c1)CCCC2C1=NCCN1,1,0,0.0
SR-ATAD5,c1ccc2c(c1)CCCCc1cc3c(cc1-2)OCO3,1,0,0.0
SR-ATAD5,c1ccc2c(c1)CCN1CCCCC21,1,0,
SR-ATAD5,c1ccc2c(c1)CCNC1CCc3ccccc3C21,1,0,0.0
SR-ATAD5,c1ccc2c(c1)CCNC2CC1CCN2CCc3ccccc3C2C1,1,0,
SR-ATAD5,c1ccc2c(c1)CCNCC2,1,0,0.0
SR-ATAD5,c1ccc2c(c1)CC[n+]1cc3ccccc3cc1-2,1,0,0.0
SR-ATAD5,c1ccc2c(c1)CCc1cccc3c1C2CN1CCCCC31,1,0,0.0
SR-ATAD5,c1ccc2c(c1)CCc1ccccc1C2OC1CC2CCC(C1)N2,1,0,0.0
SR-ATAD5,c1ccc2c(c1)CCc1sccc1C2=C1CCNCC1,1,0,0.0
SR-ATAD5,c1ccc2c(c1)CN1CCCCCC1=N2,1,0,0.0
SR-ATAD5,c1ccc2c(c1)COc1ccccc1-2,1,0,
SR-ATAD5,c1ccc2c(c1)C[NH2+]C2,1,0,0.0
SR-ATAD5,c1ccc2c(c1)Cc1ccccc1N1CCNCC21,1,0,0.0
SR-ATAD5,c1ccc2c(c1)Cc1ccccc1N2,1,0,0.0
SR-ATAD5,c1ccc2c(c1)Cc1cccnc1N1CCNCC21,1,0,0.0
SR-ATAD5,c1ccc2c(c1)Cn1ccnc1N2,1,0,0.0
SR-ATAD5,c1ccc2c(c1)N=C(N1CCNCC1)c1ccccc1N2,1,0,0.0
SR-ATAD5,c1ccc2c(c1)N=C(N1CCNCC1)c1ccsc1N2,1,0,0.0
SR-ATAD5,c1ccc2c(c1)NC1C3CC4CCN3C3CC21CC43,1,0,0.0
SR-ATAD5,c1ccc2c(c1)NC1CCNCC21,1,0,0.0
SR-ATAD5,c1ccc2c(c1)NC1NCCC21,1,0,0.0
SR-ATAD5,c1ccc2c(c1)Nc1cc(N3CCNCC3)nnc1O2,1,0,
SR-ATAD5,c1ccc2c(c1)Nc1ncccc1S2,1,0,0.0
SR-ATAD5,c1ccc2c(c1)OC1CCC3CCCCC34COC2C14,1,0,0.0
SR-ATAD5,c1ccc2c(c1)OC1CCCC21,1,0,0.0
SR-ATAD5,c1ccc2c(c1)OCC(C1=NCCN1)O2,1,0,0.0
SR-ATAD5,c1ccc2c(c1)OCC(CN1CCCCC1)O2,1,0,0.0
SR-ATAD5,c1ccc2c(c1)OCC(Cc1ncc[nH]1)O2,1,0,0.0
SR-ATAD5,c1ccc2c(c1)OCCO2,1,0,0.0
SR-ATAD5,c1ccc2c(c1)Oc1ccccc1C1CNCC21,1,0,
SR-ATAD5,c1ccc2c(c1)Oc1ccccc1S2,1,0,0.0
SR-ATAD5,c1ccc2c(c1)Sc1ccccc1C2=C1CCNCC1,1,0,0.0
SR-ATAD5,c1ccc2c(c1)Sc1ccccc1C2CC1CCCNC1,1,0,0.0
SR-ATAD5,c1ccc2c(c1)Sc1ccccc1N2CC1CCCNC1,1,0,0.0
SR-ATAD5,c1ccc2c(c1)Sc1ccccc1N2CC1CCNC1,1,0,0.0
SR-ATAD5,c1ccc2c(c1)Sc1ccccc1N2CCN1CCCC1,1,0,0.0
SR-ATAD5,c1ccc2c(c1)[nH]c1cnccc12,1,0,0.0
SR-ATAD5,c1ccc2c(c1)c1c3n2CCC2CCCN(CC1)C32,1,0,0.0
SR-ATAD5,c1ccc2c(c1)c1c3n2CCNC3=NCC1,1,0,0.0
SR-ATAD5,c1ccc2c(c1)c1c3n2CCNC3CCC1,1,0,0.0
SR-ATAD5,c1ccc2c(c1)c1cccc3ccc4cccc2c4c31,1,0,0.0
SR-ATAD5,c1ccc2c(c1)c1ccccc1n2CCCN1CCNCC1,1,0,
SR-ATAD5,c1ccc2c(c1)ccc1c3ccccc3ccc21,1,0,
SR-ATAD5,c1ccc2c(c1)ccc1cc3c(ccc4ccccc43)cc12,1,1,1.0
SR-ATAD5,c1ccc2c(c1)ccc1ccc3c(c12)OCO3,1,0,0.0
SR-ATAD5,c1ccc2c(c1)ccc1ncccc12,1,0,0.0
SR-ATAD5,c1ccc2c(c1)ccc[n+]2CCCCCCCCCC[n+]1cccc2ccccc21,1,0,0.0
SR-ATAD5,c1ccc2c(c1)ncc1nc[nH]c12,1,0,0.0
SR-ATAD5,c1ccc2c(c1)sc1ccccc12,1,0,0.0
SR-ATAD5,c1ccc2c(c1)sc1nncn12,1,0,0.0
SR-ATAD5,c1ccc2c3c([nH]c2c1)C1CC2CCC1N(CC3)C2,1,0,0.0
SR-ATAD5,c1ccc2c3c([nH]c2c1)COCC3,1,0,0.0
SR-ATAD5,c1ccc2c[n+]3c(cc2c1)-c1cc2c(cc1CC3)OCO2,1,0,0.0
SR-ATAD5,c1ccc2c[nH+]ccc2c1,1,0,
SR-ATAD5,c1ccc2cc(-c3ccc4ccccc4c3)ccc2c1,1,1,1.0
SR-ATAD5,c1ccc2cc(CC3=NCCN3)ccc2c1,1,0,0.0
SR-ATAD5,c1ccc2cc(Nc3ccc(Nc4ccc5ccccc5c4)cc3)ccc2c1,1,0,0.0
SR-ATAD5,c1ccc2cc(SSc3ccc4ccccc4c3)ccc2c1,1,0,0.0
SR-ATAD5,c1ccc2cc3c(cc2c1)-c1cccc2cccc-3c12,1,0,0.0
SR-ATAD5,c1ccc2cc3c4ccccc4c4ccccc4c3cc2c1,1,0,0.0
SR-ATAD5,c1ccc2nc(N3CCCNCC3)ncc2c1,1,0,0.0
SR-ATAD5,c1ccc2nc(N3CCNCC3)ccc2c1,1,0,
SR-ATAD5,c1ccc2ocnc2c1,1,0,0.0
SR-ATAD5,c1ccc2oncc2c1,1,0,0.0
SR-ATAD5,c1ccc2sc(SN(C3CCCCC3)C3CCCCC3)nc2c1,1,0,0.0
SR-ATAD5,c1ccc2sc(SN3CCOCC3)nc2c1,1,0,
SR-ATAD5,c1ccc2sc(SNC3CCCCC3)nc2c1,1,0,0.0
SR-ATAD5,c1ccc2sc(SSN3CCOCC3)nc2c1,1,0,0.0
SR-ATAD5,c1ccc2sc(SSc3nc4ccccc4s3)nc2c1,1,0,0.0
SR-ATAD5,c1ccc2snnc2c1,1,0,0.0
SR-ATAD5,c1ccn2ccnc2c1,1,0,0.0
SR-ATAD5,c1ccn2nccc2c1,1,0,0.0
SR-ATAD5,c1ccnnc1,1,0,0.0
SR-ATAD5,c1cn(CCN2CCOCC2)cn1,1,0,
SR-ATAD5,c1cnc(-n2cccn2)nc1,1,0,0.0
SR-ATAD5,c1cnc(N2CCN(Cc3ccc4c(c3)OCO4)CC2)nc1,1,0,0.0
SR-ATAD5,c1cnc(Oc2cccc(Oc3ncccn3)c2)nc1,1,0,0.0
SR-ATAD5,c1cnc2c(c1)CCCCC2[SH+]c1nc2ccccc2[nH]1,1,0,
SR-ATAD5,c1cnc2c(c1)ccc1cccnc12,1,0,0.0
SR-ATAD5,c1cnc2c(n1)CCC2,1,0,0.0
SR-ATAD5,c1cnc2c(n1)CCCC2,1,0,0.0
SR-ATAD5,c1cnc2cc(NC3=NCCN3)ccc2n1,1,0,0.0
SR-ATAD5,c1cnc2cc3c(cc2n1)C1CNCC3C1,1,0,0.0
SR-ATAD5,c1cnc2ccc3[nH]cnc3c2c1,1,0,0.0
SR-ATAD5,c1cnc2ccnn2c1,1,0,0.0
SR-ATAD5,c1cnc2ncnn2c1,1,0,0.0
SR-ATAD5,c1cncc(-c2c[nH]c3ccccc23)c1,1,0,0.0
SR-ATAD5,c1cncc(C2=NCCS2)c1,1,0,0.0
SR-ATAD5,c1cncc(C2CC3CCC2N3)c1,1,0,0.0
SR-ATAD5,c1cncc(C2CCCCN2)c1,1,0,0.0
SR-ATAD5,c1cncc(CCn2c3c(c4ccccc42)CNCC3)c1,1,0,
SR-ATAD5,c1cncc(CSSCc2cccnc2)c1,1,0,
SR-ATAD5,c1cncc(Cc2ccc3occc3c2)c1,1,0,0.0
SR-ATAD5,c1cnn(-c2ncc3ncn(C4CCCO4)c3n2)c1,1,0,
SR-ATAD5,c1cnoc1,1,0,0.0
SR-ATAD5,c1cnsc1,1,0,0.0
SR-ATAD5,c1coc(-c2nc3ccccc3[nH]2)c1,1,1,1.0
SR-ATAD5,c1coc(CNc2[nH]cnc3ncnc2-3)c1,1,0,0.0
SR-ATAD5,c1coc(Cn2cccc2)c1,1,0,0.0
SR-ATAD5,c1csc(-c2ccc(-c3cccs3)s2)c1,1,1,1.0
SR-ATAD5,c1csc(-c2cscn2)c1,1,0,0.0
SR-ATAD5,c1csc(C(=C2CCC3CCCC[NH+]3C2)c2cccs2)c1,1,0,0.0
SR-ATAD5,c1csc(C(=C2CCC[NH2+]C2)c2cccs2)c1,1,0,0.0
SR-ATAD5,c1csc(C2(N3CCCCC3)CCCCC2)c1,1,0,0.0
SR-ATAD5,c1csc(CCNC2CCc3ccccc3C2)c1,1,0,0.0
SR-ATAD5,c1csc(CNc2ccccc2-c2nnn[nH]2)c1,1,0,0.0
SR-ATAD5,c1csc(COc2cccc3ccccc23)c1,1,0,
SR-ATAD5,c1csc(SSc2cccs2)c1,1,0,0.0
SR-ATAD5,c1nc(N2CCCCC2)c2ncnc(N3CCCCC3)c2n1,1,0,
SR-ATAD5,c1nc(Sc2cnc[nH]2)c2[nH]cnc2n1,1,0,0.0
SR-ATAD5,c1nc2c(o1)CCNCC2,1,0,
SR-ATAD5,c1nc2c(s1)CCCC2,1,0,0.0
SR-ATAD5,c1nc2c(s1)CCNCC2,1,0,0.0
SR-ATAD5,c1ncc(CCCCCCCc2ccc3c(n2)NCCC3)cn1,1,0,0.0
SR-ATAD5,c1ncc(NC2=NCCN2)cn1,1,0,0.0
SR-ATAD5,c1ncc2c(n1)CC1CCCNC1C2,1,0,0.0
SR-ATAD5,c1ncc2cn[nH]c2n1,1,0,0.0
SR-ATAD5,c1ncn(C2CCCO2)n1,1,0,0.0
SR-ATAD5,c1ncn(Cc2ccc3[nH]ccc3c2)n1,1,0,0.0
SR-ATAD5,c1ncsn1,1,0,0.0
SR-ATAD5,c1nnn[nH]1,1,0,
SR-ATAD5,c1nsnc1N1CCOCC1,1,0,0.0
SR-MMP,,1713,51,0.03591549295774648
SR-MMP,c1ccccc1,1456,188,0.16447944006999124
SR-MMP,c1ccncc1,88,6,0.08695652173913043
SR-MMP,c1ccc(Cc2ccccc2)cc1,81,36,0.6101694915254238
SR-MMP,c1ccc2ccccc2c1,66,6,0.11764705882352941
SR-MMP,C1CCCCC1,63,2,0.037037037037037035
SR-MMP,c1ccc(Oc2ccccc2)cc1,44,15,0.45454545454545453
SR-MMP,O=C1C=C2CCC3C4CCCC4CCC3C2CC1,43,2,0.0625
SR-MMP,O=C1C=CC2C(=C1)CCC1C3CCCC3CCC21,41,9,0.2727272727272727
SR-MMP,c1ccc(-c2ccccc2)cc1,39,9,0.375
SR-MMP,C1=CCCCC1,38,4,0.125
SR-MMP,O=C(c1ccccc1)c1ccccc1,36,16,0.5517241379310345
SR-MMP,c1ccc2ncccc2c1,34,7,0.2692307692307692
SR-MMP,c1ccc(Nc2ccccc2)cc1,29,12,0.5714285714285714
SR-MMP,c1ccc2[nH]ccc2c1,27,3,0.15789473684210525
SR-MMP,c1ccoc1,26,2,0.09090909090909091
SR-MMP,c1ncncn1,26,2,0.08695652173913043
SR-MMP,O=C(Nc1ccccc1)c1ccccc1,23,12,0.8
SR-MMP,O=C1c2ccccc2C(=O)c2ccccc21,23,18,0.8571428571428571
SR-MMP,C1CO1,21,0,0.0
SR-MMP,C1CCOCC1,20,0,0.0
SR-MMP,c1ccc2scnc2c1,19,7,0.4375
SR-MMP,c1c[nH]cn1,18,0,0.0
SR-MMP,c1cncnc1,18,1,0.07692307692307693
SR-MMP,c1ccc2c(c1)OCO2,17,0,0.0
SR-MMP,c1cscn1,17,1,0.09090909090909091
SR-MMP,C1CCNCC1,16,0,0.0
SR-MMP,c1ccc2c(c1)CCC1C2CCC2CCCC21,16,5,0.5
SR-MMP,O=c1[nH]c(=O)c2[nH]cnc2[nH]1,15,0,0.0
SR-MMP,c1c[nH+]c[nH]1,15,6,0.42857142857142855
SR-MMP,c1cc[nH+]cc1,15,2,0.18181818181818182
SR-MMP,c1ccc2c(c1)Nc1ccccc1S2,15,1,0.5
SR-MMP,C1COCCN1,14,0,0.0
SR-MMP,c1ccc(N=Nc2ccccc2)cc1,14,6,0.8571428571428571
SR-MMP,O=C1CCCN1,13,0,0.0
SR-MMP,O=c1ccn(C2CCCO2)c(=O)[nH]1,13,0,0.0
SR-MMP,c1ccc2[nH]cnc2c1,13,3,0.3
SR-MMP,C1=CC(c2ccccc2)C=CN1,12,2,0.6666666666666666
SR-MMP,C1CCOC1,12,0,0.0
SR-MMP,O=C1CCCCC1,12,0,0.0
SR-MMP,O=C1CCCO1,12,0,0.0
SR-MMP,c1ccc2c(c1)Cc1ccccc1-2,12,3,0.42857142857142855
SR-MMP,c1ncc2ncn(C3CCCO3)c2n1,12,0,0.0
SR-MMP,C(=Cc1ccccc1)c1ccccc1,11,4,0.4444444444444444
SR-MMP,C1CC2CCC1C2,11,0,0.0
SR-MMP,C1CNCCN1,11,0,0.0
SR-MMP,O=C1NC(=O)c2ccccc21,11,1,0.1111111111111111
SR-MMP,O=c1ccc2ccccc2o1,11,1,0.14285714285714285
SR-MMP,c1ccc2cc3ccccc3cc2c1,11,7,0.875
SR-MMP,c1cnccn1,11,0,0.0
SR-MMP,C1CCC2C(C1)CCC1C3CCCC3CCC21,10,1,0.125
SR-MMP,C1CCNC1,10,0,0.0
SR-MMP,O=C(Oc1ccccc1)c1ccccc1,10,1,0.16666666666666666
SR-MMP,O=S(=O)(c1ccccc1)c1ccccc1,10,3,0.5
SR-MMP,c1ccc(Sc2ccccc2)cc1,10,5,0.5555555555555556
SR-MMP,O=C(OCc1cccc(Oc2ccccc2)c1)C1CC1,9,3,0.5
SR-MMP,O=C1CNC(=O)N1,9,0,0.0
SR-MMP,c1ccc(N=Nc2cccc3ccccc23)cc1,9,1,0.3333333333333333
SR-MMP,c1ccc2c(c1)Sc1ccccc1N2CCCN1CCNCC1,9,0,
SR-MMP,O=C(Cc1ccccc1)NC1C(=O)N2CCSC12,8,0,0.0
SR-MMP,O=C(NCC1CCCN1)c1ccccc1,8,1,0.16666666666666666
SR-MMP,O=C1C=CCCC1,8,0,0.0
SR-MMP,O=C1CC(=O)NC(=O)N1,8,0,0.0
SR-MMP,O=C1CN=C(c2ccccc2)c2ccccc2N1,8,0,0.0
SR-MMP,O=S1(=O)NCNc2ccccc21,8,0,0.0
SR-MMP,O=c1cc(-c2ccccc2)oc2ccccc12,8,4,0.8
SR-MMP,C1CCCC1,7,0,0.0
SR-MMP,C=C1CCCCC1=CC=C1CCCC2CCCC12,7,3,0.42857142857142855
SR-MMP,O=C1C2=CC3C(=O)C=CCC3CC2Cc2ccccc21,7,0,0.0
SR-MMP,O=C1C=CC(=O)C=C1,7,2,0.4
SR-MMP,O=C1C=CC2C(=C1)CCC1C2CCC2C1CC1OCOC12,7,0,0.0
SR-MMP,O=S(=O)(Nc1ncccn1)c1ccccc1,7,0,0.0
SR-MMP,O=c1cc[nH]n1-c1ccccc1,7,0,0.0
SR-MMP,c1ccc(CCc2ccccc2)cc1,7,1,0.25
SR-MMP,c1ccc(Cc2ccccn2)cc1,7,0,0.0
SR-MMP,c1ccc(N2CCNCC2)cc1,7,0,0.0
SR-MMP,c1ccc2c(c1)ccc1ccccc12,7,2,0.6666666666666666
SR-MMP,c1ccsc1,7,0,0.0
SR-MMP,C(=C(c1ccccc1)c1ccccc1)c1ccccc1,6,2,1.0
SR-MMP,C1CCC(OC2CCCC(OC3CCCCO3)C2)OC1,6,0,0.0
SR-MMP,C=C(c1ccccc1)c1ccccc1,6,3,1.0
SR-MMP,O=C1CC=NN1c1ccccc1,6,1,0.2
SR-MMP,O=C1CCC(=O)O1,6,0,0.0
SR-MMP,O=C1OC(=O)c2ccccc21,6,0,0.0
SR-MMP,O=P(Oc1ccccc1)(Oc1ccccc1)Oc1ccccc1,6,3,1.0
SR-MMP,O=c1[nH]c(=O)[nH]c(=O)[nH]1,6,0,0.0
SR-MMP,O=c1cc[nH]c(=O)[nH]1,6,0,0.0
SR-MMP,O=c1ccn(C2CC2)c2cc(N3CCNCC3)ccc12,6,0,0.0
SR-MMP,O=c1ncccn1C1CCCO1,6,0,0.0
SR-MMP,c1ccc(C(c2ccccc2)N2CCNCC2)cc1,6,0,0.0
SR-MMP,c1ccc(CCN2CCC(Nc3ccccc3)CC2)cc1,6,0,0.0
SR-MMP,c1ccc(Nc2ccccn2)cc1,6,4,0.8
SR-MMP,c1ccc2c(c1)CCO2,6,0,0.0
SR-MMP,c1ccc2c(c1)CCc1ccccc1N2,6,0,
SR-MMP,c1ccc2cnncc2c1,6,0,0.0
SR-MMP,C1=C2CCC3C4CCCC4CCC3C2CCC1,5,3,1.0
SR-MMP,C1=C2c3cccc4[nH]cc(c34)CC2NCC1,5,2,0.5
SR-MMP,C1=CC2C3Cc4cccc5c4C2(CCN3)C(C1)O5,5,0,0.0
SR-MMP,C1CCC(OC2CCCO2)OC1,5,0,0.0
SR-MMP,C1COCOC1,5,0,0.0
SR-MMP,N=C(C(=O)NC1C(=O)N2C=CCSC12)c1cscn1,5,0,0.0
SR-MMP,O=C(Cc1ccccc1)c1ccccc1,5,0,0.0
SR-MMP,O=C(NC(=O)c1ccccc1)Nc1ccccc1,5,1,0.2
SR-MMP,O=C(Nc1ccccc1)Nc1ccccc1,5,5,1.0
SR-MMP,O=C(Nc1ncncn1)NS(=O)(=O)c1ccccc1,5,0,0.0
SR-MMP,O=C(OC1CC2CCC(C1)N2)c1ccccc1,5,0,0.0
SR-MMP,O=C(OCc1ccccc1)c1ccccc1,5,0,0.0
SR-MMP,O=C1C=C2C=CC3C4CCCC4CCC3C2CC1,5,0,0.0
SR-MMP,O=C1C=CC(=O)c2ccccc21,5,2,0.6666666666666666
SR-MMP,O=C1C=CCO1,5,0,0.0
SR-MMP,O=C1CCCC1,5,0,0.0
SR-MMP,O=C1CCCCO1,5,0,0.0
SR-MMP,O=C1CNC(=O)C(Cc2ccccc2)NC(=O)C(Cc2ccccc2)NC(=O)CCSSCC(C(=O)N2CCCC2)NC(=O)CN1,5,0,0.0
SR-MMP,O=C1OC2(c3ccccc3Oc3ccccc32)c2ccccc21,5,1,1.0
SR-MMP,O=C1c2ccccc2C(=O)c2cc3c(cc21)CCCC3OC1CCCCO1,5,5,1.0
SR-MMP,O=S(=O)(Nc1ccncn1)c1ccccc1,5,0,0.0
SR-MMP,O=S(=O)(Nc1nncs1)c1ccccc1,5,1,0.3333333333333333
SR-MMP,O=[PH](Oc1ccccc1)Oc1ccccc1,5,0,0.0
SR-MMP,O=c1c(-c2ccccc2)coc2ccccc12,5,2,1.0
SR-MMP,[N+]=C1C=CC(=C(c2ccccc2)c2ccccc2)C=C1,5,3,1.0
SR-MMP,c1ccc(C2CCNCC2)cc1,5,0,0.0
SR-MMP,c1ccc(CC2CCCCC2)cc1,5,0,0.0
SR-MMP,c1ccc(CCNCCc2ccccc2)cc1,5,0,0.0
SR-MMP,c1ccc(CCn2cncn2)cc1,5,1,0.3333333333333333
SR-MMP,c1ccc(COc2ccccc2)cc1,5,1,0.3333333333333333
SR-MMP,c1ccc(Oc2ccccn2)cc1,5,0,0.0
SR-MMP,c1ccc2c(CC3CC4CCN3CC4)ccnc2c1,5,0,0.0
SR-MMP,c1ccc2c(c1)CCCC2,5,1,0.2
SR-MMP,c1ccc2c(c1)CCCO2,5,0,0.0
SR-MMP,c1cn[nH]c1,5,0,0.0
SR-MMP,c1ncc2nc[nH]c2n1,5,1,0.25
SR-MMP,C1=C2CCCCC2C2CCC3CCCC3C2C1,4,0,0.0
SR-MMP,C1=CCCC=C1,4,0,0.0
SR-MMP,C1=CNCN1,4,0,0.0
SR-MMP,C1CCC(CC2CCCCC2)CC1,4,0,0.0
SR-MMP,C1CC[NH2+]CC1,4,0,0.0
SR-MMP,C=C1CC2CCC1C2,4,2,0.6666666666666666
SR-MMP,O=C(CCCN1CCC(c2ccccc2)CC1)c1ccccc1,4,0,0.0
SR-MMP,O=C(Cc1ccccc1)NC1C(=O)N2C=CCSC12,4,0,0.0
SR-MMP,O=C(NCC1CCCCO1)C1CCCN1,4,0,0.0
SR-MMP,O=C(NN=Cc1ccccc1)c1ccncc1,4,0,0.0
SR-MMP,O=C(c1ccccc1)c1coc2ccccc12,4,2,1.0
SR-MMP,O=C1C=C(C2CCC3C2CCC2C4CCC(OC5CCC(OC6CCC(OC7CCC(OC8CCCCO8)CO7)CO6)CO5)CC4CCC23)CO1,4,4,1.0
SR-MMP,O=C1C=C2CCC3C(=C2CC1)C=CC1CCCC13,4,0,0.0
SR-MMP,O=C1CC(=O)N(c2ccccc2)N1c1ccccc1,4,1,0.3333333333333333
SR-MMP,O=C1CCC2C1CCC1C3CCCCC3=CCC21,4,1,0.25
SR-MMP,O=C1CCCCOC(=O)CC(OC2CCCCO2)CC(OC2CCCCO2)CCC1,4,0,0.0
SR-MMP,O=C1CCCc2ccccc21,4,0,0.0
SR-MMP,O=C1NC(=O)C2CC=CCC12,4,2,0.5
SR-MMP,O=C1NCCN1,4,0,0.0
SR-MMP,O=C1c2ccccc2C(=O)C1c1ccccc1,4,0,0.0
SR-MMP,O=S(=O)(Nc1ccccc1)c1ccccc1,4,1,0.3333333333333333
SR-MMP,O=S1(=O)OC(c2ccccc2)(c2ccccc2)c2ccccc21,4,1,0.5
SR-MMP,O=c1[nH]c2ccccc2o1,4,0,0.0
SR-MMP,O=c1cc[nH]c(=S)[nH]1,4,0,0.0
SR-MMP,O=c1cc[nH]c2cc(N3CCNCC3)ccc12,4,0,0.0
SR-MMP,O=c1ccc2cc3ccoc3cc2o1,4,0,0.0
SR-MMP,O=c1ccocc1,4,0,0.0
SR-MMP,O=c1ccs[nH]1,4,1,0.5
SR-MMP,c1cc2c3c(c[nH]c3c1)CC1NCCCC21,4,0,0.0
SR-MMP,c1ccc(-c2cscn2)cc1,4,4,1.0
SR-MMP,c1ccc(-n2nc3ccccc3n2)cc1,4,1,0.3333333333333333
SR-MMP,c1ccc(C2CCCC2)cc1,4,1,0.5
SR-MMP,c1ccc(C2CCCCC2)cc1,4,1,0.3333333333333333
SR-MMP,c1ccc(CCCNCCc2ccccc2)cc1,4,0,0.0
SR-MMP,c1ccc(CCNCCOc2ccccc2)cc1,4,1,0.3333333333333333
SR-MMP,c1ccc(CNc2ccccn2)cc1,4,1,0.5
SR-MMP,c1ccc(C[SH+]c2nc3ccccc3[nH]2)nc1,4,0,0.0
SR-MMP,c1ccc(Cc2cncnc2)cc1,4,0,0.0
SR-MMP,c1ccc(Cn2ccnc2)cc1,4,0,0.0
SR-MMP,c1ccc(OCC2CO2)cc1,4,0,0.0
SR-MMP,c1ccc(OCCCOc2ccccc2)cc1,4,0,0.0
SR-MMP,c1ccc2[nH]nnc2c1,4,0,0.0
SR-MMP,c1ccc2c(c1)CC1CC2CCN1,4,0,0.0
SR-MMP,c1ccc2c(c1)CC1NCCC23CCCCC13,4,0,0.0
SR-MMP,c1ccc2c(c1)CCC2,4,2,0.6666666666666666
SR-MMP,c1ccc2c(c1)[nH]c1ccccc12,4,1,0.5
SR-MMP,c1ccc2c3c([nH]c2c1)C1CC2CCCCC2CN1CC3,4,0,0.0
SR-MMP,c1ccc2nccnc2c1,4,0,0.0
SR-MMP,C(=CC=CC=CC=CC=CC1=CCCCC1)C=CC=CC=CC=CC1=CCCCC1,3,0,0.0
SR-MMP,C(CCN1CCNCC1)=C1c2ccccc2Sc2ccccc21,3,0,
SR-MMP,C1=CC2C3C=CC(C3)C2C1,3,1,0.3333333333333333
SR-MMP,C1=CC2CC(C1)C2,3,0,0.0
SR-MMP,C1=CC2CCC1C2,3,1,0.5
SR-MMP,C1=CC2CCC3Nc4ccc(C5CC6CCCN(CCc7c5[nH]c5ccccc75)C6)cc4C34CCN(C1)C24,3,1,1.0
SR-MMP,C1=CCC=C1,3,0,0.0
SR-MMP,C1=COC(OC2CCCC(OC3CCCCO3)C2)CC1,3,0,0.0
SR-MMP,C1=COCCC1,3,0,0.0
SR-MMP,C1=Cc2ccccc2C1=Cc1ccccc1,3,0,0.0
SR-MMP,C1C2CC3CC1CC(C2)C3,3,0,0.0
SR-MMP,C1CC2C3CCC(C3)C2C1,3,0,0.0
SR-MMP,C1CC2CCOC3OC4CCC(C1)C23OO4,3,0,0.0
SR-MMP,C1CC2OCCC2O1,3,0,0.0
SR-MMP,C1CC2OCOC2O1,3,0,0.0
SR-MMP,C1CCC(C2CCCCC2)CC1,3,0,0.0
SR-MMP,C1CCC1,3,0,0.0
SR-MMP,C1CCC2CCCCC2C1,3,0,0.0
SR-MMP,C1CCCCCCCCCCC1,3,2,0.6666666666666666
SR-MMP,C1CCCNCC1,3,0,0.0
SR-MMP,C1CCCNCCC1,3,0,0.0
SR-MMP,C1CC[NH2+]C1,3,0,0.0
SR-MMP,C1COCCO1,3,0,0.0
SR-MMP,O=C(C=Cc1ccccc1)c1ccccc1,3,1,1.0
SR-MMP,O=C(CCN1CCCCC1)c1ccccc1,3,0,0.0
SR-MMP,O=C(CCc1ccccc1)c1ccccc1,3,1,1.0
SR-MMP,O=C(CNCCCc1ccccc1)N1CCCC1,3,0,0.0
SR-MMP,O=C(CNCCCc1ccccc1)N1CCc2ccccc2C1,3,0,0.0
SR-MMP,O=C(Cc1ccccc1)OC1CC2CCC(C1)[NH2+]2,3,0,0.0
SR-MMP,O=C(Cc1ccccc1)OC1CC2[NH2+]C(C1)C1OC21,3,0,0.0
SR-MMP,O=C(Cc1ccccc1)OCc1cccc(Oc2ccccc2)c1,3,2,1.0
SR-MMP,O=C(NNC(=O)c1ccccc1)c1ccccc1,3,1,1.0
SR-MMP,O=C(Nc1ccccc1)C1CCCCN1,3,0,0.0
SR-MMP,O=C(OC1CCC2CC3c4[nH]c5ccccc5c4CCN3CC2C1)c1ccccc1,3,2,1.0
SR-MMP,O=C(OCCCOC(=O)c1ccccc1)c1ccccc1,3,0,0.0
SR-MMP,O=C(OCCc1ccccc1)c1ccccc1,3,0,0.0
SR-MMP,O=C(c1ccccc1)c1cccs1,3,0,0.0
SR-MMP,O=C(c1ccccc1)n1ccc2ccccc21,3,0,0.0
SR-MMP,O=C1C=C(C2CCC3C2CCC2C4CCC(OC5CCC(OC6CCC(OC7CCCCO7)CO6)CO5)CC4CCC23)CO1,3,3,1.0
SR-MMP,O=C1C=CC(=C(c2ccccc2)c2ccccc2)C=C1,3,2,1.0
SR-MMP,O=C1C=CC(OC(=O)C2CC2)C1,3,0,
SR-MMP,O=C1C=CC2C(=C1)CCC1C3CCCC3CC(=O)C21,3,0,0.0
SR-MMP,O=C1CC(=O)NC=N1,3,0,0.0
SR-MMP,O=C1CC(=O)c2ccccc21,3,3,1.0
SR-MMP,O=C1CCC(=O)N1,3,0,0.0
SR-MMP,O=C1CCC23CCCCCC(CCC2)C13,3,0,0.0
SR-MMP,O=C1CCCC(CCC2CC=CC3=CCCCC32)O1,3,1,0.5
SR-MMP,O=C1CCCC(OC2CCC(OC3CCCCO3)CO2)CCCCC=CC=CCCO1,3,0,0.0
SR-MMP,O=C1CCCCC1c1ccccc1,3,0,0.0
SR-MMP,O=C1CCCCCN1,3,0,0.0
SR-MMP,O=C1CCN(c2ccccc2)N1,3,0,0.0
SR-MMP,O=C1CCNCC1,3,0,0.0
SR-MMP,O=C1CN(CCN2CC(=O)NC(=O)C2)CC(=O)N1,3,0,0.0
SR-MMP,O=C1CN=C(c2ccccn2)N1,3,0,0.0
SR-MMP,O=C1Cc2cc3n(c(=O)c2CO1)Cc1cc2ccccc2nc1-3,3,1,0.5
SR-MMP,O=C1NC(=O)C(c2ccccc2)C(=O)N1,3,0,0.0
SR-MMP,O=C1OC(C2NCCc3cc4c(cc32)OCO4)c2ccccc21,3,0,0.0
SR-MMP,O=C1OC(c2ccccc2)(c2ccccc2)c2ccccc21,3,2,0.6666666666666666
SR-MMP,O=C1OC2CC(CC=CC(OC3CCC(OC4CCCCO4)CO3)CC=CC=C3COC4CC=CC1C34)OC1(C=CCCO1)C2,3,3,1.0
SR-MMP,O=C1OCCO1,3,0,0.0
SR-MMP,O=C1c2ccccc2C(=O)C1c1ccc2ccccc2n1,3,2,1.0
SR-MMP,O=S(=O)(Nc1cccnn1)c1ccccc1,3,0,0.0
SR-MMP,O=S(=O)(Nc1nccs1)c1ccccc1,3,0,0.0
SR-MMP,O=S(=O)(Oc1ccccc1)c1ccccc1,3,2,1.0
SR-MMP,O=[PH]1NCCCO1,3,0,0.0
SR-MMP,O=c1[nH]c2ccccc2n1C1CCNCC1,3,0,
SR-MMP,O=c1[nH]cnc2[nH]cnc12,3,0,0.0
SR-MMP,O=c1[nH]sc2ccccc12,3,1,1.0
SR-MMP,O=c1c2ccccc2ncn1-c1ccccc1,3,0,0.0
SR-MMP,O=c1c2ccccc2sc2ccccc12,3,0,
SR-MMP,O=c1cc[nH]cn1,3,0,0.0
SR-MMP,O=c1ccc2c(-c3ccccc3)c3ccccc3oc-2c1,3,0,
SR-MMP,O=c1cccnn1-c1ccccc1,3,0,0.0
SR-MMP,O=c1ccn(-c2ccccc2)c2cc(N3CCNCC3)ccc12,3,0,0.0
SR-MMP,O=c1nc[nH]c2[nH]cnc12,3,0,0.0
SR-MMP,c1cc2ccc3cccc4ccc(c1)c2c34,3,3,1.0
SR-MMP,c1ccc(-c2ccc3ccccc3n2)cc1,3,0,0.0
SR-MMP,c1ccc(-c2ccnn2-c2ccccc2)cc1,3,0,0.0
SR-MMP,c1ccc(-c2cn3ccccc3n2)cc1,3,0,0.0
SR-MMP,c1ccc(-c2conc2-c2ccccc2)cc1,3,0,0.0
SR-MMP,c1ccc(-c2nnn[nH]2)cc1,3,0,0.0
SR-MMP,c1ccc(C(c2ccccc2)c2ccccc2)cc1,3,2,0.6666666666666666
SR-MMP,c1ccc(C2(Cn3cncn3)OCCO2)cc1,3,0,0.0
SR-MMP,c1ccc(C2=NCc3nncn3-c3ccccc32)cc1,3,0,0.0
SR-MMP,c1ccc(C2CC2)cc1,3,0,0.0
SR-MMP,c1ccc(C2CCCc3ccccc32)cc1,3,1,0.5
SR-MMP,c1ccc(C2CO2)cc1,3,0,0.0
SR-MMP,c1ccc(CC2=NCCN2)cc1,3,0,0.0
SR-MMP,c1ccc(CCCCc2ccccc2)cc1,3,2,1.0
SR-MMP,c1ccc(CCN2CCC(Cc3ccccc3)CC2)cc1,3,0,0.0
SR-MMP,c1ccc(CN2CCN(C(c3ccccc3)c3ccccc3)CC2)cc1,3,1,0.5
SR-MMP,c1ccc(CNCc2ccccc2)cc1,3,0,0.0
SR-MMP,c1ccc(CNc2ccccc2)cc1,3,1,0.5
SR-MMP,c1ccc(COC(Cn2ccnc2)c2ccccc2)cc1,3,0,0.0
SR-MMP,c1ccc(Cc2nccc3ccccc23)cc1,3,0,
SR-MMP,c1ccc(Cn2ncc3ccccc32)cc1,3,0,0.0
SR-MMP,c1ccc(N=Nc2ccc3ccccc3c2)cc1,3,0,
SR-MMP,c1ccc(NC2CCN(CCc3cccs3)CC2)cc1,3,0,0.0
SR-MMP,c1ccc(Nc2ccnc3ccccc23)cc1,3,0,0.0
SR-MMP,c1ccc2[nH+]cc[nH+]c2c1,3,0,0.0
SR-MMP,c1ccc2c(c1)CCCN2,3,0,0.0
SR-MMP,c1ccc2c(c1)CCc1ccccc1C2,3,0,0.0
SR-MMP,c1ccc2c(c1)CCc1cccnc1C2=C1CCNCC1,3,0,0.0
SR-MMP,c1ccc2c(c1)Sc1ccccc1N2CCCN1CCCCC1,3,0,0.0
SR-MMP,c1ccc2cc(N=Nc3ccc(-c4ccc(N=Nc5ccc6ccccc6c5)cc4)cc3)ccc2c1,3,0,
SR-MMP,c1ccc2nc3ccccc3cc2c1,3,3,1.0
SR-MMP,c1nc[nH]n1,3,0,0.0
SR-MMP,c1ncc(C[n+]2ccsc2)cn1,3,0,0.0
SR-MMP,c1ncnc(NC2CC2)n1,3,1,0.3333333333333333
SR-MMP,c1nncs1,3,0,0.0
SR-MMP,C(=C1SCC(c2ccccc2)S1)n1ccnc1,2,0,0.0
SR-MMP,C(=CC1CCCC1)CCOc1ccccc1,2,0,0.0
SR-MMP,C(=CSSC=CNCc1cncnc1)NCc1cncnc1,2,0,0.0
SR-MMP,C(=Cc1ccccc1)CN1CCN(C(c2ccccc2)c2ccccc2)CC1,2,0,0.0
SR-MMP,C(=Cc1cccs1)C1=NCCCN1,2,0,
SR-MMP,C(=Cn1cncn1)c1ccccc1,2,1,0.5
SR-MMP,C(=NCc1ccccc1)c1ccccc1,2,0,0.0
SR-MMP,C(C=C1CCCC2CCCC12)=C1CCCCC1,2,2,1.0
SR-MMP,C(CN1CCCC1)=C(c1ccccc1)c1ccccn1,2,0,0.0
SR-MMP,C1=C(c2ccccc2)CCN(CCCCc2c[nH]c3ccccc23)C1,2,0,0.0
SR-MMP,C1=C2CCCCC2CC1,2,0,0.0
SR-MMP,C1=CC(=C(c2ccccc2)c2ccc(NCc3ccccc3)cc2)C=CC1=[NH+]Cc1ccccc1,2,0,0.0
SR-MMP,C1=CC2=CCC3CCCCC3C2CC1,2,1,0.5
SR-MMP,C1=CC2CC1C1C3C=CC(C3)C21,2,2,1.0
SR-MMP,C1=CC2CC1C1C3CC(C4OC34)C21,2,2,1.0
SR-MMP,C1=CC2CC1C1CCCC21,2,2,1.0
SR-MMP,C1=CC2CC3CCCC3(C1)C2,2,0,0.0
SR-MMP,C1=Cc2ccccc2NC1,2,1,0.5
SR-MMP,C1CC1,2,0,0.0
SR-MMP,C1CC2OC2CC1C1CO1,2,0,0.0
SR-MMP,C1CCC(NC2CCCCC2)CC1,2,0,0.0
SR-MMP,C1CCC(OC2CCCCO2)CC1,2,0,0.0
SR-MMP,C1CCC(OC2CCCOC2)OC1,2,0,0.0
SR-MMP,C1CCC(OC2OCCC2OC2CCCCO2)CC1,2,0,0.0
SR-MMP,C1CCC2(CC1)OCCO2,2,0,0.0
SR-MMP,C1CCC2(CO2)C(C2CO2)C1,2,0,0.0
SR-MMP,C1CCC2OC2C1,2,0,0.0
SR-MMP,C1CCN(C2CCC3CCC4C5CC([NH+]6CCCCC6)CC5CCC4C3C2)CC1,2,0,0.0
SR-MMP,C1CN2CCC1CC2,2,0,
SR-MMP,C1COCO1,2,0,0.0
SR-MMP,C1CSCCS1,2,0,0.0
SR-MMP,C1CSSC1,2,0,0.0
SR-MMP,C1OCOCO1,2,0,0.0
SR-MMP,C=C(C(=C)c1ccccc1)c1ccccc1,2,1,1.0
SR-MMP,C=C1C(=O)CC2C1CCC1C3CCC(=O)C=C3CCC21,2,0,0.0
SR-MMP,C=C1CCC2CC1C2,2,0,0.0
SR-MMP,C=C1c2ccccc2C(=O)C2=CC3C(=O)C=CCC3CC12,2,0,0.0
SR-MMP,C=C1c2ccccc2CCc2ccccc21,2,0,
SR-MMP,C=C1c2ccccc2COc2ccccc21,2,0,
SR-MMP,N=C(C(=O)NC1CNC1=O)c1cscn1,2,0,0.0
SR-MMP,N=C(Nc1ccccc1)Nc1ccccc1,2,0,
SR-MMP,N=C1C=C2CCC3C4CCCC4CCC3C2CC1,2,1,1.0
SR-MMP,N=C1C=C2CCNC2=CC1=O,2,0,0.0
SR-MMP,N=C1C=CC(=C(c2ccccc2)c2ccccc2)C=C1,2,2,1.0
SR-MMP,O1[SiH2]O[SiH2]O[SiH2]O[SiH2]1,2,0,0.0
SR-MMP,O=C(C(=O)c1ccccc1)c1ccccc1,2,0,
SR-MMP,O=C(C=Cc1ccccc1)Nc1ccccc1,2,0,0.0
SR-MMP,O=C(C=Cc1ccccc1)OC1CCC2CC3c4[nH]c5ccccc5c4CCN3CC2C1,2,0,0.0
SR-MMP,O=C(CC(=O)c1ccccc1)c1ccccc1,2,1,1.0
SR-MMP,O=C(CCCC1CCCCO1)CC1CCCC2(C=CCC3(CCC(C4CCCCO4)O3)O2)O1,2,0,
SR-MMP,O=C(CCCCC(=O)Nc1ccccc1)Nc1ccccc1,2,0,0.0
SR-MMP,O=C(CCN1CCNCC1)N1c2ccccc2Sc2ccccc21,2,0,
SR-MMP,O=C(CCc1c[nH]c2ccccc12)NCC(=O)NCC(=O)NCCc1ccccc1,2,0,0.0
SR-MMP,O=C(CNC(=O)C(Cc1c[nH]c2ccccc12)NC(=O)C(Cc1ccccc1)NC(=O)CNC(=O)C(Cc1c[nH]c2ccccc12)NC(=O)C(Cc1c[nH]cn1)NC(=O)C1CCC(=O)N1)NCC(=O)N1CCCC1,2,0,
SR-MMP,O=C(CNC(=O)CNC(=O)C(Cc1ccccc1)NC(=O)CNC(=O)C(Cc1c[nH]c2ccccc12)NC(=O)C(Cc1c[nH]cn1)NC(=O)C1CCC(=O)N1)NCC(=O)N1CCCC1,2,0,0.0
SR-MMP,O=C(CNC(=O)CNC(=O)C(Cc1ccccc1)NC(=O)CNC(=O)C(Cc1c[nH]c2ccccc12)NC(=O)C(Cc1cnc[nH]1)NC(=O)C1CCC(=O)N1)NCC(=O)N1CCCC1,2,0,0.0
SR-MMP,O=C(CNCCCc1ccccc1)N1CCNC1=O,2,0,0.0
SR-MMP,O=C(CNc1ccccc1)OCc1cccc(Oc2ccccc2)c1,2,2,1.0
SR-MMP,O=C(COc1ccccc1)N1CCCCC1,2,0,0.0
SR-MMP,O=C(Cc1ccccc1)NC1CCC2(CCCO2)CC1N1CCCC1,2,0,0.0
SR-MMP,O=C(Cc1ccccc1)OC1CC2CCC(C1)N2,2,0,0.0
SR-MMP,O=C(Cc1cccs1)NC1C(=O)N2C=CCSC12,2,0,0.0
SR-MMP,O=C(Cn1cnnn1)NC1C(=O)N2C=C(CSc3nncs3)CSC12,2,0,0.0
SR-MMP,O=C(NC(CCNS(=O)(=O)c1ccccc1)Cc1ccccc1)OC1CCOC1,2,0,0.0
SR-MMP,O=C(NC1C(=O)N2CCSC12)C(NC(=O)N1CCNC1=O)c1ccccc1,2,0,0.0
SR-MMP,O=C(NC1C(=O)N2CCSC12)c1conc1-c1ccccc1,2,0,0.0
SR-MMP,O=C(NC1CCCCC1)NS(=O)(=O)c1ccccc1,2,0,0.0
SR-MMP,O=C(NC1N=C(c2ccccc2)c2cccc3c2N(CC3)C1=O)c1cc2ccccc2[nH]1,2,1,0.5
SR-MMP,O=C(NC1OC2C3CCCN3C(=O)C(Cc3ccccc3)N2C1=O)C1CNC2Cc3c[nH]c4cccc(c34)C2C1,2,0,
SR-MMP,O=C(NCCc1ccccc1)c1ccccc1,2,0,0.0
SR-MMP,O=C(NCc1ccccc1)c1ccccc1,2,0,0.0
SR-MMP,O=C(NN1CCCCC1)c1cc(-c2ccccc2)n(-c2ccccc2)n1,2,2,1.0
SR-MMP,O=C(NN=Cc1ccco1)c1ccccc1,2,0,
SR-MMP,O=C(NS(=O)(=O)c1ccccc1)n1nc[nH]c1=O,2,0,0.0
SR-MMP,O=C(Nc1ccc(C(=O)N2CCCCc3ccccc32)cc1)c1ccccc1,2,1,1.0
SR-MMP,O=C(Nc1ccccc1)C1CC1,2,0,
SR-MMP,O=C(Nc1ccccc1)NC1CCCCC1,2,1,1.0
SR-MMP,O=C(Nc1ccccc1)c1ccc2ccccc2c1,2,1,1.0
SR-MMP,O=C(Nc1ccccn1)C1=Cc2ccccc2S(=O)(=O)N1,2,1,1.0
SR-MMP,O=C(Nc1ncccn1)NS(=O)(=O)c1ccccn1,2,0,0.0
SR-MMP,O=C(OC1CCCCC1)c1ccccc1,2,1,0.5
SR-MMP,O=C(OC1CCCNC1)C(c1ccccc1)c1ccccc1,2,0,
SR-MMP,O=C(OC1CCC[NH2+]C1)C(c1ccccc1)c1ccccc1,2,0,0.0
SR-MMP,O=C(OCCOC(=O)c1ccccc1)c1ccccc1,2,0,0.0
SR-MMP,O=C(OCCOCCOC(=O)c1ccccc1)c1ccccc1,2,0,0.0
SR-MMP,O=C(OCc1ccccc1)C1CC1,2,1,1.0
SR-MMP,O=C(OCc1coc(Cc2ccccc2)c1)C1CC1,2,0,0.0
SR-MMP,O=C(Oc1ccc2c(c1)CCC1C2CCC2CCCC21)c1ccccc1,2,0,
SR-MMP,O=C(Oc1ccc2ccccc2c1)c1ccccc1,2,1,1.0
SR-MMP,O=C(Oc1ccccc1)Oc1ccccc1,2,0,0.0
SR-MMP,O=C(SCCC(=O)N1CCC(Sc2ccccc2)C1)c1ccccc1,2,0,0.0
SR-MMP,O=C(c1ccccc1)c1ccc[nH]1,2,0,0.0
SR-MMP,O=C1C(=C2Nc3ccccc3C2=O)Nc2ccccc21,2,0,0.0
SR-MMP,O=C1C(N=CN2CCCCCC2)C2SCCN12,2,0,0.0
SR-MMP,O=C1C(N=Nc2ccccc2)C=NN1c1ccccc1,2,0,0.0
SR-MMP,O=C1C=C2C3CCCCC3CCC2C2CCC3CC(OC4OCCCC4OC4CCCCO4)CCC3C12,2,0,0.0
SR-MMP,O=C1C=C2C3CCCCC3CCC2C2CCC3CCCCC3C12,2,0,0.0
SR-MMP,O=C1C=C2CCC3C(CCC4C(OC(=O)CCc5ccccc5)CCC43)C2CC1,2,0,0.0
SR-MMP,O=C1C=C2CCC3C(CCC4C3CC3OCOC34)C2CC1,2,0,0.0
SR-MMP,O=C1C=C2CCC3C4CCC(=O)C4CCC3C2CC1,2,0,0.0
SR-MMP,O=C1C=C2CCC3C4CCCC4CC(=O)C3C2CC1,2,0,0.0
SR-MMP,O=C1C=CCC1,2,0,0.0
SR-MMP,O=C1C=COC1,2,0,0.0
SR-MMP,O=C1CC(c2ccccc2)C(=O)N1,2,0,0.0
SR-MMP,O=C1CC(c2ccccc2)Oc2cc(OC3CCCC(COC4CCCCO4)O3)ccc21,2,0,0.0
SR-MMP,O=C1CC(c2ccccc2)Sc2ccccc2N1,2,0,0.0
SR-MMP,O=C1CC2CC(SC3CCNC3)=CN12,2,0,0.0
SR-MMP,O=C1CC2CCC1C2,2,0,0.0
SR-MMP,O=C1CC2CCCC2C2CCC3CCCCC3C12,2,0,0.0
SR-MMP,O=C1CC2N1CCS2(=O)=O,2,0,0.0
SR-MMP,O=C1CC2OCC=C3CN4CCC56c7ccccc7N1C5C2C3CC46,2,0,0.0
SR-MMP,O=C1CC2SCC=CN12,2,0,0.0
SR-MMP,O=C1CC=CCCCCC2CCCC(O2)C(=O)C(=O)N2CCCCC2C(=O)OC(C=CC2CCCCC2)CCC1,2,1,0.5
SR-MMP,O=C1CCC(c2ccccc2)=NN1,2,0,0.0
SR-MMP,O=C1CCC(c2ccccc2)C(=O)N1,2,0,0.0
SR-MMP,O=C1CCC2=C(CCC3C2CCC2CCCC23)C1,2,0,0.0
SR-MMP,O=C1CCC2C(CCC3C4CCCC4CCC23)C1,2,1,1.0
SR-MMP,O=C1CCC2C1CCC1c3ccccc3CCC12,2,1,0.5
SR-MMP,O=C1CCC2C3Cc4cccc5c4C2(CCN3)C1O5,2,0,0.0
SR-MMP,O=C1CCC=CCC(=O)CC(CCC2CCCCC2)OC(=O)C2CCCCN2C(=O)C(=O)C2CCCC(CCC=CC=CC=CCCC1)O2,2,2,1.0
SR-MMP,O=C1CCCC(=O)C1C(=O)c1ccccc1,2,1,0.5
SR-MMP,O=C1CCCC1=O,2,0,0.0
SR-MMP,O=C1CCCCCO1,2,0,0.0
SR-MMP,O=C1CCCS1,2,0,0.0
SR-MMP,O=C1CCO1,2,0,0.0
SR-MMP,O=C1CN2CCOC2(c2ccccc2)c2ccccc2N1,2,0,
SR-MMP,O=C1CNC(=O)CNC(=O)C(Cc2ccccc2)NC(=O)CCSSCC(C(=O)N2CCCC2)NC(=O)CN1,2,0,0.0
SR-MMP,O=C1CNC(=O)N1c1ccccc1,2,0,0.0
SR-MMP,O=C1COC(=O)N1,2,0,0.0
SR-MMP,O=C1Cc2ccccc2N1,2,0,0.0
SR-MMP,O=C1NC(=O)C(c2ccccc2)(c2ccccc2)N1,2,0,0.0
SR-MMP,O=C1NC(=O)C(c2ccccc2)N1,2,0,0.0
SR-MMP,O=C1NC(=O)C2(CCOc3ccccc32)N1,2,0,0.0
SR-MMP,O=C1NC(=O)c2cccc3cccc1c23,2,1,0.5
SR-MMP,O=C1NCC(COc2ccccc2)O1,2,0,0.0
SR-MMP,O=C1NCc2cncn2-c2ccccc21,2,0,0.0
SR-MMP,O=C1Nc2ccccc2C1(c1ccccc1)c1ccccc1,2,1,1.0
SR-MMP,O=C1Nc2ccccc2C1=O,2,1,1.0
SR-MMP,O=C1OC(=O)C2C3C=CC(C3)C12,2,0,0.0
SR-MMP,O=C1OCC2C(OC3CCC4OCOCC4O3)c3cc4c(cc3C(c3ccccc3)C12)OCO4,2,0,0.0
SR-MMP,O=C1OCC2Cc3cc4c(cc3C(c3ccccc3)C12)OCO4,2,2,1.0
SR-MMP,O=C1c2cc3ccc(OC4CC(OC5CCCCO5)CCO4)cc3cc2CCC1OC1CC(OC2CC(OC3CCCCO3)CCO2)CCO1,2,2,1.0
SR-MMP,O=C1c2ccccc2-c2ccccc21,2,0,
SR-MMP,O=C1c2ccccc2C(=O)C1C(=O)C(c1ccccc1)c1ccccc1,2,1,1.0
SR-MMP,O=C1c2ccccc2C(=O)c2c(Nc3ccccc3)cccc21,2,1,0.5
SR-MMP,O=C1c2ccccc2CN1c1ccccc1,2,0,0.0
SR-MMP,O=C1c2ccccc2Cc2ccccc21,2,1,0.5
SR-MMP,O=S(=O)(NC1CCCCC1)c1ccccc1,2,1,1.0
SR-MMP,O=S(=O)(Nc1ccccc1)c1nc2ccncn2n1,2,0,0.0
SR-MMP,O=S(=O)(Nc1ccno1)c1ccccc1,2,0,0.0
SR-MMP,O=S(=O)(Nc1ccon1)c1ccccc1,2,0,0.0
SR-MMP,O=S1(=O)CCCC1,2,0,0.0
SR-MMP,O=S1(=O)CCCc2ccsc21,2,0,0.0
SR-MMP,O=S1(=O)NC(Cc2ccccc2)Nc2ccccc21,2,0,0.0
SR-MMP,O=S1(=O)NC=Nc2ccccc21,2,0,0.0
SR-MMP,O=S1OCC2C3C=CC(C3)C2CO1,2,2,1.0
SR-MMP,O=[PH]1OCC2OC(n3cnc4cncnc43)CC2O1,2,0,0.0
SR-MMP,O=c1[nH]c(=O)c2ccccc2[nH]1,2,0,0.0
SR-MMP,O=c1[nH]cnn1-c1ccccc1,2,0,0.0
SR-MMP,O=c1[nH]nnc2ccccc12,2,0,0.0
SR-MMP,O=c1c(CCN2CCC(c3noc4ccccc34)CC2)cnc2n1CCCC2,2,0,0.0
SR-MMP,O=c1c(OC2CCCC(COC3CCCCO3)O2)c(-c2ccccc2)oc2ccccc12,2,0,0.0
SR-MMP,O=c1ccc(-c2ccncc2)c[nH]1,2,0,0.0
SR-MMP,O=c1cccc2c(c1)CCCc1ccccc1-2,2,2,1.0
SR-MMP,O=c1ccn(-c2ccccc2)c2nc(N3CC4CC4C3)ccc12,2,0,
SR-MMP,O=c1ccn2c3c(cccc13)CCC2,2,0,
SR-MMP,O=c1ccoc2cccc(OCCCOc3cccc4occc(=O)c34)c12,2,0,
SR-MMP,O=c1ccoc2ccccc12,2,0,0.0
SR-MMP,O=c1nc2[nH]c3ccccc3nc-2c(=O)[nH]1,2,2,1.0
SR-MMP,O=c1nccc[nH]1,2,0,0.0
SR-MMP,O=c1ncccn1C1CSCO1,2,0,0.0
SR-MMP,O=c1ncncn1C1CCCO1,2,0,0.0
SR-MMP,O=c1oc2ccccc2cc1Cc1cc2ccccc2oc1=O,2,0,
SR-MMP,O=c1oc2ccccc2cc1Cc1ccccc1,2,2,1.0
SR-MMP,S=C(Nc1ccccc1)Nc1ccccc1,2,1,1.0
SR-MMP,S=C(c1ccccc1)N1CCOCC1,2,0,0.0
SR-MMP,S=[PH](Oc1ccccc1)c1ccccc1,2,0,
SR-MMP,S=c1[nH]cc[nH]1,2,0,0.0
SR-MMP,[N+]=C1C=CC(=C(c2ccccc2)c2cccc3ccccc23)C=C1,2,1,0.5
SR-MMP,c1c2c(cc3c1OCO3)CNCC2,2,0,0.0
SR-MMP,c1cc(OCC2CO2)ccc1Cc1ccc(OCC2CO2)cc1,2,0,0.0
SR-MMP,c1cc2c3c(cccc3c1)CC2,2,1,0.5
SR-MMP,c1ccc(-c2c3ccccc3[o+]c3ccccc23)cc1,2,0,
SR-MMP,c1ccc(-c2cc(CCCCCCc3ccc(OC4CCCCO4)c(-c4ccccc4)c3)ccc2OC2CCCCO2)cc1,2,0,0.0
SR-MMP,c1ccc(-c2ccon2)cc1,2,0,
SR-MMP,c1ccc(-c2cncnc2)cc1,2,0,0.0
SR-MMP,c1ccc(-c2nc3ccccc3s2)cc1,2,0,
SR-MMP,c1ccc(-c2nccc3ccccc23)cc1,2,0,0.0
SR-MMP,c1ccc(-c2nccs2)cc1,2,0,0.0
SR-MMP,c1ccc(-c2ncncn2)cc1,2,0,0.0
SR-MMP,c1ccc(-n2cccc2)cc1,2,0,
SR-MMP,c1ccc(-n2cccn2)cc1,2,0,0.0
SR-MMP,c1ccc(-n2ccnc2)cc1,2,0,0.0
SR-MMP,c1ccc(-n2cncn2)cc1,2,0,
SR-MMP,c1ccc(C(COc2ncccn2)c2ccccc2)cc1,2,0,0.0
SR-MMP,c1ccc(C(Cn2cncn2)Cn2cncn2)cc1,2,0,0.0
SR-MMP,c1ccc(C(OC2CC3CCC(C2)N3)c2ccccc2)cc1,2,0,0.0
SR-MMP,c1ccc(C(OC2CCCN(CCc3ccc4c(c3)OCO4)C2)c2ccccc2)cc1,2,0,
SR-MMP,c1ccc(C(c2ccccc2)c2cncnc2)cc1,2,1,0.5
SR-MMP,c1ccc(C2(c3ccccc3)CCCCC2)cc1,2,1,0.5
SR-MMP,c1ccc(C2=NCc3nncn3-c3sccc32)cc1,2,0,
SR-MMP,c1ccc(C2CCN(CCC(c3ccccc3)c3ccccc3)CC2)cc1,2,1,0.5
SR-MMP,c1ccc(C2CN3CCSC3=N2)cc1,2,0,
SR-MMP,c1ccc(C2CNCCc3ccccc32)cc1,2,0,0.0
SR-MMP,c1ccc(CC2CCCC2Cn2cncn2)cc1,2,1,1.0
SR-MMP,c1ccc(CCCCN2CCC(C(c3ccccc3)c3ccccc3)CC2)cc1,2,0,0.0
SR-MMP,c1ccc(CCCCNCCc2ccccc2)cc1,2,0,0.0
SR-MMP,c1ccc(CCCN2CCOCC2)cc1,2,1,1.0
SR-MMP,c1ccc(CCN2CCC(c3ccccc3)CC2)cc1,2,0,0.0
SR-MMP,c1ccc(CCN2CCC3CC2Cc2ccccc23)cc1,2,0,0.0
SR-MMP,c1ccc(CCNCCCCCCNCCc2ccccc2)cc1,2,0,0.0
SR-MMP,c1ccc(CN2CCCCC2)cc1,2,0,0.0
SR-MMP,c1ccc(CN2CCNCC2)cc1,2,0,0.0
SR-MMP,c1ccc(CN2CCc3sccc3C2)cc1,2,0,0.0
SR-MMP,c1ccc(CNC2CCCCC2)cc1,2,0,0.0
SR-MMP,c1ccc(CNc2ncccn2)cc1,2,0,
SR-MMP,c1ccc(C[NH2+]CCOCCOc2ccccc2)cc1,2,2,1.0
SR-MMP,c1ccc(Cc2c[nH]cn2)cc1,2,0,0.0
SR-MMP,c1ccc(N=[NH+]c2ccccc2)cc1,2,1,1.0
SR-MMP,c1ccc(NC2=NCCN2)cc1,2,0,0.0
SR-MMP,c1ccc(NC2CCNCC2)cc1,2,0,
SR-MMP,c1ccc(NCc2cnc3ncncc3n2)cc1,2,0,0.0
SR-MMP,c1ccc(Nc2ccc3ccccc3c2)cc1,2,0,
SR-MMP,c1ccc(Nc2ncccn2)cc1,2,0,0.0
SR-MMP,c1ccc(Nc2ncncn2)cc1,2,0,0.0
SR-MMP,c1ccc(OCCN2CCCCC2)cc1,2,0,0.0
SR-MMP,c1ccc(OCCOc2ccccc2)cc1,2,1,1.0
SR-MMP,c1ccc(OCn2cncn2)cc1,2,0,0.0
SR-MMP,c1ccc(Oc2nc3ccccc3o2)cc1,2,0,0.0
SR-MMP,c1ccc([SiH2]c2ccccc2)cc1,2,2,1.0
SR-MMP,c1ccc([Sn+](c2ccccc2)c2ccccc2)cc1,2,2,1.0
SR-MMP,c1ccc2[nH]c(-c3cscn3)nc2c1,2,0,0.0
SR-MMP,c1ccc2[s+]c3ccccc3nc2c1,2,2,1.0
SR-MMP,c1ccc2c(c1)-c1cccc3cccc-2c13,2,1,1.0
SR-MMP,c1ccc2c(c1)CC(N1CCNCC1)c1ccccc1S2,2,0,
SR-MMP,c1ccc2c(c1)CCC1CCCCC21,2,0,0.0
SR-MMP,c1ccc2c(c1)CCNC2,2,0,0.0
SR-MMP,c1ccc2c(c1)Cc1ccccc1C(N1CCNCC1)=N2,2,0,
SR-MMP,c1ccc2c(c1)Cc1ccccc1O2,2,0,0.0
SR-MMP,c1ccc2c(c1)Cc1cccnc1O2,2,0,0.0
SR-MMP,c1ccc2c(c1)N=C(N1CCNCC1)c1ccccc1O2,2,0,
SR-MMP,c1ccc2c(c1)N=C(N1CCNCC1)c1ccccc1S2,2,0,
SR-MMP,c1ccc2c(c1)NCCO2,2,0,0.0
SR-MMP,c1ccc2c(c1)Oc1ccccc1O2,2,0,0.0
SR-MMP,c1ccc2c(c1)Sc1ccccc1N2CC1CN2CCC1CC2,2,0,0.0
SR-MMP,c1ccc2c(c1)Sc1ccccc1N2CCC1CCCCN1,2,0,0.0
SR-MMP,c1ccc2c(c1)cc1ccc3cccc4ccc2c1c34,2,0,
SR-MMP,c1ccc2c(c1)oc1ccccc12,2,1,0.5
SR-MMP,c1ccc2cc3c(ccc4ccccc43)cc2c1,2,1,1.0
SR-MMP,c1ccc2cccc-2cc1,2,0,0.0
SR-MMP,c1ccc2cnccc2c1,2,0,0.0
SR-MMP,c1ccc2nc3c(cc2c1)CCCC3,2,0,0.0
SR-MMP,c1ccc2ncncc2c1,2,0,0.0
SR-MMP,c1ccc2occc2c1,2,0,0.0
SR-MMP,c1ccc2sccc2c1,2,0,0.0
SR-MMP,c1cn(C2CCCO2)cn1,2,0,0.0
SR-MMP,c1cnc2[nH]ncc2c1,2,0,0.0
SR-MMP,c1cncc(C2CCCN2)c1,2,0,0.0
SR-MMP,c1coc(-c2nnco2)c1,2,0,
SR-MMP,c1ncc2[nH]cnc2n1,2,0,0.0
SR-MMP,c1nnc[nH]1,2,0,0.0
SR-MMP,C(#CC(c1ccccc1)c1ccccc1)CN1CCCC1,1,0,
SR-MMP,C(#Cc1ccccn1)c1ccc2c(c1)CCCS2,1,0,
SR-MMP,C(=C(OCCOc1ccccc1)c1ccccc1)n1ccnc1,1,0,
SR-MMP,C(=C1CCCC1Cn1cncn1)c1ccccc1,1,0,0.0
SR-MMP,C(=C1c2ccccc2-c2ccccc21)c1ccccc1,1,0,
SR-MMP,C(=CC1CCC2OC(=Cc3ccccc3)CC12)CC1CCCCC1,1,0,
SR-MMP,C(=CC=C1Nc2ccccc2S1)C=Cc1[nH+]c2ccccc2s1,1,1,1.0
SR-MMP,C(=CC=CC1=[NH+]c2ccc3ccccc3c2C1)C=CC=C1Cc2c(ccc3ccccc23)N1,1,0,
SR-MMP,C(=CC=CC=CC=CC=CC1C=CCCC1)C=CC=CC=CC=CC1=CCCCC1,1,0,
SR-MMP,C(=CC=Nc1ccccc1)C=CNc1ccccc1,1,0,0.0
SR-MMP,C(=CSSCC1CCCO1)NCc1cncnc1,1,0,0.0
SR-MMP,C(=Cc1[nH+]c2ccccc2s1)C=C1Nc2ccccc2S1,1,0,
SR-MMP,C(=Cc1ccc(-c2ccc(C=Cc3ccccc3)cc2)cc1)c1ccccc1,1,0,0.0
SR-MMP,C(=Cc1ccc(-c2ccccc2)cc1)CN1CCCCCC1,1,0,
SR-MMP,C(=Cc1ccc(N=Nc2ccccc2)cc1)c1ccc(N=Nc2ccccc2)cc1,1,0,
SR-MMP,C(=Cc1ccc(Nc2ncnc(Nc3ccccc3)n2)cc1)c1ccc(Nc2ncnc(Nc3ccccc3)n2)cc1,1,0,0.0
SR-MMP,C(=Cc1ccc2ccccc2[nH+]1)C=C1C=Cc2ccccc2N1,1,1,1.0
SR-MMP,C(=Cc1ccc2ccccc2n1)c1cccc(C(CCc2ccccc2)SCC2CC2)c1,1,1,1.0
SR-MMP,C(=Cc1ccc2ccccc2n1)c1ccccc1,1,0,
SR-MMP,C(=Cc1ccccc1)C(C=Cc1ccccc1)=NN=C1NCCCN1,1,0,
SR-MMP,C(=Cc1ccccc1)CNCCc1ccccc1,1,0,
SR-MMP,C(=Cc1ccccc1)CNCc1cccc2ccccc12,1,0,0.0
SR-MMP,C(=Cc1ccncc1)c1ccccc1,1,1,1.0
SR-MMP,C(=Cc1cncn1Cc1ccccc1)Cc1cccs1,1,0,
SR-MMP,C(=Cc1n[nH]c2cc(Sc3ccccc3)ccc12)c1ccccn1,1,0,
SR-MMP,C(=Cc1nc(C2CCC2)cs1)c1ccccc1,1,1,1.0
SR-MMP,C(=NC1CCCCC1)=NC1CCCCC1,1,1,1.0
SR-MMP,C(=NCCN=Cc1ccccc1)c1ccccc1,1,0,0.0
SR-MMP,C(=NOCC1OCCO1)c1ccccc1,1,0,0.0
SR-MMP,C(=NOCCCN1CCCCC1)c1ccc[nH+]c1,1,0,
SR-MMP,C(=NOCc1ccccc1)c1ccccc1,1,0,
SR-MMP,C(=NOCc1ccccc1)c1cn[nH]c1Oc1ccccc1,1,0,
SR-MMP,C(=NOc1ccccc1)c1ccccc1,1,1,1.0
SR-MMP,C(=Nc1ccccc1)NC=Nc1ccccc1,1,1,1.0
SR-MMP,C(=Nc1ccccc1)Nc1ccccc1,1,0,0.0
SR-MMP,C(=Nc1ccccc1)c1ccccc1,1,0,
SR-MMP,C(=Nc1ccccc1)n1ccnc1,1,0,
SR-MMP,C(CCN1CCCCC1)=C(c1cccs1)c1cccs1,1,0,
SR-MMP,C(CCOCC1CO1)COCC1CO1,1,0,0.0
SR-MMP,C(CC[NH+]1CCCC1)CC[NH+]1CCCC1,1,0,0.0
SR-MMP,C(COCC1CO1)OCC1CO1,1,0,0.0
SR-MMP,C(COc1ccc2c(c1)[nH]c1ccccc12)=C1CN2CCC1CC2,1,0,
SR-MMP,C1=C(Cc2ccccn2)c2ccccc2C1,1,0,0.0
SR-MMP,C1=C(c2ccccc2)CCN(CCc2ccc3ccccc3c2)C1,1,0,
SR-MMP,C1=C2C3CC4OC5(CCC4C3CCC23CC32CCC(OC3CCCCO3)CC2C1)OCC1OC15,1,1,1.0
SR-MMP,C1=C2C3CCCC3CCC2C2CCCCC2C1,1,0,0.0
SR-MMP,C1=C2CC(OC3OCCC(OC4CCCCO4)C3OC3CCCCO3)CCC2C2CCC3C(CC4C3CC3CCCCN34)C2C1,1,0,
SR-MMP,C1=C2CC3C4CCCCC4=CCC3C2CCC12CC1NCCCC1O2,1,0,0.0
SR-MMP,C1=C2CC3CCC2(CCC1)C3,1,0,0.0
SR-MMP,C1=C2CCC3C4CCCC4CCC3C2Cc2cnoc21,1,0,0.0
SR-MMP,C1=C2CCCCC2C2CCC34CNCC3CCC4C2C1,1,0,
SR-MMP,C1=C2CCCCC2C2CCC3C(c4cccnc4)=CCC3C2C1,1,0,0.0
SR-MMP,C1=C2CCCCC2CCC1,1,0,0.0
SR-MMP,C1=CC(=C(c2ccccc2)c2ccc(Nc3ccccc3)cc2)C=CC1=Nc1ccccc1,1,0,0.0
SR-MMP,C1=CC(NC2CCC(OC3CCC(OC4CCCOC4)OC3)OC2)CCC1,1,0,0.0
SR-MMP,C1=CC(Oc2cccc(Oc3ccccc3)c2)CC1,1,0,0.0
SR-MMP,C1=CC(c2cccc3nonc23)C=CN1,1,0,0.0
SR-MMP,C1=CC(n2cnc3c(NC4CC4)ncnc32)CC1,1,0,0.0
SR-MMP,C1=CC1,1,0,0.0
SR-MMP,C1=CC2(CCC1)CCCO2,1,0,0.0
SR-MMP,C1=CC23CCCN2CCc2cc4c(cc2C3C1)OCO4,1,0,
SR-MMP,C1=CC23CCNCc4cccc(c42)OC3CC1,1,0,0.0
SR-MMP,C1=CC2=CCC3C4CCCC4CCC3C2CC1,1,0,
SR-MMP,C1=CC2=CCCCC2CC1,1,0,0.0
SR-MMP,C1=CC2C3CCC(C3)C2C1,1,0,0.0
SR-MMP,C1=CC2CC(c3ccc4c(c3)C35CCN6CC=CC(CCC3N4)C65)c3[nH]c4ccccc4c3CN(C1)C2,1,0,
SR-MMP,C1=CC2CC1C1CC3OC3C21,1,1,1.0
SR-MMP,C1=CC2CC1CC2C(CCN1CCCCC1)c1ccccc1,1,0,0.0
SR-MMP,C1=CC2CCC3C4CCCCC4=CCC3C2C1,1,0,
SR-MMP,C1=CC2OC23CCC2C4CCCC4CCC2C3C1,1,0,
SR-MMP,C1=CC2Oc3cccc4c3C23CCNC(C4)C3=C1,1,0,0.0
SR-MMP,C1=CC2c3ccccc3OCC2CC1,1,1,1.0
SR-MMP,C1=CCC(c2ccccc2)CC1,1,0,0.0
SR-MMP,C1=CCC2CC2C1,1,0,
SR-MMP,C1=CCC2CC=CC2C1,1,0,
SR-MMP,C1=CCC=C1.C1=CCC=C1,1,0,0.0
SR-MMP,C1=CCC=C1.c1cc[cH-]c1,1,0,0.0
SR-MMP,C1=CCC=CC1,1,0,0.0
SR-MMP,C1=CCCC1,1,0,0.0
SR-MMP,C1=CCCC=CCC1,1,0,0.0
SR-MMP,C1=CCCC=CCCC=CCC1,1,0,0.0
SR-MMP,C1=CCNCC1,1,0,0.0
SR-MMP,C1=COC(OC2CCC(OC3CCC(OC4CCC(OC5CCC(OC6CCC7OCC6O7)OC5)OC4)CC3)OC2)CC1,1,0,0.0
SR-MMP,C1=Cc2cc3ccc(cc4nc(cc5ccc(cc1n2)[nH]5)C=C4)[nH]3,1,0,0.0
SR-MMP,C1=Cc2cc3ccc(cc4nc(cc5ccc(cc1n2)[nH]5)CC4)[nH]3,1,0,0.0
SR-MMP,C1=Cc2cccc3cccc1c23,1,0,0.0
SR-MMP,C1=Cc2ccccc2C(=C2CCNCC2)c2ccccc21,1,0,
SR-MMP,C1=Cc2ccccc2C1,1,0,
SR-MMP,C1=Cc2ccccc2Cc2ccccc21,1,0,
SR-MMP,C1=Cc2ccccc2N(CCCN2CCNCC2)c2ccccc21,1,0,
SR-MMP,C1=Cc2ccccc2Nc2ccccc21,1,0,0.0
SR-MMP,C1=Cc2ccccc2Sc2ccccc21,1,0,
SR-MMP,C1=Cc2nc1c(-c1ccccc1)c1ccc([nH]1)c(-c1ccccc1)c1nc(c(-c3ccccc3)c3ccc([nH]3)c2-c2ccccc2)CC1,1,0,
SR-MMP,C1=Cn2c3c(c4ccccc42)CCN2CCCC1C32,1,0,
SR-MMP,C1=NC(c2ccccc2)CN1,1,0,
SR-MMP,C1=NC=NCN1c1ccccc1,1,0,0.0
SR-MMP,C1=NCC(c2ccccc2)O1,1,0,0.0
SR-MMP,C1=NCC2c3ccccc3Cc3ccccc3N12,1,0,0.0
SR-MMP,C1=NCOC1,1,0,0.0
SR-MMP,C1=NCSC1,1,0,0.0
SR-MMP,C1=NNc2ncnc3c2c1cn3C1CCCO1,1,1,1.0
SR-MMP,C1=NOC(c2ccccc2)(c2ccccc2)C1,1,0,
SR-MMP,C1=Nc2ccc3ccccc3c2C1,1,1,1.0
SR-MMP,C1=Nc2ccccc2C(c2ccccc2)=[NH+]C1,1,0,0.0
SR-MMP,C1=Nc2ccccc2C1,1,0,0.0
SR-MMP,C1C2C3C4CC5C3C1C5C24,1,0,0.0
SR-MMP,C1C2OC2C2C1C1CC2C2OC12,1,0,0.0
SR-MMP,C1CC(COCC2CO2)CCC1COCC1CO1,1,0,0.0
SR-MMP,C1CC2CC(C1)C2,1,0,0.0
SR-MMP,C1CC2CC3CCCC3(C1)C2,1,1,1.0
SR-MMP,C1CC2CCC(C1)N2,1,0,0.0
SR-MMP,C1CC2CCC(C1)[NH2+]2,1,0,0.0
SR-MMP,C1CC2CCC1CO2,1,0,0.0
SR-MMP,C1CC2CCC1O2,1,0,0.0
SR-MMP,C1CC2CCC3C4CC5SC5CC4CCC3C2C1,1,0,
SR-MMP,C1CC2CCC3C4Cc5nonc5CC4CCC3C2C1,1,0,
SR-MMP,C1CC2C[NH2+]CC1C2,1,0,0.0
SR-MMP,C1CC2OCC1OC1CCC(CO1)OC1CCC(CO1)OC1CCC(CO1)OC1CCC(CO1)OC1CCC(CO1)O2,1,0,0.0
SR-MMP,C1CC2OCC1OC1CCC(CO1)OC1CCC(CO1)OC1CCC(CO1)OC1CCC(CO1)OC1CCC(CO1)OC1CCC(CO1)O2,1,0,0.0
SR-MMP,C1CC2OCC1OC1CCC(CO1)OC1CCC(CO1)OC1CCC(CO1)OC1CCC(CO1)OC1CCC(CO1)OC1CCC(CO1)OC1CCC(CO1)O2,1,0,0.0
SR-MMP,C1CCC(C(CC2CCCCN2)C2CCCCC2)CC1,1,1,1.0
SR-MMP,C1CCC(C2CC3CCC2C3)CC1,1,1,1.0
SR-MMP,C1CCC(C2CCC(C3CCC(C4CCC5(CCCCO5)O4)O3)O2)OC1,1,0,
SR-MMP,C1CCC(CC2CCCC2)C1,1,0,0.0
SR-MMP,C1CCC(CC2CCCC3(CCC(C4CCC(C5OC(C6CCCCO6)CC5OC5CCCCO5)O4)O3)O2)OC1,1,0,
SR-MMP,C1CCC(N=NC2CCCCC2)CC1,1,0,0.0
SR-MMP,C1CCC(N[SiH](NC2CCCCC2)NC2CCCCC2)CC1,1,0,0.0
SR-MMP,C1CCC(OC2CCC(OC3CCCOC3)OC2)OC1,1,0,0.0
SR-MMP,C1CCC(OC2CCC3OC(OC4CCCCO4)CCC3O2)CC1,1,0,0.0
SR-MMP,C1CCC(OC2CCCCC2OC2CCCO2)OC1,1,0,0.0
SR-MMP,C1CCC(OC2CCCCO2)OC1,1,0,0.0
SR-MMP,C1CCC(OC2CCOC(OC3C(OC4CCCCO4)CCOC3OC3CCC(OC4CCC5C(CCC6C5CCC5C7CC8(CCCCO8)OC7CC56)C4)OC3)C2)OC1,1,0,
SR-MMP,C1CCC(OC2CCOC(OC3CCC(OC4CCOCC4)OC3)C2)OC1,1,0,0.0
SR-MMP,C1CCC(OC2CCOC2)OC1,1,0,0.0
SR-MMP,C1CCC(OC2COC(OC3CCCCC3OC3CCCCO3)C2)OC1,1,0,0.0
SR-MMP,C1CCC(OC2OCCC3OC4(CCCCO4)OC32)CC1,1,0,
SR-MMP,C1CCC(SSC2CCCCC2)CC1,1,0,0.0
SR-MMP,C1CCC2(CC1)NCCO2,1,0,0.0
SR-MMP,C1CCC2(CC3C(CC4C3CCC3C5CCC(OC6CCC(OC7OCCC(OC8CCCCO8)C7OC7CCCCO7)CO6)CC5CCC34)O2)NC1,1,0,
SR-MMP,C1CCC2(CC3C(CC4C3CCC3C5CCCCC5CCC34)O2)NC1,1,0,
SR-MMP,C1CCC2(CCCCO2)OC1,1,0,0.0
SR-MMP,C1CCC2=C(C1)CCCC2,1,1,1.0
SR-MMP,C1CCC2=NCCCN2CC1,1,0,0.0
SR-MMP,C1CCC2C(C1)CCC1CCCCC12,1,0,0.0
SR-MMP,C1CCC2C(C1)CCC1OCCC12,1,1,1.0
SR-MMP,C1CCC2NCCC2C1,1,0,0.0
SR-MMP,C1CCN(C2CCC3CCC4C5CC(N6CCCCC6)CC5CCC4C3C2)CC1,1,0,0.0
SR-MMP,C1CCN(CN2CCCCC2)CC1,1,0,0.0
SR-MMP,C1CCN2CC3CC(CN4CCCCC34)C2C1,1,0,0.0
SR-MMP,C1CCN2CCCC2C1,1,0,0.0
SR-MMP,C1CC[NH+](C2CCC3CCC4C5CC([NH+]6CCCCC6)CC5CCC4C3C2)CC1,1,0,0.0
SR-MMP,C1CCc2nnnn2CC1,1,0,0.0
SR-MMP,C1CN(C2CCC3CCC4C5CC(N6CC[NH2+]CC6)CC5CCC4C3C2)CC[NH2+]1,1,0,0.0
SR-MMP,C1CN(CCOCCN2CCOCC2)CCO1,1,0,0.0
SR-MMP,C1CN(P2(N3CC3)=NP(N3CC3)(N3CC3)=NP(N3CC3)(N3CC3)=N2)CCO1,1,0,0.0
SR-MMP,C1CN(SSN2CCOCC2)CCO1,1,0,
SR-MMP,C1CN1,1,0,0.0
SR-MMP,C1CN2CCN1CC2,1,0,0.0
SR-MMP,C1CNCCNCCNCCN1,1,0,
SR-MMP,C1CNCNC1,1,0,
SR-MMP,C1COC(NC(C2CC2)C2CC2)=N1,1,0,
SR-MMP,C1COC1,1,0,0.0
SR-MMP,C1COCC(CC2CO2)C1,1,0,0.0
SR-MMP,C1COCC[NH2+]1,1,0,0.0
SR-MMP,C1COCSC1,1,0,0.0
SR-MMP,C1CS1,1,0,0.0
SR-MMP,C1CSCN1,1,0,
SR-MMP,C1CSSSC1,1,0,0.0
SR-MMP,C1N2CN3CN1CN(C2)C3,1,0,0.0
SR-MMP,C1N2CN3CN1C[NH+](C2)C3,1,0,0.0
SR-MMP,C1NCNCN1,1,0,0.0
SR-MMP,C1OC2COC3OCOC3C2O1,1,0,0.0
SR-MMP,C1OCC2OC3OCOC3C2O1,1,0,0.0
SR-MMP,C1OCN2COCC12,1,0,0.0
SR-MMP,C1SCSCS1,1,0,0.0
SR-MMP,C=C(Nc1ccccc1)Nc1ccccc1,1,0,0.0
SR-MMP,C=C(c1ccccc1)c1ccc2c(c1)CCCC2,1,1,1.0
SR-MMP,C=C(c1ccccc1)c1cccnc1,1,0,
SR-MMP,C=C(c1ccccc1)n1ccnc1,1,0,
SR-MMP,C=C1C(=O)C=COC1=O,1,0,0.0
SR-MMP,C=C1C(=O)OC2C1CCC=CCCC1OC12,1,0,0.0
SR-MMP,C=C1C2C=CCC1c1ccc(=O)[nH]c1C2,1,0,0.0
SR-MMP,C=C1C2CCC3C1CCCCC23,1,0,0.0
SR-MMP,C=C1C=CCCC1=O,1,0,
SR-MMP,C=C1CC23CC1CCC2C12C=CCC(C(=O)O1)C2C3,1,0,0.0
SR-MMP,C=C1CC23CCC4C(C(=O)OC5CCCCO5)CCCC4C2CC(OC2OCCC(OC4CCCCO4)C2OC2CCCCO2)C1C3,1,0,0.0
SR-MMP,C=C1CC2C(CCC3C(=O)CCC32)C2C=CC(=O)C=C12,1,0,0.0
SR-MMP,C=C1CC2C(CCC3C4CCCC4CCC23)CC1=O,1,0,
SR-MMP,C=C1CC2C=CC1C2,1,0,0.0
SR-MMP,C=C1CC2C=CCC3CC(=C)CC(CCOC(=O)CCCC4CCCC(CC(C1)O2)O4)O3,1,1,1.0
SR-MMP,C=C1CC2CCC3C4C=CC(=O)C=C4CCC3C2C1,1,0,0.0
SR-MMP,C=C1CC2CCC3C4CCC(=O)C=C4C=CC3C2C1,1,0,0.0
SR-MMP,C=C1CC2CCCC2C1,1,0,0.0
SR-MMP,C=C1CC2CCCC2C2CCC3=CC(=O)CCC3C12,1,0,0.0
SR-MMP,C=C1CC2CCCC2C2CCC3=CCCCC3C12,1,1,1.0
SR-MMP,C=C1CC=CCC1,1,0,0.0
SR-MMP,C=C1CCC2C1CCC1C3CCCCC3CCC21,1,0,
SR-MMP,C=C1CCC2C3Cc4cccc5c4C2(CCN3CC2CC2)C1O5,1,0,0.0
SR-MMP,C=C1CCC2CCCCC2C1CC=C1CCOC1=O,1,0,0.0
SR-MMP,C=C1CCC=CCCC2CCC12,1,0,0.0
SR-MMP,C=C1CCCC1n1cnc2c(=O)[nH]cnc21,1,0,0.0
SR-MMP,C=C1CCCCC1=CC=C1CCCC2C(CC=CCC3CC3)CCC12,1,1,1.0
SR-MMP,C=C1CCCCC1=O,1,0,0.0
SR-MMP,C=C1CN2C(=O)CC2O1,1,0,0.0
SR-MMP,C=C1C[NH+]2CCC34c5ccccc5N5C=C6C7CC8[NH+](CCC89c8ccccc8N(C=C(C1CC23)C54)C69)CC7=C,1,0,0.0
SR-MMP,C=C1N=C(c2ccccc2)OC1=O,1,0,0.0
SR-MMP,C=C1NC(=O)C2CSSCCC=CC(CC(=O)NCC(=O)N2)OC(=O)CNC1=O,1,0,0.0
SR-MMP,C=C1NC(=O)CNC(=O)CNC(=O)CCNC(=O)C(C2CCN=CN2)NC1=O,1,0,0.0
SR-MMP,C=C1NC(=O)CNC(=O)CNC(=O)CCNC(=O)C(C2CCNC=N2)NC1=O,1,0,
SR-MMP,C=C1NC(=O)CNC(=O)CNC2C=Cc3ccc(nc3C2)C(=O)OCC2NC(=O)c3csc(n3)CNC(=O)C3CSC(=N3)C(=C)NC(=O)CNC(=O)c3csc(n3)C3(CCC(c4nccs4)=NC3c3csc2n3)NC(=O)CNC1=O,1,0,
SR-MMP,C=C1OC(=O)c2ccccc21,1,0,0.0
SR-MMP,C=C1SC(C(=O)NC2C(=O)N3C=C(CSc4nnn[nH]4)CSC23)S1,1,0,0.0
SR-MMP,C=C1SC=CS1,1,1,1.0
SR-MMP,C=C1c2ccccc2C=Cc2ccccc21,1,0,
SR-MMP,C=C1c2ccccc2CSc2ccccc21,1,0,
SR-MMP,C=C1c2ccccc2Cc2ccccc21,1,0,
SR-MMP,C=C1c2ccccc2Sc2ccccc21,1,0,
SR-MMP,N=C(C(=O)NC1C(=O)N2C=C(CSC(=O)c3ccco3)CSC12)c1cscn1,1,0,0.0
SR-MMP,N=C(C(=O)NC1C(=O)N2C=C(CSc3nc(=O)cn[nH]3)CSC12)c1cscn1,1,0,0.0
SR-MMP,N=C(C(=O)NC1C(=O)N2C=C(CSc3nccs3)CSC12)c1cscn1,1,0,0.0
SR-MMP,N=C(C(=O)NC1C(=O)N2C=C(CSc3nnn[nH]3)CSC12)c1cscn1,1,0,
SR-MMP,N=C(C(=O)NC1C(=O)N2C=C(C[NH+]3CCCC3)CSC12)c1cscn1,1,0,0.0
SR-MMP,N=C(C(=O)NC1C(=O)N2C=C(C[n+]3ccc[nH]3)CSC12)c1cscn1,1,0,0.0
SR-MMP,N=C(C(=O)NC1C(=O)N2C=C(C[n+]3cccc4c3CCC4)CSC12)c1cscn1,1,0,0.0
SR-MMP,N=C(C(=O)NC1C(=O)N2C=C(C[n+]3ccn4ncccc43)CSC12)c1ncsn1,1,0,0.0
SR-MMP,N=C(C(=O)NC1C(=O)N2C=C(Cn3ncnn3)CSC12)c1cscn1,1,0,0.0
SR-MMP,N=C(C(=O)NC1C(=O)N2C=CCSC12)c1ccco1,1,0,0.0
SR-MMP,N=C(C1=NOCCO1)c1ccccc1Oc1cc(Oc2ccccc2)ncn1,1,1,1.0
SR-MMP,N=C(C=Cc1ccco1)C=Cc1ccco1,1,1,1.0
SR-MMP,N=C(NCCCCCCNC(=N)NC(=N)Nc1ccccc1)NC(=N)Nc1ccccc1,1,0,
SR-MMP,N=C(NN=Cc1ccccc1)NN=Cc1ccccc1,1,0,0.0
SR-MMP,N=C(Nc1ccccc1)Nc1cccc2ccccc12,1,0,0.0
SR-MMP,N=C(c1ccccc1)c1ccccc1,1,1,1.0
SR-MMP,N=C1C(=O)Nc2ccccc21,1,1,1.0
SR-MMP,N=C1C=CC(=N)C=C1,1,1,1.0
SR-MMP,N=C1C=CC2C(=O)OC3CC(CC=CC(OC4CCCCO4)CC=CC=C4COC1C42)OC1(CCCC(C2CCCCC2)O1)C3,1,0,
SR-MMP,N=C1CCCC1,1,0,0.0
SR-MMP,N=C1CCCCC1,1,0,0.0
SR-MMP,N=C1CCCCOC(=O)CC(OC2CCCCO2)CC(OC2CCCCO2)CCC1,1,0,0.0
SR-MMP,N=C1CCN(c2ccc3c(=O)ccn(C4CC4)c3n2)C1,1,0,0.0
SR-MMP,N=C1CCOC2(C1)CC1CC(CC=CCCC=CC=C3COC4CC=CC(C(=O)O1)C34)O2,1,1,1.0
SR-MMP,N=C1CN(N2CCOCC2)NO1,1,0,0.0
SR-MMP,N=C1NC(=N)c2cc3ccccc3cc21,1,1,1.0
SR-MMP,N=C1NC(=N)c2ccccc21,1,0,
SR-MMP,N=C1NC(=O)C(=Cc2ccccc2)S1,1,1,1.0
SR-MMP,N=C1NC(=O)N(c2ccccc2)CS1,1,0,
SR-MMP,N=C1NCC(=O)N1,1,0,
SR-MMP,N=C1NCCN1Cc1cccnc1,1,0,0.0
SR-MMP,N=C1NCOCN1Cc1cncs1,1,0,
SR-MMP,N=C1SCCN1Cc1cccnc1,1,0,0.0
SR-MMP,N=C1SCCS1,1,0,0.0
SR-MMP,N=c1[nH]c(=O)c2nc[nH]c2[nH]1,1,0,0.0
SR-MMP,N=c1[nH]ncs1,1,0,0.0
SR-MMP,N=c1cc2n(-c3ccccc3)c3ccccc3nc-2cc1Nc1ccccc1,1,0,0.0
SR-MMP,N=c1ccc2c(-c3ccccc3)c3ccccc3oc-2c1,1,0,
SR-MMP,N=c1ccn2c(n1)OC1CCOC12,1,0,0.0
SR-MMP,O1[As]2O[As]3O[As]1O[As](O2)O3,1,0,0.0
SR-MMP,O1[SiH2]O[SiH2]O[SiH2]1,1,0,0.0
SR-MMP,O1[SiH2]O[SiH2]O[SiH2]O[SiH2]O[SiH2]1,1,0,0.0
SR-MMP,O=C(C(=O)c1ccco1)c1ccco1,1,0,
SR-MMP,O=C(C(C1=NCCc2ccccc21)c1ccccc1)N(CCc1ccccc1)CCc1ccccc1,1,0,
SR-MMP,O=C(C1C(c2ccccc2)c2ccccc2N1S(=O)(=O)c1ccccc1)N1CCCC1,1,0,0.0
SR-MMP,O=C(C1CC1)C(c1ccccc1)N1CCc2sccc2C1,1,0,0.0
SR-MMP,O=C(C1CCC(NC2CCOCC2)C1)N1CCc2ncccc2C1,1,0,0.0
SR-MMP,O=C(C1CCCCC1)N1CC(=O)N2CCCc3ccccc3C2C1,1,0,
SR-MMP,O=C(C1CCCCC1)N1CC(=O)N2CCc3ccccc3C2C1,1,0,0.0
SR-MMP,O=C(C1CCCCC1)N1CCNCC1,1,0,0.0
SR-MMP,O=C(C1CCCO1)N1CCN(c2ncc3ccccc3n2)CC1,1,0,
SR-MMP,O=C(C1CCNCC1)N1CCC(NC2CCc3ccccc3C2)CC1,1,0,0.0
SR-MMP,O=C(C1COc2ccccc2O1)N1CCN(c2ncc3ccccc3n2)CC1,1,0,0.0
SR-MMP,O=C(C=CC=CC=CC=CC1=CCCCC1)Nc1ccccc1,1,1,1.0
SR-MMP,O=C(C=CC=CC=CC=CC1=CCCCC1)Oc1ccc2c(c1)CCCO2,1,0,0.0
SR-MMP,O=C(C=CC=CC=CC=CC=CC=CC=CC(=O)OC1CCCC(COC2CCCCO2)O1)OC1CCCC(COC2CCCCO2)O1,1,0,0.0
SR-MMP,O=C(C=CC=Cc1ccc2c(c1)OCO2)N1CCCCC1,1,0,
SR-MMP,O=C(C=Cc1ccccc1)CC(=O)C=Cc1ccccc1,1,1,1.0
SR-MMP,O=C(C=Cc1ccccc1)N1CCN(CC(=O)N2CCCC2)CC1,1,0,0.0
SR-MMP,O=C(C=Cc1ccccc1)NC1CC1,1,0,0.0
SR-MMP,O=C(C=Cc1ccccc1)NC1CCC(CCN2CCc3ccc(-c4ncon4)cc3CC2)CC1,1,0,0.0
SR-MMP,O=C(C=Cc1ccccc1)OC1C(COC2CCCCO2)OC(OCCc2ccccc2)CC1OC1CCCCO1,1,0,0.0
SR-MMP,O=C(C=Cc1ccccc1)OC1CCC23CC24CCC2CCCC2C4CCC3C1,1,0,0.0
SR-MMP,O=C(C=Cc1ccccc1)OC1CCCC(OC(=O)C=Cc2ccccc2)C1,1,0,0.0
SR-MMP,O=C(C=Cc1ccccc1)OC1CCCCC1,1,0,0.0
SR-MMP,O=C(C=Cc1ccccc1)OCC=Cc1ccccc1,1,0,0.0
SR-MMP,O=C(C=Cc1ccccc1)OCCCc1ccccc1,1,0,0.0
SR-MMP,O=C(C=Cc1ccccc1)OCCOC(=O)C=Cc1ccccc1,1,0,0.0
SR-MMP,O=C(C=Cc1ccccc1)OCCc1ccccc1,1,0,
SR-MMP,O=C(C=Cc1ccccc1)OCc1ccccc1,1,0,0.0
SR-MMP,O=C(CC(NC(=O)c1ccccc1)c1ccccc1)OC1C=C2CC(=O)C3CCC4OCC4C3C(OC(=O)c3ccccc3)C(C2)C1,1,0,
SR-MMP,O=C(CC(NS(=O)(=O)c1ccc2ccccc2c1)c1ccc2c(c1)OCO2)NCCc1ccc(CN2CCCCC2)cc1,1,1,1.0
SR-MMP,O=C(CC12CC3CC(CC(C3)C1)C2)N1CCC2CC21,1,0,0.0
SR-MMP,O=C(CC12CCCN1CCC2)Nc1ccccc1,1,0,0.0
SR-MMP,O=C(CC1=CCC=CC1)NC1C(=O)N2C=CCSC12,1,0,0.0
SR-MMP,O=C(CC1CCCCN1)Cn1cnc2ccccc2c1=O,1,0,0.0
SR-MMP,O=C(CCC(=O)OC1CCCCC1)OC1CCCCC1,1,0,0.0
SR-MMP,O=C(CCC1(C(=O)NC2CCCCC2)CCCC1)Oc1ccc2c(c1)CCC2,1,0,0.0
SR-MMP,O=C(CCC1CC2N=C1C=C1CCC(=N1)C=C1CCC(=N1)C=C1CCC2[N-]1)NCCO[PH](=O)OC1COC(n2cnc3ccccc32)C1,1,0,0.0
SR-MMP,O=C(CCC1CC2[N-]C1=CC1=NC(=CC3=NC(=CC4=NC2CC4)CC3)CC1)NCCO[PH](=O)OC1COC(n2cnc3ccccc32)C1.c1ncc2ncn(C3CCCO3)c2n1,1,0,0.0
SR-MMP,O=C(CCC1CCCC1)OC1CCC2C1CCC1c3ccccc3CCC12,1,1,1.0
SR-MMP,O=C(CCC1CCN(Cc2ccccc2)CC1)c1ccc2c(c1)NCCCC2,1,0,0.0
SR-MMP,O=C(CCC=CCc1ccc2c(c1)C(=O)OC2)OCCN1CCOCC1,1,0,0.0
SR-MMP,O=C(CCCCCCCCC(=O)OC1CCNCC1)OC1CCNCC1,1,0,
SR-MMP,O=C(CCCCCCCCCCCCC1CCCC1)Nc1ccc(S(=O)(=O)c2ccc(NC(=O)CCCCCCCCCCCCC3CCCC3)cc2)cc1,1,0,0.0
SR-MMP,O=C(CCCCCCCCc1cccnc1)N1CCC(C=C(c2ccccc2)c2ccccc2)CC1,1,0,
SR-MMP,O=C(CCCCCc1ccccc1)CC1CCC(C2CCCCO2)O1,1,1,1.0
SR-MMP,O=C(CCCN1CC=C(n2c(=O)[nH]c3ccccc32)CC1)c1ccccc1,1,0,0.0
SR-MMP,O=C(CCCN1CCC(C(=O)c2ccccc2)CC1)c1ccccc1,1,0,0.0
SR-MMP,O=C(CCCN1CCC(N2CCCCC2)CC1)c1ccccc1,1,0,
SR-MMP,O=C(CCCN1CCC(OC(c2ccccc2)c2ccccc2)CC1)c1ccccc1,1,0,
SR-MMP,O=C(CCCN1CCC(n2c(=O)[nH]c3ccccc32)CC1)c1ccccc1,1,0,0.0
SR-MMP,O=C(CCCN1CCC(n2c(=S)[nH]c3ccccc32)CC1)c1ccccc1,1,0,0.0
SR-MMP,O=C(CCCN1CCC2(CC1)C(=O)NCN2c1ccccc1)c1ccccc1,1,1,1.0
SR-MMP,O=C(CCCN1CCCC1)c1ccccc1,1,0,0.0
SR-MMP,O=C(CCCN1CCCCC1)c1ccccc1,1,0,0.0
SR-MMP,O=C(CCCN1CCN(c2ccccc2)CC1)NC1c2ccccc2CSc2ccccc21,1,0,
SR-MMP,O=C(CCCN1CCN(c2ccccc2)CC1)c1ccccc1,1,0,0.0
SR-MMP,O=C(CCCN1CCN(c2ccccn2)CC1)c1ccccc1,1,0,0.0
SR-MMP,O=C(CCCN1CCN2CCCC2C1)c1ccccc1,1,0,0.0
SR-MMP,O=C(CCCNC(=O)C(NC(=O)c1ccncn1)C(OC1OCCCC1OC1CCCCO1)c1c[nH]cn1)NCC(=O)NCCc1nc(-c2nc(C(=O)NCCCNCc3ccccc3)cs2)cs1,1,0,0.0
SR-MMP,O=C(CCCNC(=O)C(NC(=O)c1ccncn1)C(OC1OCCCC1OC1CCCCO1)c1cnc[nH]1)NCC(=O)NCCc1nc(-c2nccs2)cs1,1,0,0.0
SR-MMP,O=C(CCCNC(=O)c1ccccc1)OCCCN1CCN(CCOC(=O)Cc2cn(C(=O)c3ccccc3)c3ccccc23)CC1,1,0,
SR-MMP,O=C(CCCOc1ccc2[nH]c(=O)ccc2c1)NC1CCCCC1,1,0,0.0
SR-MMP,O=C(CCCc1ccccc1)N1CC2CCCCC2C1,1,0,0.0
SR-MMP,O=C(CCN1CC1)OCC(COC(=O)CCN1CC1)COC(=O)CCN1CC1,1,0,0.0
SR-MMP,O=C(CCN1CCC(c2ccccc2)C1)c1ccc2c(c1)OCCO2,1,0,0.0
SR-MMP,O=C(CCN1CCCC1)c1ccccc1,1,0,0.0
SR-MMP,O=C(CCN1CCN(CCc2ccccc2)CC1)c1ccccc1,1,0,0.0
SR-MMP,O=C(CCN1CCN2CCCC2C1)N1c2ccccc2Sc2ccccc21,1,0,
SR-MMP,O=C(CCN1CCOCC1)N1c2ccccc2Sc2ccccc21,1,0,
SR-MMP,O=C(CCNCCc1ccccc1)c1ccccc1,1,0,0.0
SR-MMP,O=C(CCNNC(=O)c1ccncc1)NCc1ccccc1,1,0,0.0
SR-MMP,O=C(CCOCCOCCOCCOCCC(=O)Nc1ccccc1)Nc1ccccc1,1,0,
SR-MMP,O=C(CCS(=O)(=O)c1ccccc1)Nc1ccccc1,1,1,1.0
SR-MMP,O=C(CC[NH+]1CCc2ccccc2C1Cc1ccccc1)OCCCCCOC(=O)CC[NH+]1CCc2ccccc2C1Cc1ccccc1,1,0,0.0
SR-MMP,O=C(CCc1cc2c(s1)-n1cnnc1CN=C2c1ccccc1)N1CCOCC1,1,0,
SR-MMP,O=C(CCc1ccc(OCCCNCCNC(=O)N2CCOCC2)cc1)OCC1COCO1,1,0,0.0
SR-MMP,O=C(CCc1cccc2ccccc12)Nc1ccccc1C(=O)N1CCC2(CCCC2)CC1,1,0,
SR-MMP,O=C(CCc1ccccc1)NC1COC(n2cnc3cncnc32)C1,1,0,
SR-MMP,O=C(CCc1ccccc1)NCC(=O)NCC(=O)NC(Cc1c[nH]c2ccccc12)C(=O)NCC(=O)NCC(=O)NCCc1ccccc1,1,0,0.0
SR-MMP,O=C(CCc1ccccc1)NCC(=O)OCc1ccccc1,1,0,0.0
SR-MMP,O=C(CCc1ccccc1)OC1C=C2CC(=O)C3CCC4OCC4C3C(OC(=O)c3ccccc3)C(C2)C1,1,1,1.0
SR-MMP,O=C(CCc1ccccc1)OCC(COC(=O)CCc1ccccc1)(COC(=O)CCc1ccccc1)COC(=O)CCc1ccccc1,1,0,
SR-MMP,O=C(CCc1ccccc1)OCCOCCOCCOC(=O)CCc1ccccc1,1,1,1.0
SR-MMP,O=C(CCc1ccccc1)c1ccc(OC2OCCCC2OC2CCCCO2)cc1,1,0,0.0
SR-MMP,O=C(CN1CCCC1)Nc1ccccc1,1,0,0.0
SR-MMP,O=C(CN1CCCC1=O)Nc1ccccc1,1,0,0.0
SR-MMP,O=C(CN1CCCCC1)Nc1ccccc1,1,0,0.0
SR-MMP,O=C(CN1CCCCCC1)Nc1ccccc1,1,0,0.0
SR-MMP,O=C(CN1CCN(C(=O)c2ccccc2)CC1)N1CCOCC1,1,0,0.0
SR-MMP,O=C(CN1CCN(CCCC(c2ccccc2)c2ccccc2)CC1)Nc1ccccc1,1,0,
SR-MMP,O=C(CN1CCN(CCCOc2ccccc2)CC1)Nc1ccccc1,1,0,0.0
SR-MMP,O=C(CN1CCN(Cc2ccc3c(c2)OCO3)CC1)N1c2ccccc2Sc2ccccc21,1,0,0.0
SR-MMP,O=C(CN1CCNCC1)NC1CCCCC1,1,0,0.0
SR-MMP,O=C(CN1CCOCC1)NC(CCc1ccccc1)C(=O)NCC(=O)NC(Cc1ccccc1)C(=O)NCC(=O)C1CO1,1,0,0.0
SR-MMP,O=C(CN1CCOCC1)c1ccccc1,1,0,0.0
SR-MMP,O=C(CNC(=O)CNC(=O)CNC(=O)CNC(=O)C1CCCN1C(=O)C1CCC(=O)N1)NCCc1ccccc1,1,0,0.0
SR-MMP,O=C(CNC(=O)NCc1cscn1)NC(CCC(Cc1ccccc1)NC(=O)OCc1cncs1)Cc1ccccc1,1,0,0.0
SR-MMP,O=C(CNC(=O)c1ccc2ccccc2n1)NC(CCN1CCC2CCCCC2C1)Cc1ccccc1,1,1,1.0
SR-MMP,O=C(CNC(=O)c1ccccc1)Nc1ccccc1,1,0,0.0
SR-MMP,O=C(CNC1CC2CCC(C1)N2c1ncccn1)N1CCCC1,1,0,
SR-MMP,O=C(CNCC(=O)NCCc1ccccc1)NCCc1ccccc1,1,0,
SR-MMP,O=C(CNCCCN1c2ccccc2CCc2ccccc21)c1ccccc1,1,0,
SR-MMP,O=C(CNCCCc1ccccc1)N1CCC2(C1)SCCS2,1,0,0.0
SR-MMP,O=C(CNCCCc1ccccc1)N1CCC2CCCC21,1,0,
SR-MMP,O=C(CNCCCc1ccccc1)N1CCC2CCCCC21,1,0,0.0
SR-MMP,O=C(CNS(=O)(=O)c1cccc2c1NCCC2)N1CCCCC1,1,0,
SR-MMP,O=C(COCCOCCOCC(=O)Nc1ccccc1)Nc1ccccc1,1,0,0.0
SR-MMP,O=C(COc1ccccc1)N1CCN(C(=O)COc2ccccc2)CC1,1,0,
SR-MMP,O=C(COc1ccccc1)N1CCN(Cc2ccc3c(c2)OCO3)CC1,1,0,0.0
SR-MMP,O=C(COc1ccccc1)NC(CCC(Cc1ccccc1)NC(=O)CN1CCCNC1=O)Cc1ccccc1,1,1,1.0
SR-MMP,O=C(COc1ccccc1)NC1C(=O)N2CCSC12,1,0,0.0
SR-MMP,O=C(COc1ccccc1)OC1CCC2CC3c4[nH]c5ccccc5c4CCN3CC2C1,1,0,0.0
SR-MMP,O=C(COc1ccccc1)OCCCOC(=O)COc1ccccc1,1,0,
SR-MMP,O=C(COc1ccccc1)OCCNC12CC3CC(CC(C3)C1)C2,1,0,0.0
SR-MMP,O=C(COc1ccccc1)OCCn1cnc2[nH]c(=O)[nH]c(=O)c21,1,0,0.0
SR-MMP,O=C(COc1nncs1)Nc1ccccc1,1,0,0.0
SR-MMP,O=C(CSc1ccncc1)NC1C(=O)N2C=CCSC12,1,0,0.0
SR-MMP,O=C(C[NH2+]Cc1ccccc1)Nc1ccccc1,1,0,
SR-MMP,O=C(C[PH](=O)CCCCc1ccccc1)N1CCC(C2CCCCC2)C1,1,0,0.0
SR-MMP,O=C(C[SH+]Cc1ccco1)NCC=CCOc1cc(CN2CCCCC2)ccn1,1,0,0.0
SR-MMP,O=C(Cc1ccc2c(c1)OCO2)c1sccc1S(=O)(=O)Nc1ccno1,1,0,
SR-MMP,O=C(Cc1cccc2occc12)NC1CCC2(CCCO2)CC1N1CCCC1,1,0,0.0
SR-MMP,O=C(Cc1ccccc1)NC1C(=O)N2C(C(=O)OCOC(=O)C3CS(=O)(=O)C4CC(=O)N34)CSC12,1,0,0.0
SR-MMP,O=C(Cc1ccccc1)NC1C(=O)N2C(C(=O)OCc3coc(=O)o3)CSC12,1,0,
SR-MMP,O=C(Cc1ccccc1)NC1C(=O)N2C(C(=O)Oc3ccccc3)CSC12,1,0,
SR-MMP,O=C(Cc1ccccc1)NC1C(=O)N2C=C(CSc3c[nH]nn3)CSC12,1,0,0.0
SR-MMP,O=C(Cc1ccccc1)NC1C(=O)N2C=C(CSc3nnn[nH]3)COC12,1,0,
SR-MMP,O=C(Cc1ccccc1)NC1C(=O)N2C=C(C[n+]3ccccc3)CSC12,1,0,0.0
SR-MMP,O=C(Cc1ccccc1)NCc1ccccc1N1CCCCC1,1,0,0.0
SR-MMP,O=C(Cc1ccccc1)NCc1ccncc1,1,0,0.0
SR-MMP,O=C(Cc1ccccc1)Nc1ccccc1,1,0,0.0
SR-MMP,O=C(Cc1ccccc1)Nc1cnc(N2CCCC2)cc1-c1ccccc1,1,0,
SR-MMP,O=C(Cc1ccccc1)OC1CC2NC(C1)C1OC21,1,0,0.0
SR-MMP,O=C(Cc1ccccc1)OC1CCNCC1,1,0,0.0
SR-MMP,O=C(Cc1ccccc1)OCCN1CCOC(c2ccccc2)C1,1,0,
SR-MMP,O=C(Cc1ccccc1)OCCc1ccccc1,1,0,0.0
SR-MMP,O=C(Cc1ccccc1)OCc1ccccc1,1,0,
SR-MMP,O=C(Cc1ccccc1)OCc1ccccn1,1,0,
SR-MMP,O=C(Cc1ccccc1)Oc1ccccc1,1,0,0.0
SR-MMP,O=C(Cc1cccnc1)c1cccnc1,1,0,0.0
SR-MMP,O=C(Cc1cccs1)NC1C(=O)N2C=C(C[n+]3ccccc3)CSC12,1,0,0.0
SR-MMP,O=C(Cc1ccsc1)NC1C(=O)N2CCSC12,1,0,0.0
SR-MMP,O=C(Cc1cscn1)NC1C(=O)N2C=C(CSc3nnn[nH]3)CSC12,1,0,0.0
SR-MMP,O=C(Cn1c(=O)sc2ccccc21)N1CCNCC1,1,0,0.0
SR-MMP,O=C(Cn1c(C(=O)NC2CCNCC2)cc2ccncc21)Nc1ccccn1,1,0,0.0
SR-MMP,O=C(Cn1ccnc1)NCc1ccccc1,1,0,0.0
SR-MMP,O=C(N1CCCC1)C(CCN1CCOCC1)(c1ccccc1)c1ccccc1,1,0,0.0
SR-MMP,O=C(N=NC(=O)OCc1ccccc1)OCc1ccccc1,1,0,
SR-MMP,O=C(NC(=O)c1ccccc1)Nc1ccc(Oc2ccccc2)cc1,1,0,
SR-MMP,O=C(NC(=O)c1ccccc1)Nc1ccc(Oc2ccccn2)cc1,1,1,1.0
SR-MMP,O=C(NC(=O)c1ccccc1)Nc1cccc(Oc2ccccn2)c1,1,1,1.0
SR-MMP,O=C(NC(=O)c1ccccc1)Nc1ccccc1N1CCCCC1,1,0,0.0
SR-MMP,O=C(NC(C(=O)NC1C(=O)N2C=C(CSc3nnn[nH]3)CSC12)c1ccccc1)c1cccnc1,1,0,0.0
SR-MMP,O=C(NC(CC(=O)N1CCCC1)Cc1ccccc1)c1cc2ccccc2[nH]1,1,0,
SR-MMP,O=C(NC(CCN1C2CCC1CC(n1cnnc1)C2)c1ccccc1)C1CCCCC1,1,0,0.0
SR-MMP,O=C(NC(CCN1CCC2CCCCC2C1)CSc1ccccc1)c1ccccc1,1,1,1.0
SR-MMP,O=C(NC(CCNS(=O)(=O)c1ccccc1)Cc1ccccc1)OC1COC2OCCC12,1,0,0.0
SR-MMP,O=C(NC(Cc1ccccc1)C(=O)Nc1ccccc1)c1ccccc1,1,0,0.0
SR-MMP,O=C(NC(c1ccccc1)C1CCCCN1)c1ccccc1,1,0,
SR-MMP,O=C(NC(c1ccccc1)C1CN2CCC1CC2)c1ccccc1,1,0,
SR-MMP,O=C(NC1=CCCN1)Nc1ccccc1,1,0,0.0
SR-MMP,O=C(NC1C(=O)N2CCSC12)C1CCCCC1,1,0,
SR-MMP,O=C(NC1C(=O)N2CCSC12)c1cccc2ccccc12,1,0,0.0
SR-MMP,O=C(NC1C(=O)N2CCSC12)c1ccccc1,1,0,0.0
SR-MMP,O=C(NC1CC2CCC(C1)N2)n1c(=O)[nH]c2ccccc21,1,0,
SR-MMP,O=C(NC1CC2CCCC(C1)N2)c1n[nH]c2ccccc12,1,0,0.0
SR-MMP,O=C(NC1CCCC1)NS(=O)(=O)c1ccccc1,1,0,0.0
SR-MMP,O=C(NC1CCCCC1)N1CC(c2ccccc2)SC1=O,1,0,
SR-MMP,O=C(NC1CCCCC1)NS(=O)(=O)c1ccc(CCN2C(=O)Cc3ccccc3C2=O)cc1,1,0,
SR-MMP,O=C(NC1CCCCC1)NS(=O)(=O)c1ccc(CCNC(=O)N2CC=CC2=O)cc1,1,0,
SR-MMP,O=C(NC1CCCCC1)NS(=O)(=O)c1ccc(CCNC(=O)c2ccccc2)cc1,1,0,
SR-MMP,O=C(NC1CCCCC1)NS(=O)(=O)c1ccc(CCNC(=O)c2cnccn2)cc1,1,0,0.0
SR-MMP,O=C(NC1CCCCCCC1)NS(=O)(=O)c1ccccc1,1,0,0.0
SR-MMP,O=C(NC1CCCNC1)c1ccccc1,1,0,0.0
SR-MMP,O=C(NC1CCCOC1)c1ccccc1,1,0,0.0
SR-MMP,O=C(NC1CCN(C2CC2)CC1)c1nc2ccccc2n1Cc1cc(-c2cccs2)on1,1,0,
SR-MMP,O=C(NC1CCN(CCCOc2ccccc2)CC1)c1ccccc1,1,0,
SR-MMP,O=C(NC1CCN(CCc2c[nH]c3ccccc23)CC1)c1ccccc1,1,0,0.0
SR-MMP,O=C(NC1CCN(Cc2ccccc2)C1)c1ccccc1,1,0,0.0
SR-MMP,O=C(NC1CCN(Cc2ccccc2)CC1)c1ccccc1,1,0,0.0
SR-MMP,O=C(NC1CCNCC1)c1cc2ccccc2n1Cc1cc(-c2cccs2)on1,1,0,
SR-MMP,O=C(NC1CCNCC1)c1cccc2c1OCC2,1,0,
SR-MMP,O=C(NC1CCOc2ccccc21)c1ccccc1,1,0,0.0
SR-MMP,O=C(NC1CCc2ccccc21)C(CCCN1CCN(Cc2cccnc2)CC1)Cc1ccccc1,1,0,0.0
SR-MMP,O=C(NC1CN2CCC1CC2)c1cc2ccoc2cn1,1,0,
SR-MMP,O=C(NC1CN2CCC1CC2)c1ccc2c(c1)OCCO2,1,0,0.0
SR-MMP,O=C(NC1CN2CCC1CC2)c1ccccc1,1,0,0.0
SR-MMP,O=C(NC1N=C(c2ccccc2)c2cccc3c2N(CC3)C1=O)c1cccnc1,1,0,
SR-MMP,O=C(NC1N=C(c2ccccc2)c2cccc3c2N(CC3)C1=O)c1ccncc1,1,0,0.0
SR-MMP,O=C(NC1N=C(c2ccccc2)c2ccccc2NC1=O)c1cc2ccccc2[nH]1,1,1,1.0
SR-MMP,O=C(NC1OC2C3CCCN3C(=O)CN2C1=O)C1C=C2c3cccc4[nH]cc(c34)CC2NC1,1,1,1.0
SR-MMP,O=C(NC1OC2C3CCCN3C(=O)CN2C1=O)C1CNC2Cc3c[nH]c4cccc(c34)C2C1,1,0,0.0
SR-MMP,O=C(NCC(CC[N+]12CCC(C3CCCCC3)(CC1)CC2)c1ccccc1)c1ccccc1,1,0,0.0
SR-MMP,O=C(NCC1CCCCN1)c1ccccc1,1,0,0.0
SR-MMP,O=C(NCC1CCCN1)C(c1ccccc1)c1ccccc1,1,0,
SR-MMP,O=C(NCC1CN(Cc2ccccc2)CCO1)c1ccccc1,1,0,
SR-MMP,O=C(NCC1CN(c2ccc(N3CCOCC3=O)cc2)C(=O)O1)c1cccs1,1,0,
SR-MMP,O=C(NCC1CNC2Cc3c[nH]c4cccc(c34)C2C1)OCc1ccccc1,1,0,
SR-MMP,O=C(NCCCCCCCCCCNC(=O)Oc1ccccc1)Oc1ccccc1,1,0,
SR-MMP,O=C(NCCCCCCNC(=O)OCCN1CCOC1)OCCN1CCOC1,1,0,0.0
SR-MMP,O=C(NCCCCN1CCN(c2ccccc2)CC1)c1ccc(-c2ccccc2)cc1,1,0,0.0
SR-MMP,O=C(NCCCN1CCOCC1)c1ccccc1,1,0,0.0
SR-MMP,O=C(NCCCNc1ncc2ccccc2n1)C1CCCO1,1,0,0.0
SR-MMP,O=C(NCCN1CCOCC1)c1ccccc1,1,0,0.0
SR-MMP,O=C(NCCNC(=O)N1CCOCC1)N1CCOCC1,1,0,
SR-MMP,O=C(NCCNC(=O)c1cccnc1)c1cccnc1,1,0,0.0
SR-MMP,O=C(NCCNCCCOc1ccccc1)N1CCOCC1,1,0,0.0
SR-MMP,O=C(NCCOc1ccccc1)n1ccnc1,1,1,1.0
SR-MMP,O=C(NCC[NH2+]Cc1ccccc1)C(=O)NCC[NH2+]Cc1ccccc1,1,0,0.0
SR-MMP,O=C(NCCc1c[nH]c2ccccc12)c1cccnc1,1,0,0.0
SR-MMP,O=C(NCCc1cc(=O)[nH]c2ccccc12)c1ccccc1,1,0,0.0
SR-MMP,O=C(NCCc1ccccc1)C1CCCCC1,1,0,0.0
SR-MMP,O=C(NCCc1ccccc1)C1CCCN1,1,0,0.0
SR-MMP,O=C(NCCc1ccccc1)NS(=O)(=O)c1ccccc1,1,0,0.0
SR-MMP,O=C(NCCc1ccccc1)c1cnccn1,1,0,0.0
SR-MMP,O=C(NCN1CCCC1)C1=CCC2CC3Cc4ccccc4C(=O)C3=CC2C1=O,1,0,0.0
SR-MMP,O=C(NCN1CCOCC1)c1cnccn1,1,0,
SR-MMP,O=C(NCNC(=O)NC1NC(=O)NC1=O)NC1NC(=O)NC1=O,1,0,0.0
SR-MMP,O=C(NCc1ccc(OCCc2coc(-c3ccccc3)n2)cc1)Oc1ccccc1,1,0,
SR-MMP,O=C(NCc1ccccc1)C1CCN1C(=O)CC1CCCCC1,1,0,0.0
SR-MMP,O=C(NCc1ccccc1)c1c[nH]c2cccnc2c1=O,1,1,1.0
SR-MMP,O=C(NCc1ccccc1)c1cc(=O)[nH]c(CNC(=O)c2nnco2)n1,1,0,0.0
SR-MMP,O=C(NCc1ccccc1)c1ccccc1NS(=O)(=O)c1cccc2cccnc12,1,1,1.0
SR-MMP,O=C(NCc1ccccc1)c1cccnc1Oc1ccc2c(c1)OCO2,1,0,0.0
SR-MMP,O=C(NCc1ccccc1)c1cccnc1Oc1ccc2nonc2c1,1,0,0.0
SR-MMP,O=C(NCc1ccccc1)c1cccnc1Oc1ccccc1,1,0,0.0
SR-MMP,O=C(NCc1ccccc1)c1ccn[nH]1,1,0,
SR-MMP,O=C(NCc1cccnc1)Nc1ccccc1,1,1,1.0
SR-MMP,O=C(NCc1cccnc1)c1ccccc1C1C(=O)N(Cc2ccccc2)c2ccccc21,1,1,1.0
SR-MMP,O=C(NN1CC2C3CCC(C3)C2C1)c1ccccc1,1,0,
SR-MMP,O=C(NN1CC2CCCC2C1)NS(=O)(=O)c1ccccc1,1,0,0.0
SR-MMP,O=C(NN1CCCC1)NS(=O)(=O)c1ccccc1,1,0,0.0
SR-MMP,O=C(NN1CCCCC1)c1ccccc1,1,0,0.0
SR-MMP,O=C(NN1CCCCCC1)NS(=O)(=O)c1ccc(CCNC(=O)c2ccon2)cc1,1,0,0.0
SR-MMP,O=C(NN1CCCCCC1)NS(=O)(=O)c1ccccc1,1,0,0.0
SR-MMP,O=C(NN1CCc2ccccc21)c1ccccc1,1,0,0.0
SR-MMP,O=C(NN=Cc1ccccn1)Nc1ccccc1,1,0,0.0
SR-MMP,O=C(NNCNNC(=O)c1ccncc1)c1ccncc1,1,0,
SR-MMP,O=C(NNCc1ccccc1)c1ccccc1,1,1,1.0
SR-MMP,O=C(NNCc1ccccc1)c1ccon1,1,0,0.0
SR-MMP,O=C(NOCC1CC1)c1ccccc1Nc1ccccc1,1,1,1.0
SR-MMP,O=C(NS(=O)(=O)C=Cc1ccccc1)c1ccccc1,1,0,
SR-MMP,O=C(NS(=O)(=O)C=Cc1cccs1)c1ccccc1,1,0,
SR-MMP,O=C(NS(=O)(=O)c1ccccc1)c1ccccc1,1,0,0.0
SR-MMP,O=C(Nc1c[nH]c(C(=O)Nc2cc[nH]c2)c1)c1ccc[nH]1,1,0,0.0
SR-MMP,O=C(Nc1c[nH]n(-c2ccccc2)c1=O)c1cccnc1,1,0,0.0
SR-MMP,O=C(Nc1cc(NCc2ccccc2)c2ccccc2n1)c1ccccc1,1,1,1.0
SR-MMP,O=C(Nc1cc2ccc(OC3CCCCO3)cc2oc1=O)c1ccccc1,1,0,0.0
SR-MMP,O=C(Nc1ccc(C(=O)N2CCCC(=CC(=O)N3CCC(N4CCCCC4)CC3)c3ccccc32)cc1)c1ccoc1,1,0,0.0
SR-MMP,O=C(Nc1ccc(C=Cc2ccc(NC(=O)c3ccc4cccnc4c3)cc2)cc1)c1ccc2cccnc2c1,1,0,
SR-MMP,O=C(Nc1ccc(Cc2ccccc2)cc1)c1ccccc1,1,1,1.0
SR-MMP,O=C(Nc1ccc(OCCN2CCOCC2)c2ccccc12)Nc1ccnn1-c1ccccc1,1,1,1.0
SR-MMP,O=C(Nc1ccc(Oc2ccccc2)cc1)c1ccccc1,1,1,1.0
SR-MMP,O=C(Nc1ccc(Oc2cccnc2)nc1)N1CCc2ccccc21,1,1,1.0
SR-MMP,O=C(Nc1ccc(S(=O)(=O)N2CCOCC2)cc1)c1ccccc1NS(=O)(=O)c1cccs1,1,0,
SR-MMP,O=C(Nc1ccc(S(=O)(=O)Nc2nccs2)cc1)c1ccccc1,1,0,0.0
SR-MMP,O=C(Nc1ccc2[nH]cc(Cc3ccc(C(=O)NS(=O)(=O)c4ccccc4)cc3)c2c1)OC1CCCC1,1,1,1.0
SR-MMP,O=C(Nc1ccc2[nH]ccc2c1)c1cc2ccccc2n1Cc1ccccc1,1,1,1.0
SR-MMP,O=C(Nc1ccc2c(c1)CCCC2)c1ccccc1,1,1,1.0
SR-MMP,O=C(Nc1ccc2cc(N=Nc3ccc(N=Nc4ccccc4)cc3)ccc2c1)c1ccccc1,1,0,
SR-MMP,O=C(Nc1ccc2ncccc2c1)Nc1ccc2ncccc2c1,1,0,
SR-MMP,O=C(Nc1cccc(C(=O)Nc2cccc(C(=O)Nc3cccc4ccccc34)c2)c1)Nc1cccc(C(=O)Nc2cccc(C(=O)Nc3cccc4ccccc34)c2)c1,1,0,
SR-MMP,O=C(Nc1cccc(C2=NCCN2)c1)Nc1cccc(C2=NCCN2)c1,1,0,0.0
SR-MMP,O=C(Nc1cccc(Nc2nccc(-c3cccnc3)n2)c1)c1ccc(CN2CCNCC2)cc1,1,1,1.0
SR-MMP,O=C(Nc1cccc2c(=O)cc(-c3nnn[nH]3)oc12)c1ccc(OCCCCc2ccccc2)cc1,1,0,
SR-MMP,O=C(Nc1cccc2ccccc12)c1ccccc1,1,0,
SR-MMP,O=C(Nc1cccc2ccoc12)c1ccccc1,1,1,1.0
SR-MMP,O=C(Nc1ccccc1)C1=COCCS1,1,0,0.0
SR-MMP,O=C(Nc1ccccc1)C1=COCCS1(=O)=O,1,0,
SR-MMP,O=C(Nc1ccccc1)C1CCCCC1,1,1,1.0
SR-MMP,O=C(Nc1ccccc1)C1CCCN1,1,0,
SR-MMP,O=C(Nc1ccccc1)N(Cc1ccccc1)C1CCCC1,1,1,1.0
SR-MMP,O=C(Nc1ccccc1)N(Cc1ccccc1)Cc1oc2ccccc2c1-c1ccccc1,1,1,1.0
SR-MMP,O=C(Nc1ccccc1)N1CCN(c2ncnc3cc(OCCCN4CCCCC4)ccc23)CC1,1,0,
SR-MMP,O=C(Nc1ccccc1)N1COC2Cc3ccccc3C2=N1,1,1,1.0
SR-MMP,O=C(Nc1ccccc1)NS(=O)(=O)c1ccco1,1,0,
SR-MMP,O=C(Nc1ccccc1)Nc1ccc(Oc2ccncc2)cc1,1,1,1.0
SR-MMP,O=C(Nc1ccccc1)Nc1ccncc1,1,1,1.0
SR-MMP,O=C(Nc1ccccc1)Nc1cnns1,1,1,1.0
SR-MMP,O=C(Nc1ccccc1)Nc1nc2ccccc2s1,1,1,1.0
SR-MMP,O=C(Nc1ccccc1)OCC(CN1CCCCC1)OC(=O)Nc1ccccc1,1,0,0.0
SR-MMP,O=C(Nc1ccccc1)Oc1ccccc1,1,1,1.0
SR-MMP,O=C(Nc1ccccc1)c1c[nH]c(-c2ccccc2)c1-c1ccccc1,1,0,
SR-MMP,O=C(Nc1ccccc1)c1c[nH]c2c1C(=O)CCC2,1,0,
SR-MMP,O=C(Nc1ccccc1)c1cc2ccccc2[nH]c1=O,1,0,0.0
SR-MMP,O=C(Nc1ccccc1)c1ccc2c(c1)CCCC2,1,1,1.0
SR-MMP,O=C(Nc1ccccc1)c1cccnc1Oc1ccccc1,1,1,1.0
SR-MMP,O=C(Nc1ccccc1)c1ccco1,1,0,0.0
SR-MMP,O=C(Nc1ccccc1)c1cccs1,1,1,1.0
SR-MMP,O=C(Nc1ccccc1)c1ccoc1,1,1,1.0
SR-MMP,O=C(Nc1ccccc1)c1cnc(Nc2cc(N3CCNCC3)ncn2)s1,1,0,
SR-MMP,O=C(Nc1ccccc1)c1cnoc1,1,1,1.0
SR-MMP,O=C(Nc1ccccc1-c1ccccc1)c1cccnc1,1,0,
SR-MMP,O=C(Nc1ccccc1CCC1CCCCN1)c1ccccc1,1,0,0.0
SR-MMP,O=C(Nc1ccccc1CNCC(=O)N1CCOCC1)c1ccccc1,1,0,
SR-MMP,O=C(Nc1ccccc1SSc1ccccc1NC(=O)c1ccccc1)c1ccccc1,1,1,1.0
SR-MMP,O=C(Nc1ccccn1)C1=Cc2sccc2S(=O)(=O)N1,1,1,1.0
SR-MMP,O=C(Nc1ccccn1)C1NS(=O)(=O)c2ccsc2C1=O,1,1,1.0
SR-MMP,O=C(Nc1ccccn1)c1ccc2[nH]c(CNc3ccccc3)nc2c1,1,0,
SR-MMP,O=C(Nc1cccnc1)N1CCc2cc3[nH]ccc3cc21,1,0,
SR-MMP,O=C(Nc1ccno1)c1ccccc1,1,1,1.0
SR-MMP,O=C(Nc1ccon1)C1=Cc2ccccc2S(=O)(=O)N1,1,1,1.0
SR-MMP,O=C(Nc1cnccn1)C(CC1CCCC1)c1ccccc1,1,0,
SR-MMP,O=C(Nc1nc(-c2ccccc2)c(CCC2CCCCC2)s1)c1cc2ccccc2[nH]1,1,0,
SR-MMP,O=C(Nc1nc(-c2ccccc2)cs1)c1cc2ccccc2[nH]1,1,0,
SR-MMP,O=C(Nc1ncccn1)NS(=O)(=O)Cc1ccccc1,1,0,0.0
SR-MMP,O=C(Nc1ncccn1)NS(=O)(=O)c1ccccc1,1,0,0.0
SR-MMP,O=C(Nc1nccs1)C1=Cc2ccccc2S(=O)(=O)N1,1,1,1.0
SR-MMP,O=C(Nc1nccs1)c1ccccc1,1,1,1.0
SR-MMP,O=C(Nc1nccs1)c1cccs1,1,1,1.0
SR-MMP,O=C(Nc1ncncn1)NS(=O)(=O)c1ccsc1,1,0,0.0
SR-MMP,O=C(Nc1nnn[nH]1)c1cc2ccccc2s1,1,0,
SR-MMP,O=C(Nn1ccc2ccccc21)c1cnc(-c2ccccn2)nc1,1,0,0.0
SR-MMP,O=C(OC(=O)c1ccccc1)c1ccccc1,1,0,0.0
SR-MMP,O=C(OC1C2CCC3C4CC5C6CCCC5(C(C2)C31)C4NC6)c1ccccc1,1,0,0.0
SR-MMP,O=C(OC1CC2CC3CC(C1)N2CC3=O)c1c[nH]c2ccccc12,1,0,
SR-MMP,O=C(OC1CC2CCC(C1)N2)c1c[nH]c2ccccc12,1,0,0.0
SR-MMP,O=C(OC1CC2CCC(C1)[N+]21CCCC1)C(c1ccccc1)c1ccccc1,1,0,0.0
SR-MMP,O=C(OC1CC2CCC(C1)[NH2+]2)C(c1ccccc1)c1ccccc1,1,0,
SR-MMP,O=C(OC1CC2CCCC(C1)N2)C(c1cccs1)c1cccs1,1,0,
SR-MMP,O=C(OC1CC2[NH2+]C(C1)C1OC21)C(c1cccs1)c1cccs1,1,0,0.0
SR-MMP,O=C(OC1CCCCC1)c1ccccc1C(=O)OC1CCCCC1,1,1,1.0
SR-MMP,O=C(OC1CCCN(Cc2ccccc2)C1)C1=CNC=CC1c1ccccc1,1,1,1.0
SR-MMP,O=C(OC1CCN(Cc2ccccc2)C1)C1=CNC=CC1c1ccccc1,1,1,1.0
SR-MMP,O=C(OC1CCNCC1)C(Oc1ccccc1)Oc1ccccc1,1,0,
SR-MMP,O=C(OC1CCNCC1)C(c1ccccc1)c1ccccc1,1,0,
SR-MMP,O=C(OC1CC[NH2+]C1)C(c1ccccc1)C1CCCC1,1,0,0.0
SR-MMP,O=C(OC1CC[NH2+]C1)C(c1ccccc1)c1ccccc1,1,0,
SR-MMP,O=C(OC1CN(C(c2ccccc2)c2ccccc2)C1)C1=CNC=CC1c1ccccc1,1,0,
SR-MMP,O=C(OC1CN2CCC1CC2)N1CCc2ccccc2C1c1ccccc1,1,0,
SR-MMP,O=C(OC1CN2CCC1CC2)c1ccccc1,1,0,0.0
SR-MMP,O=C(OC1COCC(OC2CC(OC(=O)c3ccccc3)CCO2)C1)c1ccccc1,1,0,0.0
SR-MMP,O=C(OC1C[NH+]2CCC1CC2)C(c1ccccc1)c1ccccc1,1,0,0.0
SR-MMP,O=C(OC1Cc2ccccc2OC1c1ccccc1)c1ccccc1,1,0,0.0
SR-MMP,O=C(OC1c2nccnc2C(=O)N1c1ccccn1)N1CCNCC1,1,0,
SR-MMP,O=C(OCC(COC(=O)c1ccccc1)(COC(=O)c1ccccc1)COC(=O)c1ccccc1)c1ccccc1,1,1,1.0
SR-MMP,O=C(OCC(COC(=O)c1cccnc1)(COC(=O)c1cccnc1)COC(=O)c1cccnc1)c1cccnc1,1,0,0.0
SR-MMP,O=C(OCC1(COC(=O)c2cccnc2)CCCC(COC(=O)c2cccnc2)(COC(=O)c2cccnc2)C1)c1cccnc1,1,0,0.0
SR-MMP,O=C(OCC1=NCCCN1)C(c1ccccc1)C1CCCCC1,1,0,
SR-MMP,O=C(OCC1CCCC[NH2+]1)C(c1ccccc1)c1ccccc1,1,0,
SR-MMP,O=C(OCC1CNC2Cc3c[nH]c4cccc(c34)C2C1)c1cccnc1,1,0,0.0
SR-MMP,O=C(OCC1CO1)C1CCCCC1C(=O)OCC1CO1,1,0,0.0
SR-MMP,O=C(OCC1OC(OC(=O)c2cccc(OC(=O)c3ccccc3)c2)C(OC(=O)c2cccc(OC(=O)c3ccccc3)c2)C(OC(=O)c2cccc(OC(=O)c3ccccc3)c2)C1OC(=O)c1cccc(OC(=O)c2ccccc2)c1)c1cccc(OC(=O)c2ccccc2)c1,1,1,1.0
SR-MMP,O=C(OCC=Cc1ccccc1)C1=CNC=CC1c1ccccc1,1,1,1.0
SR-MMP,O=C(OCC=Cc1ccccc1)c1ccccc1,1,0,
SR-MMP,O=C(OCCC(=CNCc1cncnc1)SSC(=CNCc1cncnc1)CCOC(=O)c1ccccc1)c1ccccc1,1,0,0.0
SR-MMP,O=C(OCCCCCCOC(=O)c1ccccc1)c1ccccc1,1,0,0.0
SR-MMP,O=C(OCCCCCOC(=O)c1ccccc1)c1ccccc1,1,0,0.0
SR-MMP,O=C(OCCCCNCCc1ccccc1)c1ccccc1,1,0,0.0
SR-MMP,O=C(OCCCN1CCC(c2ccccc2)(c2ccccc2)CC1)C1=CNC=CC1c1ccccc1,1,0,
SR-MMP,O=C(OCCCN1CCCCC1)c1ccc(OC2CCCCC2)cc1,1,0,
SR-MMP,O=C(OCCCN1CCCCC1)c1ccccc1,1,0,0.0
SR-MMP,O=C(OCCCN1CCCN(CCCOC(=O)c2ccccc2)CC1)c1ccccc1,1,0,
SR-MMP,O=C(OCCCOC(=O)N(Cc1cccc[nH+]1)C(=O)c1ccccc1)N1CCCCC1,1,0,0.0
SR-MMP,O=C(OCCN(Cc1ccccc1)c1ccccc1)C1=CNC=C(P2(=O)OCCCO2)C1c1ccccc1,1,0,
SR-MMP,O=C(OCCN1CCCCC1)C(c1ccccc1)c1ccccc1,1,0,0.0
SR-MMP,O=C(OCCN1CCCCC1)c1cccc2c(=O)cc(-c3ccccc3)oc12,1,0,0.0
SR-MMP,O=C(OCCN1CCN(C(c2ccccc2)c2ccccc2)CC1)C1=CNC=CC1c1ccccc1,1,1,1.0
SR-MMP,O=C(OCCN1CCOCC1)c1ccccc1,1,0,0.0
SR-MMP,O=C(OCCN1CCOCC1)c1cccnc1Nc1ccccc1,1,0,
SR-MMP,O=C(OCCNC1CCCCC1)c1ccccc1,1,0,
SR-MMP,O=C(OCCNCCC(c1ccccc1)c1ccccc1)C1=CNC=CC1c1ccccc1,1,1,1.0
SR-MMP,O=C(OCCNCCc1ccccc1)c1ccccc1,1,0,
SR-MMP,O=C(OCCNCc1ccccc1)C1=CNC=CC1c1ccccc1,1,1,1.0
SR-MMP,O=C(OCCOCCOCCOC(=O)c1ccccc1)c1ccccc1,1,0,0.0
SR-MMP,O=C(OCCOc1cccc2[nH]ccc12)c1ccccc1,1,0,
SR-MMP,O=C(OCC[NH+]1CCCCC1)C(c1ccccc1)c1ccccc1,1,0,0.0
SR-MMP,O=C(OCCc1ccc(N2CCN(C(c3ccccc3)c3ccccc3)CC2)cc1)C1=CNC=CC1c1ccccc1,1,0,
SR-MMP,O=C(OCN1C(=O)C2=C(CCCC2)C1=O)C1CC1,1,0,
SR-MMP,O=C(OCN1C(=O)CNC1=O)C1CC1,1,0,0.0
SR-MMP,O=C(OCOC(=O)c1cccc2ncn(Cc3ccc(-c4ccccc4-c4nnn[nH]4)cc3)c12)OC1CCCCC1,1,1,1.0
SR-MMP,O=C(OCc1cccc(-c2ccccc2)c1)C1CC1,1,0,
SR-MMP,O=C(OCc1ccccc1)C(=O)OCc1ccccc1,1,0,0.0
SR-MMP,O=C(OCc1ccccc1)C1CCCC1,1,0,
SR-MMP,O=C(OCc1ccccc1)c1cccnc1,1,0,
SR-MMP,O=C(OCc1coc(=O)o1)c1cncn1Cc1ccc(-c2ccccc2-c2nn[nH]n2)cc1,1,0,0.0
SR-MMP,O=C(OOC(=O)c1ccccc1)c1ccccc1,1,0,
SR-MMP,O=C(Oc1ccc2c(c1)CCCO2)c1cccnc1,1,0,
SR-MMP,O=C(Oc1cccc2cccnc12)c1ccccc1,1,0,
SR-MMP,O=C(Oc1ccccc1)C1CCCCC1,1,0,0.0
SR-MMP,O=C(Oc1ccccc1)N1CCN2CCC1CC2,1,0,
SR-MMP,O=C(Oc1ccccc1)c1ccc2ccccc2c1,1,0,
SR-MMP,O=C(Oc1ccccc1)c1cccc(C(=O)Oc2ccccc2)c1,1,0,0.0
SR-MMP,O=C(Oc1ccccc1)c1ccccc1C(=O)Oc1ccccc1,1,0,
SR-MMP,O=C(Oc1ccccc1)c1ccco1,1,0,0.0
SR-MMP,O=C(Oc1ccccc1OC(=O)c1ccccc1)c1ccccc1,1,0,
SR-MMP,O=C(SC=CNCc1cncnc1)c1ccccc1,1,0,
SR-MMP,O=C(c1c[nH]c2ccccc12)C1CCc2[nH]cnc2C1,1,0,0.0
SR-MMP,O=C(c1cc2ccccc2[nH]1)N1CCN(c2ccccn2)CC1,1,0,
SR-MMP,O=C(c1cc2ccccc2o1)N1CCN(Cc2ccccc2)CC1,1,0,0.0
SR-MMP,O=C(c1ccc(-c2ccc(-c3nnco3)cc2)cc1)N1CCc2cc3c(cc21)C1(CCNCC1)CO3,1,1,1.0
SR-MMP,O=C(c1ccc(C#Cc2ccccc2)o1)N1CCC(c2ccccc2)CC1,1,0,0.0
SR-MMP,O=C(c1ccc(OCCN2CCCCC2)cc1)c1c(-c2ccccc2)sc2ccccc12,1,1,1.0
SR-MMP,O=C(c1ccc2[nH]cnc2c1)C1CC1,1,0,
SR-MMP,O=C(c1ccc2[nH]cnc2c1)c1cccs1,1,1,1.0
SR-MMP,O=C(c1ccc2c(c1)C(=O)OC2=O)c1ccc2c(c1)C(=O)OC2=O,1,0,0.0
SR-MMP,O=C(c1ccccc1)C1CCC1,1,0,0.0
SR-MMP,O=C(c1ccccc1)C1CCCCC1,1,0,0.0
SR-MMP,O=C(c1ccccc1)C1CCN(CCc2cnc3ccccn3c2=O)CC1,1,0,0.0
SR-MMP,O=C(c1ccccc1)C1CCN(CCc2cnc3n(c2=O)CCS3)CC1,1,0,
SR-MMP,O=C(c1ccccc1)C1CCN(CCn2c(=O)[nH]c3ccccc3c2=O)CC1,1,0,0.0
SR-MMP,O=C(c1ccccc1)C1CCN(CCn2c(=S)[nH]c3ccccc3c2=O)CC1,1,0,0.0
SR-MMP,O=C(c1ccccc1)C1CNCCC1c1ccccc1,1,0,
SR-MMP,O=C(c1ccccc1)N1CC2CC(CN(Cc3ccccc3)C2)C1,1,0,
SR-MMP,O=C(c1ccccc1)N1CCC(CCN2C3CCC2CC(n2cnc4ccccc42)C3)(c2ccccc2)CC1,1,0,
SR-MMP,O=C(c1ccccc1)N1CCCC(CCCN2CCC(c3ccccc3)CC2)(c2ccccc2)C1,1,0,
SR-MMP,O=C(c1ccccc1)N1CCCCCCC1,1,0,
SR-MMP,O=C(c1ccccc1)N1CCOC(CCN2CCC(N3CCCCC3)CC2)(c2ccccc2)C1,1,0,
SR-MMP,O=C(c1ccccc1)N1CCOC(CCN2CCC(c3ccccc3)CC2)(c2ccccc2)C1,1,0,
SR-MMP,O=C(c1ccccc1)N1CCOCC1,1,0,0.0
SR-MMP,O=C(c1ccccc1)P(=O)(C(=O)c1ccccc1)c1ccccc1,1,0,0.0
SR-MMP,O=C(c1ccccc1)c1c[nH]c(=O)[nH]1,1,0,0.0
SR-MMP,O=C(c1ccccc1)c1c[nH]c2ccccc12,1,0,0.0
SR-MMP,O=C(c1ccccc1)c1ccc(OCCN2CCCCC2)cc1,1,0,0.0
SR-MMP,O=C(c1ccccc1)c1ccc2[nH]cnc2c1,1,1,1.0
SR-MMP,O=C(c1ccccc1)c1ccc2n1CCC2,1,0,0.0
SR-MMP,O=C(c1ccccc1)c1ccccc1-n1ccnc1,1,0,0.0
SR-MMP,O=C(c1ccccc1)c1ccccc1NCCc1ccc(OCCc2coc(-c3ccccc3)n2)cc1,1,0,
SR-MMP,O=C(c1ccccc1)c1cn(CCN2CCOCC2)c2ccccc12,1,0,
SR-MMP,O=C(c1ccccc1)c1cnoc1C1CC1,1,0,0.0
SR-MMP,O=C(c1ccco1)N1CCN(c2ncc3ccccc3n2)CC1,1,0,0.0
SR-MMP,O=C(c1ccco1)N1CCNCC1,1,0,
SR-MMP,O=C(c1cccs1)N1CCC(c2ccccc2)CC1,1,0,
SR-MMP,O=C(c1cccs1)c1c[nH]c2ccccc12,1,1,1.0
SR-MMP,O=C(c1cn(-c2ccccc2)c(-c2ccccc2)n1)N1CCN(c2ccc3ccccc3c2)CC1,1,1,1.0
SR-MMP,O=C(c1cn[nH]c1)c1cccc(C2=NOCC2)c1,1,0,0.0
SR-MMP,O=C(c1cncnc1)N1CCC(N2CCN(Cc3ccccc3)CC2)CC1,1,0,0.0
SR-MMP,O=C1C(=Cc2ccccc2)C2CCC1C2,1,1,1.0
SR-MMP,O=C1C(=Cc2ccccc2)CCCC1=Cc1ccccc1,1,1,1.0
SR-MMP,O=C1C(=Cc2cccs2)CCCC1=Cc1cccs1,1,0,
SR-MMP,O=C1C(=NNc2cccc(-c3ccccc3)c2)C=NN1c1ccccc1,1,0,
SR-MMP,O=C1C(=O)c2cccc3cccc1c23,1,0,
SR-MMP,O=C1C(=O)c2ncccc2-c2cccnc21,1,0,
SR-MMP,O=C1C(CCCc2ccccc2)C(c2ccccc2)N1c1ccccc1,1,1,1.0
SR-MMP,O=C1C(CC[SH+]c2ccccc2)C(=O)N(c2ccccc2)N1c1ccccc1,1,0,0.0
SR-MMP,O=C1C(Cc2c[nH]cn2)CCc2cc3ccccc3n21,1,0,
SR-MMP,O=C1C(NCCCc2ccccc2)CCCN2CCCCN12,1,0,0.0
SR-MMP,O=C1C(c2ccccc2)N=CN1Nc1ccccc1,1,1,1.0
SR-MMP,O=C1C2=C(CCCC2)C(=O)N1c1ccccc1,1,0,
SR-MMP,O=C1C2C3CCC(C3)C2C(=O)N1CCCCN1CCN(c2ncccn2)CC1,1,0,0.0
SR-MMP,O=C1C2CC2C(=O)N1c1ccccc1,1,0,0.0
SR-MMP,O=C1C2CCCCC2C(=O)N1CCCCN1CCN(c2nsc3ccccc23)CC1,1,0,
SR-MMP,O=C1C=C(C2CCC(c3ccccc3)CC2)C(=O)c2ccccc21,1,0,
SR-MMP,O=C1C=C(C2CCC3C2CCC2C4CCC(OC5CCCCO5)CC4CCC23)CO1,1,1,1.0
SR-MMP,O=C1C=C(C=CC=CC=CC=CC=CC=CC=CC=CC=CC2=CC(=O)CCC2)CCC1,1,0,0.0
SR-MMP,O=C1C=C(CC2CCCCC2)C(=O)c2ccccc21,1,0,
SR-MMP,O=C1C=C(N2CC2)C(=O)C=C1N1CC1,1,0,0.0
SR-MMP,O=C1C=C2C(CC1)C1CCC3C(C4CC4C34CCC(=O)O4)C1C1CC21,1,0,
SR-MMP,O=C1C=C2C=CC3C(CCC4C3CCC43CCC(=O)O3)C2CC1,1,0,0.0
SR-MMP,O=C1C=C2C=CC3C4CCCC4CCC3C2C2CC12,1,0,
SR-MMP,O=C1C=C2C=CC3CC2(O1)C1CCCCN31,1,0,0.0
SR-MMP,O=C1C=C2CCC3C(=C2CC1)C(c1ccccc1)CC1CCCC13,1,1,1.0
SR-MMP,O=C1C=C2CCC3C(=CCC4CCCC43)C2CC1,1,0,0.0
SR-MMP,O=C1C=C2CCC3C(CCC4C(OC(=O)CCC5CCCCC5)CCC43)C2CC1,1,0,
SR-MMP,O=C1C=C2CCC3C(CCC4C3CCC43CCC(=O)O3)C2CC1,1,0,
SR-MMP,O=C1C=C2CCC3C4C=CCC4CCC3C2CC1,1,0,
SR-MMP,O=C1C=C2CCC3C4CCC5(CCC(=O)O5)C4CC4OC43C2CC1,1,0,0.0
SR-MMP,O=C1C=C2CCCCC2CC1,1,0,0.0
SR-MMP,O=C1C=C2CCCCCCC=CCCC=CC=CC(=O)NC(=C1)C2=O,1,0,
SR-MMP,O=C1C=CC(=O)C(Cc2ccccc2)=C1,1,0,
SR-MMP,O=C1C=CC(=O)C2=C1CC1C3NC3CN21,1,0,0.0
SR-MMP,O=C1C=CC(=O)CC1,1,0,0.0
SR-MMP,O=C1C=CC(=O)N1,1,0,
SR-MMP,O=C1C=CC(=O)N1c1ccc(Cc2ccc(N3C(=O)C=CC3=O)cc2)cc1,1,0,
SR-MMP,O=C1C=CC(=O)N1c1ccccc1,1,0,
SR-MMP,O=C1C=CC(=O)O1,1,0,0.0
SR-MMP,O=C1C=CC2(CC1)Oc1ccccc1C2=O,1,0,0.0
SR-MMP,O=C1C=CC2C(=C1)CCC1C2CCC2C(C(=O)COC(=O)c3ccccc3)CCC21,1,0,0.0
SR-MMP,O=C1C=CC2C(=C1)CCC1C2CCC2C(C(=O)COC(=O)c3ccncc3)CCC21,1,0,
SR-MMP,O=C1C=CC2C(=C1)CCC1C2CCC2C(OC(=O)c3ccco3)CCC21,1,1,1.0
SR-MMP,O=C1C=CC2C(=C1)CCC1C2CCC2C1CC1OC(C3CCCCC3)OC12,1,1,1.0
SR-MMP,O=C1C=CC2C(=C1)CCC1C2CCC2C1CC1OC3(CCCC3)OC12,1,0,
SR-MMP,O=C1C=CC2C(=C1)CCC1C2CCC2C1CC1OC=NC12,1,0,0.0
SR-MMP,O=C1C=CC2C(=C1)CCC1C3CCC(=O)OC3CCC21,1,0,0.0
SR-MMP,O=C1C=CC2C(=C1)Oc1ccccc1C21OC(=O)c2ccccc21,1,0,
SR-MMP,O=C1C=CC2C(CCC3C2CCC2C(C(=O)Nc4ccccc4)CCC23)N1,1,0,
SR-MMP,O=C1C=CC2C(CCC3C4CCCC4CCC23)C1,1,0,
SR-MMP,O=C1C=CC2C(CCC3C4CCCC4CCC23)N1,1,0,0.0
SR-MMP,O=C1C=CC2C3=CC(=O)C4C5CCCCC5CCC4C3CCC2C1,1,1,1.0
SR-MMP,O=C1C=CC2CC1C2,1,0,
SR-MMP,O=C1C=CC2CCC3CC(=O)OC3C2=C1,1,0,0.0
SR-MMP,O=C1C=CC2OC2CCCC2CCCC(CC(OC3CCCCO3)C=CC=CC=CC=CCCO1)O2,1,0,0.0
SR-MMP,O=C1C=CC2OC2CCOC(=O)CCCC(OC2CCC(OC3CCCCO3)CO2)CCC1,1,0,0.0
SR-MMP,O=C1C=CC2OC2CCOC(=O)CCCC(OC2CCCCO2)CCC1,1,0,0.0
SR-MMP,O=C1C=CC=CC(COC2CCCCO2)COC(=O)CCCC(OC2CCC(OC3CCCCO3)CO2)CCC1,1,0,0.0
SR-MMP,O=C1C=CC=CC(COC2CCCCO2)COC(=O)CCCC(OC2CCCCO2)C(CCN2CCCCC2)CC1,1,0,0.0
SR-MMP,O=C1C=CC=CCCCCCCCCC=COC2Oc3ccc4c(c3C2=O)C2=NC3(CCNCC3)NC2=C(N1)C4=O,1,0,
SR-MMP,O=C1C=CC=CCCCCCCCCC=COC2Oc3ccc4cc(c(C=NN5CCN(C6CCCC6)CC5)cc4c3C2=O)N1,1,1,1.0
SR-MMP,O=C1C=CC=CCCCCCCCCC=COC2Oc3ccc4cc(c(C=NN5CCNCC5)cc4c3C2=O)N1,1,1,1.0
SR-MMP,O=C1C=CC=CCCCCCCCCC=COC2Oc3ccc4cc(c5c(nc6ccccn65)c4c3C2=O)N1,1,0,
SR-MMP,O=C1C=CC=CCCCCCCCCC=COC2Oc3ccc4cc(ccc4c3C2=O)N1,1,0,
SR-MMP,O=C1C=CCC(C2CCOCC2)C1,1,0,0.0
SR-MMP,O=C1C=CCC(C=Cc2ccc3c(c2)OCO3)O1,1,0,
SR-MMP,O=C1C=CCC(C=Cc2ccccc2)O1,1,0,0.0
SR-MMP,O=C1C=CCC(CCc2ccccc2)O1,1,0,0.0
SR-MMP,O=C1C=CNC(=O)C1,1,0,0.0
SR-MMP,O=C1C=COC(=O)C1,1,0,0.0
SR-MMP,O=C1C=COC1c1ccccc1,1,0,0.0
SR-MMP,O=C1C=COS(=O)(=O)N1,1,0,0.0
SR-MMP,O=C1CC(=O)C1,1,0,0.0
SR-MMP,O=C1CC(=O)N(C2CCCCC2)C(=O)N1,1,0,0.0
SR-MMP,O=C1CC(=O)N(c2ccccc2)c2ccccc2N1,1,0,0.0
SR-MMP,O=C1CC(=O)OCC2OC(=O)N(CCCCn3cnc(-c4cccnc4)c3)C2CC(=O)CCCC(OC2CCCCO2)C1,1,0,0.0
SR-MMP,O=C1CC(C(=O)NC(Cc2c[nH]cn2)C(=O)N2CCCC2)NC(=O)N1,1,0,0.0
SR-MMP,O=C1CC(CCC2CCCCC2=O)CC(=O)N1,1,0,
SR-MMP,O=C1CC(Cc2cnc[nH]2)CO1,1,0,0.0
SR-MMP,O=C1CC(OC2CCCCO2)CC(OC2CCCCO2)CCC2(CO2)C(=O)CCCCO1,1,0,0.0
SR-MMP,O=C1CC(OC2CCCCO2)CC(OC2CCCCO2)CCCCNCCCCO1,1,0,0.0
SR-MMP,O=C1CC(c2ccc3c(c2)OC(c2ccccc2)CO3)Oc2ccccc21,1,0,
SR-MMP,O=C1CC(c2cccc(OC3CCCC3)c2)CN1,1,0,0.0
SR-MMP,O=C1CC(c2ccccc2)CC(=O)N1,1,0,
SR-MMP,O=C1CC2(CCCC2)CC(=O)N1,1,0,
SR-MMP,O=C1CC2(CCCC2)CC(=O)N1CCCCN1CCN(c2ncccn2)CC1,1,0,0.0
SR-MMP,O=C1CC2(CCCC2)CC(=O)N1CCNCC1COc2ccccc2O1,1,0,0.0
SR-MMP,O=C1CC2C(=O)C3CCC2C3C1,1,0,0.0
SR-MMP,O=C1CC2C(CCC3CCCCC32)O1,1,0,
SR-MMP,O=C1CC2C3CCCCC3CCC2C2CC3OC4(CCCCO4)CC3C12,1,0,0.0
SR-MMP,O=C1CC2CC(SC3Cn4cnc[n+]4C3)=CN12,1,0,0.0
SR-MMP,O=C1CC2CC1C1CCCC21,1,0,0.0
SR-MMP,O=C1CC2CC2C1,1,0,0.0
SR-MMP,O=C1CC2CC=CN12,1,0,0.0
SR-MMP,O=C1CC2CCCC3CCC4OOC32C(O1)O4,1,0,
SR-MMP,O=C1CC2CCCN3CCc4c(n1c1ccccc41)C23,1,0,0.0
SR-MMP,O=C1CC2CCCOC2C1,1,0,
SR-MMP,O=C1CC2N1CC(Cn1ccnn1)S2(=O)=O,1,0,
SR-MMP,O=C1CC2OC(=O)CC2O1,1,0,0.0
SR-MMP,O=C1CC2OCC(CSc3nnn[nH]3)=CN12,1,0,0.0
SR-MMP,O=C1CC2OCC3CC(=O)C4C(CCC5C(c6ccoc6)OC(=O)C6OC654)C32CO1,1,0,0.0
SR-MMP,O=C1CC2OCCC2O1,1,0,
SR-MMP,O=C1CC2SC(C3CCCO3)=CN12,1,0,0.0
SR-MMP,O=C1CC2SCC(CSc3nnn[nH]3)=CN12,1,0,0.0
SR-MMP,O=C1CC2SCCN12,1,0,0.0
SR-MMP,O=C1CCC(=O)CC1,1,0,0.0
SR-MMP,O=C1CCC(=O)c2ccccc21,1,0,
SR-MMP,O=C1CCC(C(=O)N2CCCCC2)N1,1,0,0.0
SR-MMP,O=C1CCC(C(=O)N2CCSC2)N1,1,0,0.0
SR-MMP,O=C1CCC(C(=O)NC(Cc2cnc[nH]2)C(=O)N2CCCC2)N1,1,0,0.0
SR-MMP,O=C1CCC(C(=O)NC2CC2c2ccccc2)N1,1,0,0.0
SR-MMP,O=C1CCC(C2CCCCC2)CC1,1,0,0.0
SR-MMP,O=C1CCC(C=CCCC2CCC2)C1,1,0,
SR-MMP,O=C1CCC(C=CCCOc2ccccc2)C1,1,0,0.0
SR-MMP,O=C1CCC(CC(C(=O)Nc2cnccn2)c2ccccc2)C1,1,0,0.0
SR-MMP,O=C1CCC(N2C(=O)c3ccccc3C2=O)C(=O)N1,1,0,0.0
SR-MMP,O=C1CCC(N2Cc3ccccc3C2=O)C(=O)N1,1,0,0.0
SR-MMP,O=C1CCC(OC2CCC(OC3CCC(OC4CCCc5cc6c(cc54)C(=O)c4ccccc4C6=O)OC3)OC2)OC1,1,1,1.0
SR-MMP,O=C1CCC(c2ccc(-n3ccnc3)cc2)=NN1,1,0,0.0
SR-MMP,O=C1CCC(c2ccc(NCCNCCCOc3ccccc3)cc2)=NN1,1,0,
SR-MMP,O=C1CCC(c2ccc3[nH]c(-c4ccccc4)nc3c2)=NN1,1,0,
SR-MMP,O=C1CCC(c2ccccc2)(C2CCN(Cc3ccccc3)CC2)C(=O)N1,1,0,0.0
SR-MMP,O=C1CCC(c2ccccc2)CC1,1,0,
SR-MMP,O=C1CCC(c2cccnc2)N1,1,0,0.0
SR-MMP,O=C1CCC2C(C1)CC(=O)C1C3CCCC3C(=O)CC21,1,0,
SR-MMP,O=C1CCC2C(CCC3C4CC=CC4CCC23)C1,1,1,1.0
SR-MMP,O=C1CCC2C3=CCc4ccccc4C3CCC12,1,1,1.0
SR-MMP,O=C1CCC2C3Cc4cccc5c4C2(CCN3CC2CC2)C1O5,1,0,0.0
SR-MMP,O=C1CCC2CCC3C(=C12)CCC1CCCCC13,1,0,0.0
SR-MMP,O=C1CCC=NN1,1,0,
SR-MMP,O=C1CCCC(=O)C1,1,0,0.0
SR-MMP,O=C1CCCC(=O)C1=CC1CC1,1,0,
SR-MMP,O=C1CCCC(=O)N1,1,0,0.0
SR-MMP,O=C1CCCC(=O)O1,1,0,0.0
SR-MMP,O=C1CCCC(=O)OC2CCN3CC=C(CO1)C23,1,0,0.0
SR-MMP,O=C1CCCC(OC2CCC(OC3CCCCO3)CO2)CCCC(OC2CCCCO2)C=CC=CCCO1,1,0,0.0
SR-MMP,O=C1CCCC1Cc1ccccc1,1,0,0.0
SR-MMP,O=C1CCCC23CCC(CC12)C3,1,0,0.0
SR-MMP,O=C1CCCC2=C1CCC2,1,0,0.0
SR-MMP,O=C1CCCC=CCCCCCCCCCC1,1,1,1.0
SR-MMP,O=C1CCCC=Cc2ccccc2C(=O)OCCCC1,1,1,1.0
SR-MMP,O=C1CCCCC1=Cc1ccccc1,1,0,0.0
SR-MMP,O=C1CCCCC1=O,1,0,0.0
SR-MMP,O=C1CCCCC1C1CCCCC1,1,0,0.0
SR-MMP,O=C1CCCCC1CN1CCCCC1,1,0,0.0
SR-MMP,O=C1CCCCC1c1cccs1,1,0,0.0
SR-MMP,O=C1CCCCCCC2OC2CC(C=Cc2cscn2)OC(=O)CCC1,1,0,
SR-MMP,O=C1CCCCCCCCCC2CCCC(CC(OC3CCCCO3)C=CC=CC=CC=CC=CC=CC=CCC(CCCCCC(=O)c3ccccc3)OC(=O)CCC1)O2,1,1,1.0
SR-MMP,O=C1CCCCCCCCCCC(=O)OCCO1,1,0,
SR-MMP,O=C1CCCCCCCCCCC1,1,0,0.0
SR-MMP,O=C1CCCCCCCCCCCC(=O)OCCO1,1,0,0.0
SR-MMP,O=C1CCCCCCCCCCCC2CCCC(CC(OC3CCCCO3)C=CC=CC=CC=CC=CC=CC=CCCCCO1)O2,1,0,0.0
SR-MMP,O=C1CCCCCCCCCCCC2CCCC(CC(OC3CCCCO3)C=CC=CC=CC=CCCC=CC=CCCCCO1)O2,1,0,0.0
SR-MMP,O=C1CCCCCCCCCCCCCC1,1,1,1.0
SR-MMP,O=C1CCCCCCCCCCCCCCC=CC=CC=CC=CC=CCCO1,1,0,0.0
SR-MMP,O=C1CCCCCCCCCCCCCCCO1,1,0,0.0
SR-MMP,O=C1CCCCCCCCCCCCCCO1,1,0,0.0
SR-MMP,O=C1CCCCCCCCCCCN1,1,0,0.0
SR-MMP,O=C1CCCCCCCCCCOCCCCO1,1,0,0.0
SR-MMP,O=C1CCCCCN1SSN1CCCCCC1=O,1,0,
SR-MMP,O=C1CCCN1C(=O)c1ccccc1,1,0,0.0
SR-MMP,O=C1CCCN1C1CCCCC1,1,0,
SR-MMP,O=C1CCCN1C1CCOc2ccccc21,1,0,0.0
SR-MMP,O=C1CCCN1c1ccccc1,1,0,0.0
SR-MMP,O=C1CCCNC(=O)CNC(=O)CNC(=O)CNC(=O)CNC(=O)C(Cc2ccccc2)NC(=O)CN1,1,0,0.0
SR-MMP,O=C1CCCNC(=O)CNC(=O)CNC(=O)CNC(=O)CNC(=O)CNC(=O)CN1,1,0,0.0
SR-MMP,O=C1CCCc2c1cc1ccc3cccc4ccc2c1c34,1,1,1.0
SR-MMP,O=C1CCN(C2CCCC2)c2nc(Nc3ccc(C(=O)NC4CCNCC4)cc3)ncc2N1,1,0,
SR-MMP,O=C1CCN2C(=O)C(Cc3ccccc3)NC(=O)C3CCCN3C(=O)CNC(=O)C(NC(=O)c3ccccn3)COC(=O)C(c3ccccc3)NC(=O)C2C1,1,0,0.0
SR-MMP,O=C1CCN2CCc3ccccc3C2C1,1,0,
SR-MMP,O=C1CCOC1,1,0,0.0
SR-MMP,O=C1CCOC2CCC3CCCCC3C12,1,0,
SR-MMP,O=C1CCOC2OC3CCCCC3OC12,1,0,0.0
SR-MMP,O=C1CCON1,1,0,0.0
SR-MMP,O=C1CCON1Cc1ccccc1,1,0,0.0
SR-MMP,O=C1CCS(=O)(=O)C(c2ccccc2)N1,1,0,0.0
SR-MMP,O=C1CCSSCCNC(=O)C2CCCN2C(=O)C(Cc2c[nH]c3ccccc23)NC(=O)CNC(=O)CNC(=O)CN1,1,0,0.0
SR-MMP,O=C1CCc2cc(CCN3CCN(c4nsc5ccccc45)CC3)ccc2N1,1,0,
SR-MMP,O=C1CCc2cc(OCCCCc3nnnn3C3CCCCC3)ccc2N1,1,0,0.0
SR-MMP,O=C1CCc2ccc(OCCCCN3CCN(c4ccccc4)CC3)cc2N1,1,0,
SR-MMP,O=C1CCc2ccc(cc2)Oc2cc3cc(c2OC2OCCCC2OC2CCCCO2)Oc2ccc(cc2)CC2NC(=O)C(NC(=O)C3NC(=O)CN1)c1cccc(c1)-c1ccccc1CNC2=O,1,0,0.0
SR-MMP,O=C1CCc2ccccc21,1,0,
SR-MMP,O=C1CCc2ccccc2C2CCCCN12,1,0,0.0
SR-MMP,O=C1CCc2ccccc2N1,1,0,0.0
SR-MMP,O=C1CCc2ccccc2O1,1,0,0.0
SR-MMP,O=C1CN(N=Cc2ccc(-c3ccccc3)o2)C(=O)N1,1,1,1.0
SR-MMP,O=C1CN(N=Cc2ccco2)C(=O)N1,1,1,1.0
SR-MMP,O=C1CN2CCc3ccccc3C2c2ccccc2N1,1,0,0.0
SR-MMP,O=C1CN2Cc3ccccc3NC2=N1,1,0,0.0
SR-MMP,O=C1CN=C(c2ccc3ccccc3n2)N1,1,0,0.0
SR-MMP,O=C1CN=C(c2ccccc2)c2ccccc2N1CC1CC1,1,1,1.0
SR-MMP,O=C1CN=CN1,1,0,
SR-MMP,O=C1CNC(=O)C2CCCN2C(=O)CNC(=O)C(NC(=O)c2cc(=O)cc3oc4cccc(C(=O)NC5COC(=O)CNC(=O)CNC(=O)C6CCCN6C(=O)CNC5=O)c4nc2-3)COC(=O)CN1,1,0,
SR-MMP,O=C1CNC(=O)CNC(=O)C(Cc2c[nH]c3ccccc23)NC(=O)C(Cc2ccccc2)NC(=O)C(NC(=O)CCc2ccccc2)CSSCCN1,1,0,0.0
SR-MMP,O=C1CNC(=O)CNC(=O)C(Cc2cnc[nH]2)NC(=O)C(Cc2ccccc2)NC(=O)CNC(=O)CNC(=O)C(NC(=O)CNC(=O)CNC(=O)CNC(=O)C2CSC=N2)CCCCN1,1,0,0.0
SR-MMP,O=C1CNC(=O)CNC(=O)C2CCCN2C(=O)C(Cc2ccccc2)NC(=O)CNC(=O)CNC(=O)CNC(=O)C2CCCN2C(=O)C(Cc2ccccc2)NC(=O)CN1,1,1,1.0
SR-MMP,O=C1CNC(=O)CNC(=O)CNC(=O)CNC(=O)CNC(=O)CNC(=O)CNC(=O)CNC(=O)CNC(=O)CNC(=O)CN1,1,0,
SR-MMP,O=C1CNC(=S)N1,1,0,0.0
SR-MMP,O=C1CNC(NC(=O)Nc2ccccc2)=N1,1,1,1.0
SR-MMP,O=C1CNC(c2ccccc2)=N1,1,0,0.0
SR-MMP,O=C1CNC(c2ccccn2)=N1,1,0,
SR-MMP,O=C1CNc2ccc(C(=O)N3CCC(C4CCNCC4)CC3)cc2CN1,1,0,
SR-MMP,O=C1COC(=O)CO1,1,0,0.0
SR-MMP,O=C1COC(=O)N1c1ccccc1,1,0,0.0
SR-MMP,O=C1COC(CCN2CCC(c3ccccc3)CC2)(c2ccccc2)CN1c1ccccc1,1,0,
SR-MMP,O=C1COc2c(cccc2C(=O)NC2CN3CCC2CC3)N1,1,0,0.0
SR-MMP,O=C1COc2ccc(N3C(=O)C4=C(CCCC4)C3=O)cc2N1,1,0,
SR-MMP,O=C1COc2ccccc2OC1,1,0,0.0
SR-MMP,O=C1CSC2(CCN(CCCN3c4ccccc4Sc4ccccc43)CC2)N1,1,1,1.0
SR-MMP,O=C1C[NH+]=C(c2ccccc2)c2ccccc2N1,1,0,0.0
SR-MMP,O=C1Cc2cc(CCN3CCN(c4nsc5ccccc45)CC3)ccc2N1,1,0,0.0
SR-MMP,O=C1Cc2cc3n(c(=O)c2CO1)Cc1cc2cc(OC(=O)N4CCC(N5CCCCC5)CC4)ccc2nc1-3,1,1,1.0
SR-MMP,O=C1Cc2ccc3cccc4c3c2-c2c1cccc2C4=O,1,1,1.0
SR-MMP,O=C1Cc2cccc(c2)Oc2cccc(c2)C2NC(=O)C(Cc3ccc(cc3)Oc3cc4cc(c3OC3CCCCO3)Oc3ccc(cc3)C(OC3CCCCO3)C3NC(=O)C(NC(=O)C4NC2=O)c2cccc(c2)-c2c(cccc2OC2CCCCO2)CNC3=O)N1,1,0,
SR-MMP,O=C1Cc2ccccc2C(=C2CCNCC2)c2ccsc21,1,0,0.0
SR-MMP,O=C1Cc2ccccc2CCN1CCCNCC1Cc2ccccc21,1,0,0.0
SR-MMP,O=C1Cc2ccccc2CCN1CCCNCCc1ccccc1,1,0,0.0
SR-MMP,O=C1Cc2ccccc2N1c1ccccc1,1,0,
SR-MMP,O=C1Cc2ccccc2Nc2ccccc21,1,0,0.0
SR-MMP,O=C1Cc2ccccc2Sc2ccccc21,1,0,0.0
SR-MMP,O=C1N(Cc2ccc(-c3ccccc3-c3nnn[nH]3)cc2)C=NC12CCCC2,1,0,
SR-MMP,O=C1N(S(=O)(=O)c2ccccc2)c2ccccc2C1(c1ccccc1)N1CCCC1,1,0,0.0
SR-MMP,O=C1N(c2ccccc2)c2ccccc2C1(Cc1ccncc1)Cc1ccncc1,1,0,0.0
SR-MMP,O=C1N=C2SCCN2C(=O)C1Cc1ccccc1,1,0,0.0
SR-MMP,O=C1N=CC2CN12,1,0,0.0
SR-MMP,O=C1N=CNC(=O)C1C1=CCCCC1,1,0,0.0
SR-MMP,O=C1N=COC1c1ccccc1,1,0,0.0
SR-MMP,O=C1N=NC(CN2CCOC(OCc3ccccc3)C2C2CCCCC2)=N1,1,0,
SR-MMP,O=C1NC(=O)C(=O)C(=O)N1,1,0,0.0
SR-MMP,O=C1NC(=O)C(Cc2ccc(C(=O)CCc3coc(-c4ccccc4)n3)cc2)S1,1,0,
SR-MMP,O=C1NC(=O)C(Cc2ccc(OCC3CCCCC3)cc2)S1,1,1,1.0
SR-MMP,O=C1NC(=O)C(Cc2ccc(OCC3CCc4ccccc4O3)cc2)S1,1,1,1.0
SR-MMP,O=C1NC(=O)C(Cc2ccc(OCCNc3ccccn3)cc2)S1,1,1,1.0
SR-MMP,O=C1NC(=O)C(Cc2ccc(OCCc3ccccn3)cc2)S1,1,1,1.0
SR-MMP,O=C1NC(=O)C(c2ccccc2)S1,1,0,
SR-MMP,O=C1NC(=O)C(c2cn(C3CCN(Cc4ccccn4)CC3)c3ccccc23)=C1c1c[nH]c2ccccc12,1,0,0.0
SR-MMP,O=C1NC(=O)C2C3C=CC(C3)C12,1,0,0.0
SR-MMP,O=C1NC(=O)N(C(=O)c2ccccc2)C(=O)C1c1ccccc1,1,1,1.0
SR-MMP,O=C1NC(=S)SC1=CC=Cc1ccccc1,1,0,0.0
SR-MMP,O=C1NC(Cc2ccc3[nH]ccc3c2)CO1,1,0,
SR-MMP,O=C1NC(Nc2ccc(OCCN3CCCCC3)cc2)c2ccccc21,1,0,0.0
SR-MMP,O=C1NC(c2ccccc2)c2ccccc21,1,0,0.0
SR-MMP,O=C1NC2(C=C1c1ccccc1)CCCCC2,1,0,
SR-MMP,O=C1NC2(CCN(Cc3ccc(Oc4ccccc4)cc3)CC2)C(=O)NC1CC1CCCCC1,1,0,
SR-MMP,O=C1NC2CCCCN2C12CCN(CCCN1c3ccccc3CCc3ccccc31)CC2,1,0,0.0
SR-MMP,O=C1NC2CSCC2N1,1,0,0.0
SR-MMP,O=C1NC2NC(=O)NC2N1,1,0,0.0
SR-MMP,O=C1NCC(=O)N2C1Cc1c([nH]c3ccccc13)C2c1ccc2c(c1)OCO2,1,0,
SR-MMP,O=C1NCC(CCN2CCOCC2)C1(c1ccccc1)c1ccccc1,1,0,0.0
SR-MMP,O=C1NCC(c2ccccc2)=Nc2cn[nH]c21,1,0,0.0
SR-MMP,O=C1NCC(c2cccs2)SCC1NCCCc1ccccc1,1,0,0.0
SR-MMP,O=C1NCC2(CCN(CCc3ccccc3)CC2)O1,1,0,0.0
SR-MMP,O=C1NCCN(C(=O)NC(C(=O)NC2C(=O)N3C=C(CSc4nnn[nH]4)CSC23)c2ccccc2)C1=O,1,0,
SR-MMP,O=C1NCCN(C(=O)NC(C(=O)NC2C(=O)N3CCSC23)c2ccccc2)C1=O,1,0,
SR-MMP,O=C1NCCN1CCN1CCC(c2cn(-c3ccccc3)c3ccccc23)CC1,1,0,
SR-MMP,O=C1NCCN1c1ccccc1,1,0,
SR-MMP,O=C1NCCN1c1nccs1,1,0,
SR-MMP,O=C1NCCS1,1,0,0.0
SR-MMP,O=C1NCN(c2ccccc2)C12CCN(CC1COc3ccccc3O1)CC2,1,0,0.0
SR-MMP,O=C1NCN(c2ccccc2)C12CCN(CCCC(c1ccccc1)c1ccccc1)CC2,1,0,
SR-MMP,O=C1NCN(c2ccccc2)C12CCN(CCCOc1ccccc1)CC2,1,1,1.0
SR-MMP,O=C1NCNC(=O)C1c1ccccc1,1,0,0.0
SR-MMP,O=C1NCNc2ccccc21,1,0,
SR-MMP,O=C1NCc2c1c1c3ccccc3n3c1c1c2c2ccccc2n1C1CCC3O1,1,1,1.0
SR-MMP,O=C1NN=CCN1N=Cc1cccnc1,1,0,0.0
SR-MMP,O=C1NS(=O)(=O)Nc2ccccc21,1,1,1.0
SR-MMP,O=C1NS(=O)(=O)c2ccccc21,1,0,0.0
SR-MMP,O=C1Nc2cc(CNC3CCCNC3c3ccccc3)ccc2C2CC12,1,0,0.0
SR-MMP,O=C1Nc2ccccc2C(C#CC2CC2)O1,1,1,1.0
SR-MMP,O=C1Nc2ccccc2C1=CC1=CCC=N1,1,0,
SR-MMP,O=C1Nc2ccccc2C1=Cc1ccc[nH]1,1,1,1.0
SR-MMP,O=C1Nc2ccccc2C1C(=O)c1cccs1,1,0,
SR-MMP,O=C1Nc2ccccc2CCC1NCCCc1ccccc1,1,0,
SR-MMP,O=C1Nc2ccccc2CO1,1,0,
SR-MMP,O=C1Nc2ccccc2N(C(=O)CN2CCNCC2)c2cscc21,1,0,0.0
SR-MMP,O=C1Nc2ccccc2Nc2ccccc21,1,0,0.0
SR-MMP,O=C1Nc2ccccc2OC1(c1ccccc1)c1ccccc1,1,0,
SR-MMP,O=C1Nc2ccccc2Oc2ccccc21,1,0,
SR-MMP,O=C1Nc2cccnc2N(C(=O)CN2CCCCC2)c2ccccc21,1,0,0.0
SR-MMP,O=C1Nc2cccnc2N(C(=O)CN2CCNCC2)c2ccccc21,1,0,0.0
SR-MMP,O=C1Nc2cccnc2N(C2CC2)c2ncccc21,1,0,0.0
SR-MMP,O=C1Nc2nc(Nc3ccc4c(c3)OCCO4)ncc2CN1c1ccccc1,1,0,
SR-MMP,O=C1OC(=O)C2C3CCC(O3)C12,1,1,1.0
SR-MMP,O=C1OC(=O)C2CC=CCC12,1,0,0.0
SR-MMP,O=C1OC(=O)C2CCCC=C12,1,0,0.0
SR-MMP,O=C1OC(=O)C2CCCCC12,1,0,0.0
SR-MMP,O=C1OC(=O)c2cc(-c3ccc4c(c3)C(=O)OC4=O)ccc21,1,0,0.0
SR-MMP,O=C1OC(=O)c2cc(Oc3ccc(Cc4ccc(Oc5ccc6c(c5)C(=O)OC6=O)cc4)cc3)ccc21,1,0,0.0
SR-MMP,O=C1OC(=O)c2cccc3cccc1c23,1,1,1.0
SR-MMP,O=C1OC(CCc2ccccc2)CC=C1Cc1cccc(NS(=O)(=O)c2ccccn2)c1,1,1,1.0
SR-MMP,O=C1OC(CCc2ccccc2)CC=C1Sc1ccccc1,1,0,0.0
SR-MMP,O=C1OC(CN2CCOCC2)CN1N=Cc1ccco1,1,0,0.0
SR-MMP,O=C1OC(OC(=O)c2cccnc2Nc2ccccc2)c2ccccc21,1,1,1.0
SR-MMP,O=C1OC(c2ccc(Oc3ccccc3)cc2)C(=O)N1Nc1ccccc1,1,1,1.0
SR-MMP,O=C1OC(c2ccccc2)CN1CCCN1CCCCCC1,1,0,
SR-MMP,O=C1OC2(C=C1c1ccccc1)CCCC2,1,0,
SR-MMP,O=C1OC2(C=C1c1ccccc1)CCCCC2,1,1,1.0
SR-MMP,O=C1OC2(CCN1CC1CCOCC1)CCN(C1CCN(C(=O)c3cncnc3)CC1)CC2,1,0,0.0
SR-MMP,O=C1OC2CC(CC=CC(OC3CCC(OC4CCCCO4)CO3)CC=CC=C3COC4CC=CC1C34)OC1(C=CCC(C3CCCCC3)O1)C2,1,1,1.0
SR-MMP,O=C1OC2CC(CC=CC(OC3CCC(OC4CCCCO4)CO3)CC=CC=C3COC4CC=CC1C34)OC1(CCCCO1)C2,1,0,
SR-MMP,O=C1OC2CC(CC=CCCC=CC=C3COC4CC=CC1C34)OC1(CCCCO1)C2,1,0,
SR-MMP,O=C1OC2CC1C1CC3OC34C(=O)OC2C14,1,0,0.0
SR-MMP,O=C1OC2CCCOC2c2ccccc21,1,0,0.0
SR-MMP,O=C1OCC(Cc2ccccc2)C1Cc1ccccc1,1,1,1.0
SR-MMP,O=C1OCC(c2ccccc2)=C1c1ccccc1,1,0,0.0
SR-MMP,O=C1OCC2C(OC3CCC4OC(c5cccs5)OCC4O3)c3cc4c(cc3C(c3ccccc3)C12)OCO4,1,0,
SR-MMP,O=C1OCC2c3c(ccc4c3OCO4)C(SCC13NCCc1ccccc13)C1C3NC(Cc4ccccc43)CN21,1,0,
SR-MMP,O=C1OCCC(=CNCc2cncnc2)S1,1,0,
SR-MMP,O=C1OCCCCCCCCCCc2ccccc21,1,1,1.0
SR-MMP,O=C1OCCN1N=Cc1ccco1,1,0,0.0
SR-MMP,O=C1OCCN1Nc1ccccc1,1,0,0.0
SR-MMP,O=C1OCCN1c1ccc(N2CCOCC2)cc1,1,0,0.0
SR-MMP,O=C1OCc2ccccc21,1,0,
SR-MMP,O=C1O[Sb]2OCC3O[Sb](OCC1O2)OC3=O,1,0,0.0
SR-MMP,O=C1SCCC1=CC1CC1C(=O)OCc1coc(Cc2ccccc2)c1,1,0,
SR-MMP,O=C1c2c([nH]c3ccccc23)CCC1Cn1ccnc1,1,0,0.0
SR-MMP,O=C1c2c([nH]c3ccccc23)CCN1Cc1cnc[nH]1,1,0,0.0
SR-MMP,O=C1c2cc[nH]c2CCC1CN1CCOCC1,1,0,0.0
SR-MMP,O=C1c2ccc3c(c2OC2COc4ccccc4C12)CCO3,1,0,
SR-MMP,O=C1c2cccc3c2C(CCC3)CN1C1CN2CCC1CC2,1,0,0.0
SR-MMP,O=C1c2ccccc2-c2n[nH]c3cccc1c23,1,1,1.0
SR-MMP,O=C1c2ccccc2-n2cncc2C2CCCN12,1,0,0.0
SR-MMP,O=C1c2ccccc2C(=O)N1CCc1noc(-c2ccc(CN3CCCCCC3)s2)n1,1,0,
SR-MMP,O=C1c2ccccc2C(=O)N1SC1CCCCC1,1,1,1.0
SR-MMP,O=C1c2ccccc2C(=O)N1c1ccccc1,1,1,1.0
SR-MMP,O=C1c2ccccc2C(=O)c2cc(C3CCCCO3)ccc21,1,0,0.0
SR-MMP,O=C1c2ccccc2C(=O)c2cc3c(cc21)CCCC3OC1CC(N2CCOCC2)CCO1,1,0,
SR-MMP,O=C1c2ccccc2C(=O)c2cc3c(cc21)CCCC3OC1CCC(OC2CCCCO2)CO1,1,0,
SR-MMP,O=C1c2ccccc2C(C2CCCCO2)c2ccccc21,1,0,0.0
SR-MMP,O=C1c2ccccc2C(C2c3ccccc3C(=O)c3c(OC4CCCCO4)cccc32)c2cccc(OC3CCCCO3)c21,1,0,0.0
SR-MMP,O=C1c2ccccc2C2=Nc3ccccc3CN12,1,0,
SR-MMP,O=C1c2ccccc2CC1CC1CCN(Cc2ccccc2)CC1,1,0,0.0
SR-MMP,O=C1c2ccccc2CCc2ccccc21,1,0,
SR-MMP,O=C1c2ccccc2CN1C1CCCCC1,1,0,
SR-MMP,O=C1c2ccccc2CN2C(=O)c3ccccc3CN12,1,0,0.0
SR-MMP,O=C1c2ccccc2COc2ccccc21,1,0,
SR-MMP,O=C1c2ccccc2NCN1c1ccccc1,1,0,0.0
SR-MMP,O=C1c2ccccc2S(=O)(=O)N1CCCCN1CCN(c2ncccn2)CC1,1,0,0.0
SR-MMP,O=C1c2ccccc2S(=O)(=O)N1COc1cc(=O)n2cccc(OCCN3CCCCC3)c2n1,1,0,0.0
SR-MMP,O=P(N1CC1)(N1CC1)N1CC1,1,0,0.0
SR-MMP,O=P(c1ccccc1)(c1ccccc1)c1ccccc1,1,0,0.0
SR-MMP,O=S(=O)(CCc1ccc2[nH]cc(CC3CCCN3)c2c1)c1ccccc1,1,0,0.0
SR-MMP,O=S(=O)(Cc1ccc2[nH]ccc2c1)N1CCCC1,1,0,0.0
SR-MMP,O=S(=O)(Cc1ccccc1)c1ccccc1N1CCC(c2ccccc2)CC1,1,0,
SR-MMP,O=S(=O)(NC1CCCC1)c1ccc(Oc2ccccc2)cc1,1,0,
SR-MMP,O=S(=O)(NC1CCOCC1)c1ccc(Oc2ccccc2)cc1,1,0,0.0
SR-MMP,O=S(=O)(NC1CCc2[nH]c3ccccc3c2C1)c1ccccc1,1,0,
SR-MMP,O=S(=O)(NCC1CCCO1)c1ccccc1,1,0,0.0
SR-MMP,O=S(=O)(NCCNS(=O)(=O)c1ccccc1)c1ccccc1,1,0,
SR-MMP,O=S(=O)(NCC[n+]1ccccc1)c1ccccc1N=Nc1ccccc1,1,0,0.0
SR-MMP,O=S(=O)(NCCc1ccccc1)c1ccccc1,1,0,0.0
SR-MMP,O=S(=O)(NCCc1cccs1)c1ccccc1,1,0,0.0
SR-MMP,O=S(=O)(NCc1ccccc1)c1ccccc1,1,0,0.0
SR-MMP,O=S(=O)(Nc1ccccc1)c1nc2ncccn2n1,1,0,0.0
SR-MMP,O=S(=O)(Nc1ccccn1)c1ccc(N=Nc2ccccc2)cc1,1,0,0.0
SR-MMP,O=S(=O)(Nc1ccccn1)c1ccccc1,1,0,0.0
SR-MMP,O=S(=O)(Nc1ccnn1-c1ccccc1)c1ccccc1,1,0,0.0
SR-MMP,O=S(=O)(Nc1cnc2ccccc2n1)c1ccccc1,1,0,0.0
SR-MMP,O=S(=O)(Nc1cnccn1)c1ccccc1,1,0,0.0
SR-MMP,O=S(=O)(Nc1nc(-c2ncccn2)ncc1Oc1ccccc1)c1ccccc1,1,0,0.0
SR-MMP,O=S(=O)(Nc1nc2ccncn2n1)c1ccccc1,1,0,0.0
SR-MMP,O=S(=O)(Oc1ccc(N=Nc2ccc(-c3ccc(N=Nc4cccc5ccccc45)cc3)cc2)cc1)c1ccccc1,1,0,
SR-MMP,O=S(=O)(c1cccc2cnccc12)N1CCCNCC1,1,0,
SR-MMP,O=S1(=O)C=CS(=O)(=O)CC1,1,0,0.0
SR-MMP,O=S1(=O)CC=CC1,1,0,0.0
SR-MMP,O=S1(=O)CCCCN1c1ccccc1,1,0,
SR-MMP,O=S1(=O)CCCO1,1,0,0.0
SR-MMP,O=S1(=O)CCCc2ccccc21,1,0,0.0
SR-MMP,O=S1(=O)CCN(N=Cc2ccco2)CC1,1,0,0.0
SR-MMP,O=S1(=O)NC(C2CC3C=CC2C3)Nc2ccccc21,1,0,0.0
SR-MMP,O=S1(=O)NC(CC2CCCC2)Nc2ccccc21,1,0,0.0
SR-MMP,O=S1(=O)NC(CSCc2ccccc2)=Nc2ccccc21,1,0,0.0
SR-MMP,O=S1(=O)NCCc2ccsc21,1,0,0.0
SR-MMP,O=S1(=O)OCC2C3C=CC(C3)C2CO1,1,0,
SR-MMP,O=S1(=O)OCCO1,1,0,
SR-MMP,O=S1(=O)c2cccc3cccc(c23)N1CCCN1CCN(c2ccccc2)CC1,1,0,
SR-MMP,O=S1(=O)c2ccccc2C(c2ccc3c(c2)OCO3)=CN1c1ccccc1,1,1,1.0
SR-MMP,O=S1(=O)c2ccccc2Nc2ccccc21,1,0,0.0
SR-MMP,O=S1OCCO1,1,0,0.0
SR-MMP,O=[PH](OCC1CCC(n2cnc3cncnc32)O1)O[PH](=O)OCC1CCC([n+]2ccccc2)O1,1,0,
SR-MMP,O=[PH](OCc1ccccc1)OCc1ccccc1,1,0,0.0
SR-MMP,O=[PH](Sc1ccccc1)Sc1ccccc1,1,0,
SR-MMP,O=[PH](c1ccccc1)c1ccccc1,1,0,
SR-MMP,O=[PH]1Oc2ccccc2-c2ccccc21,1,0,0.0
SR-MMP,O=c1[nH][nH]c(=O)c2ccccc12,1,0,
SR-MMP,O=c1[nH][nH]c2ccccc12,1,0,0.0
SR-MMP,O=c1[nH]c(-c2cccc(S(=O)(=O)N3CCNCC3)c2)nc2cn(Cc3ccccn3)nc12,1,0,
SR-MMP,O=c1[nH]c(-c2cccc(S(=O)(=O)N3CCNCC3)c2)nc2cn[nH]c12,1,0,
SR-MMP,O=c1[nH]c(-c2ccccc2)nc2[nH]nnc12,1,0,0.0
SR-MMP,O=c1[nH]c(=Nc2ccccc2)cc2n1CCc1ccccc1-2,1,0,
SR-MMP,O=c1[nH]c(=O)c2[nH]c(=O)[nH]c2[nH]1,1,0,0.0
SR-MMP,O=c1[nH]c(=O)c2[nH]c(C=Cc3ccccc3)nc2[nH]1,1,0,
SR-MMP,O=c1[nH]c(=O)c2[nH]c(Cc3ccccc3)nc2[nH]1,1,0,0.0
SR-MMP,O=c1[nH]c(=O)c2c(ncn2CC2OCCO2)[nH]1,1,0,0.0
SR-MMP,O=c1[nH]c(=O)c2c(ncn2CCNCCc2ccccc2)[nH]1,1,0,0.0
SR-MMP,O=c1[nH]c(=O)c2c[nH]nc2[nH]1,1,0,
SR-MMP,O=c1[nH]c(=O)c2ccccc2o1,1,0,0.0
SR-MMP,O=c1[nH]c(=O)n(-c2ccc(Oc3ccccc3)cc2)c(=O)[nH]1,1,0,0.0
SR-MMP,O=c1[nH]c(=O)n(Cc2ccco2)c2nc[nH]c12,1,0,0.0
SR-MMP,O=c1[nH]c(CC2CCCCC2)no1,1,0,
SR-MMP,O=c1[nH]c2c(sc3ncc(-c4ccccc4)nc32)c(=O)n1CCCCN1CC2COc3ccccc3C2C1,1,1,1.0
SR-MMP,O=c1[nH]c2ccc(N3CCOCC3)cc2[nH]c1=O,1,0,0.0
SR-MMP,O=c1[nH]c2ccc([SH+]CCN3CCC(Cc4ccccc4)CC3)cc2o1,1,0,
SR-MMP,O=c1[nH]c2cccc(-n3cnnc3-c3ccc[nH+]c3)c2[nH]c1=O,1,0,0.0
SR-MMP,O=c1[nH]c2ccccc2[nH]1,1,0,0.0
SR-MMP,O=c1[nH]c2ccccc2c(=O)n1Cc1ccccc1,1,0,0.0
SR-MMP,O=c1[nH]c2ccccc2c(=O)o1,1,0,0.0
SR-MMP,O=c1[nH]c2ccccc2n1C1CCN(CC2OCc3ccccc3-n3cccc32)CC1,1,0,
SR-MMP,O=c1[nH]c2ccccc2n1C1CCN(CCCC(c2ccccc2)c2ccccc2)CC1,1,0,
SR-MMP,O=c1[nH]c2ccccc2n1CCCN1CCC(n2c(=O)[nH]c3ccccc32)CC1,1,0,0.0
SR-MMP,O=c1[nH]c2ccccc2n1CCCN1CCN(C(c2ccccc2)c2ccccc2)CC1,1,0,
SR-MMP,O=c1[nH]c2ccccc2nc1Cc1ccccc1,1,0,0.0
SR-MMP,O=c1[nH]c2ccccc2s1,1,0,0.0
SR-MMP,O=c1[nH]c2ncccc2o1,1,0,
SR-MMP,O=c1[nH]cnc2[nH]cc(CN3CCCCC3)c12,1,0,0.0
SR-MMP,O=c1[nH]cnc2c1[nH]c(=O)n2C1CCCO1,1,0,0.0
SR-MMP,O=c1[nH]cnc2c1ncn2C1CCCO1,1,0,0.0
SR-MMP,O=c1[nH]cnc2ccc(CNc3cccs3)cc12,1,0,0.0
SR-MMP,O=c1[nH]cnc2cccc(Sc3ccncc3)c12,1,0,0.0
SR-MMP,O=c1[nH]cnc2ccccc12,1,0,0.0
SR-MMP,O=c1[nH]cnc2nc[nH]c12,1,0,
SR-MMP,O=c1[nH]cnnc1-c1ccccc1,1,0,0.0
SR-MMP,O=c1[nH]nc2c3cc(-c4ccccc4)c(-c4ccc(C5CCC5)cc4)nc3ccn12,1,1,1.0
SR-MMP,O=c1[nH]ncc2ccccc12,1,0,0.0
SR-MMP,O=c1[nH]ncn1-c1ccc(N2CCN(c3ccc(OCC4COC(Cn5cncn5)(c5ccccc5)C4)cc3)CC2)cc1,1,0,0.0
SR-MMP,O=c1[nH]ncn1-c1ccc(N2CCN(c3ccc(OCC4COC(Cn5cncn5)(c5ccccc5)O4)cc3)CC2)cc1,1,0,0.0
SR-MMP,O=c1[nH]ncs1,1,0,0.0
SR-MMP,O=c1[nH]nnc2cncn12,1,0,0.0
SR-MMP,O=c1[nH]nnn1CCN1CCC(Nc2ccccc2)CC1,1,0,0.0
SR-MMP,O=c1[nH]oc2c1CCNC2,1,0,0.0
SR-MMP,O=c1c(-c2ccccc2)c1-c1ccccc1,1,1,1.0
SR-MMP,O=c1c(-c2ccccc2)c[nH]cc1-c1ccccc1,1,0,0.0
SR-MMP,O=c1c(-c2nnn[nH]2)cnc2ccccn12,1,0,
SR-MMP,O=c1c(CCN2CCC(=C(c3ccccc3)c3ccccc3)CC2)cnc2sccn12,1,0,0.0
SR-MMP,O=c1c(N=Nc2ccccc2)c[nH]n1-c1ccccc1,1,0,0.0
SR-MMP,O=c1c2ccccc2[nH]c2ccccc12,1,0,0.0
SR-MMP,O=c1c2ccccc2[se]n1-c1ccccc1,1,1,1.0
SR-MMP,O=c1c2ccccc2c(=O)c2c1ccc1[nH]c3c(ccc4c(=O)c5ccccc5c(=O)c43)[nH]c12,1,0,0.0
SR-MMP,O=c1c2ccccc2c(Cc2ccccc2)nn1C1CCCNCC1,1,0,
SR-MMP,O=c1c2ccccc2cnn1Cc1ccccc1,1,0,0.0
SR-MMP,O=c1c2ccccc2oc2ccccc12,1,0,0.0
SR-MMP,O=c1c2ccccc2oc2ncccc12,1,0,
SR-MMP,O=c1c2sccsc=2c(=O)c2ccccc12,1,0,
SR-MMP,O=c1cc(-c2ccccc2)[nH]cn1,1,0,0.0
SR-MMP,O=c1cc(-c2ccccc2)oc2c(C3CCNCC3)cccc12,1,0,
SR-MMP,O=c1cc(-c2ccccc2)oc2cc(OC3CCCC(COC4CCCCO4)O3)ccc12,1,0,0.0
SR-MMP,O=c1cc(-c2ccccc2)oc2ccc3ccccc3c12,1,0,
SR-MMP,O=c1cc(CCN2CCN(c3nccc4sccc34)CC2)c2ccccc2[nH]1,1,0,
SR-MMP,O=c1cc(CNCCc2ccccc2)[nH]n1-c1ccccc1,1,0,0.0
SR-MMP,O=c1cc(N2CCOCC2)cn[nH]1,1,0,
SR-MMP,O=c1cc(NCC=CCOc2cc(CN3CCCCC3)ccn2)c1=O,1,0,0.0
SR-MMP,O=c1cc(NCCCN2CCN(c3ccccc3)CC2)[nH]c(=O)[nH]1,1,0,0.0
SR-MMP,O=c1cc(NCCNCCCc2ccccc2)[nH]c(=O)[nH]1,1,0,0.0
SR-MMP,O=c1cc(Oc2ccccc2)c2cncnc2[nH]1,1,0,
SR-MMP,O=c1cc(SCc2ccccc2)cn[nH]1,1,1,1.0
SR-MMP,O=c1cc2n(c3cc(N4CCNCC4)ccc13)CS2,1,0,
SR-MMP,O=c1cc2oc3ccccc3nc-2c2cccnc12,1,1,1.0
SR-MMP,O=c1cc[nH]c(=O)n1-c1ccccc1,1,0,0.0
SR-MMP,O=c1cc[nH]c2cc(OCc3ccccc3)ccc12,1,0,0.0
SR-MMP,O=c1cc[nH]c2cc3c(cc12)OCO3,1,0,0.0
SR-MMP,O=c1cc[nH]c2cc3occc(=O)c3cc12,1,0,0.0
SR-MMP,O=c1cc[nH]c2ccccc12,1,0,0.0
SR-MMP,O=c1cc[nH]c2nc(N3CCCC3)ncc12,1,0,0.0
SR-MMP,O=c1cc[nH]c2nc(N3CCNCC3)ccc12,1,0,0.0
SR-MMP,O=c1cc[nH]c2nc(N3CCNCC3)ncc12,1,0,0.0
SR-MMP,O=c1cc[nH]c2ncccc12,1,0,0.0
SR-MMP,O=c1cc[nH]cc1,1,0,0.0
SR-MMP,O=c1ccc(-c2ccc3nccn3c2)c[nH]1,1,0,0.0
SR-MMP,O=c1ccc(-c2ccccc2)n[nH]1,1,0,0.0
SR-MMP,O=c1ccc(=O)[nH][nH]1,1,0,0.0
SR-MMP,O=c1ccc(C2CC3OC34C2CCC2C3CCCCC3CCC24)co1,1,0,
SR-MMP,O=c1ccc(C2CCC3C2CCC2C4CCC(OC5CCCCO5)C=C4CCC23)co1,1,1,1.0
SR-MMP,O=c1ccc1=O,1,0,0.0
SR-MMP,O=c1ccc2cc(OC3CCCCO3)ccc2o1,1,0,0.0
SR-MMP,O=c1ccc2cc(OCCCNCc3ccccc3)ccc2[nH]1,1,0,0.0
SR-MMP,O=c1ccc2ccc(OC3CCCCS3)cc2o1,1,0,
SR-MMP,O=c1ccc2ccccc2[nH]1,1,0,0.0
SR-MMP,O=c1cccc(C2CCCCC2)[nH]1,1,0,
SR-MMP,O=c1cccc(C=Cc2ccccc2)o1,1,0,
SR-MMP,O=c1cccc2c(c1)CCCc1cc(OC3CCCCO3)ccc1-2,1,0,
SR-MMP,O=c1cccc[nH]1,1,0,
SR-MMP,O=c1cccccc1,1,0,
SR-MMP,O=c1ccccn1-c1ccccc1,1,0,0.0
SR-MMP,O=c1cccco1,1,0,0.0
SR-MMP,O=c1ccn(-c2ccccc2)c2ccc(Nc3ccccc3)cc12,1,0,0.0
SR-MMP,O=c1ccn(-c2ccccc2)c2nc(N3CCCC3)ccc12,1,0,0.0
SR-MMP,O=c1ccn(C2C=CCO2)c(=O)[nH]1,1,0,0.0
SR-MMP,O=c1ccn(C2CC2)c2cc(-c3ccc4c(c3)CNC4)ccc12,1,0,
SR-MMP,O=c1ccn(C2CC2)c2cc(N3CC4CC3CN4)ccc12,1,0,
SR-MMP,O=c1ccn(C2CC2)c2cc(N3CC4CCCNC4C3)ccc12,1,0,0.0
SR-MMP,O=c1ccn(C2CC2)c2cc(N3CCC4(CC4)C3)ccc12,1,0,0.0
SR-MMP,O=c1ccn(C2CC2)c2cc(N3CCCCC3)ccc12,1,0,0.0
SR-MMP,O=c1ccn(C2CC2)c2ccccc12,1,0,
SR-MMP,O=c1ccn2c3c(c(C4CC4)ccc13)OCC2,1,0,0.0
SR-MMP,O=c1ccn2c3c(c(N4CCCCC4)ccc13)CCC2,1,0,
SR-MMP,O=c1ccn2c3c(c(N4CCNCC4)ccc13)OCC2,1,0,0.0
SR-MMP,O=c1ccn2c3c(c(N4CCNCC4)ccc13)OCN2,1,0,
SR-MMP,O=c1ccn2c3c(c(N4CCNCC4)ccc13)SCC2,1,0,0.0
SR-MMP,O=c1ccnc(NC2CCN(c3nc4ccccc4n3Cc3ccccc3)CC2)[nH]1,1,0,
SR-MMP,O=c1cco[nH]1,1,0,0.0
SR-MMP,O=c1ccoc2cc3occc3cc12,1,0,0.0
SR-MMP,O=c1ccoc2ccc(Oc3ccccc3)cc12,1,0,0.0
SR-MMP,O=c1ccss1,1,0,
SR-MMP,O=c1cn[nH]c(=S)[nH]1,1,0,0.0
SR-MMP,O=c1cn[nH]c2cc3c(cc12)OCO3,1,0,0.0
SR-MMP,O=c1cnn(-c2ccc(Cc3ccccc3)cc2)c(=O)[nH]1,1,1,1.0
SR-MMP,O=c1cnn(C2CCCO2)c(=O)[nH]1,1,0,
SR-MMP,O=c1cnnc[nH]1,1,0,0.0
SR-MMP,O=c1n(CC2CO2)c(=O)n(CC2CO2)c(=O)n1CC1CO1,1,0,0.0
SR-MMP,O=c1n(CCCN2CCN(c3ccccc3)CC2)nc2ccccn12,1,0,0.0
SR-MMP,O=c1n(CCOc2ccccc2)cnn1CCCN1CCN(c2ccccc2)CC1,1,0,
SR-MMP,O=c1n(Cc2ccccc2)c(=O)n(Cc2ccccc2)c(=O)n1Cc1ccccc1,1,1,1.0
SR-MMP,O=c1nc(-c2cccc(S(=O)(=O)N3CCNCC3)c2)[nH]n2cncc12,1,0,0.0
SR-MMP,O=c1nc(NS(=O)(=O)c2ccccc2)cc[nH]1,1,0,
SR-MMP,O=c1nc[nH]c(=O)n1C1CCCCC1,1,0,0.0
SR-MMP,O=c1nc[nH]c2[nH]cc(CCc3ccccc3)c12,1,0,0.0
SR-MMP,O=c1nc[nH]c2c1NC(CNc1ccccc1)CN2,1,0,0.0
SR-MMP,O=c1nc[nH]c2ncc(CNc3ccccc3)nc12,1,0,0.0
SR-MMP,O=c1ncccn1C1COCO1,1,0,0.0
SR-MMP,O=c1nccnn1C1CCCO1,1,0,
SR-MMP,O=c1nn[nH]c2ccccc12,1,0,0.0
SR-MMP,O=c1oc(=O)c2cc3c(=O)oc(=O)c3cc12,1,0,0.0
SR-MMP,O=c1oc2cccc3c(=O)oc4cccc1c4c23,1,0,0.0
SR-MMP,O=c1oc2ccccc2c2oc3ccccc3c12,1,1,1.0
SR-MMP,O=c1oc2ccccc2cc1C(CCc1ccc(-c2ccccc2)cc1)c1ccccc1,1,1,1.0
SR-MMP,O=c1oc2ccccc2cc1C1CCCc2ccccc21,1,1,1.0
SR-MMP,O=c1oc2ccccc2s1,1,0,0.0
SR-MMP,O=c1occ(CN2CCN(c3ccc4c(=O)cc5n(c4c3)CS5)CC2)o1,1,0,
SR-MMP,O=c1ocnc2ccccc12,1,0,0.0
SR-MMP,O=c1ocnn1-c1ccccc1,1,1,1.0
SR-MMP,O=c1sc(=Nc2ccccc2)n2n1CCCC2,1,0,0.0
SR-MMP,O=c1sc2ccccc2cc1C1CC(c2ccc(-c3ccccc3)cc2)Cc2ccccc21,1,0,
SR-MMP,S=C(NC1CCCCC1)NC1CCCCC1,1,1,1.0
SR-MMP,S=C(Nc1ccccc1)Oc1ccc2c(c1)C1CCC2C1,1,0,
SR-MMP,S=C(Nc1ccccc1)Oc1ccc2c(c1)CCC2,1,0,0.0
SR-MMP,S=C(Nc1ccccc1)Oc1ccc2ccccc2c1,1,0,0.0
SR-MMP,S=C(Nc1ccccn1)Oc1ccc2c(c1)CCCC2,1,0,
SR-MMP,S=C(SSC(=S)N1CCCCC1)N1CCCCC1,1,0,0.0
SR-MMP,S=C(SSSSSSC(=S)N1CCCCC1)N1CCCCC1,1,0,
SR-MMP,S=C1CN=C(c2ccccc2)c2ccccc2N1,1,0,
SR-MMP,S=C1NC(c2ccccc2)N2C(=S)NC(c3ccccc3)N12,1,0,0.0
SR-MMP,S=C1NC=NC2N=CNC12,1,1,1.0
SR-MMP,S=C1NCCN1,1,0,0.0
SR-MMP,S=C1NCNCS1,1,0,0.0
SR-MMP,S=C1SCN(Cc2ccccc2)CN1Cc1ccccc1,1,1,1.0
SR-MMP,S=P(N1CC1)(N1CC1)N1CC1,1,0,0.0
SR-MMP,S=c1[nH]c2ccccc2[nH]1,1,0,0.0
SR-MMP,S=c1[nH]cnc2[nH]cnc12,1,0,0.0
SR-MMP,S=c1[nH]cnc2nc[nH]c12,1,0,0.0
SR-MMP,S=c1cc(-c2ccccc2)ss1,1,0,
SR-MMP,S=c1cccc[nH]1,1,1,1.0
SR-MMP,S=c1cccc[nH]1.S=c1cccc[nH]1,1,1,1.0
SR-MMP,S=c1nc[nH][nH]1,1,0,0.0
SR-MMP,S=c1nccc[nH]1,1,0,0.0
SR-MMP,S=c1scc(-c2ccccc2)n1N=Cc1ccccc1,1,0,
SR-MMP,[C-]1=CCC=C1.c1cc[cH-]c1,1,0,0.0
SR-MMP,[N+]=C1C=Cc2ccccc2C1=O,1,0,
SR-MMP,c1[nH]nc2c1CC1NCCCC1C2,1,0,0.0
SR-MMP,c1[nH]nc2c1CCCC2,1,0,0.0
SR-MMP,c1c2c(nc3c1CCC3)CCCC2,1,0,0.0
SR-MMP,c1c[n+](N2CCOCC2)no1,1,0,0.0
SR-MMP,c1c[nH+]ccn1,1,0,0.0
SR-MMP,c1cc(-c2ccc3ccccc3c2)cc(C23CC4CC(CC(C4)C2)C3)c1,1,0,0.0
SR-MMP,c1cc(-c2ccncc2)ccn1,1,0,0.0
SR-MMP,c1cc(C(c2ccc(OCC3CO3)cc2)c2ccc(OCC3CO3)cc2)ccc1OCC1CO1,1,0,
SR-MMP,c1cc(CCCOc2ccc(-c3ncon3)cc2)on1,1,0,
SR-MMP,c1cc(CCCc2ccncc2)ccn1,1,0,0.0
SR-MMP,c1cc(CN2CCCCC2)cc(OCCCNc2nc3ccccc3s2)c1,1,0,
SR-MMP,c1cc(N(CC2CO2)CC2CO2)ccc1Cc1ccc(N(CC2CO2)CC2CO2)cc1,1,0,
SR-MMP,c1cc(N(CC2CO2)CC2CO2)ccc1OCC1CO1,1,0,0.0
SR-MMP,c1cc(N2CCCCC2)nc[nH+]1,1,0,0.0
SR-MMP,c1cc(N2CCN(c3ncncn3)CC2)ncn1,1,0,0.0
SR-MMP,c1cc(NC2=NCCN2)c2nsnc2c1,1,0,0.0
SR-MMP,c1cc(OCC2CO2)cc(OCC2CO2)c1,1,0,0.0
SR-MMP,c1cc(SSc2ccoc2)co1,1,0,0.0
SR-MMP,c1cc(Sc2ccc(-n3ccnc3)cc2)cc(C2CCOCC2)c1,1,0,0.0
SR-MMP,c1cc2c(c(-c3cc[nH]c3)c1)OCO2,1,0,
SR-MMP,c1cc2c(c(N3CCNCC3)c1)OCCO2,1,0,0.0
SR-MMP,c1cc2c(c(NC3=NCCN3)c1)CCCC2,1,0,0.0
SR-MMP,c1cc2c(c3c1CCC3)CCO2,1,0,
SR-MMP,c1cc2c(c[nH+]c3c4cc5c(cc4ccc23)OCO5)c2c1OCO2,1,0,
SR-MMP,c1cc2c(cc1OC1CCCC1)CCC1C2CCC2CCCC21,1,0,
SR-MMP,c1cc2c(o1)CCCC2,1,0,
SR-MMP,c1cc2c3c(c1)OC1C4CCC5(CC4)C(C2)N(CC2CC2)CCC315,1,0,
SR-MMP,c1cc2c3c(c1)OC1CCCC4C(C2)N(CC2CCC2)CCC314,1,0,0.0
SR-MMP,c1cc2c3c(c1)OC1CCCC4C(C2)NCCC314,1,0,0.0
SR-MMP,c1cc2c3c(c1)ccc1cccc(c13)C2,1,0,
SR-MMP,c1cc2c3c(c4ccc5ccccc5c4cc3c1)CC2,1,1,1.0
SR-MMP,c1cc2cc(c1)Oc1ccc(cc1)CC1NCCc3cc4c(c(c31)Oc1ccc3c(c1)C(C2)NCC3)OCO4,1,0,
SR-MMP,c1cc2cc(c1)Oc1ccc3c(c1)C(Cc1ccc(cc1)Oc1cccc4c1C(C2)[NH2+]CC4)NCC3,1,0,0.0
SR-MMP,c1cc2cc(c1)Oc1ccc3c(c1)C(Cc1ccc(cc1)Oc1cccc4c1C(C2)[NH2+]CC4)[NH2+]CC3,1,0,0.0
SR-MMP,c1cc2ccc3ccc4ccc5cccc6c(c1)c2c3c4c56,1,0,0.0
SR-MMP,c1cc2cnn(C3CCCCC3)c2cc1C1CCCCC1,1,0,
SR-MMP,c1cc[n+](Cc2cncnc2)cc1,1,0,
SR-MMP,c1cc[n+]2c(c1)-c1cccc[n+]1CC2,1,0,0.0
SR-MMP,c1cc[nH]c1,1,0,0.0
SR-MMP,c1ccc(-c2[nH+]c3ccccc3c3ccccc23)cc1,1,1,1.0
SR-MMP,c1ccc(-c2c[nH]cn2)cc1,1,0,
SR-MMP,c1ccc(-c2cc(-c3ccccc3)[nH+][nH]2)cc1,1,0,0.0
SR-MMP,c1ccc(-c2cc(C3CC3)nc3ccccc23)cc1,1,0,
SR-MMP,c1ccc(-c2cc(N3CCNCC3)nc3c2CCCCCC3)cc1,1,0,0.0
SR-MMP,c1ccc(-c2cc3ccccc3n2Cc2ccc(OCCN3CCCCCC3)cc2)cc1,1,1,1.0
SR-MMP,c1ccc(-c2cc[nH]c2)cc1,1,0,
SR-MMP,c1ccc(-c2cc[nH]n2)cc1,1,0,
SR-MMP,c1ccc(-c2ccc(-c3ccccc3)cc2)cc1,1,0,
SR-MMP,c1ccc(-c2ccc(C(c3ccccc3)n3ccnc3)cc2)cc1,1,0,0.0
SR-MMP,c1ccc(-c2ccc(CC3COc4cc(C5CCCC5)ccc4C3)cc2)cc1,1,0,0.0
SR-MMP,c1ccc(-c2ccc(COC3CCC(N4CCCCC4)C3)cc2)cc1,1,0,
SR-MMP,c1ccc(-c2ccc(Cn3cnc4ccc(-c5nc6ccccc6[nH]5)cc43)cc2)cc1,1,0,
SR-MMP,c1ccc(-c2ccc(NCCN3CCOCC3)nn2)cc1,1,0,0.0
SR-MMP,c1ccc(-c2ccc[nH]2)cc1,1,1,1.0
SR-MMP,c1ccc(-c2cccc(-c3ccccc3)c2)cc1,1,1,1.0
SR-MMP,c1ccc(-c2cccc(-c3cnc4nccnn34)c2)cc1,1,1,1.0
SR-MMP,c1ccc(-c2cccc(-c3nc[nH]n3)c2)cc1,1,0,
SR-MMP,c1ccc(-c2ccccc2-c2nnn[nH]2)cc1,1,0,0.0
SR-MMP,c1ccc(-c2ccccn2)nc1,1,0,0.0
SR-MMP,c1ccc(-c2cccnc2-c2cccnc2)cc1,1,0,0.0
SR-MMP,c1ccc(-c2ccn(-c3ccccc3)n2)cc1,1,0,0.0
SR-MMP,c1ccc(-c2ccnc3ccnn23)cc1,1,0,0.0
SR-MMP,c1ccc(-c2ccncc2)cc1,1,0,
SR-MMP,c1ccc(-c2ccno2)cc1,1,0,
SR-MMP,c1ccc(-c2cnc3ncncc3n2)cc1,1,0,0.0
SR-MMP,c1ccc(-c2cncnn2)cc1,1,0,
SR-MMP,c1ccc(-c2cncs2)cc1,1,0,0.0
SR-MMP,c1ccc(-c2csc(-c3ccccc3)n2)cc1,1,1,1.0
SR-MMP,c1ccc(-c2nc(-c3ccc[nH]3)sc2-c2ccccc2)cc1,1,0,0.0
SR-MMP,c1ccc(-c2nc(-c3ccccc3)n(-c3ccccc3)n2)cc1,1,0,
SR-MMP,c1ccc(-c2nc(-c3ccncc3)no2)cc1,1,0,0.0
SR-MMP,c1ccc(-c2nc(CCOc3cccc4[nH]ccc34)co2)cc1,1,0,
SR-MMP,c1ccc(-c2nc3ccccc3[nH]2)cc1,1,0,0.0
SR-MMP,c1ccc(-c2nc3ncccc3[nH]2)cc1,1,0,0.0
SR-MMP,c1ccc(-c2nc[nH]c2-c2ccccc2)cc1,1,0,
SR-MMP,c1ccc(-c2ncco2)cc1,1,0,0.0
SR-MMP,c1ccc(-c2ncoc2-c2ccc3nncn3c2)cc1,1,0,
SR-MMP,c1ccc(-c2ncoc2-c2ccccc2)cc1,1,0,0.0
SR-MMP,c1ccc(-c2ncon2)cc1,1,0,0.0
SR-MMP,c1ccc(-c2nnc(-c3ccccc3)nn2)cc1,1,0,0.0
SR-MMP,c1ccc(-c2nnco2)cc1,1,0,
SR-MMP,c1ccc(-c2nnn[nH]2)c(-c2ccc(Cn3ccnc3)cc2)c1,1,0,
SR-MMP,c1ccc(-c2nnn[nH]2)c(-c2ccc(Cn3cnc4ccccc43)cc2)c1,1,0,
SR-MMP,c1ccc(-c2nnn[nH]2)c(-c2ccc(Cn3cnc4cccnc43)cc2)c1,1,0,
SR-MMP,c1ccc(-c2noc(-c3ccccc3)n2)cc1,1,0,0.0
SR-MMP,c1ccc(-c2ocnc2C2CCCCC2)cc1,1,0,
SR-MMP,c1ccc(-n2cnnn2)cc1,1,0,0.0
SR-MMP,c1ccc(B(c2ccccc2)c2ccccc2)cc1,1,1,1.0
SR-MMP,c1ccc(C(=C2CCCCC2)c2ccccc2)cc1,1,0,
SR-MMP,c1ccc(C(=C2CC[NH2+]C2)c2ccccc2)cc1,1,0,0.0
SR-MMP,c1ccc(C(=C2CC[NH2+]CC2)c2ccccc2)cc1,1,0,0.0
SR-MMP,c1ccc(C(CCCN2CCCCC2)c2ccccc2)cc1,1,0,
SR-MMP,c1ccc(C(CCCN2CCCCC2)c2ccccn2)cc1,1,0,
SR-MMP,c1ccc(C(CCCN2CCNCC2)c2ccccc2)cc1,1,0,0.0
SR-MMP,c1ccc(C(CCN2CCCC2)C2CCCCC2)cc1,1,0,
SR-MMP,c1ccc(C(CCN2CCCCC2)C2CCCCC2)cc1,1,0,
SR-MMP,c1ccc(C(CCN2CCCCC2)c2ccccc2)cc1,1,0,
SR-MMP,c1ccc(C(CC[NH+]2CCCCC2)c2ccccc2)cc1,1,0,0.0
SR-MMP,c1ccc(C(CN2CC[NH2+]CC2)C2CCCCC2)cc1,1,0,0.0
SR-MMP,c1ccc(C(Cc2ccncn2)Cn2cncn2)cc1,1,0,0.0
SR-MMP,c1ccc(C(Cn2ccnc2)OCc2ccsc2)cc1,1,0,
SR-MMP,c1ccc(C(Cn2ccnc2)OCc2csc3ccccc23)cc1,1,0,
SR-MMP,c1ccc(C(Cn2cncn2)c2ccccc2)cc1,1,0,0.0
SR-MMP,c1ccc(C(OC2CCNCC2)c2ccccc2)cc1,1,0,
SR-MMP,c1ccc(C(OCCC2CCCN2)c2ccccc2)cc1,1,0,
SR-MMP,c1ccc(C(OCCN2CCCCC2)c2ccccc2)cc1,1,0,
SR-MMP,c1ccc(C(c2ccc3nc[nH]c3c2)n2ccnc2)cc1,1,0,
SR-MMP,c1ccc(C(c2ccccc2)(c2ccccc2)n2ccnc2)cc1,1,0,
SR-MMP,c1ccc(C(c2ccccc2)C2CCN(CCc3ccc4c(c3)CCO4)C2)cc1,1,0,
SR-MMP,c1ccc(C(c2ccccc2)C2CCNCC2)cc1,1,0,0.0
SR-MMP,c1ccc(C(c2ccccc2)C2CN3CCC2CC3)cc1,1,0,0.0
SR-MMP,c1ccc(C(c2ccccc2)N2CCCNCC2)cc1,1,0,
SR-MMP,c1ccc(C(c2ccccc2)N2CCN(c3ncncn3)CC2)cc1,1,0,
SR-MMP,c1ccc(C(c2ccccc2)c2ccccn2)cc1,1,1,1.0
SR-MMP,c1ccc(C(c2ccccc2)c2cccnc2)cc1,1,1,1.0
SR-MMP,c1ccc(C(c2ccccc2)n2cncn2)cc1,1,0,0.0
SR-MMP,c1ccc(C(c2cncnc2)C2CC2)cc1,1,0,
SR-MMP,c1ccc(C2(C3CCCCC3)OCC(C[NH+]3CCCCC3)O2)cc1,1,0,0.0
SR-MMP,c1ccc(C2(Cn3ccnc3)OCC(COc3ccc(N4CCNCC4)cc3)O2)cc1,1,0,
SR-MMP,c1ccc(C2(Cn3cncn3)OCC(COc3ccc(N4CCNCC4)cc3)O2)cc1,1,0,
SR-MMP,c1ccc(C2(c3ccccc3)CC2C2=NCCN2)cc1,1,0,0.0
SR-MMP,c1ccc(C2(c3ccccc3)CC3CC2C2CCCC32)cc1,1,1,1.0
SR-MMP,c1ccc(C2(c3ccccc3)OCC(C[NH+]3CCCCC3)O2)cc1,1,0,0.0
SR-MMP,c1ccc(C2(c3ccccc3)c3ccccc3-c3ccccc32)cc1,1,0,
SR-MMP,c1ccc(C2=NC(c3ccccc3)CO2)cc1,1,0,
SR-MMP,c1ccc(C2=NC3c4ccccc4CC3S2)cc1,1,1,1.0
SR-MMP,c1ccc(C2=NCCNc3ccccc32)cc1,1,0,0.0
SR-MMP,c1ccc(C2=NCc3cncn3-c3ccccc32)cc1,1,0,
SR-MMP,c1ccc(C2=Nc3c[nH]nc3Nc3ccccc32)cc1,1,0,
SR-MMP,c1ccc(C2CC(c3ccc4c(c3)OCO4)c3cccnc32)cc1,1,0,0.0
SR-MMP,c1ccc(C2CC2)c(OCC2=NCCN2)c1,1,0,0.0
SR-MMP,c1ccc(C2CCC(N3CCC(c4ccccc4)CC3)CC2)cc1,1,0,0.0
SR-MMP,c1ccc(C2CCC2)cc1,1,0,0.0
SR-MMP,c1ccc(C2CCCCNC2)cc1,1,0,
SR-MMP,c1ccc(C2CCCNC2)cc1,1,0,0.0
SR-MMP,c1ccc(C2CCCc3cncn32)cc1,1,0,
SR-MMP,c1ccc(C2CCN(C3COc4ccccc4C3)CC2)cc1,1,0,
SR-MMP,c1ccc(C2CCN(CCCC(c3ccccc3)c3ccccc3)CC2)cc1,1,1,1.0
SR-MMP,c1ccc(C2CCNCC2COc2ccc3c(c2)OCO3)cc1,1,0,
SR-MMP,c1ccc(C2CCc3ccccc32)cc1,1,0,
SR-MMP,c1ccc(C2CCc3ccccc3O2)cc1,1,0,
SR-MMP,c1ccc(C2CNCCO2)cc1,1,0,0.0
SR-MMP,c1ccc(C2CNCc3ccccc32)cc1,1,0,0.0
SR-MMP,c1ccc(C2COc3ccccc3C2c2ccc(OCCN3CCCC3)cc2)cc1,1,0,
SR-MMP,c1ccc(C2Cc3ccccc3O2)cc1,1,0,
SR-MMP,c1ccc(C2OC2(Cn2cncn2)c2ccccc2)cc1,1,0,
SR-MMP,c1ccc(C2OCCNCc3ccccc32)cc1,1,0,0.0
SR-MMP,c1ccc(C2OCCO2)cc1,1,0,
SR-MMP,c1ccc(C2OCc3ccccc32)cc1,1,0,
SR-MMP,c1ccc(CC(c2ccccc2)c2ccccc2)cc1,1,0,
SR-MMP,c1ccc(CC2CCCC2)cc1,1,0,0.0
SR-MMP,c1ccc(CC2CCCCCC2)cc1,1,0,
SR-MMP,c1ccc(CC2CCCCN2)cc1,1,0,0.0
SR-MMP,c1ccc(CC2COc3ccc(OCc4nc5ccccc5s4)cc3C2)cc1,1,0,
SR-MMP,c1ccc(CC2NCCc3ccccc32)cc1,1,0,
SR-MMP,c1ccc(CCC(Cn2ccnc2)Sc2ccccc2)cc1,1,0,
SR-MMP,c1ccc(CCC(Cn2cncn2)c2ccccc2)cc1,1,0,
SR-MMP,c1ccc(CCC2CO2)cc1,1,0,
SR-MMP,c1ccc(CCCCNCc2ccc(-c3ccccn3)cc2)cc1,1,0,
SR-MMP,c1ccc(CCCCOCCCCCCNCCc2ccccc2)cc1,1,0,
SR-MMP,c1ccc(CCCCn2cncn2)cc1,1,1,1.0
SR-MMP,c1ccc(CCCN2CCN(CCOC(c3ccccc3)c3ccccc3)CC2)cc1,1,0,
SR-MMP,c1ccc(CCCNCCCc2ccccc2)cc1,1,0,0.0
SR-MMP,c1ccc(CCCNCc2cccc3ccccc23)cc1,1,0,
SR-MMP,c1ccc(CCCOc2cccc3ccccc23)cc1,1,0,
SR-MMP,c1ccc(CCCc2ccccn2)cc1,1,0,0.0
SR-MMP,c1ccc(CCCc2ccncc2)cc1,1,1,1.0
SR-MMP,c1ccc(CCN2CCC(Nc3nc4ccccc4n3Cc3ccccc3)CC2)cc1,1,0,
SR-MMP,c1ccc(CCN2CCC(c3nc4ccccc4[nH]3)CC2)cc1,1,0,
SR-MMP,c1ccc(CCNC2CCc3ccccc3C2)cc1,1,0,
SR-MMP,c1ccc(CCNCCC(c2ccccc2)c2ccccc2)cc1,1,0,
SR-MMP,c1ccc(CCNCCCOc2ccccc2)cc1,1,0,0.0
SR-MMP,c1ccc(CCNCCOC(c2ccccc2)c2ccccc2)cc1,1,0,
SR-MMP,c1ccc(CCNCCc2cscn2)cc1,1,0,0.0
SR-MMP,c1ccc(CCNCc2ccccc2)cc1,1,0,
SR-MMP,c1ccc(CCNCc2ccco2)cc1,1,0,
SR-MMP,c1ccc(CCNc2ccccc2)cc1,1,0,
SR-MMP,c1ccc(CCNc2nc(-c3ccccc3)cs2)cc1,1,0,
SR-MMP,c1ccc(CCOC2CCC(Nc3[nH]cnc4nncc3-4)CC2)cc1,1,1,1.0
SR-MMP,c1ccc(CCOC2CCCCO2)cc1,1,0,
SR-MMP,c1ccc(CCOCC2CC2)cc1,1,0,0.0
SR-MMP,c1ccc(CCOCc2cccc(Oc3ccccc3)c2)cc1,1,0,0.0
SR-MMP,c1ccc(CCOc2ccccc2)cc1,1,0,0.0
SR-MMP,c1ccc(CCOc2ncnc3ccccc23)cc1,1,0,0.0
SR-MMP,c1ccc(CCc2cc3c(s2)-n2cnnc2CN=C3c2ccccc2)cc1,1,1,1.0
SR-MMP,c1ccc(CCc2cnc3ncncc3n2)cc1,1,0,0.0
SR-MMP,c1ccc(CCn2ccnc2)cc1,1,0,
SR-MMP,c1ccc(CN(CC2=NCCN2)c2ccccc2)cc1,1,0,0.0
SR-MMP,c1ccc(CN(CCN2CCCC2)c2ccccc2)cc1,1,0,
SR-MMP,c1ccc(CN(Cc2ccccc2)Cc2ccccc2)cc1,1,0,
SR-MMP,c1ccc(CN(c2ccccc2)C2CCNCC2)cc1,1,0,
SR-MMP,c1ccc(CN2CCC(Nc3ccccc3)CC2)cc1,1,0,0.0
SR-MMP,c1ccc(CN2CCc3ccsc3C2)cc1,1,0,
SR-MMP,c1ccc(CNC2CCCNC2c2ccccc2)cc1,1,0,
SR-MMP,c1ccc(CNC2CCNc3ccccc32)cc1,1,1,1.0
SR-MMP,c1ccc(CNCCC(c2ccccc2)c2ccccc2)cc1,1,1,1.0
SR-MMP,c1ccc(CNCCNCc2ccccc2)cc1,1,0,
SR-MMP,c1ccc(CNCCOc2ccccc2)cc1,1,1,1.0
SR-MMP,c1ccc(CNCc2cccc3ccccc23)cc1,1,0,0.0
SR-MMP,c1ccc(CNc2[nH]cnc3ncnc2-3)cc1,1,0,
SR-MMP,c1ccc(CNc2ncnc3c2ncn3C2CCCCO2)cc1,1,0,0.0
SR-MMP,c1ccc(CNc2ncnc3c2ncn3C2CCCO2)cc1,1,0,0.0
SR-MMP,c1ccc(COC2CC3CCC2O3)cc1,1,0,0.0
SR-MMP,c1ccc(COCC(OCc2ccccc2)C2OCCC2OCc2ccccc2)cc1,1,0,
SR-MMP,c1ccc(COCc2ccccc2)cc1,1,0,0.0
SR-MMP,c1ccc(CON=C(Cn2ccnc2)c2ccccc2)cc1,1,0,0.0
SR-MMP,c1ccc(COOCc2ccccc2)cc1,1,1,1.0
SR-MMP,c1ccc(COc2ccc(Nc3ncnc4ccc(-c5ccco5)cc34)cc2)cc1,1,0,
SR-MMP,c1ccc(COc2ccc3c(c2)OCC3)cc1,1,0,
SR-MMP,c1ccc(COc2ccc3oc(-c4nccs4)cc3c2)cc1,1,1,1.0
SR-MMP,c1ccc(COc2ccccn2)cc1,1,0,
SR-MMP,c1ccc(COc2ccn(-c3ccccc3)n2)cc1,1,1,1.0
SR-MMP,c1ccc(CSC(Cn2ccnc2)c2ccccc2)cc1,1,0,
SR-MMP,c1ccc(CSCc2ccccc2)cc1,1,0,
SR-MMP,c1ccc(CSc2nc3ccccc3[nH]2)nc1,1,0,
SR-MMP,c1ccc(C[N+]2(CCOCCC3CCC4CC3C4)CCOCC2)cc1,1,0,
SR-MMP,c1ccc(C[SH+]c2nc3ncccc3[nH]2)nc1,1,0,0.0
SR-MMP,c1ccc(C[n+]2cccc3ccccc32)cc1,1,0,
SR-MMP,c1ccc(Cc2cc(C3CCN(CC4CCCC4c4ccccc4)CC3)[nH]n2)cc1,1,0,
SR-MMP,c1ccc(Cc2cc(Cc3ccccc3)cc(-n3nc4ccccc4n3)c2)cc1,1,0,0.0
SR-MMP,c1ccc(Cc2ccc(Nc3ccc(Cc4ccccc4)cc3)cc2)cc1,1,1,1.0
SR-MMP,c1ccc(Cc2cccc(Cc3ccccc3)c2)cc1,1,1,1.0
SR-MMP,c1ccc(Cn2c(CN3CCCC3)nc3ccccc32)cc1,1,0,0.0
SR-MMP,c1ccc(Cn2c3c(c4ccccc42)CNCC3)cc1,1,0,
SR-MMP,c1ccc(Cn2cc[nH+]c2)cc1,1,0,0.0
SR-MMP,c1ccc(Cn2ccc3ccccc32)cc1,1,0,
SR-MMP,c1ccc(Cn2ccnn2)cc1,1,0,0.0
SR-MMP,c1ccc(Cn2cnc3ccccc32)cc1,1,0,
SR-MMP,c1ccc(Cn2cnc3cncnc32)cc1,1,0,
SR-MMP,c1ccc(Cn2cncn2)cc1,1,0,0.0
SR-MMP,c1ccc(N(CC2=NCCN2)c2ccccc2)cc1,1,0,
SR-MMP,c1ccc(N(Cc2cccnc2)c2ccccc2)cc1,1,0,
SR-MMP,c1ccc(N(Cc2cccs2)C2CCNCC2)cc1,1,0,
SR-MMP,c1ccc(N2CCCCC2)nc1,1,0,0.0
SR-MMP,c1ccc(N2CCN(C3(c4ccccc4)CCCCC3)CC2)cc1,1,0,0.0
SR-MMP,c1ccc(N2CCN(CCCOc3cccc4ccccc34)CC2)cc1,1,0,
SR-MMP,c1ccc(N2CCN(CCc3c[nH]c4ccccc34)CC2)cc1,1,0,0.0
SR-MMP,c1ccc(N2CCN(CCc3nnc4n3CCCC4)CC2)cc1,1,0,0.0
SR-MMP,c1ccc(N2CCOCC2)cc1,1,0,
SR-MMP,c1ccc(N=C2NCCN2)cc1,1,0,0.0
SR-MMP,c1ccc(N=NNc2ccccc2)cc1,1,0,
SR-MMP,c1ccc(N=Nc2ccc(-c3ccc(N=Nc4ccc5ccc(N=Nc6ccccc6)cc5c4)cc3)cc2)cc1,1,1,1.0
SR-MMP,c1ccc(N=Nc2ccc(N=Nc3cccc4ccccc34)cc2)cc1,1,0,0.0
SR-MMP,c1ccc(N=Nc2ccc(N=Nc3ccccc3)cc2)cc1,1,0,
SR-MMP,c1ccc(N=Nc2cccc(N=Nc3ccccc3)c2)cc1,1,0,
SR-MMP,c1ccc(N=Nc2cccnc2)cc1,1,1,1.0
SR-MMP,c1ccc(NC2=NCCCS2)cc1,1,0,0.0
SR-MMP,c1ccc(NC2CCCCO2)cc1,1,0,0.0
SR-MMP,c1ccc(NC2CCN(Cc3cccs3)CC2)cc1,1,0,0.0
SR-MMP,c1ccc(NC2Cc3ccccc3C2)cc1,1,0,
SR-MMP,c1ccc(NCC2CC2)cc1,1,1,1.0
SR-MMP,c1ccc(NCC2CNc3ncncc3N2)cc1,1,0,
SR-MMP,c1ccc(NCCCNc2ccccc2)cc1,1,0,0.0
SR-MMP,c1ccc(NCCCc2cccnc2)cc1,1,0,0.0
SR-MMP,c1ccc(NCc2ccc3ncncc3c2)cc1,1,0,
SR-MMP,c1ccc(NCc2ccco2)cc1,1,0,0.0
SR-MMP,c1ccc(NCc2cccs2)nc1,1,0,0.0
SR-MMP,c1ccc(NCc2ccsc2)nc1,1,0,
SR-MMP,c1ccc(NNc2ccccc2)cc1,1,0,0.0
SR-MMP,c1ccc(Nc2c3ccccc3nc3ccccc23)cc1,1,1,1.0
SR-MMP,c1ccc(Nc2ccc(N=Nc3cccc4ccccc34)c3ccccc23)cc1,1,0,
SR-MMP,c1ccc(Nc2ccc(Nc3ccccc3)cc2)cc1,1,0,
SR-MMP,c1ccc(Nc2ccc3[nH]cnc3c2)cc1,1,0,0.0
SR-MMP,c1ccc(Nc2cccc3ccccc23)cc1,1,0,
SR-MMP,c1ccc(Nc2ccnc3cc(OCCCN4CCNCC4)ccc23)cc1,1,1,1.0
SR-MMP,c1ccc(Nc2ccncc2)cc1,1,0,0.0
SR-MMP,c1ccc(Nc2ccncn2)cc1,1,0,0.0
SR-MMP,c1ccc(Nc2nccc(C3CC3)n2)cc1,1,0,
SR-MMP,c1ccc(Nc2nccc(Nc3ccc4c[nH]nc4c3)n2)cc1,1,0,
SR-MMP,c1ccc(Nc2ncnc3cc(OCC4CCNCC4)ccc23)cc1,1,0,
SR-MMP,c1ccc(Nc2ncnc3cc(OCCCN4CCOCC4)ccc23)cc1,1,0,
SR-MMP,c1ccc(Nc2ncnc3ccc(OCCCN4CCOCC4)cc23)cc1,1,0,
SR-MMP,c1ccc(Nc2ncnc3ccccc23)cc1,1,0,
SR-MMP,c1ccc(Nc2ncnc3cnc(NC4CCNCC4)nc23)cc1,1,0,
SR-MMP,c1ccc(Nc2nnc(Cc3ccncc3)c3ccccc23)cc1,1,1,1.0
SR-MMP,c1ccc(OC(c2ccccc2)C2CNCCO2)cc1,1,0,
SR-MMP,c1ccc(OC2CCCCC2)cc1,1,1,1.0
SR-MMP,c1ccc(OC2CCCCO2)cc1,1,0,0.0
SR-MMP,c1ccc(OCC2=NCCN2)cc1,1,0,
SR-MMP,c1ccc(OCC2CCCO2)cc1,1,0,
SR-MMP,c1ccc(OCC2CNCCO2)cc1,1,0,
SR-MMP,c1ccc(OCCCCC2CCNCC2)cc1,1,0,0.0
SR-MMP,c1ccc(OCCCCCOc2ccccc2)cc1,1,1,1.0
SR-MMP,c1ccc(OCCCCc2nnn[nH]2)cc1,1,1,1.0
SR-MMP,c1ccc(OCCCN2CCC(c3noc4ccccc34)CC2)cc1,1,0,
SR-MMP,c1ccc(OCCCN2CCN(c3ccccc3)CC2)cc1,1,0,
SR-MMP,c1ccc(OCCCN2CCOCC2)cc1,1,0,
SR-MMP,c1ccc(OCCCNC2CCC(c3ccccc3)CC2)cc1,1,0,
SR-MMP,c1ccc(OCCCNCCOc2ccccc2)cc1,1,0,0.0
SR-MMP,c1ccc(OCCCNCCc2c[nH]c3ccccc23)cc1,1,0,
SR-MMP,c1ccc(OCCNCCCOc2cccc3[nH]c4ccccc4c23)cc1,1,1,1.0
SR-MMP,c1ccc(OCCNc2ccncc2)cc1,1,0,0.0
SR-MMP,c1ccc(OCCOCCOc2ccccc2)cc1,1,0,0.0
SR-MMP,c1ccc(OCCn2ccnc2)cc1,1,0,0.0
SR-MMP,c1ccc(OCc2ccc(CCCN3CCOCC3)cc2)cc1,1,0,0.0
SR-MMP,c1ccc(OCc2ccno2)c(CNc2ncnc3c2ncn3C2CCCO2)c1,1,0,0.0
SR-MMP,c1ccc(OCn2ccnc2)cc1,1,0,
SR-MMP,c1ccc(OP(Oc2ccccc2)Oc2ccccc2)cc1,1,0,0.0
SR-MMP,c1ccc(OP2OCCCO2)cc1,1,0,0.0
SR-MMP,c1ccc(Oc2cc(Oc3ccccc3)ncn2)cc1,1,0,
SR-MMP,c1ccc(Oc2ccc(C3(Cn4cncn4)OCCO3)cc2)cc1,1,0,
SR-MMP,c1ccc(Oc2ccc(OCC3COCO3)cc2)cc1,1,0,
SR-MMP,c1ccc(Oc2ccc(OCCOc3ccccn3)cc2)cc1,1,0,
SR-MMP,c1ccc(Oc2ccc(Oc3ccccn3)cc2)nc1,1,1,1.0
SR-MMP,c1ccc(Oc2ccc3nc[nH]c3c2)cc1,1,1,1.0
SR-MMP,c1ccc(Oc2cccc3c2CCC3)cc1,1,0,0.0
SR-MMP,c1ccc(Oc2ccccc2N2CCCC2)cc1,1,0,0.0
SR-MMP,c1ccc(Oc2ccnc3ccccc23)cc1,1,1,1.0
SR-MMP,c1ccc(Oc2cnc3ccccc3n2)cc1,1,1,1.0
SR-MMP,c1ccc(Oc2nccc(-c3[nH]cnc3-c3ccccc3)n2)cc1,1,0,
SR-MMP,c1ccc(P(c2ccccc2)c2ccccc2)cc1,1,0,
SR-MMP,c1ccc(SC2CCNCC2)nc1,1,0,0.0
SR-MMP,c1ccc(SCCSc2ccccc2)cc1,1,0,
SR-MMP,c1ccc(SCSc2ccccc2)cc1,1,0,0.0
SR-MMP,c1ccc(SCc2cnc(-c3ccccc3)s2)cc1,1,0,
SR-MMP,c1ccc(SCc2sc(-c3ccccc3)nc2CN2CCN(c3ccccc3)CC2)cc1,1,1,1.0
SR-MMP,c1ccc(SSc2cccc[nH+]2)[nH+]c1,1,1,1.0
SR-MMP,c1ccc(SSc2ccccc2)cc1,1,0,0.0
SR-MMP,c1ccc(Sc2ccc(COC(Cn3ccnc3)c3ccccc3)cc2)cc1,1,0,
SR-MMP,c1ccc(Sc2ccc3[nH]cnc3c2)cc1,1,1,1.0
SR-MMP,c1ccc(Sc2ncccn2)cc1,1,0,0.0
SR-MMP,c1ccc([Bi](c2ccccc2)c2ccccc2)cc1,1,0,
SR-MMP,c1ccc([Hg]c2ccccc2)cc1,1,1,1.0
SR-MMP,c1ccc([PH+](c2ccccc2)c2ccccc2)cc1,1,0,
SR-MMP,c1ccc([SH+]c2ccc3[nH]cnc3c2)cc1,1,0,0.0
SR-MMP,c1ccc([SH+]c2ccccc2)cc1,1,0,
SR-MMP,c1ccc([SiH](Cn2cncn2)c2ccccc2)cc1,1,1,1.0
SR-MMP,c1ccc2[nH+]c3ccccc3cc2c1,1,1,1.0
SR-MMP,c1ccc2[nH]c(-c3n[nH]c4ncncc34)cc2c1,1,0,0.0
SR-MMP,c1ccc2[nH]c(N3CCCNCC3)nc2c1,1,0,0.0
SR-MMP,c1ccc2[nH]ncc2c1,1,0,
SR-MMP,c1ccc2c(C3CCCCC3)cccc2c1,1,0,0.0
SR-MMP,c1ccc2c(C3CCNCC3)c[nH]c2c1,1,0,
SR-MMP,c1ccc2c(CC3CCCCN3)ccnc2c1,1,0,
SR-MMP,c1ccc2c(CCC3CCNCC3)c[nH]c2c1,1,0,
SR-MMP,c1ccc2c(CCCC3CCCO3)cccc2c1,1,0,0.0
SR-MMP,c1ccc2c(Cc3cccc4ccccc34)cccc2c1,1,1,1.0
SR-MMP,c1ccc2c(Cn3ccnc3)c[nH]c2c1,1,0,0.0
SR-MMP,c1ccc2c(N=Nc3cccc4ccccc34)cccc2c1,1,0,0.0
SR-MMP,c1ccc2c(c1)-c1cccc3c1c-2cc1ccccc13,1,0,
SR-MMP,c1ccc2c(c1)-c1ccccc1C2[NH2+]CCCCCC[NH2+]C1c2ccccc2-c2ccccc21,1,0,0.0
SR-MMP,c1ccc2c(c1)C1CCC2c2ccccc21,1,0,
SR-MMP,c1ccc2c(c1)CC(C1=NCCN1)O2,1,0,0.0
SR-MMP,c1ccc2c(c1)CC(c1cnc[nH]1)C2,1,0,
SR-MMP,c1ccc2c(c1)CC1CC2CCN1CC1CC1,1,0,0.0
SR-MMP,c1ccc2c(c1)CC1COc3ccccc3C21,1,0,0.0
SR-MMP,c1ccc2c(c1)CC1NC2c2ccccc21,1,0,
SR-MMP,c1ccc2c(c1)CC1NCCc3cccc-2c31,1,0,0.0
SR-MMP,c1ccc2c(c1)CC1ON2CC2NC21,1,0,0.0
SR-MMP,c1ccc2c(c1)CC1c3cc4c(cc3CCN1C2)OCO4,1,1,1.0
SR-MMP,c1ccc2c(c1)CCC(CCNCCC1CCc3ccccc3O1)O2,1,0,
SR-MMP,c1ccc2c(c1)CCC(CCNCCCc1nc3ccccc3[nH]1)C2,1,0,
SR-MMP,c1ccc2c(c1)CCCC2C1=NCCN1,1,0,
SR-MMP,c1ccc2c(c1)CCCCc1cc3c(cc1-2)OCO3,1,0,0.0
SR-MMP,c1ccc2c(c1)CCN1CCCCC21,1,0,
SR-MMP,c1ccc2c(c1)CCNC1CCc3ccccc3C21,1,0,
SR-MMP,c1ccc2c(c1)CCNC2CC1CCN2CCc3ccccc3C2C1,1,0,
SR-MMP,c1ccc2c(c1)CCNCC2,1,0,0.0
SR-MMP,c1ccc2c(c1)CC[n+]1cc3ccccc3cc1-2,1,1,1.0
SR-MMP,c1ccc2c(c1)CCc1cccc3c1C2CN1CCCCC31,1,0,
SR-MMP,c1ccc2c(c1)CCc1ccccc1C2OC1CC2CCC(C1)N2,1,0,
SR-MMP,c1ccc2c(c1)CCc1sccc1C2=C1CCNCC1,1,0,
SR-MMP,c1ccc2c(c1)CN1CCCCCC1=N2,1,0,
SR-MMP,c1ccc2c(c1)COc1ccccc1-2,1,1,1.0
SR-MMP,c1ccc2c(c1)C[NH2+]C2,1,0,0.0
SR-MMP,c1ccc2c(c1)Cc1ccccc1N1CCNCC21,1,0,
SR-MMP,c1ccc2c(c1)Cc1ccccc1N2,1,0,
SR-MMP,c1ccc2c(c1)Cc1cccnc1N1CCNCC21,1,0,0.0
SR-MMP,c1ccc2c(c1)Cn1ccnc1N2,1,0,0.0
SR-MMP,c1ccc2c(c1)N=C(N1CCNCC1)c1ccccc1N2,1,0,
SR-MMP,c1ccc2c(c1)N=C(N1CCNCC1)c1ccsc1N2,1,0,0.0
SR-MMP,c1ccc2c(c1)NC1C3CC4CCN3C3CC21CC43,1,0,
SR-MMP,c1ccc2c(c1)NC1CCNCC21,1,0,0.0
SR-MMP,c1ccc2c(c1)NC1NCCC21,1,0,0.0
SR-MMP,c1ccc2c(c1)Nc1cc(N3CCNCC3)nnc1O2,1,0,
SR-MMP,c1ccc2c(c1)Nc1ncccc1S2,1,0,
SR-MMP,c1ccc2c(c1)OC1CCC3CCCCC34COC2C14,1,0,
SR-MMP,c1ccc2c(c1)OC1CCCC21,1,0,
SR-MMP,c1ccc2c(c1)OCC(C1=NCCN1)O2,1,1,1.0
SR-MMP,c1ccc2c(c1)OCC(CN1CCCCC1)O2,1,0,0.0
SR-MMP,c1ccc2c(c1)OCC(Cc1ncc[nH]1)O2,1,0,0.0
SR-MMP,c1ccc2c(c1)OCCO2,1,0,0.0
SR-MMP,c1ccc2c(c1)Oc1ccccc1C1CNCC21,1,0,
SR-MMP,c1ccc2c(c1)Oc1ccccc1S2,1,1,1.0
SR-MMP,c1ccc2c(c1)Sc1ccccc1C2=C1CCNCC1,1,0,
SR-MMP,c1ccc2c(c1)Sc1ccccc1C2CC1CCCNC1,1,0,
SR-MMP,c1ccc2c(c1)Sc1ccccc1N2CC1CCCNC1,1,0,
SR-MMP,c1ccc2c(c1)Sc1ccccc1N2CC1CCNC1,1,0,
SR-MMP,c1ccc2c(c1)Sc1ccccc1N2CCN1CCCC1,1,0,
SR-MMP,c1ccc2c(c1)[nH]c1cnccc12,1,0,0.0
SR-MMP,c1ccc2c(c1)c1c3n2CCC2CCCN(CC1)C32,1,0,
SR-MMP,c1ccc2c(c1)c1c3n2CCNC3=NCC1,1,0,0.0
SR-MMP,c1ccc2c(c1)c1c3n2CCNC3CCC1,1,0,
SR-MMP,c1ccc2c(c1)c1cccc3ccc4cccc2c4c31,1,1,1.0
SR-MMP,c1ccc2c(c1)c1ccccc1n2CCCN1CCNCC1,1,0,
SR-MMP,c1ccc2c(c1)ccc1c3ccccc3ccc21,1,0,0.0
SR-MMP,c1ccc2c(c1)ccc1cc3c(ccc4ccccc43)cc12,1,0,0.0
SR-MMP,c1ccc2c(c1)ccc1ccc3c(c12)OCO3,1,1,1.0
SR-MMP,c1ccc2c(c1)ccc1ncccc12,1,0,
SR-MMP,c1ccc2c(c1)ccc[n+]2CCCCCCCCCC[n+]1cccc2ccccc21,1,0,0.0
SR-MMP,c1ccc2c(c1)ncc1nc[nH]c12,1,0,0.0
SR-MMP,c1ccc2c(c1)sc1ccccc12,1,0,0.0
SR-MMP,c1ccc2c(c1)sc1nncn12,1,0,
SR-MMP,c1ccc2c3c([nH]c2c1)C1CC2CCC1N(CC3)C2,1,0,0.0
SR-MMP,c1ccc2c3c([nH]c2c1)COCC3,1,0,0.0
SR-MMP,c1ccc2c[n+]3c(cc2c1)-c1cc2c(cc1CC3)OCO2,1,1,1.0
SR-MMP,c1ccc2c[nH+]ccc2c1,1,1,1.0
SR-MMP,c1ccc2cc(-c3ccc4ccccc4c3)ccc2c1,1,1,1.0
SR-MMP,c1ccc2cc(CC3=NCCN3)ccc2c1,1,0,0.0
SR-MMP,c1ccc2cc(Nc3ccc(Nc4ccc5ccccc5c4)cc3)ccc2c1,1,0,0.0
SR-MMP,c1ccc2cc(SSc3ccc4ccccc4c3)ccc2c1,1,1,1.0
SR-MMP,c1ccc2cc3c(cc2c1)-c1cccc2cccc-3c12,1,0,
SR-MMP,c1ccc2cc3c4ccccc4c4ccccc4c3cc2c1,1,0,
SR-MMP,c1ccc2nc(N3CCCNCC3)ncc2c1,1,0,
SR-MMP,c1ccc2nc(N3CCNCC3)ccc2c1,1,0,
SR-MMP,c1ccc2ocnc2c1,1,0,0.0
SR-MMP,c1ccc2oncc2c1,1,0,0.0
SR-MMP,c1ccc2sc(SN(C3CCCCC3)C3CCCCC3)nc2c1,1,0,0.0
SR-MMP,c1ccc2sc(SN3CCOCC3)nc2c1,1,0,
SR-MMP,c1ccc2sc(SNC3CCCCC3)nc2c1,1,1,1.0
SR-MMP,c1ccc2sc(SSN3CCOCC3)nc2c1,1,1,1.0
SR-MMP,c1ccc2sc(SSc3nc4ccccc4s3)nc2c1,1,0,0.0
SR-MMP,c1ccc2snnc2c1,1,0,0.0
SR-MMP,c1ccn2ccnc2c1,1,0,0.0
SR-MMP,c1ccn2nccc2c1,1,0,0.0
SR-MMP,c1ccnnc1,1,0,0.0
SR-MMP,c1cn(CCN2CCOCC2)cn1,1,0,
SR-MMP,c1cnc(-n2cccn2)nc1,1,0,0.0
SR-MMP,c1cnc(N2CCN(Cc3ccc4c(c3)OCO4)CC2)nc1,1,0,0.0
SR-MMP,c1cnc(Oc2cccc(Oc3ncccn3)c2)nc1,1,0,0.0
SR-MMP,c1cnc2c(c1)CCCCC2[SH+]c1nc2ccccc2[nH]1,1,0,
SR-MMP,c1cnc2c(c1)ccc1cccnc12,1,0,0.0
SR-MMP,c1cnc2c(n1)CCC2,1,0,0.0
SR-MMP,c1cnc2c(n1)CCCC2,1,0,0.0
SR-MMP,c1cnc2cc(NC3=NCCN3)ccc2n1,1,0,
SR-MMP,c1cnc2cc3c(cc2n1)C1CNCC3C1,1,0,0.0
SR-MMP,c1cnc2ccc3[nH]cnc3c2c1,1,0,0.0
SR-MMP,c1cnc2ccnn2c1,1,0,0.0
SR-MMP,c1cnc2ncnn2c1,1,0,0.0
SR-MMP,c1cncc(-c2c[nH]c3ccccc23)c1,1,0,
SR-MMP,c1cncc(C2=NCCS2)c1,1,0,0.0
SR-MMP,c1cncc(C2CC3CCC2N3)c1,1,0,
SR-MMP,c1cncc(C2CCCCN2)c1,1,0,0.0
SR-MMP,c1cncc(CCn2c3c(c4ccccc42)CNCC3)c1,1,0,
SR-MMP,c1cncc(CSSCc2cccnc2)c1,1,0,
SR-MMP,c1cncc(Cc2ccc3occc3c2)c1,1,0,0.0
SR-MMP,c1cnn(-c2ncc3ncn(C4CCCO4)c3n2)c1,1,0,
SR-MMP,c1cnoc1,1,0,0.0
SR-MMP,c1cnsc1,1,0,0.0
SR-MMP,c1coc(-c2nc3ccccc3[nH]2)c1,1,0,
SR-MMP,c1coc(CNc2[nH]cnc3ncnc2-3)c1,1,0,
SR-MMP,c1coc(Cn2cccc2)c1,1,0,0.0
SR-MMP,c1csc(-c2ccc(-c3cccs3)s2)c1,1,0,
SR-MMP,c1csc(-c2cscn2)c1,1,1,1.0
SR-MMP,c1csc(C(=C2CCC3CCCC[NH+]3C2)c2cccs2)c1,1,0,0.0
SR-MMP,c1csc(C(=C2CCC[NH2+]C2)c2cccs2)c1,1,0,0.0
SR-MMP,c1csc(C2(N3CCCCC3)CCCCC2)c1,1,0,0.0
SR-MMP,c1csc(CCNC2CCc3ccccc3C2)c1,1,0,
SR-MMP,c1csc(CNc2ccccc2-c2nnn[nH]2)c1,1,0,
SR-MMP,c1csc(COc2cccc3ccccc23)c1,1,0,
SR-MMP,c1csc(SSc2cccs2)c1,1,0,0.0
SR-MMP,c1nc(N2CCCCC2)c2ncnc(N3CCCCC3)c2n1,1,0,
SR-MMP,c1nc(Sc2cnc[nH]2)c2[nH]cnc2n1,1,0,
SR-MMP,c1nc2c(o1)CCNCC2,1,0,
SR-MMP,c1nc2c(s1)CCCC2,1,0,0.0
SR-MMP,c1nc2c(s1)CCNCC2,1,0,0.0
SR-MMP,c1ncc(CCCCCCCc2ccc3c(n2)NCCC3)cn1,1,0,0.0
SR-MMP,c1ncc(NC2=NCCN2)cn1,1,0,0.0
SR-MMP,c1ncc2c(n1)CC1CCCNC1C2,1,0,0.0
SR-MMP,c1ncc2cn[nH]c2n1,1,0,0.0
SR-MMP,c1ncn(C2CCCO2)n1,1,0,0.0
SR-MMP,c1ncn(Cc2ccc3[nH]ccc3c2)n1,1,0,0.0
SR-MMP,c1ncsn1,1,0,0.0
SR-MMP,c1nnn[nH]1,1,0,
SR-MMP,c1nsnc1N1CCOCC1,1,0,0.0
SR-p53,,1714,32,0.020037570444583593
SR-p53,c1ccccc1,1457,50,0.038314176245210725
SR-p53,c1ccncc1,88,1,0.013157894736842105
SR-p53,c1ccc(Cc2ccccc2)cc1,81,9,0.15517241379310345
SR-p53,c1ccc2ccccc2c1,66,3,0.05
SR-p53,C1CCCCC1,63,1,0.01639344262295082
SR-p53,c1ccc(Oc2ccccc2)cc1,44,2,0.05
SR-p53,O=C1C=C2CCC3C4CCCC4CCC3C2CC1,43,1,0.02857142857142857
SR-p53,O=C1C=CC2C(=C1)CCC1C3CCCC3CCC21,41,0,0.0
SR-p53,c1ccc(-c2ccccc2)cc1,39,3,0.08571428571428572
SR-p53,C1=CCCCC1,38,0,0.0
SR-p53,O=C(c1ccccc1)c1ccccc1,36,3,0.0967741935483871
SR-p53,c1ccc2ncccc2c1,34,6,0.21428571428571427
SR-p53,c1ccc(Nc2ccccc2)cc1,29,7,0.3181818181818182
SR-p53,c1ccc2[nH]ccc2c1,27,0,0.0
SR-p53,c1ccoc1,26,0,0.0
SR-p53,c1ncncn1,26,0,0.0
SR-p53,O=C(Nc1ccccc1)c1ccccc1,23,5,0.29411764705882354
SR-p53,O=C1c2ccccc2C(=O)c2ccccc21,23,2,0.1111111111111111
SR-p53,C1CO1,21,0,0.0
SR-p53,C1CCOCC1,20,0,0.0
SR-p53,c1ccc2scnc2c1,19,3,0.15789473684210525
SR-p53,c1c[nH]cn1,18,0,0.0
SR-p53,c1cncnc1,18,0,0.0
SR-p53,c1ccc2c(c1)OCO2,17,0,0.0
SR-p53,c1cscn1,17,0,0.0
SR-p53,C1CCNCC1,16,0,0.0
SR-p53,c1cc[nH+]cc1,16,0,0.0
SR-p53,c1ccc2c(c1)CCC1C2CCC2CCCC21,16,5,0.45454545454545453
SR-p53,O=c1[nH]c(=O)c2[nH]cnc2[nH]1,15,0,0.0
SR-p53,c1c[nH+]c[nH]1,15,0,0.0
SR-p53,c1ccc2c(c1)Nc1ccccc1S2,15,2,0.15384615384615385
SR-p53,C1COCCN1,14,0,0.0
SR-p53,c1ccc(N=Nc2ccccc2)cc1,14,0,0.0
SR-p53,O=C1CCCN1,13,0,0.0
SR-p53,O=c1ccn(C2CCCO2)c(=O)[nH]1,13,3,0.2727272727272727
SR-p53,c1ccc2[nH]cnc2c1,13,6,0.5
SR-p53,C1=CC(c2ccccc2)C=CN1,12,3,0.3333333333333333
SR-p53,C1CCOC1,12,0,0.0
SR-p53,O=C1CCCCC1,12,0,0.0
SR-p53,O=C1CCCO1,12,0,0.0
SR-p53,c1ccc2c(c1)Cc1ccccc1-2,12,1,0.1
SR-p53,c1ncc2ncn(C3CCCO3)c2n1,12,4,0.4
SR-p53,C(=Cc1ccccc1)c1ccccc1,11,3,0.3333333333333333
SR-p53,C1CC2CCC1C2,11,0,0.0
SR-p53,C1CNCCN1,11,0,0.0
SR-p53,O=C1NC(=O)c2ccccc21,11,1,0.1
SR-p53,O=c1ccc2ccccc2o1,11,3,0.3333333333333333
SR-p53,c1ccc2cc3ccccc3cc2c1,11,5,0.45454545454545453
SR-p53,c1cnccn1,11,1,0.1
SR-p53,C1CCC2C(C1)CCC1C3CCCC3CCC21,10,0,0.0
SR-p53,C1CCNC1,10,1,0.16666666666666666
SR-p53,O=C(Oc1ccccc1)c1ccccc1,10,0,0.0
SR-p53,O=S(=O)(c1ccccc1)c1ccccc1,10,1,0.1
SR-p53,c1ccc(Sc2ccccc2)cc1,10,3,0.42857142857142855
SR-p53,O=C(OCc1cccc(Oc2ccccc2)c1)C1CC1,9,0,0.0
SR-p53,O=C1CNC(=O)N1,9,0,0.0
SR-p53,c1ccc(N=Nc2cccc3ccccc23)cc1,9,0,0.0
SR-p53,c1ccc2c(c1)Sc1ccccc1N2CCCN1CCNCC1,9,0,0.0
SR-p53,O=C(Cc1ccccc1)NC1C(=O)N2CCSC12,8,0,0.0
SR-p53,O=C(NCC1CCCN1)c1ccccc1,8,0,0.0
SR-p53,O=C1C=CCCC1,8,0,0.0
SR-p53,O=C1CC(=O)NC(=O)N1,8,0,0.0
SR-p53,O=C1CN=C(c2ccccc2)c2ccccc2N1,8,0,0.0
SR-p53,O=S1(=O)NCNc2ccccc21,8,0,0.0
SR-p53,O=c1cc(-c2ccccc2)oc2ccccc12,8,2,0.2857142857142857
SR-p53,C1CCCC1,7,1,0.16666666666666666
SR-p53,C=C1CCCCC1=CC=C1CCCC2CCCC12,7,1,1.0
SR-p53,O=C1C2=CC3C(=O)C=CCC3CC2Cc2ccccc21,7,0,0.0
SR-p53,O=C1C=CC(=O)C=C1,7,2,0.2857142857142857
SR-p53,O=C1C=CC2C(=C1)CCC1C2CCC2C1CC1OCOC12,7,0,0.0
SR-p53,O=S(=O)(Nc1ncccn1)c1ccccc1,7,0,0.0
SR-p53,O=c1cc[nH]n1-c1ccccc1,7,0,0.0
SR-p53,c1ccc(CCc2ccccc2)cc1,7,1,0.14285714285714285
SR-p53,c1ccc(Cc2ccccn2)cc1,7,0,0.0
SR-p53,c1ccc(N2CCNCC2)cc1,7,0,0.0
SR-p53,c1ccc2c(c1)ccc1ccccc12,7,1,0.16666666666666666
SR-p53,c1ccsc1,7,0,0.0
SR-p53,C(=C(c1ccccc1)c1ccccc1)c1ccccc1,6,0,0.0
SR-p53,C1CCC(OC2CCCC(OC3CCCCO3)C2)OC1,6,0,0.0
SR-p53,C=C(c1ccccc1)c1ccccc1,6,0,0.0
SR-p53,O=C1CC=NN1c1ccccc1,6,0,0.0
SR-p53,O=C1CCC(=O)O1,6,0,0.0
SR-p53,O=C1OC(=O)c2ccccc21,6,0,0.0
SR-p53,O=P(Oc1ccccc1)(Oc1ccccc1)Oc1ccccc1,6,0,0.0
SR-p53,O=c1[nH]c(=O)[nH]c(=O)[nH]1,6,0,0.0
SR-p53,O=c1cc[nH]c(=O)[nH]1,6,1,0.2
SR-p53,O=c1ccn(C2CC2)c2cc(N3CCNCC3)ccc12,6,0,0.0
SR-p53,O=c1ncccn1C1CCCO1,6,3,0.6
SR-p53,c1ccc(C(c2ccccc2)N2CCNCC2)cc1,6,0,0.0
SR-p53,c1ccc(CCN2CCC(Nc3ccccc3)CC2)cc1,6,0,0.0
SR-p53,c1ccc(Nc2ccccn2)cc1,6,1,0.2
SR-p53,c1ccc2c(c1)CCO2,6,0,0.0
SR-p53,c1ccc2c(c1)CCc1ccccc1N2,6,0,0.0
SR-p53,c1ccc2cnncc2c1,6,0,0.0
SR-p53,C1=C2CCC3C4CCCC4CCC3C2CCC1,5,1,0.3333333333333333
SR-p53,C1=C2c3cccc4[nH]cc(c34)CC2NCC1,5,0,0.0
SR-p53,C1=CC2C3Cc4cccc5c4C2(CCN3)C(C1)O5,5,0,0.0
SR-p53,C1CCC(OC2CCCO2)OC1,5,0,0.0
SR-p53,C1COCOC1,5,0,0.0
SR-p53,N=C(C(=O)NC1C(=O)N2C=CCSC12)c1cscn1,5,0,0.0
SR-p53,O=C(Cc1ccccc1)c1ccccc1,5,0,0.0
SR-p53,O=C(NC(=O)c1ccccc1)Nc1ccccc1,5,0,0.0
SR-p53,O=C(Nc1ccccc1)Nc1ccccc1,5,2,0.4
SR-p53,O=C(Nc1ncncn1)NS(=O)(=O)c1ccccc1,5,0,0.0
SR-p53,O=C(OC1CC2CCC(C1)N2)c1ccccc1,5,0,0.0
SR-p53,O=C(OCc1ccccc1)c1ccccc1,5,0,0.0
SR-p53,O=C1C=C2C=CC3C4CCCC4CCC3C2CC1,5,1,0.2
SR-p53,O=C1C=CC(=O)c2ccccc21,5,2,0.6666666666666666
SR-p53,O=C1C=CCO1,5,1,0.2
SR-p53,O=C1CCCC1,5,0,0.0
SR-p53,O=C1CCCCO1,5,0,0.0
SR-p53,O=C1CNC(=O)C(Cc2ccccc2)NC(=O)C(Cc2ccccc2)NC(=O)CCSSCC(C(=O)N2CCCC2)NC(=O)CN1,5,0,0.0
SR-p53,O=C1OC2(c3ccccc3Oc3ccccc32)c2ccccc21,5,0,0.0
SR-p53,O=C1c2ccccc2C(=O)c2cc3c(cc21)CCCC3OC1CCCCO1,5,5,1.0
SR-p53,O=S(=O)(Nc1ccncn1)c1ccccc1,5,0,0.0
SR-p53,O=S(=O)(Nc1nncs1)c1ccccc1,5,0,0.0
SR-p53,O=[PH](Oc1ccccc1)Oc1ccccc1,5,0,0.0
SR-p53,O=c1c(-c2ccccc2)coc2ccccc12,5,1,0.25
SR-p53,[N+]=C1C=CC(=C(c2ccccc2)c2ccccc2)C=C1,5,0,0.0
SR-p53,c1ccc(C2CCNCC2)cc1,5,0,0.0
SR-p53,c1ccc(CC2CCCCC2)cc1,5,0,0.0
SR-p53,c1ccc(CCNCCc2ccccc2)cc1,5,0,0.0
SR-p53,c1ccc(CCn2cncn2)cc1,5,0,0.0
SR-p53,c1ccc(COc2ccccc2)cc1,5,1,0.3333333333333333
SR-p53,c1ccc(Oc2ccccn2)cc1,5,0,0.0
SR-p53,c1ccc2c(CC3CC4CCN3CC4)ccnc2c1,5,0,0.0
SR-p53,c1ccc2c(c1)CCCC2,5,0,0.0
SR-p53,c1ccc2c(c1)CCCO2,5,0,0.0
SR-p53,c1cn[nH]c1,5,0,0.0
SR-p53,c1ncc2nc[nH]c2n1,5,0,0.0
SR-p53,C1=C2CCCCC2C2CCC3CCCC3C2C1,4,0,0.0
SR-p53,C1=CCCC=C1,4,0,0.0
SR-p53,C1=CNCN1,4,0,0.0
SR-p53,C1CCC(CC2CCCCC2)CC1,4,0,0.0
SR-p53,C1CC[NH2+]CC1,4,0,0.0
SR-p53,C=C1CC2CCC1C2,4,0,0.0
SR-p53,O=C(CCCN1CCC(c2ccccc2)CC1)c1ccccc1,4,0,0.0
SR-p53,O=C(Cc1ccccc1)NC1C(=O)N2C=CCSC12,4,0,0.0
SR-p53,O=C(NCC1CCCCO1)C1CCCN1,4,0,0.0
SR-p53,O=C(NN=Cc1ccccc1)c1ccncc1,4,0,0.0
SR-p53,O=C(c1ccccc1)c1coc2ccccc12,4,2,0.6666666666666666
SR-p53,O=C1C=C(C2CCC3C2CCC2C4CCC(OC5CCC(OC6CCC(OC7CCC(OC8CCCCO8)CO7)CO6)CO5)CC4CCC23)CO1,4,3,1.0
SR-p53,O=C1C=C2CCC3C(=C2CC1)C=CC1CCCC13,4,0,0.0
SR-p53,O=C1CC(=O)N(c2ccccc2)N1c1ccccc1,4,1,0.3333333333333333
SR-p53,O=C1CCC2C1CCC1C3CCCCC3=CCC21,4,0,0.0
SR-p53,O=C1CCCCOC(=O)CC(OC2CCCCO2)CC(OC2CCCCO2)CCC1,4,0,0.0
SR-p53,O=C1CCCc2ccccc21,4,0,0.0
SR-p53,O=C1NC(=O)C2CC=CCC12,4,1,0.3333333333333333
SR-p53,O=C1NCCN1,4,0,0.0
SR-p53,O=C1c2ccccc2C(=O)C1c1ccccc1,4,0,0.0
SR-p53,O=S(=O)(Nc1ccccc1)c1ccccc1,4,0,0.0
SR-p53,O=S1(=O)OC(c2ccccc2)(c2ccccc2)c2ccccc21,4,0,0.0
SR-p53,O=c1[nH]c2ccccc2o1,4,0,0.0
SR-p53,O=c1cc[nH]c(=S)[nH]1,4,0,0.0
SR-p53,O=c1cc[nH]c2cc(N3CCNCC3)ccc12,4,0,0.0
SR-p53,O=c1ccc2cc3ccoc3cc2o1,4,0,0.0
SR-p53,O=c1ccocc1,4,0,0.0
SR-p53,O=c1ccs[nH]1,4,2,0.5
SR-p53,c1cc2c3c(c[nH]c3c1)CC1NCCCC21,4,0,0.0
SR-p53,c1ccc(-c2cscn2)cc1,4,0,0.0
SR-p53,c1ccc(-n2nc3ccccc3n2)cc1,4,0,0.0
SR-p53,c1ccc(C2CCCC2)cc1,4,0,0.0
SR-p53,c1ccc(C2CCCCC2)cc1,4,0,0.0
SR-p53,c1ccc(CCCNCCc2ccccc2)cc1,4,0,0.0
SR-p53,c1ccc(CCNCCOc2ccccc2)cc1,4,0,0.0
SR-p53,c1ccc(CNc2ccccn2)cc1,4,0,0.0
SR-p53,c1ccc(C[SH+]c2nc3ccccc3[nH]2)nc1,4,0,0.0
SR-p53,c1ccc(Cc2cncnc2)cc1,4,0,0.0
SR-p53,c1ccc(Cn2ccnc2)cc1,4,0,0.0
SR-p53,c1ccc(OCC2CO2)cc1,4,0,0.0
SR-p53,c1ccc(OCCCOc2ccccc2)cc1,4,0,0.0
SR-p53,c1ccc2[nH]nnc2c1,4,0,0.0
SR-p53,c1ccc2c(c1)CC1CC2CCN1,4,0,0.0
SR-p53,c1ccc2c(c1)CC1NCCC23CCCCC13,4,0,0.0
SR-p53,c1ccc2c(c1)CCC2,4,0,0.0
SR-p53,c1ccc2c(c1)[nH]c1ccccc12,4,2,0.5
SR-p53,c1ccc2c3c([nH]c2c1)C1CC2CCCCC2CN1CC3,4,0,0.0
SR-p53,c1ccc2nccnc2c1,4,0,0.0
SR-p53,C(=CC=CC=CC=CC=CC1=CCCCC1)C=CC=CC=CC=CC1=CCCCC1,3,1,0.3333333333333333
SR-p53,C(CCN1CCNCC1)=C1c2ccccc2Sc2ccccc21,3,0,0.0
SR-p53,C1=CC2C3C=CC(C3)C2C1,3,0,0.0
SR-p53,C1=CC2CC(C1)C2,3,0,0.0
SR-p53,C1=CC2CCC1C2,3,0,0.0
SR-p53,C1=CC2CCC3Nc4ccc(C5CC6CCCN(CCc7c5[nH]c5ccccc75)C6)cc4C34CCN(C1)C24,3,2,1.0
SR-p53,C1=CCC=C1,3,0,0.0
SR-p53,C1=COC(OC2CCCC(OC3CCCCO3)C2)CC1,3,0,0.0
SR-p53,C1=COCCC1,3,0,0.0
SR-p53,C1=Cc2ccccc2C1=Cc1ccccc1,3,0,0.0
SR-p53,C1C2CC3CC1CC(C2)C3,3,0,0.0
SR-p53,C1CC2C3CCC(C3)C2C1,3,1,0.3333333333333333
SR-p53,C1CC2CCOC3OC4CCC(C1)C23OO4,3,0,0.0
SR-p53,C1CC2OCCC2O1,3,0,0.0
SR-p53,C1CC2OCOC2O1,3,0,0.0
SR-p53,C1CCC(C2CCCCC2)CC1,3,0,0.0
SR-p53,C1CCC1,3,0,0.0
SR-p53,C1CCC2CCCCC2C1,3,0,0.0
SR-p53,C1CCCCCCCCCCC1,3,0,0.0
SR-p53,C1CCCNCC1,3,0,0.0
SR-p53,C1CCCNCCC1,3,0,0.0
SR-p53,C1CC[NH2+]C1,3,0,0.0
SR-p53,C1COCCO1,3,0,0.0
SR-p53,O=C(C=Cc1ccccc1)c1ccccc1,3,1,1.0
SR-p53,O=C(CCN1CCCCC1)c1ccccc1,3,0,0.0
SR-p53,O=C(CCc1ccccc1)c1ccccc1,3,0,0.0
SR-p53,O=C(CNCCCc1ccccc1)N1CCCC1,3,0,0.0
SR-p53,O=C(CNCCCc1ccccc1)N1CCc2ccccc2C1,3,0,0.0
SR-p53,O=C(Cc1ccccc1)OC1CC2CCC(C1)[NH2+]2,3,0,0.0
SR-p53,O=C(Cc1ccccc1)OC1CC2[NH2+]C(C1)C1OC21,3,0,0.0
SR-p53,O=C(Cc1ccccc1)OCc1cccc(Oc2ccccc2)c1,3,0,0.0
SR-p53,O=C(NNC(=O)c1ccccc1)c1ccccc1,3,0,0.0
SR-p53,O=C(Nc1ccccc1)C1CCCCN1,3,0,0.0
SR-p53,O=C(OC1CCC2CC3c4[nH]c5ccccc5c4CCN3CC2C1)c1ccccc1,3,0,0.0
SR-p53,O=C(OCCCOC(=O)c1ccccc1)c1ccccc1,3,0,0.0
SR-p53,O=C(OCCc1ccccc1)c1ccccc1,3,0,0.0
SR-p53,O=C(c1ccccc1)c1cccs1,3,0,0.0
SR-p53,O=C(c1ccccc1)n1ccc2ccccc21,3,0,0.0
SR-p53,O=C1C=C(C2CCC3C2CCC2C4CCC(OC5CCC(OC6CCC(OC7CCCCO7)CO6)CO5)CC4CCC23)CO1,3,2,0.6666666666666666
SR-p53,O=C1C=CC(=C(c2ccccc2)c2ccccc2)C=C1,3,0,0.0
SR-p53,O=C1C=CC(OC(=O)C2CC2)C1,3,0,0.0
SR-p53,O=C1C=CC2C(=C1)CCC1C3CCCC3CC(=O)C21,3,0,0.0
SR-p53,O=C1CC(=O)NC=N1,3,0,0.0
SR-p53,O=C1CC(=O)c2ccccc21,3,1,0.3333333333333333
SR-p53,O=C1CCC(=O)N1,3,0,0.0
SR-p53,O=C1CCC23CCCCCC(CCC2)C13,3,0,0.0
SR-p53,O=C1CCCC(CCC2CC=CC3=CCCCC32)O1,3,0,0.0
SR-p53,O=C1CCCC(OC2CCC(OC3CCCCO3)CO2)CCCCC=CC=CCCO1,3,0,0.0
SR-p53,O=C1CCCCC1c1ccccc1,3,0,0.0
SR-p53,O=C1CCCCCN1,3,0,0.0
SR-p53,O=C1CCN(c2ccccc2)N1,3,0,0.0
SR-p53,O=C1CCNCC1,3,0,0.0
SR-p53,O=C1CN(CCN2CC(=O)NC(=O)C2)CC(=O)N1,3,2,1.0
SR-p53,O=C1CN=C(c2ccccn2)N1,3,0,0.0
SR-p53,O=C1Cc2cc3n(c(=O)c2CO1)Cc1cc2ccccc2nc1-3,3,2,1.0
SR-p53,O=C1NC(=O)C(c2ccccc2)C(=O)N1,3,0,0.0
SR-p53,O=C1OC(C2NCCc3cc4c(cc32)OCO4)c2ccccc21,3,0,0.0
SR-p53,O=C1OC(c2ccccc2)(c2ccccc2)c2ccccc21,3,1,0.3333333333333333
SR-p53,O=C1OC2CC(CC=CC(OC3CCC(OC4CCCCO4)CO3)CC=CC=C3COC4CC=CC1C34)OC1(C=CCCO1)C2,3,0,0.0
SR-p53,O=C1OCCO1,3,0,0.0
SR-p53,O=C1c2ccccc2C(=O)C1c1ccc2ccccc2n1,3,0,0.0
SR-p53,O=S(=O)(Nc1cccnn1)c1ccccc1,3,0,0.0
SR-p53,O=S(=O)(Nc1nccs1)c1ccccc1,3,0,0.0
SR-p53,O=S(=O)(Oc1ccccc1)c1ccccc1,3,0,0.0
SR-p53,O=[PH]1NCCCO1,3,0,0.0
SR-p53,O=c1[nH]c2ccccc2n1C1CCNCC1,3,0,
SR-p53,O=c1[nH]cnc2[nH]cnc12,3,0,0.0
SR-p53,O=c1[nH]sc2ccccc12,3,0,0.0
SR-p53,O=c1c2ccccc2ncn1-c1ccccc1,3,0,0.0
SR-p53,O=c1c2ccccc2sc2ccccc12,3,2,0.6666666666666666
SR-p53,O=c1cc[nH]cn1,3,0,0.0
SR-p53,O=c1ccc2c(-c3ccccc3)c3ccccc3oc-2c1,3,0,0.0
SR-p53,O=c1cccnn1-c1ccccc1,3,0,0.0
SR-p53,O=c1ccn(-c2ccccc2)c2cc(N3CCNCC3)ccc12,3,0,0.0
SR-p53,O=c1nc[nH]c2[nH]cnc12,3,0,0.0
SR-p53,c1cc2ccc3cccc4ccc(c1)c2c34,3,0,0.0
SR-p53,c1ccc(-c2ccc3ccccc3n2)cc1,3,0,0.0
SR-p53,c1ccc(-c2ccnn2-c2ccccc2)cc1,3,0,0.0
SR-p53,c1ccc(-c2cn3ccccc3n2)cc1,3,0,0.0
SR-p53,c1ccc(-c2conc2-c2ccccc2)cc1,3,0,0.0
SR-p53,c1ccc(-c2nnn[nH]2)cc1,3,0,0.0
SR-p53,c1ccc(C(c2ccccc2)c2ccccc2)cc1,3,1,0.3333333333333333
SR-p53,c1ccc(C2(Cn3cncn3)OCCO2)cc1,3,0,0.0
SR-p53,c1ccc(C2=NCc3nncn3-c3ccccc32)cc1,3,0,0.0
SR-p53,c1ccc(C2CC2)cc1,3,0,0.0
SR-p53,c1ccc(C2CCCc3ccccc32)cc1,3,0,0.0
SR-p53,c1ccc(C2CO2)cc1,3,0,0.0
SR-p53,c1ccc(CC2=NCCN2)cc1,3,0,0.0
SR-p53,c1ccc(CCCCc2ccccc2)cc1,3,0,0.0
SR-p53,c1ccc(CCN2CCC(Cc3ccccc3)CC2)cc1,3,0,0.0
SR-p53,c1ccc(CN2CCN(C(c3ccccc3)c3ccccc3)CC2)cc1,3,0,0.0
SR-p53,c1ccc(CNCc2ccccc2)cc1,3,0,0.0
SR-p53,c1ccc(CNc2ccccc2)cc1,3,0,0.0
SR-p53,c1ccc(COC(Cn2ccnc2)c2ccccc2)cc1,3,0,
SR-p53,c1ccc(Cc2nccc3ccccc23)cc1,3,0,0.0
SR-p53,c1ccc(Cn2ncc3ccccc32)cc1,3,0,0.0
SR-p53,c1ccc(N=Nc2ccc3ccccc3c2)cc1,3,0,0.0
SR-p53,c1ccc(NC2CCN(CCc3cccs3)CC2)cc1,3,0,0.0
SR-p53,c1ccc(Nc2ccnc3ccccc23)cc1,3,0,0.0
SR-p53,c1ccc2[nH+]cc[nH+]c2c1,3,0,0.0
SR-p53,c1ccc2c(c1)CCCN2,3,0,0.0
SR-p53,c1ccc2c(c1)CCc1ccccc1C2,3,0,0.0
SR-p53,c1ccc2c(c1)CCc1cccnc1C2=C1CCNCC1,3,1,0.3333333333333333
SR-p53,c1ccc2c(c1)Sc1ccccc1N2CCCN1CCCCC1,3,1,0.3333333333333333
SR-p53,c1ccc2cc(N=Nc3ccc(-c4ccc(N=Nc5ccc6ccccc6c5)cc4)cc3)ccc2c1,3,0,0.0
SR-p53,c1ccc2nc3ccccc3cc2c1,3,3,1.0
SR-p53,c1nc[nH]n1,3,0,0.0
SR-p53,c1ncc(C[n+]2ccsc2)cn1,3,0,0.0
SR-p53,c1ncnc(NC2CC2)n1,3,0,0.0
SR-p53,c1nncs1,3,0,0.0
SR-p53,C(=C1SCC(c2ccccc2)S1)n1ccnc1,2,0,0.0
SR-p53,C(=CC1CCCC1)CCOc1ccccc1,2,0,0.0
SR-p53,C(=CSSC=CNCc1cncnc1)NCc1cncnc1,2,0,0.0
SR-p53,C(=Cc1ccccc1)CN1CCN(C(c2ccccc2)c2ccccc2)CC1,2,0,0.0
SR-p53,C(=Cc1cccs1)C1=NCCCN1,2,0,
SR-p53,C(=Cn1cncn1)c1ccccc1,2,0,0.0
SR-p53,C(=NCc1ccccc1)c1ccccc1,2,0,0.0
SR-p53,C(C=C1CCCC2CCCC12)=C1CCCCC1,2,0,0.0
SR-p53,C(CN1CCCC1)=C(c1ccccc1)c1ccccn1,2,0,0.0
SR-p53,C1=C(c2ccccc2)CCN(CCCCc2c[nH]c3ccccc23)C1,2,0,0.0
SR-p53,C1=C2CCCCC2CC1,2,0,0.0
SR-p53,C1=CC(=C(c2ccccc2)c2ccc(NCc3ccccc3)cc2)C=CC1=[NH+]Cc1ccccc1,2,0,0.0
SR-p53,C1=CC2=CCC3CCCCC3C2CC1,2,0,0.0
SR-p53,C1=CC2CC1C1C3C=CC(C3)C21,2,0,0.0
SR-p53,C1=CC2CC1C1C3CC(C4OC34)C21,2,0,0.0
SR-p53,C1=CC2CC1C1CCCC21,2,0,
SR-p53,C1=CC2CC3CCCC3(C1)C2,2,0,0.0
SR-p53,C1=Cc2ccccc2NC1,2,0,0.0
SR-p53,C1CC1,2,0,0.0
SR-p53,C1CC2OC2CC1C1CO1,2,0,0.0
SR-p53,C1CCC(NC2CCCCC2)CC1,2,0,0.0
SR-p53,C1CCC(OC2CCCCO2)CC1,2,0,0.0
SR-p53,C1CCC(OC2CCCOC2)OC1,2,0,0.0
SR-p53,C1CCC(OC2OCCC2OC2CCCCO2)CC1,2,0,0.0
SR-p53,C1CCC2(CC1)OCCO2,2,0,0.0
SR-p53,C1CCC2(CO2)C(C2CO2)C1,2,1,0.5
SR-p53,C1CCC2OC2C1,2,0,0.0
SR-p53,C1CCN(C2CCC3CCC4C5CC([NH+]6CCCCC6)CC5CCC4C3C2)CC1,2,0,0.0
SR-p53,C1CN2CCC1CC2,2,0,0.0
SR-p53,C1COCO1,2,0,0.0
SR-p53,C1CSCCS1,2,0,0.0
SR-p53,C1CSSC1,2,0,0.0
SR-p53,C1OCOCO1,2,0,0.0
SR-p53,C=C(C(=C)c1ccccc1)c1ccccc1,2,1,1.0
SR-p53,C=C1C(=O)CC2C1CCC1C3CCC(=O)C=C3CCC21,2,1,1.0
SR-p53,C=C1CCC2CC1C2,2,0,0.0
SR-p53,C=C1c2ccccc2C(=O)C2=CC3C(=O)C=CCC3CC12,2,0,0.0
SR-p53,C=C1c2ccccc2CCc2ccccc21,2,0,0.0
SR-p53,C=C1c2ccccc2COc2ccccc21,2,0,0.0
SR-p53,N=C(C(=O)NC1CNC1=O)c1cscn1,2,0,0.0
SR-p53,N=C(Nc1ccccc1)Nc1ccccc1,2,0,0.0
SR-p53,N=C1C=C2CCC3C4CCCC4CCC3C2CC1,2,1,1.0
SR-p53,N=C1C=C2CCNC2=CC1=O,2,0,0.0
SR-p53,N=C1C=CC(=C(c2ccccc2)c2ccccc2)C=C1,2,1,0.5
SR-p53,O1[SiH2]O[SiH2]O[SiH2]O[SiH2]1,2,0,0.0
SR-p53,O=C(C(=O)c1ccccc1)c1ccccc1,2,0,0.0
SR-p53,O=C(C=Cc1ccccc1)Nc1ccccc1,2,0,0.0
SR-p53,O=C(C=Cc1ccccc1)OC1CCC2CC3c4[nH]c5ccccc5c4CCN3CC2C1,2,0,0.0
SR-p53,O=C(CC(=O)c1ccccc1)c1ccccc1,2,0,0.0
SR-p53,O=C(CCCC1CCCCO1)CC1CCCC2(C=CCC3(CCC(C4CCCCO4)O3)O2)O1,2,1,1.0
SR-p53,O=C(CCCCC(=O)Nc1ccccc1)Nc1ccccc1,2,0,0.0
SR-p53,O=C(CCN1CCNCC1)N1c2ccccc2Sc2ccccc21,2,0,0.0
SR-p53,O=C(CCc1c[nH]c2ccccc12)NCC(=O)NCC(=O)NCCc1ccccc1,2,0,0.0
SR-p53,O=C(CNC(=O)C(Cc1c[nH]c2ccccc12)NC(=O)C(Cc1ccccc1)NC(=O)CNC(=O)C(Cc1c[nH]c2ccccc12)NC(=O)C(Cc1c[nH]cn1)NC(=O)C1CCC(=O)N1)NCC(=O)N1CCCC1,2,0,0.0
SR-p53,O=C(CNC(=O)CNC(=O)C(Cc1ccccc1)NC(=O)CNC(=O)C(Cc1c[nH]c2ccccc12)NC(=O)C(Cc1c[nH]cn1)NC(=O)C1CCC(=O)N1)NCC(=O)N1CCCC1,2,0,0.0
SR-p53,O=C(CNC(=O)CNC(=O)C(Cc1ccccc1)NC(=O)CNC(=O)C(Cc1c[nH]c2ccccc12)NC(=O)C(Cc1cnc[nH]1)NC(=O)C1CCC(=O)N1)NCC(=O)N1CCCC1,2,0,0.0
SR-p53,O=C(CNCCCc1ccccc1)N1CCNC1=O,2,0,0.0
SR-p53,O=C(CNc1ccccc1)OCc1cccc(Oc2ccccc2)c1,2,0,
SR-p53,O=C(COc1ccccc1)N1CCCCC1,2,0,0.0
SR-p53,O=C(Cc1ccccc1)NC1CCC2(CCCO2)CC1N1CCCC1,2,0,0.0
SR-p53,O=C(Cc1ccccc1)OC1CC2CCC(C1)N2,2,0,0.0
SR-p53,O=C(Cc1cccs1)NC1C(=O)N2C=CCSC12,2,0,0.0
SR-p53,O=C(Cn1cnnn1)NC1C(=O)N2C=C(CSc3nncs3)CSC12,2,0,0.0
SR-p53,O=C(NC(CCNS(=O)(=O)c1ccccc1)Cc1ccccc1)OC1CCOC1,2,0,0.0
SR-p53,O=C(NC1C(=O)N2CCSC12)C(NC(=O)N1CCNC1=O)c1ccccc1,2,0,0.0
SR-p53,O=C(NC1C(=O)N2CCSC12)c1conc1-c1ccccc1,2,0,0.0
SR-p53,O=C(NC1CCCCC1)NS(=O)(=O)c1ccccc1,2,0,0.0
SR-p53,O=C(NC1N=C(c2ccccc2)c2cccc3c2N(CC3)C1=O)c1cc2ccccc2[nH]1,2,0,
SR-p53,O=C(NC1OC2C3CCCN3C(=O)C(Cc3ccccc3)N2C1=O)C1CNC2Cc3c[nH]c4cccc(c34)C2C1,2,0,0.0
SR-p53,O=C(NCCc1ccccc1)c1ccccc1,2,0,0.0
SR-p53,O=C(NCc1ccccc1)c1ccccc1,2,0,0.0
SR-p53,O=C(NN1CCCCC1)c1cc(-c2ccccc2)n(-c2ccccc2)n1,2,0,
SR-p53,O=C(NN=Cc1ccco1)c1ccccc1,2,0,0.0
SR-p53,O=C(NS(=O)(=O)c1ccccc1)n1nc[nH]c1=O,2,0,0.0
SR-p53,O=C(Nc1ccc(C(=O)N2CCCCc3ccccc32)cc1)c1ccccc1,2,0,0.0
SR-p53,O=C(Nc1ccccc1)C1CC1,2,0,
SR-p53,O=C(Nc1ccccc1)NC1CCCCC1,2,0,0.0
SR-p53,O=C(Nc1ccccc1)c1ccc2ccccc2c1,2,0,
SR-p53,O=C(Nc1ccccn1)C1=Cc2ccccc2S(=O)(=O)N1,2,0,0.0
SR-p53,O=C(Nc1ncccn1)NS(=O)(=O)c1ccccn1,2,0,0.0
SR-p53,O=C(OC1CCCCC1)c1ccccc1,2,0,0.0
SR-p53,O=C(OC1CCCNC1)C(c1ccccc1)c1ccccc1,2,0,0.0
SR-p53,O=C(OC1CCC[NH2+]C1)C(c1ccccc1)c1ccccc1,2,0,0.0
SR-p53,O=C(OCCOC(=O)c1ccccc1)c1ccccc1,2,0,0.0
SR-p53,O=C(OCCOCCOC(=O)c1ccccc1)c1ccccc1,2,0,0.0
SR-p53,O=C(OCc1ccccc1)C1CC1,2,0,0.0
SR-p53,O=C(OCc1coc(Cc2ccccc2)c1)C1CC1,2,0,0.0
SR-p53,O=C(Oc1ccc2c(c1)CCC1C2CCC2CCCC21)c1ccccc1,2,0,0.0
SR-p53,O=C(Oc1ccc2ccccc2c1)c1ccccc1,2,0,0.0
SR-p53,O=C(Oc1ccccc1)Oc1ccccc1,2,0,0.0
SR-p53,O=C(SCCC(=O)N1CCC(Sc2ccccc2)C1)c1ccccc1,2,0,0.0
SR-p53,O=C(c1ccccc1)c1ccc[nH]1,2,0,0.0
SR-p53,O=C1C(=C2Nc3ccccc3C2=O)Nc2ccccc21,2,0,0.0
SR-p53,O=C1C(N=CN2CCCCCC2)C2SCCN12,2,0,0.0
SR-p53,O=C1C(N=Nc2ccccc2)C=NN1c1ccccc1,2,0,0.0
SR-p53,O=C1C=C2C3CCCCC3CCC2C2CCC3CC(OC4OCCCC4OC4CCCCO4)CCC3C12,2,0,0.0
SR-p53,O=C1C=C2C3CCCCC3CCC2C2CCC3CCCCC3C12,2,0,0.0
SR-p53,O=C1C=C2CCC3C(CCC4C(OC(=O)CCc5ccccc5)CCC43)C2CC1,2,0,0.0
SR-p53,O=C1C=C2CCC3C(CCC4C3CC3OCOC34)C2CC1,2,0,0.0
SR-p53,O=C1C=C2CCC3C4CCC(=O)C4CCC3C2CC1,2,0,0.0
SR-p53,O=C1C=C2CCC3C4CCCC4CC(=O)C3C2CC1,2,0,0.0
SR-p53,O=C1C=CCC1,2,0,0.0
SR-p53,O=C1C=COC1,2,0,0.0
SR-p53,O=C1CC(c2ccccc2)C(=O)N1,2,0,0.0
SR-p53,O=C1CC(c2ccccc2)Oc2cc(OC3CCCC(COC4CCCCO4)O3)ccc21,2,0,0.0
SR-p53,O=C1CC(c2ccccc2)Sc2ccccc2N1,2,0,
SR-p53,O=C1CC2CC(SC3CCNC3)=CN12,2,0,0.0
SR-p53,O=C1CC2CCC1C2,2,0,0.0
SR-p53,O=C1CC2CCCC2C2CCC3CCCCC3C12,2,0,0.0
SR-p53,O=C1CC2N1CCS2(=O)=O,2,0,
SR-p53,O=C1CC2OCC=C3CN4CCC56c7ccccc7N1C5C2C3CC46,2,0,0.0
SR-p53,O=C1CC2SCC=CN12,2,0,0.0
SR-p53,O=C1CC=CCCCCC2CCCC(O2)C(=O)C(=O)N2CCCCC2C(=O)OC(C=CC2CCCCC2)CCC1,2,0,0.0
SR-p53,O=C1CCC(c2ccccc2)=NN1,2,1,0.5
SR-p53,O=C1CCC(c2ccccc2)C(=O)N1,2,0,0.0
SR-p53,O=C1CCC2=C(CCC3C2CCC2CCCC23)C1,2,0,0.0
SR-p53,O=C1CCC2C(CCC3C4CCCC4CCC23)C1,2,0,0.0
SR-p53,O=C1CCC2C1CCC1c3ccccc3CCC12,2,0,0.0
SR-p53,O=C1CCC2C3Cc4cccc5c4C2(CCN3)C1O5,2,0,0.0
SR-p53,O=C1CCC=CCC(=O)CC(CCC2CCCCC2)OC(=O)C2CCCCN2C(=O)C(=O)C2CCCC(CCC=CC=CC=CCCC1)O2,2,0,
SR-p53,O=C1CCCC(=O)C1C(=O)c1ccccc1,2,0,0.0
SR-p53,O=C1CCCC1=O,2,0,0.0
SR-p53,O=C1CCCCCO1,2,0,0.0
SR-p53,O=C1CCCS1,2,0,0.0
SR-p53,O=C1CCO1,2,0,0.0
SR-p53,O=C1CN2CCOC2(c2ccccc2)c2ccccc2N1,2,0,
SR-p53,O=C1CNC(=O)CNC(=O)C(Cc2ccccc2)NC(=O)CCSSCC(C(=O)N2CCCC2)NC(=O)CN1,2,0,0.0
SR-p53,O=C1CNC(=O)N1c1ccccc1,2,0,0.0
SR-p53,O=C1COC(=O)N1,2,0,0.0
SR-p53,O=C1Cc2ccccc2N1,2,0,0.0
SR-p53,O=C1NC(=O)C(c2ccccc2)(c2ccccc2)N1,2,0,0.0
SR-p53,O=C1NC(=O)C(c2ccccc2)N1,2,0,0.0
SR-p53,O=C1NC(=O)C2(CCOc3ccccc32)N1,2,0,0.0
SR-p53,O=C1NC(=O)c2cccc3cccc1c23,2,0,0.0
SR-p53,O=C1NCC(COc2ccccc2)O1,2,0,0.0
SR-p53,O=C1NCc2cncn2-c2ccccc21,2,0,0.0
SR-p53,O=C1Nc2ccccc2C1(c1ccccc1)c1ccccc1,2,2,1.0
SR-p53,O=C1Nc2ccccc2C1=O,2,0,0.0
SR-p53,O=C1OC(=O)C2C3C=CC(C3)C12,2,0,0.0
SR-p53,O=C1OCC2C(OC3CCC4OCOCC4O3)c3cc4c(cc3C(c3ccccc3)C12)OCO4,2,2,1.0
SR-p53,O=C1OCC2Cc3cc4c(cc3C(c3ccccc3)C12)OCO4,2,1,0.5
SR-p53,O=C1c2cc3ccc(OC4CC(OC5CCCCO5)CCO4)cc3cc2CCC1OC1CC(OC2CC(OC3CCCCO3)CCO2)CCO1,2,2,1.0
SR-p53,O=C1c2ccccc2-c2ccccc21,2,0,0.0
SR-p53,O=C1c2ccccc2C(=O)C1C(=O)C(c1ccccc1)c1ccccc1,2,0,
SR-p53,O=C1c2ccccc2C(=O)c2c(Nc3ccccc3)cccc21,2,0,0.0
SR-p53,O=C1c2ccccc2CN1c1ccccc1,2,0,0.0
SR-p53,O=C1c2ccccc2Cc2ccccc21,2,0,0.0
SR-p53,O=S(=O)(NC1CCCCC1)c1ccccc1,2,0,0.0
SR-p53,O=S(=O)(Nc1ccccc1)c1nc2ccncn2n1,2,0,0.0
SR-p53,O=S(=O)(Nc1ccno1)c1ccccc1,2,0,0.0
SR-p53,O=S(=O)(Nc1ccon1)c1ccccc1,2,0,0.0
SR-p53,O=S1(=O)CCCC1,2,0,0.0
SR-p53,O=S1(=O)CCCc2ccsc21,2,0,0.0
SR-p53,O=S1(=O)NC(Cc2ccccc2)Nc2ccccc21,2,0,0.0
SR-p53,O=S1(=O)NC=Nc2ccccc21,2,0,0.0
SR-p53,O=S1OCC2C3C=CC(C3)C2CO1,2,0,0.0
SR-p53,O=[PH]1OCC2OC(n3cnc4cncnc43)CC2O1,2,0,0.0
SR-p53,O=c1[nH]c(=O)c2ccccc2[nH]1,2,0,0.0
SR-p53,O=c1[nH]cnn1-c1ccccc1,2,0,0.0
SR-p53,O=c1[nH]nnc2ccccc12,2,0,0.0
SR-p53,O=c1c(CCN2CCC(c3noc4ccccc34)CC2)cnc2n1CCCC2,2,0,0.0
SR-p53,O=c1c(OC2CCCC(COC3CCCCO3)O2)c(-c2ccccc2)oc2ccccc12,2,0,0.0
SR-p53,O=c1ccc(-c2ccncc2)c[nH]1,2,0,0.0
SR-p53,O=c1cccc2c(c1)CCCc1ccccc1-2,2,1,0.5
SR-p53,O=c1ccn(-c2ccccc2)c2nc(N3CC4CC4C3)ccc12,2,1,1.0
SR-p53,O=c1ccn2c3c(cccc13)CCC2,2,0,0.0
SR-p53,O=c1ccoc2cccc(OCCCOc3cccc4occc(=O)c34)c12,2,0,0.0
SR-p53,O=c1ccoc2ccccc12,2,0,0.0
SR-p53,O=c1nc2[nH]c3ccccc3nc-2c(=O)[nH]1,2,0,0.0
SR-p53,O=c1nccc[nH]1,2,0,0.0
SR-p53,O=c1ncccn1C1CSCO1,2,0,0.0
SR-p53,O=c1ncncn1C1CCCO1,2,1,1.0
SR-p53,O=c1oc2ccccc2cc1Cc1cc2ccccc2oc1=O,2,0,
SR-p53,O=c1oc2ccccc2cc1Cc1ccccc1,2,0,0.0
SR-p53,S=C(Nc1ccccc1)Nc1ccccc1,2,0,0.0
SR-p53,S=C(c1ccccc1)N1CCOCC1,2,0,0.0
SR-p53,S=[PH](Oc1ccccc1)c1ccccc1,2,0,0.0
SR-p53,S=c1[nH]cc[nH]1,2,0,0.0
SR-p53,[N+]=C1C=CC(=C(c2ccccc2)c2cccc3ccccc23)C=C1,2,0,0.0
SR-p53,c1c2c(cc3c1OCO3)CNCC2,2,0,0.0
SR-p53,c1cc(OCC2CO2)ccc1Cc1ccc(OCC2CO2)cc1,2,1,0.5
SR-p53,c1cc2c3c(cccc3c1)CC2,2,0,0.0
SR-p53,c1ccc(-c2c3ccccc3[o+]c3ccccc23)cc1,2,0,0.0
SR-p53,c1ccc(-c2cc(CCCCCCc3ccc(OC4CCCCO4)c(-c4ccccc4)c3)ccc2OC2CCCCO2)cc1,2,0,0.0
SR-p53,c1ccc(-c2ccon2)cc1,2,0,
SR-p53,c1ccc(-c2cncnc2)cc1,2,0,
SR-p53,c1ccc(-c2nc3ccccc3s2)cc1,2,0,
SR-p53,c1ccc(-c2nccc3ccccc23)cc1,2,0,0.0
SR-p53,c1ccc(-c2nccs2)cc1,2,0,0.0
SR-p53,c1ccc(-c2ncncn2)cc1,2,0,0.0
SR-p53,c1ccc(-n2cccc2)cc1,2,0,
SR-p53,c1ccc(-n2cccn2)cc1,2,0,0.0
SR-p53,c1ccc(-n2ccnc2)cc1,2,0,0.0
SR-p53,c1ccc(-n2cncn2)cc1,2,1,0.5
SR-p53,c1ccc(C(COc2ncccn2)c2ccccc2)cc1,2,0,0.0
SR-p53,c1ccc(C(Cn2cncn2)Cn2cncn2)cc1,2,0,0.0
SR-p53,c1ccc(C(OC2CC3CCC(C2)N3)c2ccccc2)cc1,2,1,0.5
SR-p53,c1ccc(C(OC2CCCN(CCc3ccc4c(c3)OCO4)C2)c2ccccc2)cc1,2,0,0.0
SR-p53,c1ccc(C(c2ccccc2)c2cncnc2)cc1,2,0,0.0
SR-p53,c1ccc(C2(c3ccccc3)CCCCC2)cc1,2,0,0.0
SR-p53,c1ccc(C2=NCc3nncn3-c3sccc32)cc1,2,0,0.0
SR-p53,c1ccc(C2CCN(CCC(c3ccccc3)c3ccccc3)CC2)cc1,2,1,0.5
SR-p53,c1ccc(C2CN3CCSC3=N2)cc1,2,0,0.0
SR-p53,c1ccc(C2CNCCc3ccccc32)cc1,2,0,0.0
SR-p53,c1ccc(CC2CCCC2Cn2cncn2)cc1,2,0,
SR-p53,c1ccc(CCCCN2CCC(C(c3ccccc3)c3ccccc3)CC2)cc1,2,0,0.0
SR-p53,c1ccc(CCCCNCCc2ccccc2)cc1,2,0,0.0
SR-p53,c1ccc(CCCN2CCOCC2)cc1,2,0,0.0
SR-p53,c1ccc(CCN2CCC(c3ccccc3)CC2)cc1,2,0,0.0
SR-p53,c1ccc(CCN2CCC3CC2Cc2ccccc23)cc1,2,1,0.5
SR-p53,c1ccc(CCNCCCCCCNCCc2ccccc2)cc1,2,0,0.0
SR-p53,c1ccc(CN2CCCCC2)cc1,2,0,0.0
SR-p53,c1ccc(CN2CCNCC2)cc1,2,0,0.0
SR-p53,c1ccc(CN2CCc3sccc3C2)cc1,2,0,0.0
SR-p53,c1ccc(CNC2CCCCC2)cc1,2,0,0.0
SR-p53,c1ccc(CNc2ncccn2)cc1,2,0,0.0
SR-p53,c1ccc(C[NH2+]CCOCCOc2ccccc2)cc1,2,0,
SR-p53,c1ccc(Cc2c[nH]cn2)cc1,2,0,0.0
SR-p53,c1ccc(N=[NH+]c2ccccc2)cc1,2,0,0.0
SR-p53,c1ccc(NC2=NCCN2)cc1,2,0,0.0
SR-p53,c1ccc(NC2CCNCC2)cc1,2,0,
SR-p53,c1ccc(NCc2cnc3ncncc3n2)cc1,2,1,0.5
SR-p53,c1ccc(Nc2ccc3ccccc3c2)cc1,2,0,0.0
SR-p53,c1ccc(Nc2ncccn2)cc1,2,0,0.0
SR-p53,c1ccc(Nc2ncncn2)cc1,2,0,0.0
SR-p53,c1ccc(OCCN2CCCCC2)cc1,2,0,0.0
SR-p53,c1ccc(OCCOc2ccccc2)cc1,2,0,0.0
SR-p53,c1ccc(OCn2cncn2)cc1,2,0,0.0
SR-p53,c1ccc(Oc2nc3ccccc3o2)cc1,2,0,0.0
SR-p53,c1ccc([SiH2]c2ccccc2)cc1,2,0,0.0
SR-p53,c1ccc([Sn+](c2ccccc2)c2ccccc2)cc1,2,0,
SR-p53,c1ccc2[nH]c(-c3cscn3)nc2c1,2,1,0.5
SR-p53,c1ccc2[s+]c3ccccc3nc2c1,2,2,1.0
SR-p53,c1ccc2c(c1)-c1cccc3cccc-2c13,2,0,0.0
SR-p53,c1ccc2c(c1)CC(N1CCNCC1)c1ccccc1S2,2,0,0.0
SR-p53,c1ccc2c(c1)CCC1CCCCC21,2,0,0.0
SR-p53,c1ccc2c(c1)CCNC2,2,0,0.0
SR-p53,c1ccc2c(c1)Cc1ccccc1C(N1CCNCC1)=N2,2,0,0.0
SR-p53,c1ccc2c(c1)Cc1ccccc1O2,2,0,0.0
SR-p53,c1ccc2c(c1)Cc1cccnc1O2,2,0,0.0
SR-p53,c1ccc2c(c1)N=C(N1CCNCC1)c1ccccc1O2,2,0,0.0
SR-p53,c1ccc2c(c1)N=C(N1CCNCC1)c1ccccc1S2,2,0,0.0
SR-p53,c1ccc2c(c1)NCCO2,2,1,0.5
SR-p53,c1ccc2c(c1)Oc1ccccc1O2,2,0,0.0
SR-p53,c1ccc2c(c1)Sc1ccccc1N2CC1CN2CCC1CC2,2,0,0.0
SR-p53,c1ccc2c(c1)Sc1ccccc1N2CCC1CCCCN1,2,0,0.0
SR-p53,c1ccc2c(c1)cc1ccc3cccc4ccc2c1c34,2,2,1.0
SR-p53,c1ccc2c(c1)oc1ccccc12,2,0,0.0
SR-p53,c1ccc2cc3c(ccc4ccccc43)cc2c1,2,1,0.5
SR-p53,c1ccc2cccc-2cc1,2,0,0.0
SR-p53,c1ccc2cnccc2c1,2,0,0.0
SR-p53,c1ccc2nc3c(cc2c1)CCCC3,2,0,0.0
SR-p53,c1ccc2ncncc2c1,2,0,0.0
SR-p53,c1ccc2occc2c1,2,0,0.0
SR-p53,c1ccc2sccc2c1,2,0,0.0
SR-p53,c1cn(C2CCCO2)cn1,2,0,0.0
SR-p53,c1cnc2[nH]ncc2c1,2,0,0.0
SR-p53,c1cncc(C2CCCN2)c1,2,0,0.0
SR-p53,c1coc(-c2nnco2)c1,2,0,0.0
SR-p53,c1ncc2[nH]cnc2n1,2,0,0.0
SR-p53,c1nnc[nH]1,2,0,0.0
SR-p53,C(#CC(c1ccccc1)c1ccccc1)CN1CCCC1,1,0,0.0
SR-p53,C(#Cc1ccccn1)c1ccc2c(c1)CCCS2,1,0,
SR-p53,C(=C(OCCOc1ccccc1)c1ccccc1)n1ccnc1,1,0,
SR-p53,C(=C1CCCC1Cn1cncn1)c1ccccc1,1,0,0.0
SR-p53,C(=C1c2ccccc2-c2ccccc21)c1ccccc1,1,0,0.0
SR-p53,C(=CC1CCC2OC(=Cc3ccccc3)CC12)CC1CCCCC1,1,0,0.0
SR-p53,C(=CC=C1Nc2ccccc2S1)C=Cc1[nH+]c2ccccc2s1,1,0,
SR-p53,C(=CC=CC1=[NH+]c2ccc3ccccc3c2C1)C=CC=C1Cc2c(ccc3ccccc23)N1,1,0,0.0
SR-p53,C(=CC=CC=CC=CC=CC1C=CCCC1)C=CC=CC=CC=CC1=CCCCC1,1,1,1.0
SR-p53,C(=CC=Nc1ccccc1)C=CNc1ccccc1,1,0,0.0
SR-p53,C(=CSSCC1CCCO1)NCc1cncnc1,1,0,0.0
SR-p53,C(=Cc1[nH+]c2ccccc2s1)C=C1Nc2ccccc2S1,1,1,1.0
SR-p53,C(=Cc1ccc(-c2ccc(C=Cc3ccccc3)cc2)cc1)c1ccccc1,1,1,1.0
SR-p53,C(=Cc1ccc(-c2ccccc2)cc1)CN1CCCCCC1,1,0,
SR-p53,C(=Cc1ccc(N=Nc2ccccc2)cc1)c1ccc(N=Nc2ccccc2)cc1,1,0,0.0
SR-p53,C(=Cc1ccc(Nc2ncnc(Nc3ccccc3)n2)cc1)c1ccc(Nc2ncnc(Nc3ccccc3)n2)cc1,1,1,1.0
SR-p53,C(=Cc1ccc2ccccc2[nH+]1)C=C1C=Cc2ccccc2N1,1,1,1.0
SR-p53,C(=Cc1ccc2ccccc2n1)c1cccc(C(CCc2ccccc2)SCC2CC2)c1,1,0,
SR-p53,C(=Cc1ccc2ccccc2n1)c1ccccc1,1,0,
SR-p53,C(=Cc1ccccc1)C(C=Cc1ccccc1)=NN=C1NCCCN1,1,0,
SR-p53,C(=Cc1ccccc1)CNCCc1ccccc1,1,0,
SR-p53,C(=Cc1ccccc1)CNCc1cccc2ccccc12,1,0,0.0
SR-p53,C(=Cc1ccncc1)c1ccccc1,1,0,0.0
SR-p53,C(=Cc1cncn1Cc1ccccc1)Cc1cccs1,1,0,0.0
SR-p53,C(=Cc1n[nH]c2cc(Sc3ccccc3)ccc12)c1ccccn1,1,0,
SR-p53,C(=Cc1nc(C2CCC2)cs1)c1ccccc1,1,0,0.0
SR-p53,C(=NC1CCCCC1)=NC1CCCCC1,1,0,
SR-p53,C(=NCCN=Cc1ccccc1)c1ccccc1,1,0,0.0
SR-p53,C(=NOCC1OCCO1)c1ccccc1,1,0,0.0
SR-p53,C(=NOCCCN1CCCCC1)c1ccc[nH+]c1,1,0,
SR-p53,C(=NOCc1ccccc1)c1ccccc1,1,1,1.0
SR-p53,C(=NOCc1ccccc1)c1cn[nH]c1Oc1ccccc1,1,0,0.0
SR-p53,C(=NOc1ccccc1)c1ccccc1,1,0,
SR-p53,C(=Nc1ccccc1)NC=Nc1ccccc1,1,0,0.0
SR-p53,C(=Nc1ccccc1)Nc1ccccc1,1,0,0.0
SR-p53,C(=Nc1ccccc1)c1ccccc1,1,0,0.0
SR-p53,C(=Nc1ccccc1)n1ccnc1,1,0,
SR-p53,C(CCN1CCCCC1)=C(c1cccs1)c1cccs1,1,0,0.0
SR-p53,C(CCOCC1CO1)COCC1CO1,1,0,
SR-p53,C(CC[NH+]1CCCC1)CC[NH+]1CCCC1,1,0,0.0
SR-p53,C(COCC1CO1)OCC1CO1,1,0,
SR-p53,C(COc1ccc2c(c1)[nH]c1ccccc12)=C1CN2CCC1CC2,1,0,0.0
SR-p53,C1=C(Cc2ccccn2)c2ccccc2C1,1,0,0.0
SR-p53,C1=C(c2ccccc2)CCN(CCc2ccc3ccccc3c2)C1,1,0,0.0
SR-p53,C1=C2C3CC4OC5(CCC4C3CCC23CC32CCC(OC3CCCCO3)CC2C1)OCC1OC15,1,0,0.0
SR-p53,C1=C2C3CCCC3CCC2C2CCCCC2C1,1,0,0.0
SR-p53,C1=C2CC(OC3OCCC(OC4CCCCO4)C3OC3CCCCO3)CCC2C2CCC3C(CC4C3CC3CCCCN34)C2C1,1,0,
SR-p53,C1=C2CC3C4CCCCC4=CCC3C2CCC12CC1NCCCC1O2,1,0,0.0
SR-p53,C1=C2CC3CCC2(CCC1)C3,1,0,0.0
SR-p53,C1=C2CCC3C4CCCC4CCC3C2Cc2cnoc21,1,0,0.0
SR-p53,C1=C2CCCCC2C2CCC34CNCC3CCC4C2C1,1,0,
SR-p53,C1=C2CCCCC2C2CCC3C(c4cccnc4)=CCC3C2C1,1,0,0.0
SR-p53,C1=C2CCCCC2CCC1,1,0,0.0
SR-p53,C1=CC(=C(c2ccccc2)c2ccc(Nc3ccccc3)cc2)C=CC1=Nc1ccccc1,1,0,0.0
SR-p53,C1=CC(NC2CCC(OC3CCC(OC4CCCOC4)OC3)OC2)CCC1,1,0,0.0
SR-p53,C1=CC(Oc2cccc(Oc3ccccc3)c2)CC1,1,0,0.0
SR-p53,C1=CC(c2cccc3nonc23)C=CN1,1,0,0.0
SR-p53,C1=CC(n2cnc3c(NC4CC4)ncnc32)CC1,1,0,0.0
SR-p53,C1=CC1,1,0,0.0
SR-p53,C1=CC2(CCC1)CCCO2,1,0,0.0
SR-p53,C1=CC23CCCN2CCc2cc4c(cc2C3C1)OCO4,1,1,1.0
SR-p53,C1=CC23CCNCc4cccc(c42)OC3CC1,1,0,0.0
SR-p53,C1=CC2=CCC3C4CCCC4CCC3C2CC1,1,0,0.0
SR-p53,C1=CC2=CCCCC2CC1,1,0,0.0
SR-p53,C1=CC2C3CCC(C3)C2C1,1,0,0.0
SR-p53,C1=CC2CC(c3ccc4c(c3)C35CCN6CC=CC(CCC3N4)C65)c3[nH]c4ccccc4c3CN(C1)C2,1,0,
SR-p53,C1=CC2CC1C1CC3OC3C21,1,0,0.0
SR-p53,C1=CC2CC1CC2C(CCN1CCCCC1)c1ccccc1,1,0,0.0
SR-p53,C1=CC2CCC3C4CCCCC4=CCC3C2C1,1,0,
SR-p53,C1=CC2OC23CCC2C4CCCC4CCC2C3C1,1,1,1.0
SR-p53,C1=CC2Oc3cccc4c3C23CCNC(C4)C3=C1,1,0,0.0
SR-p53,C1=CC2c3ccccc3OCC2CC1,1,0,
SR-p53,C1=CCC(c2ccccc2)CC1,1,0,0.0
SR-p53,C1=CCC2CC2C1,1,0,0.0
SR-p53,C1=CCC2CC=CC2C1,1,0,0.0
SR-p53,C1=CCC=C1.C1=CCC=C1,1,0,0.0
SR-p53,C1=CCC=C1.c1cc[cH-]c1,1,0,0.0
SR-p53,C1=CCC=CC1,1,0,0.0
SR-p53,C1=CCCC1,1,0,0.0
SR-p53,C1=CCCC=CCC1,1,0,0.0
SR-p53,C1=CCCC=CCCC=CCC1,1,0,0.0
SR-p53,C1=CCNCC1,1,0,0.0
SR-p53,C1=COC(OC2CCC(OC3CCC(OC4CCC(OC5CCC(OC6CCC7OCC6O7)OC5)OC4)CC3)OC2)CC1,1,0,0.0
SR-p53,C1=Cc2cc3ccc(cc4nc(cc5ccc(cc1n2)[nH]5)C=C4)[nH]3,1,0,0.0
SR-p53,C1=Cc2cc3ccc(cc4nc(cc5ccc(cc1n2)[nH]5)CC4)[nH]3,1,0,0.0
SR-p53,C1=Cc2cccc3cccc1c23,1,0,0.0
SR-p53,C1=Cc2ccccc2C(=C2CCNCC2)c2ccccc21,1,0,0.0
SR-p53,C1=Cc2ccccc2C1,1,0,0.0
SR-p53,C1=Cc2ccccc2Cc2ccccc21,1,0,0.0
SR-p53,C1=Cc2ccccc2N(CCCN2CCNCC2)c2ccccc21,1,0,0.0
SR-p53,C1=Cc2ccccc2Nc2ccccc21,1,0,0.0
SR-p53,C1=Cc2ccccc2Sc2ccccc21,1,0,0.0
SR-p53,C1=Cc2nc1c(-c1ccccc1)c1ccc([nH]1)c(-c1ccccc1)c1nc(c(-c3ccccc3)c3ccc([nH]3)c2-c2ccccc2)CC1,1,0,
SR-p53,C1=Cn2c3c(c4ccccc42)CCN2CCCC1C32,1,0,0.0
SR-p53,C1=NC(c2ccccc2)CN1,1,0,0.0
SR-p53,C1=NC=NCN1c1ccccc1,1,0,
SR-p53,C1=NCC(c2ccccc2)O1,1,0,0.0
SR-p53,C1=NCC2c3ccccc3Cc3ccccc3N12,1,0,
SR-p53,C1=NCOC1,1,0,0.0
SR-p53,C1=NCSC1,1,0,0.0
SR-p53,C1=NNc2ncnc3c2c1cn3C1CCCO1,1,0,0.0
SR-p53,C1=NOC(c2ccccc2)(c2ccccc2)C1,1,0,0.0
SR-p53,C1=Nc2ccc3ccccc3c2C1,1,0,0.0
SR-p53,C1=Nc2ccccc2C(c2ccccc2)=[NH+]C1,1,0,0.0
SR-p53,C1=Nc2ccccc2C1,1,0,0.0
SR-p53,C1C2C3C4CC5C3C1C5C24,1,0,0.0
SR-p53,C1C2OC2C2C1C1CC2C2OC12,1,0,0.0
SR-p53,C1CC(COCC2CO2)CCC1COCC1CO1,1,0,0.0
SR-p53,C1CC2CC(C1)C2,1,0,0.0
SR-p53,C1CC2CC3CCCC3(C1)C2,1,0,0.0
SR-p53,C1CC2CCC(C1)N2,1,0,0.0
SR-p53,C1CC2CCC(C1)[NH2+]2,1,0,0.0
SR-p53,C1CC2CCC1CO2,1,0,0.0
SR-p53,C1CC2CCC1O2,1,0,0.0
SR-p53,C1CC2CCC3C4CC5SC5CC4CCC3C2C1,1,0,0.0
SR-p53,C1CC2CCC3C4Cc5nonc5CC4CCC3C2C1,1,0,0.0
SR-p53,C1CC2C[NH2+]CC1C2,1,0,0.0
SR-p53,C1CC2OCC1OC1CCC(CO1)OC1CCC(CO1)OC1CCC(CO1)OC1CCC(CO1)OC1CCC(CO1)O2,1,0,0.0
SR-p53,C1CC2OCC1OC1CCC(CO1)OC1CCC(CO1)OC1CCC(CO1)OC1CCC(CO1)OC1CCC(CO1)OC1CCC(CO1)O2,1,0,0.0
SR-p53,C1CC2OCC1OC1CCC(CO1)OC1CCC(CO1)OC1CCC(CO1)OC1CCC(CO1)OC1CCC(CO1)OC1CCC(CO1)OC1CCC(CO1)O2,1,0,0.0
SR-p53,C1CCC(C(CC2CCCCN2)C2CCCCC2)CC1,1,0,
SR-p53,C1CCC(C2CC3CCC2C3)CC1,1,0,
SR-p53,C1CCC(C2CCC(C3CCC(C4CCC5(CCCCO5)O4)O3)O2)OC1,1,0,0.0
SR-p53,C1CCC(CC2CCCC2)C1,1,0,0.0
SR-p53,C1CCC(CC2CCCC3(CCC(C4CCC(C5OC(C6CCCCO6)CC5OC5CCCCO5)O4)O3)O2)OC1,1,1,1.0
SR-p53,C1CCC(N=NC2CCCCC2)CC1,1,0,0.0
SR-p53,C1CCC(N[SiH](NC2CCCCC2)NC2CCCCC2)CC1,1,0,0.0
SR-p53,C1CCC(OC2CCC(OC3CCCOC3)OC2)OC1,1,0,0.0
SR-p53,C1CCC(OC2CCC3OC(OC4CCCCO4)CCC3O2)CC1,1,0,0.0
SR-p53,C1CCC(OC2CCCCC2OC2CCCO2)OC1,1,0,0.0
SR-p53,C1CCC(OC2CCCCO2)OC1,1,0,0.0
SR-p53,C1CCC(OC2CCOC(OC3C(OC4CCCCO4)CCOC3OC3CCC(OC4CCC5C(CCC6C5CCC5C7CC8(CCCCO8)OC7CC56)C4)OC3)C2)OC1,1,0,
SR-p53,C1CCC(OC2CCOC(OC3CCC(OC4CCOCC4)OC3)C2)OC1,1,0,0.0
SR-p53,C1CCC(OC2CCOC2)OC1,1,0,0.0
SR-p53,C1CCC(OC2COC(OC3CCCCC3OC3CCCCO3)C2)OC1,1,0,0.0
SR-p53,C1CCC(OC2OCCC3OC4(CCCCO4)OC32)CC1,1,0,0.0
SR-p53,C1CCC(SSC2CCCCC2)CC1,1,0,0.0
SR-p53,C1CCC2(CC1)NCCO2,1,0,0.0
SR-p53,C1CCC2(CC3C(CC4C3CCC3C5CCC(OC6CCC(OC7OCCC(OC8CCCCO8)C7OC7CCCCO7)CO6)CC5CCC34)O2)NC1,1,0,
SR-p53,C1CCC2(CC3C(CC4C3CCC3C5CCCCC5CCC34)O2)NC1,1,0,0.0
SR-p53,C1CCC2(CCCCO2)OC1,1,0,0.0
SR-p53,C1CCC2=C(C1)CCCC2,1,0,0.0
SR-p53,C1CCC2=NCCCN2CC1,1,0,0.0
SR-p53,C1CCC2C(C1)CCC1CCCCC12,1,0,0.0
SR-p53,C1CCC2C(C1)CCC1OCCC12,1,0,0.0
SR-p53,C1CCC2NCCC2C1,1,0,0.0
SR-p53,C1CCN(C2CCC3CCC4C5CC(N6CCCCC6)CC5CCC4C3C2)CC1,1,0,0.0
SR-p53,C1CCN(CN2CCCCC2)CC1,1,0,0.0
SR-p53,C1CCN2CC3CC(CN4CCCCC34)C2C1,1,0,0.0
SR-p53,C1CCN2CCCC2C1,1,0,0.0
SR-p53,C1CC[NH+](C2CCC3CCC4C5CC([NH+]6CCCCC6)CC5CCC4C3C2)CC1,1,0,0.0
SR-p53,C1CCc2nnnn2CC1,1,0,0.0
SR-p53,C1CN(C2CCC3CCC4C5CC(N6CC[NH2+]CC6)CC5CCC4C3C2)CC[NH2+]1,1,0,0.0
SR-p53,C1CN(CCOCCN2CCOCC2)CCO1,1,0,0.0
SR-p53,C1CN(P2(N3CC3)=NP(N3CC3)(N3CC3)=NP(N3CC3)(N3CC3)=N2)CCO1,1,1,1.0
SR-p53,C1CN(SSN2CCOCC2)CCO1,1,0,0.0
SR-p53,C1CN1,1,0,0.0
SR-p53,C1CN2CCN1CC2,1,0,0.0
SR-p53,C1CNCCNCCNCCN1,1,0,
SR-p53,C1CNCNC1,1,0,
SR-p53,C1COC(NC(C2CC2)C2CC2)=N1,1,0,
SR-p53,C1COC1,1,0,0.0
SR-p53,C1COCC(CC2CO2)C1,1,0,0.0
SR-p53,C1COCC[NH2+]1,1,0,0.0
SR-p53,C1COCSC1,1,0,0.0
SR-p53,C1CS1,1,0,0.0
SR-p53,C1CSCN1,1,0,
SR-p53,C1CSSSC1,1,0,0.0
SR-p53,C1N2CN3CN1CN(C2)C3,1,0,0.0
SR-p53,C1N2CN3CN1C[NH+](C2)C3,1,0,
SR-p53,C1NCNCN1,1,0,0.0
SR-p53,C1OC2COC3OCOC3C2O1,1,0,0.0
SR-p53,C1OCC2OC3OCOC3C2O1,1,0,0.0
SR-p53,C1OCN2COCC12,1,0,0.0
SR-p53,C1SCSCS1,1,0,0.0
SR-p53,C=C(Nc1ccccc1)Nc1ccccc1,1,0,0.0
SR-p53,C=C(c1ccccc1)c1ccc2c(c1)CCCC2,1,0,
SR-p53,C=C(c1ccccc1)c1cccnc1,1,0,0.0
SR-p53,C=C(c1ccccc1)n1ccnc1,1,0,
SR-p53,C=C1C(=O)C=COC1=O,1,0,0.0
SR-p53,C=C1C(=O)OC2C1CCC=CCCC1OC12,1,1,1.0
SR-p53,C=C1C2C=CCC1c1ccc(=O)[nH]c1C2,1,0,0.0
SR-p53,C=C1C2CCC3C1CCCCC23,1,0,0.0
SR-p53,C=C1C=CCCC1=O,1,0,0.0
SR-p53,C=C1CC23CC1CCC2C12C=CCC(C(=O)O1)C2C3,1,0,0.0
SR-p53,C=C1CC23CCC4C(C(=O)OC5CCCCO5)CCCC4C2CC(OC2OCCC(OC4CCCCO4)C2OC2CCCCO2)C1C3,1,0,0.0
SR-p53,C=C1CC2C(CCC3C(=O)CCC32)C2C=CC(=O)C=C12,1,0,0.0
SR-p53,C=C1CC2C(CCC3C4CCCC4CCC23)CC1=O,1,0,
SR-p53,C=C1CC2C=CC1C2,1,0,0.0
SR-p53,C=C1CC2C=CCC3CC(=C)CC(CCOC(=O)CCCC4CCCC(CC(C1)O2)O4)O3,1,0,
SR-p53,C=C1CC2CCC3C4C=CC(=O)C=C4CCC3C2C1,1,0,0.0
SR-p53,C=C1CC2CCC3C4CCC(=O)C=C4C=CC3C2C1,1,0,0.0
SR-p53,C=C1CC2CCCC2C1,1,0,0.0
SR-p53,C=C1CC2CCCC2C2CCC3=CC(=O)CCC3C12,1,0,0.0
SR-p53,C=C1CC2CCCC2C2CCC3=CCCCC3C12,1,0,
SR-p53,C=C1CC=CCC1,1,0,0.0
SR-p53,C=C1CCC2C1CCC1C3CCCCC3CCC21,1,0,0.0
SR-p53,C=C1CCC2C3Cc4cccc5c4C2(CCN3CC2CC2)C1O5,1,0,0.0
SR-p53,C=C1CCC2CCCCC2C1CC=C1CCOC1=O,1,0,0.0
SR-p53,C=C1CCC=CCCC2CCC12,1,0,0.0
SR-p53,C=C1CCCC1n1cnc2c(=O)[nH]cnc21,1,0,0.0
SR-p53,C=C1CCCCC1=CC=C1CCCC2C(CC=CCC3CC3)CCC12,1,0,
SR-p53,C=C1CCCCC1=O,1,0,0.0
SR-p53,C=C1CN2C(=O)CC2O1,1,0,
SR-p53,C=C1C[NH+]2CCC34c5ccccc5N5C=C6C7CC8[NH+](CCC89c8ccccc8N(C=C(C1CC23)C54)C69)CC7=C,1,0,0.0
SR-p53,C=C1N=C(c2ccccc2)OC1=O,1,0,0.0
SR-p53,C=C1NC(=O)C2CSSCCC=CC(CC(=O)NCC(=O)N2)OC(=O)CNC1=O,1,1,1.0
SR-p53,C=C1NC(=O)CNC(=O)CNC(=O)CCNC(=O)C(C2CCN=CN2)NC1=O,1,0,0.0
SR-p53,C=C1NC(=O)CNC(=O)CNC(=O)CCNC(=O)C(C2CCNC=N2)NC1=O,1,0,
SR-p53,C=C1NC(=O)CNC(=O)CNC2C=Cc3ccc(nc3C2)C(=O)OCC2NC(=O)c3csc(n3)CNC(=O)C3CSC(=N3)C(=C)NC(=O)CNC(=O)c3csc(n3)C3(CCC(c4nccs4)=NC3c3csc2n3)NC(=O)CNC1=O,1,1,1.0
SR-p53,C=C1OC(=O)c2ccccc21,1,0,0.0
SR-p53,C=C1SC(C(=O)NC2C(=O)N3C=C(CSc4nnn[nH]4)CSC23)S1,1,0,0.0
SR-p53,C=C1SC=CS1,1,0,0.0
SR-p53,C=C1c2ccccc2C=Cc2ccccc21,1,0,
SR-p53,C=C1c2ccccc2CSc2ccccc21,1,1,1.0
SR-p53,C=C1c2ccccc2Cc2ccccc21,1,0,0.0
SR-p53,C=C1c2ccccc2Sc2ccccc21,1,0,
SR-p53,N=C(C(=O)NC1C(=O)N2C=C(CSC(=O)c3ccco3)CSC12)c1cscn1,1,0,0.0
SR-p53,N=C(C(=O)NC1C(=O)N2C=C(CSc3nc(=O)cn[nH]3)CSC12)c1cscn1,1,0,0.0
SR-p53,N=C(C(=O)NC1C(=O)N2C=C(CSc3nccs3)CSC12)c1cscn1,1,0,0.0
SR-p53,N=C(C(=O)NC1C(=O)N2C=C(CSc3nnn[nH]3)CSC12)c1cscn1,1,0,0.0
SR-p53,N=C(C(=O)NC1C(=O)N2C=C(C[NH+]3CCCC3)CSC12)c1cscn1,1,0,0.0
SR-p53,N=C(C(=O)NC1C(=O)N2C=C(C[n+]3ccc[nH]3)CSC12)c1cscn1,1,0,0.0
SR-p53,N=C(C(=O)NC1C(=O)N2C=C(C[n+]3cccc4c3CCC4)CSC12)c1cscn1,1,0,0.0
SR-p53,N=C(C(=O)NC1C(=O)N2C=C(C[n+]3ccn4ncccc43)CSC12)c1ncsn1,1,0,0.0
SR-p53,N=C(C(=O)NC1C(=O)N2C=C(Cn3ncnn3)CSC12)c1cscn1,1,0,0.0
SR-p53,N=C(C(=O)NC1C(=O)N2C=CCSC12)c1ccco1,1,0,0.0
SR-p53,N=C(C1=NOCCO1)c1ccccc1Oc1cc(Oc2ccccc2)ncn1,1,0,
SR-p53,N=C(C=Cc1ccco1)C=Cc1ccco1,1,1,1.0
SR-p53,N=C(NCCCCCCNC(=N)NC(=N)Nc1ccccc1)NC(=N)Nc1ccccc1,1,0,
SR-p53,N=C(NN=Cc1ccccc1)NN=Cc1ccccc1,1,0,
SR-p53,N=C(Nc1ccccc1)Nc1cccc2ccccc12,1,0,0.0
SR-p53,N=C(c1ccccc1)c1ccccc1,1,1,1.0
SR-p53,N=C1C(=O)Nc2ccccc21,1,0,0.0
SR-p53,N=C1C=CC(=N)C=C1,1,0,0.0
SR-p53,N=C1C=CC2C(=O)OC3CC(CC=CC(OC4CCCCO4)CC=CC=C4COC1C42)OC1(CCCC(C2CCCCC2)O1)C3,1,0,0.0
SR-p53,N=C1CCCC1,1,0,0.0
SR-p53,N=C1CCCCC1,1,0,0.0
SR-p53,N=C1CCCCOC(=O)CC(OC2CCCCO2)CC(OC2CCCCO2)CCC1,1,0,0.0
SR-p53,N=C1CCN(c2ccc3c(=O)ccn(C4CC4)c3n2)C1,1,0,0.0
SR-p53,N=C1CCOC2(C1)CC1CC(CC=CCCC=CC=C3COC4CC=CC(C(=O)O1)C34)O2,1,0,
SR-p53,N=C1CN(N2CCOCC2)NO1,1,0,0.0
SR-p53,N=C1NC(=N)c2cc3ccccc3cc21,1,1,1.0
SR-p53,N=C1NC(=N)c2ccccc21,1,1,1.0
SR-p53,N=C1NC(=O)C(=Cc2ccccc2)S1,1,0,
SR-p53,N=C1NC(=O)N(c2ccccc2)CS1,1,0,
SR-p53,N=C1NCC(=O)N1,1,0,
SR-p53,N=C1NCCN1Cc1cccnc1,1,0,0.0
SR-p53,N=C1NCOCN1Cc1cncs1,1,0,0.0
SR-p53,N=C1SCCN1Cc1cccnc1,1,0,0.0
SR-p53,N=C1SCCS1,1,0,0.0
SR-p53,N=c1[nH]c(=O)c2nc[nH]c2[nH]1,1,0,0.0
SR-p53,N=c1[nH]ncs1,1,0,0.0
SR-p53,N=c1cc2n(-c3ccccc3)c3ccccc3nc-2cc1Nc1ccccc1,1,0,0.0
SR-p53,N=c1ccc2c(-c3ccccc3)c3ccccc3oc-2c1,1,1,1.0
SR-p53,N=c1ccn2c(n1)OC1CCOC12,1,1,1.0
SR-p53,O1[As]2O[As]3O[As]1O[As](O2)O3,1,0,
SR-p53,O1[SiH2]O[SiH2]O[SiH2]1,1,0,0.0
SR-p53,O1[SiH2]O[SiH2]O[SiH2]O[SiH2]O[SiH2]1,1,0,0.0
SR-p53,O=C(C(=O)c1ccco1)c1ccco1,1,0,0.0
SR-p53,O=C(C(C1=NCCc2ccccc21)c1ccccc1)N(CCc1ccccc1)CCc1ccccc1,1,0,0.0
SR-p53,O=C(C1C(c2ccccc2)c2ccccc2N1S(=O)(=O)c1ccccc1)N1CCCC1,1,0,0.0
SR-p53,O=C(C1CC1)C(c1ccccc1)N1CCc2sccc2C1,1,0,0.0
SR-p53,O=C(C1CCC(NC2CCOCC2)C1)N1CCc2ncccc2C1,1,0,0.0
SR-p53,O=C(C1CCCCC1)N1CC(=O)N2CCCc3ccccc3C2C1,1,0,
SR-p53,O=C(C1CCCCC1)N1CC(=O)N2CCc3ccccc3C2C1,1,0,0.0
SR-p53,O=C(C1CCCCC1)N1CCNCC1,1,0,0.0
SR-p53,O=C(C1CCCO1)N1CCN(c2ncc3ccccc3n2)CC1,1,0,0.0
SR-p53,O=C(C1CCNCC1)N1CCC(NC2CCc3ccccc3C2)CC1,1,0,
SR-p53,O=C(C1COc2ccccc2O1)N1CCN(c2ncc3ccccc3n2)CC1,1,0,0.0
SR-p53,O=C(C=CC=CC=CC=CC1=CCCCC1)Nc1ccccc1,1,0,
SR-p53,O=C(C=CC=CC=CC=CC1=CCCCC1)Oc1ccc2c(c1)CCCO2,1,0,0.0
SR-p53,O=C(C=CC=CC=CC=CC=CC=CC=CC(=O)OC1CCCC(COC2CCCCO2)O1)OC1CCCC(COC2CCCCO2)O1,1,0,0.0
SR-p53,O=C(C=CC=Cc1ccc2c(c1)OCO2)N1CCCCC1,1,0,0.0
SR-p53,O=C(C=Cc1ccccc1)CC(=O)C=Cc1ccccc1,1,1,1.0
SR-p53,O=C(C=Cc1ccccc1)N1CCN(CC(=O)N2CCCC2)CC1,1,0,0.0
SR-p53,O=C(C=Cc1ccccc1)NC1CC1,1,0,0.0
SR-p53,O=C(C=Cc1ccccc1)NC1CCC(CCN2CCc3ccc(-c4ncon4)cc3CC2)CC1,1,1,1.0
SR-p53,O=C(C=Cc1ccccc1)OC1C(COC2CCCCO2)OC(OCCc2ccccc2)CC1OC1CCCCO1,1,0,0.0
SR-p53,O=C(C=Cc1ccccc1)OC1CCC23CC24CCC2CCCC2C4CCC3C1,1,1,1.0
SR-p53,O=C(C=Cc1ccccc1)OC1CCCC(OC(=O)C=Cc2ccccc2)C1,1,0,0.0
SR-p53,O=C(C=Cc1ccccc1)OC1CCCCC1,1,0,0.0
SR-p53,O=C(C=Cc1ccccc1)OCC=Cc1ccccc1,1,0,0.0
SR-p53,O=C(C=Cc1ccccc1)OCCCc1ccccc1,1,0,0.0
SR-p53,O=C(C=Cc1ccccc1)OCCOC(=O)C=Cc1ccccc1,1,0,0.0
SR-p53,O=C(C=Cc1ccccc1)OCCc1ccccc1,1,0,0.0
SR-p53,O=C(C=Cc1ccccc1)OCc1ccccc1,1,0,0.0
SR-p53,O=C(CC(NC(=O)c1ccccc1)c1ccccc1)OC1C=C2CC(=O)C3CCC4OCC4C3C(OC(=O)c3ccccc3)C(C2)C1,1,0,
SR-p53,O=C(CC(NS(=O)(=O)c1ccc2ccccc2c1)c1ccc2c(c1)OCO2)NCCc1ccc(CN2CCCCC2)cc1,1,0,
SR-p53,O=C(CC12CC3CC(CC(C3)C1)C2)N1CCC2CC21,1,0,0.0
SR-p53,O=C(CC12CCCN1CCC2)Nc1ccccc1,1,0,0.0
SR-p53,O=C(CC1=CCC=CC1)NC1C(=O)N2C=CCSC12,1,0,0.0
SR-p53,O=C(CC1CCCCN1)Cn1cnc2ccccc2c1=O,1,0,0.0
SR-p53,O=C(CCC(=O)OC1CCCCC1)OC1CCCCC1,1,0,0.0
SR-p53,O=C(CCC1(C(=O)NC2CCCCC2)CCCC1)Oc1ccc2c(c1)CCC2,1,0,0.0
SR-p53,O=C(CCC1CC2N=C1C=C1CCC(=N1)C=C1CCC(=N1)C=C1CCC2[N-]1)NCCO[PH](=O)OC1COC(n2cnc3ccccc32)C1,1,0,0.0
SR-p53,O=C(CCC1CC2[N-]C1=CC1=NC(=CC3=NC(=CC4=NC2CC4)CC3)CC1)NCCO[PH](=O)OC1COC(n2cnc3ccccc32)C1.c1ncc2ncn(C3CCCO3)c2n1,1,0,0.0
SR-p53,O=C(CCC1CCCC1)OC1CCC2C1CCC1c3ccccc3CCC12,1,0,0.0
SR-p53,O=C(CCC1CCN(Cc2ccccc2)CC1)c1ccc2c(c1)NCCCC2,1,0,0.0
SR-p53,O=C(CCC=CCc1ccc2c(c1)C(=O)OC2)OCCN1CCOCC1,1,1,1.0
SR-p53,O=C(CCCCCCCCC(=O)OC1CCNCC1)OC1CCNCC1,1,0,0.0
SR-p53,O=C(CCCCCCCCCCCCC1CCCC1)Nc1ccc(S(=O)(=O)c2ccc(NC(=O)CCCCCCCCCCCCC3CCCC3)cc2)cc1,1,0,0.0
SR-p53,O=C(CCCCCCCCc1cccnc1)N1CCC(C=C(c2ccccc2)c2ccccc2)CC1,1,0,
SR-p53,O=C(CCCCCc1ccccc1)CC1CCC(C2CCCCO2)O1,1,1,1.0
SR-p53,O=C(CCCN1CC=C(n2c(=O)[nH]c3ccccc32)CC1)c1ccccc1,1,0,0.0
SR-p53,O=C(CCCN1CCC(C(=O)c2ccccc2)CC1)c1ccccc1,1,0,0.0
SR-p53,O=C(CCCN1CCC(N2CCCCC2)CC1)c1ccccc1,1,0,
SR-p53,O=C(CCCN1CCC(OC(c2ccccc2)c2ccccc2)CC1)c1ccccc1,1,0,
SR-p53,O=C(CCCN1CCC(n2c(=O)[nH]c3ccccc32)CC1)c1ccccc1,1,0,0.0
SR-p53,O=C(CCCN1CCC(n2c(=S)[nH]c3ccccc32)CC1)c1ccccc1,1,0,0.0
SR-p53,O=C(CCCN1CCC2(CC1)C(=O)NCN2c1ccccc1)c1ccccc1,1,0,0.0
SR-p53,O=C(CCCN1CCCC1)c1ccccc1,1,0,0.0
SR-p53,O=C(CCCN1CCCCC1)c1ccccc1,1,0,0.0
SR-p53,O=C(CCCN1CCN(c2ccccc2)CC1)NC1c2ccccc2CSc2ccccc21,1,0,0.0
SR-p53,O=C(CCCN1CCN(c2ccccc2)CC1)c1ccccc1,1,0,0.0
SR-p53,O=C(CCCN1CCN(c2ccccn2)CC1)c1ccccc1,1,0,0.0
SR-p53,O=C(CCCN1CCN2CCCC2C1)c1ccccc1,1,0,0.0
SR-p53,O=C(CCCNC(=O)C(NC(=O)c1ccncn1)C(OC1OCCCC1OC1CCCCO1)c1c[nH]cn1)NCC(=O)NCCc1nc(-c2nc(C(=O)NCCCNCc3ccccc3)cs2)cs1,1,1,1.0
SR-p53,O=C(CCCNC(=O)C(NC(=O)c1ccncn1)C(OC1OCCCC1OC1CCCCO1)c1cnc[nH]1)NCC(=O)NCCc1nc(-c2nccs2)cs1,1,1,1.0
SR-p53,O=C(CCCNC(=O)c1ccccc1)OCCCN1CCN(CCOC(=O)Cc2cn(C(=O)c3ccccc3)c3ccccc23)CC1,1,0,0.0
SR-p53,O=C(CCCOc1ccc2[nH]c(=O)ccc2c1)NC1CCCCC1,1,0,0.0
SR-p53,O=C(CCCc1ccccc1)N1CC2CCCCC2C1,1,0,0.0
SR-p53,O=C(CCN1CC1)OCC(COC(=O)CCN1CC1)COC(=O)CCN1CC1,1,0,0.0
SR-p53,O=C(CCN1CCC(c2ccccc2)C1)c1ccc2c(c1)OCCO2,1,0,
SR-p53,O=C(CCN1CCCC1)c1ccccc1,1,0,0.0
SR-p53,O=C(CCN1CCN(CCc2ccccc2)CC1)c1ccccc1,1,0,0.0
SR-p53,O=C(CCN1CCN2CCCC2C1)N1c2ccccc2Sc2ccccc21,1,0,0.0
SR-p53,O=C(CCN1CCOCC1)N1c2ccccc2Sc2ccccc21,1,0,0.0
SR-p53,O=C(CCNCCc1ccccc1)c1ccccc1,1,0,
SR-p53,O=C(CCNNC(=O)c1ccncc1)NCc1ccccc1,1,0,0.0
SR-p53,O=C(CCOCCOCCOCCOCCC(=O)Nc1ccccc1)Nc1ccccc1,1,0,
SR-p53,O=C(CCS(=O)(=O)c1ccccc1)Nc1ccccc1,1,0,0.0
SR-p53,O=C(CC[NH+]1CCc2ccccc2C1Cc1ccccc1)OCCCCCOC(=O)CC[NH+]1CCc2ccccc2C1Cc1ccccc1,1,0,0.0
SR-p53,O=C(CCc1cc2c(s1)-n1cnnc1CN=C2c1ccccc1)N1CCOCC1,1,0,0.0
SR-p53,O=C(CCc1ccc(OCCCNCCNC(=O)N2CCOCC2)cc1)OCC1COCO1,1,0,0.0
SR-p53,O=C(CCc1cccc2ccccc12)Nc1ccccc1C(=O)N1CCC2(CCCC2)CC1,1,0,0.0
SR-p53,O=C(CCc1ccccc1)NC1COC(n2cnc3cncnc32)C1,1,1,1.0
SR-p53,O=C(CCc1ccccc1)NCC(=O)NCC(=O)NC(Cc1c[nH]c2ccccc12)C(=O)NCC(=O)NCC(=O)NCCc1ccccc1,1,0,0.0
SR-p53,O=C(CCc1ccccc1)NCC(=O)OCc1ccccc1,1,0,0.0
SR-p53,O=C(CCc1ccccc1)OC1C=C2CC(=O)C3CCC4OCC4C3C(OC(=O)c3ccccc3)C(C2)C1,1,1,1.0
SR-p53,O=C(CCc1ccccc1)OCC(COC(=O)CCc1ccccc1)(COC(=O)CCc1ccccc1)COC(=O)CCc1ccccc1,1,0,0.0
SR-p53,O=C(CCc1ccccc1)OCCOCCOCCOC(=O)CCc1ccccc1,1,0,0.0
SR-p53,O=C(CCc1ccccc1)c1ccc(OC2OCCCC2OC2CCCCO2)cc1,1,0,0.0
SR-p53,O=C(CN1CCCC1)Nc1ccccc1,1,0,0.0
SR-p53,O=C(CN1CCCC1=O)Nc1ccccc1,1,0,0.0
SR-p53,O=C(CN1CCCCC1)Nc1ccccc1,1,0,0.0
SR-p53,O=C(CN1CCCCCC1)Nc1ccccc1,1,0,0.0
SR-p53,O=C(CN1CCN(C(=O)c2ccccc2)CC1)N1CCOCC1,1,0,0.0
SR-p53,O=C(CN1CCN(CCCC(c2ccccc2)c2ccccc2)CC1)Nc1ccccc1,1,0,0.0
SR-p53,O=C(CN1CCN(CCCOc2ccccc2)CC1)Nc1ccccc1,1,0,0.0
SR-p53,O=C(CN1CCN(Cc2ccc3c(c2)OCO3)CC1)N1c2ccccc2Sc2ccccc21,1,0,0.0
SR-p53,O=C(CN1CCNCC1)NC1CCCCC1,1,0,0.0
SR-p53,O=C(CN1CCOCC1)NC(CCc1ccccc1)C(=O)NCC(=O)NC(Cc1ccccc1)C(=O)NCC(=O)C1CO1,1,1,1.0
SR-p53,O=C(CN1CCOCC1)c1ccccc1,1,0,0.0
SR-p53,O=C(CNC(=O)CNC(=O)CNC(=O)CNC(=O)C1CCCN1C(=O)C1CCC(=O)N1)NCCc1ccccc1,1,0,0.0
SR-p53,O=C(CNC(=O)NCc1cscn1)NC(CCC(Cc1ccccc1)NC(=O)OCc1cncs1)Cc1ccccc1,1,0,0.0
SR-p53,O=C(CNC(=O)c1ccc2ccccc2n1)NC(CCN1CCC2CCCCC2C1)Cc1ccccc1,1,0,
SR-p53,O=C(CNC(=O)c1ccccc1)Nc1ccccc1,1,0,0.0
SR-p53,O=C(CNC1CC2CCC(C1)N2c1ncccn1)N1CCCC1,1,0,0.0
SR-p53,O=C(CNCC(=O)NCCc1ccccc1)NCCc1ccccc1,1,0,0.0
SR-p53,O=C(CNCCCN1c2ccccc2CCc2ccccc21)c1ccccc1,1,0,
SR-p53,O=C(CNCCCc1ccccc1)N1CCC2(C1)SCCS2,1,0,0.0
SR-p53,O=C(CNCCCc1ccccc1)N1CCC2CCCC21,1,0,0.0
SR-p53,O=C(CNCCCc1ccccc1)N1CCC2CCCCC21,1,0,0.0
SR-p53,O=C(CNS(=O)(=O)c1cccc2c1NCCC2)N1CCCCC1,1,0,0.0
SR-p53,O=C(COCCOCCOCC(=O)Nc1ccccc1)Nc1ccccc1,1,0,0.0
SR-p53,O=C(COc1ccccc1)N1CCN(C(=O)COc2ccccc2)CC1,1,0,
SR-p53,O=C(COc1ccccc1)N1CCN(Cc2ccc3c(c2)OCO3)CC1,1,0,0.0
SR-p53,O=C(COc1ccccc1)NC(CCC(Cc1ccccc1)NC(=O)CN1CCCNC1=O)Cc1ccccc1,1,0,0.0
SR-p53,O=C(COc1ccccc1)NC1C(=O)N2CCSC12,1,0,0.0
SR-p53,O=C(COc1ccccc1)OC1CCC2CC3c4[nH]c5ccccc5c4CCN3CC2C1,1,0,0.0
SR-p53,O=C(COc1ccccc1)OCCCOC(=O)COc1ccccc1,1,0,
SR-p53,O=C(COc1ccccc1)OCCNC12CC3CC(CC(C3)C1)C2,1,0,0.0
SR-p53,O=C(COc1ccccc1)OCCn1cnc2[nH]c(=O)[nH]c(=O)c21,1,0,0.0
SR-p53,O=C(COc1nncs1)Nc1ccccc1,1,0,0.0
SR-p53,O=C(CSc1ccncc1)NC1C(=O)N2C=CCSC12,1,0,0.0
SR-p53,O=C(C[NH2+]Cc1ccccc1)Nc1ccccc1,1,0,0.0
SR-p53,O=C(C[PH](=O)CCCCc1ccccc1)N1CCC(C2CCCCC2)C1,1,0,0.0
SR-p53,O=C(C[SH+]Cc1ccco1)NCC=CCOc1cc(CN2CCCCC2)ccn1,1,0,0.0
SR-p53,O=C(Cc1ccc2c(c1)OCO2)c1sccc1S(=O)(=O)Nc1ccno1,1,0,
SR-p53,O=C(Cc1cccc2occc12)NC1CCC2(CCCO2)CC1N1CCCC1,1,0,0.0
SR-p53,O=C(Cc1ccccc1)NC1C(=O)N2C(C(=O)OCOC(=O)C3CS(=O)(=O)C4CC(=O)N34)CSC12,1,0,
SR-p53,O=C(Cc1ccccc1)NC1C(=O)N2C(C(=O)OCc3coc(=O)o3)CSC12,1,0,
SR-p53,O=C(Cc1ccccc1)NC1C(=O)N2C(C(=O)Oc3ccccc3)CSC12,1,0,
SR-p53,O=C(Cc1ccccc1)NC1C(=O)N2C=C(CSc3c[nH]nn3)CSC12,1,0,0.0
SR-p53,O=C(Cc1ccccc1)NC1C(=O)N2C=C(CSc3nnn[nH]3)COC12,1,0,0.0
SR-p53,O=C(Cc1ccccc1)NC1C(=O)N2C=C(C[n+]3ccccc3)CSC12,1,0,0.0
SR-p53,O=C(Cc1ccccc1)NCc1ccccc1N1CCCCC1,1,0,0.0
SR-p53,O=C(Cc1ccccc1)NCc1ccncc1,1,0,0.0
SR-p53,O=C(Cc1ccccc1)Nc1ccccc1,1,0,0.0
SR-p53,O=C(Cc1ccccc1)Nc1cnc(N2CCCC2)cc1-c1ccccc1,1,0,
SR-p53,O=C(Cc1ccccc1)OC1CC2NC(C1)C1OC21,1,0,0.0
SR-p53,O=C(Cc1ccccc1)OC1CCNCC1,1,0,0.0
SR-p53,O=C(Cc1ccccc1)OCCN1CCOC(c2ccccc2)C1,1,0,
SR-p53,O=C(Cc1ccccc1)OCCc1ccccc1,1,0,0.0
SR-p53,O=C(Cc1ccccc1)OCc1ccccc1,1,0,0.0
SR-p53,O=C(Cc1ccccc1)OCc1ccccn1,1,0,
SR-p53,O=C(Cc1ccccc1)Oc1ccccc1,1,0,0.0
SR-p53,O=C(Cc1cccnc1)c1cccnc1,1,0,0.0
SR-p53,O=C(Cc1cccs1)NC1C(=O)N2C=C(C[n+]3ccccc3)CSC12,1,0,0.0
SR-p53,O=C(Cc1ccsc1)NC1C(=O)N2CCSC12,1,0,0.0
SR-p53,O=C(Cc1cscn1)NC1C(=O)N2C=C(CSc3nnn[nH]3)CSC12,1,0,0.0
SR-p53,O=C(Cn1c(=O)sc2ccccc21)N1CCNCC1,1,0,0.0
SR-p53,O=C(Cn1c(C(=O)NC2CCNCC2)cc2ccncc21)Nc1ccccn1,1,0,0.0
SR-p53,O=C(Cn1ccnc1)NCc1ccccc1,1,0,0.0
SR-p53,O=C(N1CCCC1)C(CCN1CCOCC1)(c1ccccc1)c1ccccc1,1,0,0.0
SR-p53,O=C(N=NC(=O)OCc1ccccc1)OCc1ccccc1,1,0,0.0
SR-p53,O=C(NC(=O)c1ccccc1)Nc1ccc(Oc2ccccc2)cc1,1,0,
SR-p53,O=C(NC(=O)c1ccccc1)Nc1ccc(Oc2ccccn2)cc1,1,1,1.0
SR-p53,O=C(NC(=O)c1ccccc1)Nc1cccc(Oc2ccccn2)c1,1,1,1.0
SR-p53,O=C(NC(=O)c1ccccc1)Nc1ccccc1N1CCCCC1,1,0,0.0
SR-p53,O=C(NC(C(=O)NC1C(=O)N2C=C(CSc3nnn[nH]3)CSC12)c1ccccc1)c1cccnc1,1,0,0.0
SR-p53,O=C(NC(CC(=O)N1CCCC1)Cc1ccccc1)c1cc2ccccc2[nH]1,1,0,0.0
SR-p53,O=C(NC(CCN1C2CCC1CC(n1cnnc1)C2)c1ccccc1)C1CCCCC1,1,0,0.0
SR-p53,O=C(NC(CCN1CCC2CCCCC2C1)CSc1ccccc1)c1ccccc1,1,0,
SR-p53,O=C(NC(CCNS(=O)(=O)c1ccccc1)Cc1ccccc1)OC1COC2OCCC12,1,0,0.0
SR-p53,O=C(NC(Cc1ccccc1)C(=O)Nc1ccccc1)c1ccccc1,1,0,0.0
SR-p53,O=C(NC(c1ccccc1)C1CCCCN1)c1ccccc1,1,0,0.0
SR-p53,O=C(NC(c1ccccc1)C1CN2CCC1CC2)c1ccccc1,1,0,0.0
SR-p53,O=C(NC1=CCCN1)Nc1ccccc1,1,0,0.0
SR-p53,O=C(NC1C(=O)N2CCSC12)C1CCCCC1,1,0,0.0
SR-p53,O=C(NC1C(=O)N2CCSC12)c1cccc2ccccc12,1,0,0.0
SR-p53,O=C(NC1C(=O)N2CCSC12)c1ccccc1,1,0,0.0
SR-p53,O=C(NC1CC2CCC(C1)N2)n1c(=O)[nH]c2ccccc21,1,0,0.0
SR-p53,O=C(NC1CC2CCCC(C1)N2)c1n[nH]c2ccccc12,1,0,0.0
SR-p53,O=C(NC1CCCC1)NS(=O)(=O)c1ccccc1,1,0,0.0
SR-p53,O=C(NC1CCCCC1)N1CC(c2ccccc2)SC1=O,1,0,0.0
SR-p53,O=C(NC1CCCCC1)NS(=O)(=O)c1ccc(CCN2C(=O)Cc3ccccc3C2=O)cc1,1,0,0.0
SR-p53,O=C(NC1CCCCC1)NS(=O)(=O)c1ccc(CCNC(=O)N2CC=CC2=O)cc1,1,0,0.0
SR-p53,O=C(NC1CCCCC1)NS(=O)(=O)c1ccc(CCNC(=O)c2ccccc2)cc1,1,0,0.0
SR-p53,O=C(NC1CCCCC1)NS(=O)(=O)c1ccc(CCNC(=O)c2cnccn2)cc1,1,0,0.0
SR-p53,O=C(NC1CCCCCCC1)NS(=O)(=O)c1ccccc1,1,0,0.0
SR-p53,O=C(NC1CCCNC1)c1ccccc1,1,0,0.0
SR-p53,O=C(NC1CCCOC1)c1ccccc1,1,0,0.0
SR-p53,O=C(NC1CCN(C2CC2)CC1)c1nc2ccccc2n1Cc1cc(-c2cccs2)on1,1,0,0.0
SR-p53,O=C(NC1CCN(CCCOc2ccccc2)CC1)c1ccccc1,1,0,0.0
SR-p53,O=C(NC1CCN(CCc2c[nH]c3ccccc23)CC1)c1ccccc1,1,0,0.0
SR-p53,O=C(NC1CCN(Cc2ccccc2)C1)c1ccccc1,1,0,0.0
SR-p53,O=C(NC1CCN(Cc2ccccc2)CC1)c1ccccc1,1,0,0.0
SR-p53,O=C(NC1CCNCC1)c1cc2ccccc2n1Cc1cc(-c2cccs2)on1,1,0,
SR-p53,O=C(NC1CCNCC1)c1cccc2c1OCC2,1,0,
SR-p53,O=C(NC1CCOc2ccccc21)c1ccccc1,1,0,0.0
SR-p53,O=C(NC1CCc2ccccc21)C(CCCN1CCN(Cc2cccnc2)CC1)Cc1ccccc1,1,0,0.0
SR-p53,O=C(NC1CN2CCC1CC2)c1cc2ccoc2cn1,1,0,0.0
SR-p53,O=C(NC1CN2CCC1CC2)c1ccc2c(c1)OCCO2,1,0,0.0
SR-p53,O=C(NC1CN2CCC1CC2)c1ccccc1,1,0,0.0
SR-p53,O=C(NC1N=C(c2ccccc2)c2cccc3c2N(CC3)C1=O)c1cccnc1,1,0,0.0
SR-p53,O=C(NC1N=C(c2ccccc2)c2cccc3c2N(CC3)C1=O)c1ccncc1,1,0,0.0
SR-p53,O=C(NC1N=C(c2ccccc2)c2ccccc2NC1=O)c1cc2ccccc2[nH]1,1,0,
SR-p53,O=C(NC1OC2C3CCCN3C(=O)CN2C1=O)C1C=C2c3cccc4[nH]cc(c34)CC2NC1,1,0,0.0
SR-p53,O=C(NC1OC2C3CCCN3C(=O)CN2C1=O)C1CNC2Cc3c[nH]c4cccc(c34)C2C1,1,0,0.0
SR-p53,O=C(NCC(CC[N+]12CCC(C3CCCCC3)(CC1)CC2)c1ccccc1)c1ccccc1,1,0,
SR-p53,O=C(NCC1CCCCN1)c1ccccc1,1,0,0.0
SR-p53,O=C(NCC1CCCN1)C(c1ccccc1)c1ccccc1,1,0,
SR-p53,O=C(NCC1CN(Cc2ccccc2)CCO1)c1ccccc1,1,0,0.0
SR-p53,O=C(NCC1CN(c2ccc(N3CCOCC3=O)cc2)C(=O)O1)c1cccs1,1,0,
SR-p53,O=C(NCC1CNC2Cc3c[nH]c4cccc(c34)C2C1)OCc1ccccc1,1,0,0.0
SR-p53,O=C(NCCCCCCCCCCNC(=O)Oc1ccccc1)Oc1ccccc1,1,0,0.0
SR-p53,O=C(NCCCCCCNC(=O)OCCN1CCOC1)OCCN1CCOC1,1,0,0.0
SR-p53,O=C(NCCCCN1CCN(c2ccccc2)CC1)c1ccc(-c2ccccc2)cc1,1,0,0.0
SR-p53,O=C(NCCCN1CCOCC1)c1ccccc1,1,0,0.0
SR-p53,O=C(NCCCNc1ncc2ccccc2n1)C1CCCO1,1,0,0.0
SR-p53,O=C(NCCN1CCOCC1)c1ccccc1,1,0,0.0
SR-p53,O=C(NCCNC(=O)N1CCOCC1)N1CCOCC1,1,0,
SR-p53,O=C(NCCNC(=O)c1cccnc1)c1cccnc1,1,0,0.0
SR-p53,O=C(NCCNCCCOc1ccccc1)N1CCOCC1,1,0,0.0
SR-p53,O=C(NCCOc1ccccc1)n1ccnc1,1,0,0.0
SR-p53,O=C(NCC[NH2+]Cc1ccccc1)C(=O)NCC[NH2+]Cc1ccccc1,1,0,0.0
SR-p53,O=C(NCCc1c[nH]c2ccccc12)c1cccnc1,1,0,0.0
SR-p53,O=C(NCCc1cc(=O)[nH]c2ccccc12)c1ccccc1,1,0,0.0
SR-p53,O=C(NCCc1ccccc1)C1CCCCC1,1,0,0.0
SR-p53,O=C(NCCc1ccccc1)C1CCCN1,1,0,0.0
SR-p53,O=C(NCCc1ccccc1)NS(=O)(=O)c1ccccc1,1,0,0.0
SR-p53,O=C(NCCc1ccccc1)c1cnccn1,1,1,1.0
SR-p53,O=C(NCN1CCCC1)C1=CCC2CC3Cc4ccccc4C(=O)C3=CC2C1=O,1,0,0.0
SR-p53,O=C(NCN1CCOCC1)c1cnccn1,1,0,
SR-p53,O=C(NCNC(=O)NC1NC(=O)NC1=O)NC1NC(=O)NC1=O,1,0,0.0
SR-p53,O=C(NCc1ccc(OCCc2coc(-c3ccccc3)n2)cc1)Oc1ccccc1,1,0,
SR-p53,O=C(NCc1ccccc1)C1CCN1C(=O)CC1CCCCC1,1,0,0.0
SR-p53,O=C(NCc1ccccc1)c1c[nH]c2cccnc2c1=O,1,0,0.0
SR-p53,O=C(NCc1ccccc1)c1cc(=O)[nH]c(CNC(=O)c2nnco2)n1,1,0,0.0
SR-p53,O=C(NCc1ccccc1)c1ccccc1NS(=O)(=O)c1cccc2cccnc12,1,0,
SR-p53,O=C(NCc1ccccc1)c1cccnc1Oc1ccc2c(c1)OCO2,1,0,0.0
SR-p53,O=C(NCc1ccccc1)c1cccnc1Oc1ccc2nonc2c1,1,0,0.0
SR-p53,O=C(NCc1ccccc1)c1cccnc1Oc1ccccc1,1,0,0.0
SR-p53,O=C(NCc1ccccc1)c1ccn[nH]1,1,0,
SR-p53,O=C(NCc1cccnc1)Nc1ccccc1,1,0,0.0
SR-p53,O=C(NCc1cccnc1)c1ccccc1C1C(=O)N(Cc2ccccc2)c2ccccc21,1,0,
SR-p53,O=C(NN1CC2C3CCC(C3)C2C1)c1ccccc1,1,0,
SR-p53,O=C(NN1CC2CCCC2C1)NS(=O)(=O)c1ccccc1,1,0,0.0
SR-p53,O=C(NN1CCCC1)NS(=O)(=O)c1ccccc1,1,0,0.0
SR-p53,O=C(NN1CCCCC1)c1ccccc1,1,0,0.0
SR-p53,O=C(NN1CCCCCC1)NS(=O)(=O)c1ccc(CCNC(=O)c2ccon2)cc1,1,0,0.0
SR-p53,O=C(NN1CCCCCC1)NS(=O)(=O)c1ccccc1,1,0,0.0
SR-p53,O=C(NN1CCc2ccccc21)c1ccccc1,1,0,0.0
SR-p53,O=C(NN=Cc1ccccn1)Nc1ccccc1,1,0,0.0
SR-p53,O=C(NNCNNC(=O)c1ccncc1)c1ccncc1,1,0,0.0
SR-p53,O=C(NNCc1ccccc1)c1ccccc1,1,0,0.0
SR-p53,O=C(NNCc1ccccc1)c1ccon1,1,0,0.0
SR-p53,O=C(NOCC1CC1)c1ccccc1Nc1ccccc1,1,1,1.0
SR-p53,O=C(NS(=O)(=O)C=Cc1ccccc1)c1ccccc1,1,1,1.0
SR-p53,O=C(NS(=O)(=O)C=Cc1cccs1)c1ccccc1,1,1,1.0
SR-p53,O=C(NS(=O)(=O)c1ccccc1)c1ccccc1,1,0,0.0
SR-p53,O=C(Nc1c[nH]c(C(=O)Nc2cc[nH]c2)c1)c1ccc[nH]1,1,0,0.0
SR-p53,O=C(Nc1c[nH]n(-c2ccccc2)c1=O)c1cccnc1,1,0,0.0
SR-p53,O=C(Nc1cc(NCc2ccccc2)c2ccccc2n1)c1ccccc1,1,0,
SR-p53,O=C(Nc1cc2ccc(OC3CCCCO3)cc2oc1=O)c1ccccc1,1,0,0.0
SR-p53,O=C(Nc1ccc(C(=O)N2CCCC(=CC(=O)N3CCC(N4CCCCC4)CC3)c3ccccc32)cc1)c1ccoc1,1,0,0.0
SR-p53,O=C(Nc1ccc(C=Cc2ccc(NC(=O)c3ccc4cccnc4c3)cc2)cc1)c1ccc2cccnc2c1,1,0,0.0
SR-p53,O=C(Nc1ccc(Cc2ccccc2)cc1)c1ccccc1,1,1,1.0
SR-p53,O=C(Nc1ccc(OCCN2CCOCC2)c2ccccc12)Nc1ccnn1-c1ccccc1,1,0,
SR-p53,O=C(Nc1ccc(Oc2ccccc2)cc1)c1ccccc1,1,1,1.0
SR-p53,O=C(Nc1ccc(Oc2cccnc2)nc1)N1CCc2ccccc21,1,0,0.0
SR-p53,O=C(Nc1ccc(S(=O)(=O)N2CCOCC2)cc1)c1ccccc1NS(=O)(=O)c1cccs1,1,1,1.0
SR-p53,O=C(Nc1ccc(S(=O)(=O)Nc2nccs2)cc1)c1ccccc1,1,0,0.0
SR-p53,O=C(Nc1ccc2[nH]cc(Cc3ccc(C(=O)NS(=O)(=O)c4ccccc4)cc3)c2c1)OC1CCCC1,1,0,
SR-p53,O=C(Nc1ccc2[nH]ccc2c1)c1cc2ccccc2n1Cc1ccccc1,1,0,
SR-p53,O=C(Nc1ccc2c(c1)CCCC2)c1ccccc1,1,0,
SR-p53,O=C(Nc1ccc2cc(N=Nc3ccc(N=Nc4ccccc4)cc3)ccc2c1)c1ccccc1,1,0,0.0
SR-p53,O=C(Nc1ccc2ncccc2c1)Nc1ccc2ncccc2c1,1,0,
SR-p53,O=C(Nc1cccc(C(=O)Nc2cccc(C(=O)Nc3cccc4ccccc34)c2)c1)Nc1cccc(C(=O)Nc2cccc(C(=O)Nc3cccc4ccccc34)c2)c1,1,0,0.0
SR-p53,O=C(Nc1cccc(C2=NCCN2)c1)Nc1cccc(C2=NCCN2)c1,1,0,0.0
SR-p53,O=C(Nc1cccc(Nc2nccc(-c3cccnc3)n2)c1)c1ccc(CN2CCNCC2)cc1,1,0,0.0
SR-p53,O=C(Nc1cccc2c(=O)cc(-c3nnn[nH]3)oc12)c1ccc(OCCCCc2ccccc2)cc1,1,0,0.0
SR-p53,O=C(Nc1cccc2ccccc12)c1ccccc1,1,0,0.0
SR-p53,O=C(Nc1cccc2ccoc12)c1ccccc1,1,0,0.0
SR-p53,O=C(Nc1ccccc1)C1=COCCS1,1,0,0.0
SR-p53,O=C(Nc1ccccc1)C1=COCCS1(=O)=O,1,1,1.0
SR-p53,O=C(Nc1ccccc1)C1CCCCC1,1,0,0.0
SR-p53,O=C(Nc1ccccc1)C1CCCN1,1,0,0.0
SR-p53,O=C(Nc1ccccc1)N(Cc1ccccc1)C1CCCC1,1,0,
SR-p53,O=C(Nc1ccccc1)N(Cc1ccccc1)Cc1oc2ccccc2c1-c1ccccc1,1,0,
SR-p53,O=C(Nc1ccccc1)N1CCN(c2ncnc3cc(OCCCN4CCCCC4)ccc23)CC1,1,1,1.0
SR-p53,O=C(Nc1ccccc1)N1COC2Cc3ccccc3C2=N1,1,0,
SR-p53,O=C(Nc1ccccc1)NS(=O)(=O)c1ccco1,1,0,0.0
SR-p53,O=C(Nc1ccccc1)Nc1ccc(Oc2ccncc2)cc1,1,1,1.0
SR-p53,O=C(Nc1ccccc1)Nc1ccncc1,1,0,
SR-p53,O=C(Nc1ccccc1)Nc1cnns1,1,0,
SR-p53,O=C(Nc1ccccc1)Nc1nc2ccccc2s1,1,0,0.0
SR-p53,O=C(Nc1ccccc1)OCC(CN1CCCCC1)OC(=O)Nc1ccccc1,1,0,0.0
SR-p53,O=C(Nc1ccccc1)Oc1ccccc1,1,0,0.0
SR-p53,O=C(Nc1ccccc1)c1c[nH]c(-c2ccccc2)c1-c1ccccc1,1,0,0.0
SR-p53,O=C(Nc1ccccc1)c1c[nH]c2c1C(=O)CCC2,1,0,0.0
SR-p53,O=C(Nc1ccccc1)c1cc2ccccc2[nH]c1=O,1,0,0.0
SR-p53,O=C(Nc1ccccc1)c1ccc2c(c1)CCCC2,1,0,
SR-p53,O=C(Nc1ccccc1)c1cccnc1Oc1ccccc1,1,0,0.0
SR-p53,O=C(Nc1ccccc1)c1ccco1,1,0,0.0
SR-p53,O=C(Nc1ccccc1)c1cccs1,1,0,
SR-p53,O=C(Nc1ccccc1)c1ccoc1,1,0,0.0
SR-p53,O=C(Nc1ccccc1)c1cnc(Nc2cc(N3CCNCC3)ncn2)s1,1,0,0.0
SR-p53,O=C(Nc1ccccc1)c1cnoc1,1,0,0.0
SR-p53,O=C(Nc1ccccc1-c1ccccc1)c1cccnc1,1,0,0.0
SR-p53,O=C(Nc1ccccc1CCC1CCCCN1)c1ccccc1,1,0,0.0
SR-p53,O=C(Nc1ccccc1CNCC(=O)N1CCOCC1)c1ccccc1,1,0,0.0
SR-p53,O=C(Nc1ccccc1SSc1ccccc1NC(=O)c1ccccc1)c1ccccc1,1,0,
SR-p53,O=C(Nc1ccccn1)C1=Cc2sccc2S(=O)(=O)N1,1,0,0.0
SR-p53,O=C(Nc1ccccn1)C1NS(=O)(=O)c2ccsc2C1=O,1,0,0.0
SR-p53,O=C(Nc1ccccn1)c1ccc2[nH]c(CNc3ccccc3)nc2c1,1,0,
SR-p53,O=C(Nc1cccnc1)N1CCc2cc3[nH]ccc3cc21,1,0,0.0
SR-p53,O=C(Nc1ccno1)c1ccccc1,1,0,0.0
SR-p53,O=C(Nc1ccon1)C1=Cc2ccccc2S(=O)(=O)N1,1,0,0.0
SR-p53,O=C(Nc1cnccn1)C(CC1CCCC1)c1ccccc1,1,0,0.0
SR-p53,O=C(Nc1nc(-c2ccccc2)c(CCC2CCCCC2)s1)c1cc2ccccc2[nH]1,1,0,
SR-p53,O=C(Nc1nc(-c2ccccc2)cs1)c1cc2ccccc2[nH]1,1,0,0.0
SR-p53,O=C(Nc1ncccn1)NS(=O)(=O)Cc1ccccc1,1,0,0.0
SR-p53,O=C(Nc1ncccn1)NS(=O)(=O)c1ccccc1,1,0,0.0
SR-p53,O=C(Nc1nccs1)C1=Cc2ccccc2S(=O)(=O)N1,1,0,0.0
SR-p53,O=C(Nc1nccs1)c1ccccc1,1,1,1.0
SR-p53,O=C(Nc1nccs1)c1cccs1,1,0,
SR-p53,O=C(Nc1ncncn1)NS(=O)(=O)c1ccsc1,1,0,0.0
SR-p53,O=C(Nc1nnn[nH]1)c1cc2ccccc2s1,1,0,
SR-p53,O=C(Nn1ccc2ccccc21)c1cnc(-c2ccccn2)nc1,1,0,0.0
SR-p53,O=C(OC(=O)c1ccccc1)c1ccccc1,1,0,0.0
SR-p53,O=C(OC1C2CCC3C4CC5C6CCCC5(C(C2)C31)C4NC6)c1ccccc1,1,0,0.0
SR-p53,O=C(OC1CC2CC3CC(C1)N2CC3=O)c1c[nH]c2ccccc12,1,0,0.0
SR-p53,O=C(OC1CC2CCC(C1)N2)c1c[nH]c2ccccc12,1,0,0.0
SR-p53,O=C(OC1CC2CCC(C1)[N+]21CCCC1)C(c1ccccc1)c1ccccc1,1,0,0.0
SR-p53,O=C(OC1CC2CCC(C1)[NH2+]2)C(c1ccccc1)c1ccccc1,1,0,
SR-p53,O=C(OC1CC2CCCC(C1)N2)C(c1cccs1)c1cccs1,1,0,
SR-p53,O=C(OC1CC2[NH2+]C(C1)C1OC21)C(c1cccs1)c1cccs1,1,0,
SR-p53,O=C(OC1CCCCC1)c1ccccc1C(=O)OC1CCCCC1,1,0,0.0
SR-p53,O=C(OC1CCCN(Cc2ccccc2)C1)C1=CNC=CC1c1ccccc1,1,0,0.0
SR-p53,O=C(OC1CCN(Cc2ccccc2)C1)C1=CNC=CC1c1ccccc1,1,0,
SR-p53,O=C(OC1CCNCC1)C(Oc1ccccc1)Oc1ccccc1,1,0,0.0
SR-p53,O=C(OC1CCNCC1)C(c1ccccc1)c1ccccc1,1,0,0.0
SR-p53,O=C(OC1CC[NH2+]C1)C(c1ccccc1)C1CCCC1,1,0,0.0
SR-p53,O=C(OC1CC[NH2+]C1)C(c1ccccc1)c1ccccc1,1,0,
SR-p53,O=C(OC1CN(C(c2ccccc2)c2ccccc2)C1)C1=CNC=CC1c1ccccc1,1,0,
SR-p53,O=C(OC1CN2CCC1CC2)N1CCc2ccccc2C1c1ccccc1,1,0,0.0
SR-p53,O=C(OC1CN2CCC1CC2)c1ccccc1,1,0,0.0
SR-p53,O=C(OC1COCC(OC2CC(OC(=O)c3ccccc3)CCO2)C1)c1ccccc1,1,0,0.0
SR-p53,O=C(OC1C[NH+]2CCC1CC2)C(c1ccccc1)c1ccccc1,1,0,0.0
SR-p53,O=C(OC1Cc2ccccc2OC1c1ccccc1)c1ccccc1,1,0,0.0
SR-p53,O=C(OC1c2nccnc2C(=O)N1c1ccccn1)N1CCNCC1,1,0,0.0
SR-p53,O=C(OCC(COC(=O)c1ccccc1)(COC(=O)c1ccccc1)COC(=O)c1ccccc1)c1ccccc1,1,0,
SR-p53,O=C(OCC(COC(=O)c1cccnc1)(COC(=O)c1cccnc1)COC(=O)c1cccnc1)c1cccnc1,1,0,0.0
SR-p53,O=C(OCC1(COC(=O)c2cccnc2)CCCC(COC(=O)c2cccnc2)(COC(=O)c2cccnc2)C1)c1cccnc1,1,0,0.0
SR-p53,O=C(OCC1=NCCCN1)C(c1ccccc1)C1CCCCC1,1,0,0.0
SR-p53,O=C(OCC1CCCC[NH2+]1)C(c1ccccc1)c1ccccc1,1,0,0.0
SR-p53,O=C(OCC1CNC2Cc3c[nH]c4cccc(c34)C2C1)c1cccnc1,1,0,0.0
SR-p53,O=C(OCC1CO1)C1CCCCC1C(=O)OCC1CO1,1,1,1.0
SR-p53,O=C(OCC1OC(OC(=O)c2cccc(OC(=O)c3ccccc3)c2)C(OC(=O)c2cccc(OC(=O)c3ccccc3)c2)C(OC(=O)c2cccc(OC(=O)c3ccccc3)c2)C1OC(=O)c1cccc(OC(=O)c2ccccc2)c1)c1cccc(OC(=O)c2ccccc2)c1,1,1,1.0
SR-p53,O=C(OCC=Cc1ccccc1)C1=CNC=CC1c1ccccc1,1,0,0.0
SR-p53,O=C(OCC=Cc1ccccc1)c1ccccc1,1,0,0.0
SR-p53,O=C(OCCC(=CNCc1cncnc1)SSC(=CNCc1cncnc1)CCOC(=O)c1ccccc1)c1ccccc1,1,0,0.0
SR-p53,O=C(OCCCCCCOC(=O)c1ccccc1)c1ccccc1,1,0,0.0
SR-p53,O=C(OCCCCCOC(=O)c1ccccc1)c1ccccc1,1,0,0.0
SR-p53,O=C(OCCCCNCCc1ccccc1)c1ccccc1,1,0,0.0
SR-p53,O=C(OCCCN1CCC(c2ccccc2)(c2ccccc2)CC1)C1=CNC=CC1c1ccccc1,1,0,
SR-p53,O=C(OCCCN1CCCCC1)c1ccc(OC2CCCCC2)cc1,1,0,
SR-p53,O=C(OCCCN1CCCCC1)c1ccccc1,1,0,0.0
SR-p53,O=C(OCCCN1CCCN(CCCOC(=O)c2ccccc2)CC1)c1ccccc1,1,0,
SR-p53,O=C(OCCCOC(=O)N(Cc1cccc[nH+]1)C(=O)c1ccccc1)N1CCCCC1,1,0,
SR-p53,O=C(OCCN(Cc1ccccc1)c1ccccc1)C1=CNC=C(P2(=O)OCCCO2)C1c1ccccc1,1,0,0.0
SR-p53,O=C(OCCN1CCCCC1)C(c1ccccc1)c1ccccc1,1,0,0.0
SR-p53,O=C(OCCN1CCCCC1)c1cccc2c(=O)cc(-c3ccccc3)oc12,1,0,0.0
SR-p53,O=C(OCCN1CCN(C(c2ccccc2)c2ccccc2)CC1)C1=CNC=CC1c1ccccc1,1,0,
SR-p53,O=C(OCCN1CCOCC1)c1ccccc1,1,0,0.0
SR-p53,O=C(OCCN1CCOCC1)c1cccnc1Nc1ccccc1,1,0,
SR-p53,O=C(OCCNC1CCCCC1)c1ccccc1,1,0,0.0
SR-p53,O=C(OCCNCCC(c1ccccc1)c1ccccc1)C1=CNC=CC1c1ccccc1,1,0,0.0
SR-p53,O=C(OCCNCCc1ccccc1)c1ccccc1,1,0,0.0
SR-p53,O=C(OCCNCc1ccccc1)C1=CNC=CC1c1ccccc1,1,0,0.0
SR-p53,O=C(OCCOCCOCCOC(=O)c1ccccc1)c1ccccc1,1,0,0.0
SR-p53,O=C(OCCOc1cccc2[nH]ccc12)c1ccccc1,1,0,0.0
SR-p53,O=C(OCC[NH+]1CCCCC1)C(c1ccccc1)c1ccccc1,1,0,0.0
SR-p53,O=C(OCCc1ccc(N2CCN(C(c3ccccc3)c3ccccc3)CC2)cc1)C1=CNC=CC1c1ccccc1,1,0,
SR-p53,O=C(OCN1C(=O)C2=C(CCCC2)C1=O)C1CC1,1,0,
SR-p53,O=C(OCN1C(=O)CNC1=O)C1CC1,1,0,0.0
SR-p53,O=C(OCOC(=O)c1cccc2ncn(Cc3ccc(-c4ccccc4-c4nnn[nH]4)cc3)c12)OC1CCCCC1,1,0,
SR-p53,O=C(OCc1cccc(-c2ccccc2)c1)C1CC1,1,0,0.0
SR-p53,O=C(OCc1ccccc1)C(=O)OCc1ccccc1,1,0,0.0
SR-p53,O=C(OCc1ccccc1)C1CCCC1,1,0,
SR-p53,O=C(OCc1ccccc1)c1cccnc1,1,0,0.0
SR-p53,O=C(OCc1coc(=O)o1)c1cncn1Cc1ccc(-c2ccccc2-c2nn[nH]n2)cc1,1,0,0.0
SR-p53,O=C(OOC(=O)c1ccccc1)c1ccccc1,1,0,
SR-p53,O=C(Oc1ccc2c(c1)CCCO2)c1cccnc1,1,0,0.0
SR-p53,O=C(Oc1cccc2cccnc12)c1ccccc1,1,0,0.0
SR-p53,O=C(Oc1ccccc1)C1CCCCC1,1,0,0.0
SR-p53,O=C(Oc1ccccc1)N1CCN2CCC1CC2,1,0,0.0
SR-p53,O=C(Oc1ccccc1)c1ccc2ccccc2c1,1,0,0.0
SR-p53,O=C(Oc1ccccc1)c1cccc(C(=O)Oc2ccccc2)c1,1,0,0.0
SR-p53,O=C(Oc1ccccc1)c1ccccc1C(=O)Oc1ccccc1,1,0,0.0
SR-p53,O=C(Oc1ccccc1)c1ccco1,1,0,0.0
SR-p53,O=C(Oc1ccccc1OC(=O)c1ccccc1)c1ccccc1,1,0,
SR-p53,O=C(SC=CNCc1cncnc1)c1ccccc1,1,0,
SR-p53,O=C(c1c[nH]c2ccccc12)C1CCc2[nH]cnc2C1,1,0,0.0
SR-p53,O=C(c1cc2ccccc2[nH]1)N1CCN(c2ccccn2)CC1,1,0,0.0
SR-p53,O=C(c1cc2ccccc2o1)N1CCN(Cc2ccccc2)CC1,1,0,0.0
SR-p53,O=C(c1ccc(-c2ccc(-c3nnco3)cc2)cc1)N1CCc2cc3c(cc21)C1(CCNCC1)CO3,1,0,
SR-p53,O=C(c1ccc(C#Cc2ccccc2)o1)N1CCC(c2ccccc2)CC1,1,0,
SR-p53,O=C(c1ccc(OCCN2CCCCC2)cc1)c1c(-c2ccccc2)sc2ccccc12,1,1,1.0
SR-p53,O=C(c1ccc2[nH]cnc2c1)C1CC1,1,0,
SR-p53,O=C(c1ccc2[nH]cnc2c1)c1cccs1,1,1,1.0
SR-p53,O=C(c1ccc2c(c1)C(=O)OC2=O)c1ccc2c(c1)C(=O)OC2=O,1,0,0.0
SR-p53,O=C(c1ccccc1)C1CCC1,1,0,0.0
SR-p53,O=C(c1ccccc1)C1CCCCC1,1,0,0.0
SR-p53,O=C(c1ccccc1)C1CCN(CCc2cnc3ccccn3c2=O)CC1,1,0,0.0
SR-p53,O=C(c1ccccc1)C1CCN(CCc2cnc3n(c2=O)CCS3)CC1,1,0,
SR-p53,O=C(c1ccccc1)C1CCN(CCn2c(=O)[nH]c3ccccc3c2=O)CC1,1,0,0.0
SR-p53,O=C(c1ccccc1)C1CCN(CCn2c(=S)[nH]c3ccccc3c2=O)CC1,1,0,0.0
SR-p53,O=C(c1ccccc1)C1CNCCC1c1ccccc1,1,0,
SR-p53,O=C(c1ccccc1)N1CC2CC(CN(Cc3ccccc3)C2)C1,1,0,
SR-p53,O=C(c1ccccc1)N1CCC(CCN2C3CCC2CC(n2cnc4ccccc42)C3)(c2ccccc2)CC1,1,0,0.0
SR-p53,O=C(c1ccccc1)N1CCCC(CCCN2CCC(c3ccccc3)CC2)(c2ccccc2)C1,1,0,0.0
SR-p53,O=C(c1ccccc1)N1CCCCCCC1,1,0,0.0
SR-p53,O=C(c1ccccc1)N1CCOC(CCN2CCC(N3CCCCC3)CC2)(c2ccccc2)C1,1,0,
SR-p53,O=C(c1ccccc1)N1CCOC(CCN2CCC(c3ccccc3)CC2)(c2ccccc2)C1,1,0,0.0
SR-p53,O=C(c1ccccc1)N1CCOCC1,1,0,0.0
SR-p53,O=C(c1ccccc1)P(=O)(C(=O)c1ccccc1)c1ccccc1,1,0,0.0
SR-p53,O=C(c1ccccc1)c1c[nH]c(=O)[nH]1,1,0,0.0
SR-p53,O=C(c1ccccc1)c1c[nH]c2ccccc12,1,0,0.0
SR-p53,O=C(c1ccccc1)c1ccc(OCCN2CCCCC2)cc1,1,0,0.0
SR-p53,O=C(c1ccccc1)c1ccc2[nH]cnc2c1,1,1,1.0
SR-p53,O=C(c1ccccc1)c1ccc2n1CCC2,1,0,0.0
SR-p53,O=C(c1ccccc1)c1ccccc1-n1ccnc1,1,0,0.0
SR-p53,O=C(c1ccccc1)c1ccccc1NCCc1ccc(OCCc2coc(-c3ccccc3)n2)cc1,1,0,
SR-p53,O=C(c1ccccc1)c1cn(CCN2CCOCC2)c2ccccc12,1,0,
SR-p53,O=C(c1ccccc1)c1cnoc1C1CC1,1,0,0.0
SR-p53,O=C(c1ccco1)N1CCN(c2ncc3ccccc3n2)CC1,1,0,
SR-p53,O=C(c1ccco1)N1CCNCC1,1,0,
SR-p53,O=C(c1cccs1)N1CCC(c2ccccc2)CC1,1,0,
SR-p53,O=C(c1cccs1)c1c[nH]c2ccccc12,1,1,1.0
SR-p53,O=C(c1cn(-c2ccccc2)c(-c2ccccc2)n1)N1CCN(c2ccc3ccccc3c2)CC1,1,0,
SR-p53,O=C(c1cn[nH]c1)c1cccc(C2=NOCC2)c1,1,0,0.0
SR-p53,O=C(c1cncnc1)N1CCC(N2CCN(Cc3ccccc3)CC2)CC1,1,0,0.0
SR-p53,O=C1C(=Cc2ccccc2)C2CCC1C2,1,0,0.0
SR-p53,O=C1C(=Cc2ccccc2)CCCC1=Cc1ccccc1,1,0,
SR-p53,O=C1C(=Cc2cccs2)CCCC1=Cc1cccs1,1,0,0.0
SR-p53,O=C1C(=NNc2cccc(-c3ccccc3)c2)C=NN1c1ccccc1,1,0,
SR-p53,O=C1C(=O)c2cccc3cccc1c23,1,1,1.0
SR-p53,O=C1C(=O)c2ncccc2-c2cccnc21,1,1,1.0
SR-p53,O=C1C(CCCc2ccccc2)C(c2ccccc2)N1c1ccccc1,1,0,0.0
SR-p53,O=C1C(CC[SH+]c2ccccc2)C(=O)N(c2ccccc2)N1c1ccccc1,1,0,0.0
SR-p53,O=C1C(Cc2c[nH]cn2)CCc2cc3ccccc3n21,1,0,0.0
SR-p53,O=C1C(NCCCc2ccccc2)CCCN2CCCCN12,1,0,0.0
SR-p53,O=C1C(c2ccccc2)N=CN1Nc1ccccc1,1,0,0.0
SR-p53,O=C1C2=C(CCCC2)C(=O)N1c1ccccc1,1,0,0.0
SR-p53,O=C1C2C3CCC(C3)C2C(=O)N1CCCCN1CCN(c2ncccn2)CC1,1,0,0.0
SR-p53,O=C1C2CC2C(=O)N1c1ccccc1,1,0,0.0
SR-p53,O=C1C2CCCCC2C(=O)N1CCCCN1CCN(c2nsc3ccccc23)CC1,1,0,0.0
SR-p53,O=C1C=C(C2CCC(c3ccccc3)CC2)C(=O)c2ccccc21,1,1,1.0
SR-p53,O=C1C=C(C2CCC3C2CCC2C4CCC(OC5CCCCO5)CC4CCC23)CO1,1,0,0.0
SR-p53,O=C1C=C(C=CC=CC=CC=CC=CC=CC=CC=CC=CC2=CC(=O)CCC2)CCC1,1,0,0.0
SR-p53,O=C1C=C(CC2CCCCC2)C(=O)c2ccccc21,1,0,
SR-p53,O=C1C=C(N2CC2)C(=O)C=C1N1CC1,1,1,1.0
SR-p53,O=C1C=C2C(CC1)C1CCC3C(C4CC4C34CCC(=O)O4)C1C1CC21,1,0,0.0
SR-p53,O=C1C=C2C=CC3C(CCC4C3CCC43CCC(=O)O3)C2CC1,1,0,0.0
SR-p53,O=C1C=C2C=CC3C4CCCC4CCC3C2C2CC12,1,0,0.0
SR-p53,O=C1C=C2C=CC3CC2(O1)C1CCCCN31,1,0,
SR-p53,O=C1C=C2CCC3C(=C2CC1)C(c1ccccc1)CC1CCCC13,1,1,1.0
SR-p53,O=C1C=C2CCC3C(=CCC4CCCC43)C2CC1,1,0,0.0
SR-p53,O=C1C=C2CCC3C(CCC4C(OC(=O)CCC5CCCCC5)CCC43)C2CC1,1,0,
SR-p53,O=C1C=C2CCC3C(CCC4C3CCC43CCC(=O)O3)C2CC1,1,1,1.0
SR-p53,O=C1C=C2CCC3C4C=CCC4CCC3C2CC1,1,0,0.0
SR-p53,O=C1C=C2CCC3C4CCC5(CCC(=O)O5)C4CC4OC43C2CC1,1,0,0.0
SR-p53,O=C1C=C2CCCCC2CC1,1,0,0.0
SR-p53,O=C1C=C2CCCCCCC=CCCC=CC=CC(=O)NC(=C1)C2=O,1,1,1.0
SR-p53,O=C1C=CC(=O)C(Cc2ccccc2)=C1,1,0,
SR-p53,O=C1C=CC(=O)C2=C1CC1C3NC3CN21,1,1,1.0
SR-p53,O=C1C=CC(=O)CC1,1,0,0.0
SR-p53,O=C1C=CC(=O)N1,1,0,
SR-p53,O=C1C=CC(=O)N1c1ccc(Cc2ccc(N3C(=O)C=CC3=O)cc2)cc1,1,1,1.0
SR-p53,O=C1C=CC(=O)N1c1ccccc1,1,0,
SR-p53,O=C1C=CC(=O)O1,1,0,0.0
SR-p53,O=C1C=CC2(CC1)Oc1ccccc1C2=O,1,1,1.0
SR-p53,O=C1C=CC2C(=C1)CCC1C2CCC2C(C(=O)COC(=O)c3ccccc3)CCC21,1,0,0.0
SR-p53,O=C1C=CC2C(=C1)CCC1C2CCC2C(C(=O)COC(=O)c3ccncc3)CCC21,1,0,
SR-p53,O=C1C=CC2C(=C1)CCC1C2CCC2C(OC(=O)c3ccco3)CCC21,1,0,0.0
SR-p53,O=C1C=CC2C(=C1)CCC1C2CCC2C1CC1OC(C3CCCCC3)OC12,1,0,0.0
SR-p53,O=C1C=CC2C(=C1)CCC1C2CCC2C1CC1OC3(CCCC3)OC12,1,0,0.0
SR-p53,O=C1C=CC2C(=C1)CCC1C2CCC2C1CC1OC=NC12,1,0,0.0
SR-p53,O=C1C=CC2C(=C1)CCC1C3CCC(=O)OC3CCC21,1,0,0.0
SR-p53,O=C1C=CC2C(=C1)Oc1ccccc1C21OC(=O)c2ccccc21,1,0,0.0
SR-p53,O=C1C=CC2C(CCC3C2CCC2C(C(=O)Nc4ccccc4)CCC23)N1,1,0,0.0
SR-p53,O=C1C=CC2C(CCC3C4CCCC4CCC23)C1,1,0,
SR-p53,O=C1C=CC2C(CCC3C4CCCC4CCC23)N1,1,0,0.0
SR-p53,O=C1C=CC2C3=CC(=O)C4C5CCCCC5CCC4C3CCC2C1,1,0,
SR-p53,O=C1C=CC2CC1C2,1,0,0.0
SR-p53,O=C1C=CC2CCC3CC(=O)OC3C2=C1,1,0,0.0
SR-p53,O=C1C=CC2OC2CCCC2CCCC(CC(OC3CCCCO3)C=CC=CC=CC=CCCO1)O2,1,0,0.0
SR-p53,O=C1C=CC2OC2CCOC(=O)CCCC(OC2CCC(OC3CCCCO3)CO2)CCC1,1,0,
SR-p53,O=C1C=CC2OC2CCOC(=O)CCCC(OC2CCCCO2)CCC1,1,1,1.0
SR-p53,O=C1C=CC=CC(COC2CCCCO2)COC(=O)CCCC(OC2CCC(OC3CCCCO3)CO2)CCC1,1,0,0.0
SR-p53,O=C1C=CC=CC(COC2CCCCO2)COC(=O)CCCC(OC2CCCCO2)C(CCN2CCCCC2)CC1,1,0,0.0
SR-p53,O=C1C=CC=CCCCCCCCCC=COC2Oc3ccc4c(c3C2=O)C2=NC3(CCNCC3)NC2=C(N1)C4=O,1,0,0.0
SR-p53,O=C1C=CC=CCCCCCCCCC=COC2Oc3ccc4cc(c(C=NN5CCN(C6CCCC6)CC5)cc4c3C2=O)N1,1,0,
SR-p53,O=C1C=CC=CCCCCCCCCC=COC2Oc3ccc4cc(c(C=NN5CCNCC5)cc4c3C2=O)N1,1,0,0.0
SR-p53,O=C1C=CC=CCCCCCCCCC=COC2Oc3ccc4cc(c5c(nc6ccccn65)c4c3C2=O)N1,1,0,0.0
SR-p53,O=C1C=CC=CCCCCCCCCC=COC2Oc3ccc4cc(ccc4c3C2=O)N1,1,0,0.0
SR-p53,O=C1C=CCC(C2CCOCC2)C1,1,0,0.0
SR-p53,O=C1C=CCC(C=Cc2ccc3c(c2)OCO3)O1,1,0,0.0
SR-p53,O=C1C=CCC(C=Cc2ccccc2)O1,1,0,0.0
SR-p53,O=C1C=CCC(CCc2ccccc2)O1,1,0,0.0
SR-p53,O=C1C=CNC(=O)C1,1,0,0.0
SR-p53,O=C1C=COC(=O)C1,1,0,0.0
SR-p53,O=C1C=COC1c1ccccc1,1,0,0.0
SR-p53,O=C1C=COS(=O)(=O)N1,1,0,0.0
SR-p53,O=C1CC(=O)C1,1,0,0.0
SR-p53,O=C1CC(=O)N(C2CCCCC2)C(=O)N1,1,0,0.0
SR-p53,O=C1CC(=O)N(c2ccccc2)c2ccccc2N1,1,0,0.0
SR-p53,O=C1CC(=O)OCC2OC(=O)N(CCCCn3cnc(-c4cccnc4)c3)C2CC(=O)CCCC(OC2CCCCO2)C1,1,0,0.0
SR-p53,O=C1CC(C(=O)NC(Cc2c[nH]cn2)C(=O)N2CCCC2)NC(=O)N1,1,0,0.0
SR-p53,O=C1CC(CCC2CCCCC2=O)CC(=O)N1,1,1,1.0
SR-p53,O=C1CC(Cc2cnc[nH]2)CO1,1,0,0.0
SR-p53,O=C1CC(OC2CCCCO2)CC(OC2CCCCO2)CCC2(CO2)C(=O)CCCCO1,1,0,0.0
SR-p53,O=C1CC(OC2CCCCO2)CC(OC2CCCCO2)CCCCNCCCCO1,1,0,0.0
SR-p53,O=C1CC(c2ccc3c(c2)OC(c2ccccc2)CO3)Oc2ccccc21,1,0,0.0
SR-p53,O=C1CC(c2cccc(OC3CCCC3)c2)CN1,1,0,0.0
SR-p53,O=C1CC(c2ccccc2)CC(=O)N1,1,0,
SR-p53,O=C1CC2(CCCC2)CC(=O)N1,1,0,
SR-p53,O=C1CC2(CCCC2)CC(=O)N1CCCCN1CCN(c2ncccn2)CC1,1,0,0.0
SR-p53,O=C1CC2(CCCC2)CC(=O)N1CCNCC1COc2ccccc2O1,1,0,0.0
SR-p53,O=C1CC2C(=O)C3CCC2C3C1,1,0,0.0
SR-p53,O=C1CC2C(CCC3CCCCC32)O1,1,0,0.0
SR-p53,O=C1CC2C3CCCCC3CCC2C2CC3OC4(CCCCO4)CC3C12,1,0,0.0
SR-p53,O=C1CC2CC(SC3Cn4cnc[n+]4C3)=CN12,1,0,0.0
SR-p53,O=C1CC2CC1C1CCCC21,1,0,0.0
SR-p53,O=C1CC2CC2C1,1,0,0.0
SR-p53,O=C1CC2CC=CN12,1,0,0.0
SR-p53,O=C1CC2CCCC3CCC4OOC32C(O1)O4,1,0,
SR-p53,O=C1CC2CCCN3CCc4c(n1c1ccccc41)C23,1,1,1.0
SR-p53,O=C1CC2CCCOC2C1,1,0,0.0
SR-p53,O=C1CC2N1CC(Cn1ccnn1)S2(=O)=O,1,0,
SR-p53,O=C1CC2OC(=O)CC2O1,1,0,0.0
SR-p53,O=C1CC2OCC(CSc3nnn[nH]3)=CN12,1,0,0.0
SR-p53,O=C1CC2OCC3CC(=O)C4C(CCC5C(c6ccoc6)OC(=O)C6OC654)C32CO1,1,0,0.0
SR-p53,O=C1CC2OCCC2O1,1,0,0.0
SR-p53,O=C1CC2SC(C3CCCO3)=CN12,1,0,0.0
SR-p53,O=C1CC2SCC(CSc3nnn[nH]3)=CN12,1,0,0.0
SR-p53,O=C1CC2SCCN12,1,0,0.0
SR-p53,O=C1CCC(=O)CC1,1,0,0.0
SR-p53,O=C1CCC(=O)c2ccccc21,1,1,1.0
SR-p53,O=C1CCC(C(=O)N2CCCCC2)N1,1,0,0.0
SR-p53,O=C1CCC(C(=O)N2CCSC2)N1,1,0,0.0
SR-p53,O=C1CCC(C(=O)NC(Cc2cnc[nH]2)C(=O)N2CCCC2)N1,1,0,0.0
SR-p53,O=C1CCC(C(=O)NC2CC2c2ccccc2)N1,1,0,0.0
SR-p53,O=C1CCC(C2CCCCC2)CC1,1,0,0.0
SR-p53,O=C1CCC(C=CCCC2CCC2)C1,1,1,1.0
SR-p53,O=C1CCC(C=CCCOc2ccccc2)C1,1,0,0.0
SR-p53,O=C1CCC(CC(C(=O)Nc2cnccn2)c2ccccc2)C1,1,0,0.0
SR-p53,O=C1CCC(N2C(=O)c3ccccc3C2=O)C(=O)N1,1,0,0.0
SR-p53,O=C1CCC(N2Cc3ccccc3C2=O)C(=O)N1,1,0,0.0
SR-p53,O=C1CCC(OC2CCC(OC3CCC(OC4CCCc5cc6c(cc54)C(=O)c4ccccc4C6=O)OC3)OC2)OC1,1,1,1.0
SR-p53,O=C1CCC(c2ccc(-n3ccnc3)cc2)=NN1,1,0,0.0
SR-p53,O=C1CCC(c2ccc(NCCNCCCOc3ccccc3)cc2)=NN1,1,0,0.0
SR-p53,O=C1CCC(c2ccc3[nH]c(-c4ccccc4)nc3c2)=NN1,1,1,1.0
SR-p53,O=C1CCC(c2ccccc2)(C2CCN(Cc3ccccc3)CC2)C(=O)N1,1,0,0.0
SR-p53,O=C1CCC(c2ccccc2)CC1,1,0,
SR-p53,O=C1CCC(c2cccnc2)N1,1,0,0.0
SR-p53,O=C1CCC2C(C1)CC(=O)C1C3CCCC3C(=O)CC21,1,0,0.0
SR-p53,O=C1CCC2C(CCC3C4CC=CC4CCC23)C1,1,0,0.0
SR-p53,O=C1CCC2C3=CCc4ccccc4C3CCC12,1,0,0.0
SR-p53,O=C1CCC2C3Cc4cccc5c4C2(CCN3CC2CC2)C1O5,1,0,0.0
SR-p53,O=C1CCC2CCC3C(=C12)CCC1CCCCC13,1,0,0.0
SR-p53,O=C1CCC=NN1,1,0,
SR-p53,O=C1CCCC(=O)C1,1,0,0.0
SR-p53,O=C1CCCC(=O)C1=CC1CC1,1,0,0.0
SR-p53,O=C1CCCC(=O)N1,1,0,0.0
SR-p53,O=C1CCCC(=O)O1,1,0,0.0
SR-p53,O=C1CCCC(=O)OC2CCN3CC=C(CO1)C23,1,0,0.0
SR-p53,O=C1CCCC(OC2CCC(OC3CCCCO3)CO2)CCCC(OC2CCCCO2)C=CC=CCCO1,1,0,0.0
SR-p53,O=C1CCCC1Cc1ccccc1,1,0,0.0
SR-p53,O=C1CCCC23CCC(CC12)C3,1,0,0.0
SR-p53,O=C1CCCC2=C1CCC2,1,0,0.0
SR-p53,O=C1CCCC=CCCCCCCCCCC1,1,0,0.0
SR-p53,O=C1CCCC=Cc2ccccc2C(=O)OCCCC1,1,1,1.0
SR-p53,O=C1CCCCC1=Cc1ccccc1,1,0,0.0
SR-p53,O=C1CCCCC1=O,1,0,0.0
SR-p53,O=C1CCCCC1C1CCCCC1,1,0,0.0
SR-p53,O=C1CCCCC1CN1CCCCC1,1,0,0.0
SR-p53,O=C1CCCCC1c1cccs1,1,0,0.0
SR-p53,O=C1CCCCCCC2OC2CC(C=Cc2cscn2)OC(=O)CCC1,1,1,1.0
SR-p53,O=C1CCCCCCCCCC2CCCC(CC(OC3CCCCO3)C=CC=CC=CC=CC=CC=CC=CCC(CCCCCC(=O)c3ccccc3)OC(=O)CCC1)O2,1,0,0.0
SR-p53,O=C1CCCCCCCCCCC(=O)OCCO1,1,0,0.0
SR-p53,O=C1CCCCCCCCCCC1,1,0,0.0
SR-p53,O=C1CCCCCCCCCCCC(=O)OCCO1,1,0,0.0
SR-p53,O=C1CCCCCCCCCCCC2CCCC(CC(OC3CCCCO3)C=CC=CC=CC=CC=CC=CC=CCCCCO1)O2,1,0,0.0
SR-p53,O=C1CCCCCCCCCCCC2CCCC(CC(OC3CCCCO3)C=CC=CC=CC=CCCC=CC=CCCCCO1)O2,1,0,0.0
SR-p53,O=C1CCCCCCCCCCCCCC1,1,0,0.0
SR-p53,O=C1CCCCCCCCCCCCCCC=CC=CC=CC=CC=CCCO1,1,0,0.0
SR-p53,O=C1CCCCCCCCCCCCCCCO1,1,0,0.0
SR-p53,O=C1CCCCCCCCCCCCCCO1,1,0,0.0
SR-p53,O=C1CCCCCCCCCCCN1,1,0,0.0
SR-p53,O=C1CCCCCCCCCCOCCCCO1,1,0,0.0
SR-p53,O=C1CCCCCN1SSN1CCCCCC1=O,1,0,0.0
SR-p53,O=C1CCCN1C(=O)c1ccccc1,1,0,0.0
SR-p53,O=C1CCCN1C1CCCCC1,1,0,0.0
SR-p53,O=C1CCCN1C1CCOc2ccccc21,1,0,0.0
SR-p53,O=C1CCCN1c1ccccc1,1,0,0.0
SR-p53,O=C1CCCNC(=O)CNC(=O)CNC(=O)CNC(=O)CNC(=O)C(Cc2ccccc2)NC(=O)CN1,1,0,0.0
SR-p53,O=C1CCCNC(=O)CNC(=O)CNC(=O)CNC(=O)CNC(=O)CNC(=O)CN1,1,0,0.0
SR-p53,O=C1CCCc2c1cc1ccc3cccc4ccc2c1c34,1,1,1.0
SR-p53,O=C1CCN(C2CCCC2)c2nc(Nc3ccc(C(=O)NC4CCNCC4)cc3)ncc2N1,1,0,
SR-p53,O=C1CCN2C(=O)C(Cc3ccccc3)NC(=O)C3CCCN3C(=O)CNC(=O)C(NC(=O)c3ccccn3)COC(=O)C(c3ccccc3)NC(=O)C2C1,1,0,0.0
SR-p53,O=C1CCN2CCc3ccccc3C2C1,1,0,0.0
SR-p53,O=C1CCOC1,1,0,0.0
SR-p53,O=C1CCOC2CCC3CCCCC3C12,1,0,0.0
SR-p53,O=C1CCOC2OC3CCCCC3OC12,1,0,0.0
SR-p53,O=C1CCON1,1,0,0.0
SR-p53,O=C1CCON1Cc1ccccc1,1,0,0.0
SR-p53,O=C1CCS(=O)(=O)C(c2ccccc2)N1,1,0,0.0
SR-p53,O=C1CCSSCCNC(=O)C2CCCN2C(=O)C(Cc2c[nH]c3ccccc23)NC(=O)CNC(=O)CNC(=O)CN1,1,0,0.0
SR-p53,O=C1CCc2cc(CCN3CCN(c4nsc5ccccc45)CC3)ccc2N1,1,0,
SR-p53,O=C1CCc2cc(OCCCCc3nnnn3C3CCCCC3)ccc2N1,1,0,0.0
SR-p53,O=C1CCc2ccc(OCCCCN3CCN(c4ccccc4)CC3)cc2N1,1,0,
SR-p53,O=C1CCc2ccc(cc2)Oc2cc3cc(c2OC2OCCCC2OC2CCCCO2)Oc2ccc(cc2)CC2NC(=O)C(NC(=O)C3NC(=O)CN1)c1cccc(c1)-c1ccccc1CNC2=O,1,0,0.0
SR-p53,O=C1CCc2ccccc21,1,0,
SR-p53,O=C1CCc2ccccc2C2CCCCN12,1,0,0.0
SR-p53,O=C1CCc2ccccc2N1,1,0,0.0
SR-p53,O=C1CCc2ccccc2O1,1,0,0.0
SR-p53,O=C1CN(N=Cc2ccc(-c3ccccc3)o2)C(=O)N1,1,0,0.0
SR-p53,O=C1CN(N=Cc2ccco2)C(=O)N1,1,0,0.0
SR-p53,O=C1CN2CCc3ccccc3C2c2ccccc2N1,1,1,1.0
SR-p53,O=C1CN2Cc3ccccc3NC2=N1,1,0,0.0
SR-p53,O=C1CN=C(c2ccc3ccccc3n2)N1,1,0,0.0
SR-p53,O=C1CN=C(c2ccccc2)c2ccccc2N1CC1CC1,1,1,1.0
SR-p53,O=C1CN=CN1,1,0,
SR-p53,O=C1CNC(=O)C2CCCN2C(=O)CNC(=O)C(NC(=O)c2cc(=O)cc3oc4cccc(C(=O)NC5COC(=O)CNC(=O)CNC(=O)C6CCCN6C(=O)CNC5=O)c4nc2-3)COC(=O)CN1,1,1,1.0
SR-p53,O=C1CNC(=O)CNC(=O)C(Cc2c[nH]c3ccccc23)NC(=O)C(Cc2ccccc2)NC(=O)C(NC(=O)CCc2ccccc2)CSSCCN1,1,0,0.0
SR-p53,O=C1CNC(=O)CNC(=O)C(Cc2cnc[nH]2)NC(=O)C(Cc2ccccc2)NC(=O)CNC(=O)CNC(=O)C(NC(=O)CNC(=O)CNC(=O)CNC(=O)C2CSC=N2)CCCCN1,1,0,0.0
SR-p53,O=C1CNC(=O)CNC(=O)C2CCCN2C(=O)C(Cc2ccccc2)NC(=O)CNC(=O)CNC(=O)CNC(=O)C2CCCN2C(=O)C(Cc2ccccc2)NC(=O)CN1,1,1,1.0
SR-p53,O=C1CNC(=O)CNC(=O)CNC(=O)CNC(=O)CNC(=O)CNC(=O)CNC(=O)CNC(=O)CNC(=O)CNC(=O)CN1,1,0,0.0
SR-p53,O=C1CNC(=S)N1,1,0,0.0
SR-p53,O=C1CNC(NC(=O)Nc2ccccc2)=N1,1,0,0.0
SR-p53,O=C1CNC(c2ccccc2)=N1,1,0,0.0
SR-p53,O=C1CNC(c2ccccn2)=N1,1,0,0.0
SR-p53,O=C1CNc2ccc(C(=O)N3CCC(C4CCNCC4)CC3)cc2CN1,1,0,
SR-p53,O=C1COC(=O)CO1,1,0,0.0
SR-p53,O=C1COC(=O)N1c1ccccc1,1,0,0.0
SR-p53,O=C1COC(CCN2CCC(c3ccccc3)CC2)(c2ccccc2)CN1c1ccccc1,1,0,
SR-p53,O=C1COc2c(cccc2C(=O)NC2CN3CCC2CC3)N1,1,0,0.0
SR-p53,O=C1COc2ccc(N3C(=O)C4=C(CCCC4)C3=O)cc2N1,1,0,0.0
SR-p53,O=C1COc2ccccc2OC1,1,0,0.0
SR-p53,O=C1CSC2(CCN(CCCN3c4ccccc4Sc4ccccc43)CC2)N1,1,0,
SR-p53,O=C1C[NH+]=C(c2ccccc2)c2ccccc2N1,1,0,0.0
SR-p53,O=C1Cc2cc(CCN3CCN(c4nsc5ccccc45)CC3)ccc2N1,1,0,0.0
SR-p53,O=C1Cc2cc3n(c(=O)c2CO1)Cc1cc2cc(OC(=O)N4CCC(N5CCCCC5)CC4)ccc2nc1-3,1,1,1.0
SR-p53,O=C1Cc2ccc3cccc4c3c2-c2c1cccc2C4=O,1,1,1.0
SR-p53,O=C1Cc2cccc(c2)Oc2cccc(c2)C2NC(=O)C(Cc3ccc(cc3)Oc3cc4cc(c3OC3CCCCO3)Oc3ccc(cc3)C(OC3CCCCO3)C3NC(=O)C(NC(=O)C4NC2=O)c2cccc(c2)-c2c(cccc2OC2CCCCO2)CNC3=O)N1,1,0,0.0
SR-p53,O=C1Cc2ccccc2C(=C2CCNCC2)c2ccsc21,1,0,0.0
SR-p53,O=C1Cc2ccccc2CCN1CCCNCC1Cc2ccccc21,1,0,0.0
SR-p53,O=C1Cc2ccccc2CCN1CCCNCCc1ccccc1,1,0,0.0
SR-p53,O=C1Cc2ccccc2N1c1ccccc1,1,0,0.0
SR-p53,O=C1Cc2ccccc2Nc2ccccc21,1,0,0.0
SR-p53,O=C1Cc2ccccc2Sc2ccccc21,1,0,0.0
SR-p53,O=C1N(Cc2ccc(-c3ccccc3-c3nnn[nH]3)cc2)C=NC12CCCC2,1,0,0.0
SR-p53,O=C1N(S(=O)(=O)c2ccccc2)c2ccccc2C1(c1ccccc1)N1CCCC1,1,0,0.0
SR-p53,O=C1N(c2ccccc2)c2ccccc2C1(Cc1ccncc1)Cc1ccncc1,1,0,0.0
SR-p53,O=C1N=C2SCCN2C(=O)C1Cc1ccccc1,1,0,0.0
SR-p53,O=C1N=CC2CN12,1,0,0.0
SR-p53,O=C1N=CNC(=O)C1C1=CCCCC1,1,0,0.0
SR-p53,O=C1N=COC1c1ccccc1,1,0,0.0
SR-p53,O=C1N=NC(CN2CCOC(OCc3ccccc3)C2C2CCCCC2)=N1,1,0,
SR-p53,O=C1NC(=O)C(=O)C(=O)N1,1,0,0.0
SR-p53,O=C1NC(=O)C(Cc2ccc(C(=O)CCc3coc(-c4ccccc4)n3)cc2)S1,1,0,
SR-p53,O=C1NC(=O)C(Cc2ccc(OCC3CCCCC3)cc2)S1,1,0,
SR-p53,O=C1NC(=O)C(Cc2ccc(OCC3CCc4ccccc4O3)cc2)S1,1,1,1.0
SR-p53,O=C1NC(=O)C(Cc2ccc(OCCNc3ccccn3)cc2)S1,1,0,0.0
SR-p53,O=C1NC(=O)C(Cc2ccc(OCCc3ccccn3)cc2)S1,1,0,0.0
SR-p53,O=C1NC(=O)C(c2ccccc2)S1,1,0,0.0
SR-p53,O=C1NC(=O)C(c2cn(C3CCN(Cc4ccccn4)CC3)c3ccccc23)=C1c1c[nH]c2ccccc12,1,0,
SR-p53,O=C1NC(=O)C2C3C=CC(C3)C12,1,0,0.0
SR-p53,O=C1NC(=O)N(C(=O)c2ccccc2)C(=O)C1c1ccccc1,1,0,0.0
SR-p53,O=C1NC(=S)SC1=CC=Cc1ccccc1,1,0,0.0
SR-p53,O=C1NC(Cc2ccc3[nH]ccc3c2)CO1,1,0,
SR-p53,O=C1NC(Nc2ccc(OCCN3CCCCC3)cc2)c2ccccc21,1,0,0.0
SR-p53,O=C1NC(c2ccccc2)c2ccccc21,1,0,0.0
SR-p53,O=C1NC2(C=C1c1ccccc1)CCCCC2,1,1,1.0
SR-p53,O=C1NC2(CCN(Cc3ccc(Oc4ccccc4)cc3)CC2)C(=O)NC1CC1CCCCC1,1,1,1.0
SR-p53,O=C1NC2CCCCN2C12CCN(CCCN1c3ccccc3CCc3ccccc31)CC2,1,0,0.0
SR-p53,O=C1NC2CSCC2N1,1,0,0.0
SR-p53,O=C1NC2NC(=O)NC2N1,1,0,0.0
SR-p53,O=C1NCC(=O)N2C1Cc1c([nH]c3ccccc13)C2c1ccc2c(c1)OCO2,1,0,0.0
SR-p53,O=C1NCC(CCN2CCOCC2)C1(c1ccccc1)c1ccccc1,1,0,0.0
SR-p53,O=C1NCC(c2ccccc2)=Nc2cn[nH]c21,1,0,0.0
SR-p53,O=C1NCC(c2cccs2)SCC1NCCCc1ccccc1,1,0,0.0
SR-p53,O=C1NCC2(CCN(CCc3ccccc3)CC2)O1,1,0,0.0
SR-p53,O=C1NCCN(C(=O)NC(C(=O)NC2C(=O)N3C=C(CSc4nnn[nH]4)CSC23)c2ccccc2)C1=O,1,0,
SR-p53,O=C1NCCN(C(=O)NC(C(=O)NC2C(=O)N3CCSC23)c2ccccc2)C1=O,1,0,
SR-p53,O=C1NCCN1CCN1CCC(c2cn(-c3ccccc3)c3ccccc23)CC1,1,0,
SR-p53,O=C1NCCN1c1ccccc1,1,0,
SR-p53,O=C1NCCN1c1nccs1,1,0,0.0
SR-p53,O=C1NCCS1,1,0,0.0
SR-p53,O=C1NCN(c2ccccc2)C12CCN(CC1COc3ccccc3O1)CC2,1,0,0.0
SR-p53,O=C1NCN(c2ccccc2)C12CCN(CCCC(c1ccccc1)c1ccccc1)CC2,1,0,
SR-p53,O=C1NCN(c2ccccc2)C12CCN(CCCOc1ccccc1)CC2,1,0,0.0
SR-p53,O=C1NCNC(=O)C1c1ccccc1,1,0,0.0
SR-p53,O=C1NCNc2ccccc21,1,0,0.0
SR-p53,O=C1NCc2c1c1c3ccccc3n3c1c1c2c2ccccc2n1C1CCC3O1,1,1,1.0
SR-p53,O=C1NN=CCN1N=Cc1cccnc1,1,0,0.0
SR-p53,O=C1NS(=O)(=O)Nc2ccccc21,1,0,0.0
SR-p53,O=C1NS(=O)(=O)c2ccccc21,1,0,0.0
SR-p53,O=C1Nc2cc(CNC3CCCNC3c3ccccc3)ccc2C2CC12,1,1,1.0
SR-p53,O=C1Nc2ccccc2C(C#CC2CC2)O1,1,0,
SR-p53,O=C1Nc2ccccc2C1=CC1=CCC=N1,1,0,
SR-p53,O=C1Nc2ccccc2C1=Cc1ccc[nH]1,1,0,
SR-p53,O=C1Nc2ccccc2C1C(=O)c1cccs1,1,1,1.0
SR-p53,O=C1Nc2ccccc2CCC1NCCCc1ccccc1,1,0,
SR-p53,O=C1Nc2ccccc2CO1,1,0,
SR-p53,O=C1Nc2ccccc2N(C(=O)CN2CCNCC2)c2cscc21,1,0,0.0
SR-p53,O=C1Nc2ccccc2Nc2ccccc21,1,0,0.0
SR-p53,O=C1Nc2ccccc2OC1(c1ccccc1)c1ccccc1,1,1,1.0
SR-p53,O=C1Nc2ccccc2Oc2ccccc21,1,0,
SR-p53,O=C1Nc2cccnc2N(C(=O)CN2CCCCC2)c2ccccc21,1,0,0.0
SR-p53,O=C1Nc2cccnc2N(C(=O)CN2CCNCC2)c2ccccc21,1,0,0.0
SR-p53,O=C1Nc2cccnc2N(C2CC2)c2ncccc21,1,0,0.0
SR-p53,O=C1Nc2nc(Nc3ccc4c(c3)OCCO4)ncc2CN1c1ccccc1,1,1,1.0
SR-p53,O=C1OC(=O)C2C3CCC(O3)C12,1,1,1.0
SR-p53,O=C1OC(=O)C2CC=CCC12,1,0,0.0
SR-p53,O=C1OC(=O)C2CCCC=C12,1,0,0.0
SR-p53,O=C1OC(=O)C2CCCCC12,1,0,0.0
SR-p53,O=C1OC(=O)c2cc(-c3ccc4c(c3)C(=O)OC4=O)ccc21,1,0,0.0
SR-p53,O=C1OC(=O)c2cc(Oc3ccc(Cc4ccc(Oc5ccc6c(c5)C(=O)OC6=O)cc4)cc3)ccc21,1,0,0.0
SR-p53,O=C1OC(=O)c2cccc3cccc1c23,1,0,0.0
SR-p53,O=C1OC(CCc2ccccc2)CC=C1Cc1cccc(NS(=O)(=O)c2ccccn2)c1,1,0,0.0
SR-p53,O=C1OC(CCc2ccccc2)CC=C1Sc1ccccc1,1,0,0.0
SR-p53,O=C1OC(CN2CCOCC2)CN1N=Cc1ccco1,1,0,0.0
SR-p53,O=C1OC(OC(=O)c2cccnc2Nc2ccccc2)c2ccccc21,1,0,0.0
SR-p53,O=C1OC(c2ccc(Oc3ccccc3)cc2)C(=O)N1Nc1ccccc1,1,0,
SR-p53,O=C1OC(c2ccccc2)CN1CCCN1CCCCCC1,1,0,
SR-p53,O=C1OC2(C=C1c1ccccc1)CCCC2,1,0,
SR-p53,O=C1OC2(C=C1c1ccccc1)CCCCC2,1,1,1.0
SR-p53,O=C1OC2(CCN1CC1CCOCC1)CCN(C1CCN(C(=O)c3cncnc3)CC1)CC2,1,0,0.0
SR-p53,O=C1OC2CC(CC=CC(OC3CCC(OC4CCCCO4)CO3)CC=CC=C3COC4CC=CC1C34)OC1(C=CCC(C3CCCCC3)O1)C2,1,0,
SR-p53,O=C1OC2CC(CC=CC(OC3CCC(OC4CCCCO4)CO3)CC=CC=C3COC4CC=CC1C34)OC1(CCCCO1)C2,1,0,
SR-p53,O=C1OC2CC(CC=CCCC=CC=C3COC4CC=CC1C34)OC1(CCCCO1)C2,1,0,
SR-p53,O=C1OC2CC1C1CC3OC34C(=O)OC2C14,1,0,0.0
SR-p53,O=C1OC2CCCOC2c2ccccc21,1,0,0.0
SR-p53,O=C1OCC(Cc2ccccc2)C1Cc1ccccc1,1,0,0.0
SR-p53,O=C1OCC(c2ccccc2)=C1c1ccccc1,1,0,0.0
SR-p53,O=C1OCC2C(OC3CCC4OC(c5cccs5)OCC4O3)c3cc4c(cc3C(c3ccccc3)C12)OCO4,1,1,1.0
SR-p53,O=C1OCC2c3c(ccc4c3OCO4)C(SCC13NCCc1ccccc13)C1C3NC(Cc4ccccc43)CN21,1,1,1.0
SR-p53,O=C1OCCC(=CNCc2cncnc2)S1,1,0,
SR-p53,O=C1OCCCCCCCCCCc2ccccc21,1,0,0.0
SR-p53,O=C1OCCN1N=Cc1ccco1,1,0,0.0
SR-p53,O=C1OCCN1Nc1ccccc1,1,0,0.0
SR-p53,O=C1OCCN1c1ccc(N2CCOCC2)cc1,1,0,0.0
SR-p53,O=C1OCc2ccccc21,1,1,1.0
SR-p53,O=C1O[Sb]2OCC3O[Sb](OCC1O2)OC3=O,1,1,1.0
SR-p53,O=C1SCCC1=CC1CC1C(=O)OCc1coc(Cc2ccccc2)c1,1,0,
SR-p53,O=C1c2c([nH]c3ccccc23)CCC1Cn1ccnc1,1,0,0.0
SR-p53,O=C1c2c([nH]c3ccccc23)CCN1Cc1cnc[nH]1,1,0,0.0
SR-p53,O=C1c2cc[nH]c2CCC1CN1CCOCC1,1,0,0.0
SR-p53,O=C1c2ccc3c(c2OC2COc4ccccc4C12)CCO3,1,1,1.0
SR-p53,O=C1c2cccc3c2C(CCC3)CN1C1CN2CCC1CC2,1,0,0.0
SR-p53,O=C1c2ccccc2-c2n[nH]c3cccc1c23,1,1,1.0
SR-p53,O=C1c2ccccc2-n2cncc2C2CCCN12,1,0,0.0
SR-p53,O=C1c2ccccc2C(=O)N1CCc1noc(-c2ccc(CN3CCCCCC3)s2)n1,1,0,0.0
SR-p53,O=C1c2ccccc2C(=O)N1SC1CCCCC1,1,0,
SR-p53,O=C1c2ccccc2C(=O)N1c1ccccc1,1,1,1.0
SR-p53,O=C1c2ccccc2C(=O)c2cc(C3CCCCO3)ccc21,1,0,0.0
SR-p53,O=C1c2ccccc2C(=O)c2cc3c(cc21)CCCC3OC1CC(N2CCOCC2)CCO1,1,0,
SR-p53,O=C1c2ccccc2C(=O)c2cc3c(cc21)CCCC3OC1CCC(OC2CCCCO2)CO1,1,0,
SR-p53,O=C1c2ccccc2C(C2CCCCO2)c2ccccc21,1,0,0.0
SR-p53,O=C1c2ccccc2C(C2c3ccccc3C(=O)c3c(OC4CCCCO4)cccc32)c2cccc(OC3CCCCO3)c21,1,0,0.0
SR-p53,O=C1c2ccccc2C2=Nc3ccccc3CN12,1,0,
SR-p53,O=C1c2ccccc2CC1CC1CCN(Cc2ccccc2)CC1,1,0,0.0
SR-p53,O=C1c2ccccc2CCc2ccccc21,1,0,0.0
SR-p53,O=C1c2ccccc2CN1C1CCCCC1,1,0,
SR-p53,O=C1c2ccccc2CN2C(=O)c3ccccc3CN12,1,0,0.0
SR-p53,O=C1c2ccccc2COc2ccccc21,1,0,
SR-p53,O=C1c2ccccc2NCN1c1ccccc1,1,0,0.0
SR-p53,O=C1c2ccccc2S(=O)(=O)N1CCCCN1CCN(c2ncccn2)CC1,1,0,0.0
SR-p53,O=C1c2ccccc2S(=O)(=O)N1COc1cc(=O)n2cccc(OCCN3CCCCC3)c2n1,1,0,0.0
SR-p53,O=P(N1CC1)(N1CC1)N1CC1,1,0,0.0
SR-p53,O=P(c1ccccc1)(c1ccccc1)c1ccccc1,1,0,0.0
SR-p53,O=S(=O)(CCc1ccc2[nH]cc(CC3CCCN3)c2c1)c1ccccc1,1,0,0.0
SR-p53,O=S(=O)(Cc1ccc2[nH]ccc2c1)N1CCCC1,1,0,0.0
SR-p53,O=S(=O)(Cc1ccccc1)c1ccccc1N1CCC(c2ccccc2)CC1,1,0,
SR-p53,O=S(=O)(NC1CCCC1)c1ccc(Oc2ccccc2)cc1,1,0,0.0
SR-p53,O=S(=O)(NC1CCOCC1)c1ccc(Oc2ccccc2)cc1,1,0,0.0
SR-p53,O=S(=O)(NC1CCc2[nH]c3ccccc3c2C1)c1ccccc1,1,0,
SR-p53,O=S(=O)(NCC1CCCO1)c1ccccc1,1,0,0.0
SR-p53,O=S(=O)(NCCNS(=O)(=O)c1ccccc1)c1ccccc1,1,0,0.0
SR-p53,O=S(=O)(NCC[n+]1ccccc1)c1ccccc1N=Nc1ccccc1,1,0,0.0
SR-p53,O=S(=O)(NCCc1ccccc1)c1ccccc1,1,0,0.0
SR-p53,O=S(=O)(NCCc1cccs1)c1ccccc1,1,0,0.0
SR-p53,O=S(=O)(NCc1ccccc1)c1ccccc1,1,0,0.0
SR-p53,O=S(=O)(Nc1ccccc1)c1nc2ncccn2n1,1,0,0.0
SR-p53,O=S(=O)(Nc1ccccn1)c1ccc(N=Nc2ccccc2)cc1,1,0,0.0
SR-p53,O=S(=O)(Nc1ccccn1)c1ccccc1,1,0,0.0
SR-p53,O=S(=O)(Nc1ccnn1-c1ccccc1)c1ccccc1,1,0,0.0
SR-p53,O=S(=O)(Nc1cnc2ccccc2n1)c1ccccc1,1,0,0.0
SR-p53,O=S(=O)(Nc1cnccn1)c1ccccc1,1,0,0.0
SR-p53,O=S(=O)(Nc1nc(-c2ncccn2)ncc1Oc1ccccc1)c1ccccc1,1,0,0.0
SR-p53,O=S(=O)(Nc1nc2ccncn2n1)c1ccccc1,1,0,0.0
SR-p53,O=S(=O)(Oc1ccc(N=Nc2ccc(-c3ccc(N=Nc4cccc5ccccc45)cc3)cc2)cc1)c1ccccc1,1,0,0.0
SR-p53,O=S(=O)(c1cccc2cnccc12)N1CCCNCC1,1,0,0.0
SR-p53,O=S1(=O)C=CS(=O)(=O)CC1,1,0,0.0
SR-p53,O=S1(=O)CC=CC1,1,0,0.0
SR-p53,O=S1(=O)CCCCN1c1ccccc1,1,0,
SR-p53,O=S1(=O)CCCO1,1,0,0.0
SR-p53,O=S1(=O)CCCc2ccccc21,1,0,0.0
SR-p53,O=S1(=O)CCN(N=Cc2ccco2)CC1,1,0,0.0
SR-p53,O=S1(=O)NC(C2CC3C=CC2C3)Nc2ccccc21,1,0,0.0
SR-p53,O=S1(=O)NC(CC2CCCC2)Nc2ccccc21,1,0,0.0
SR-p53,O=S1(=O)NC(CSCc2ccccc2)=Nc2ccccc21,1,0,0.0
SR-p53,O=S1(=O)NCCc2ccsc21,1,0,0.0
SR-p53,O=S1(=O)OCC2C3C=CC(C3)C2CO1,1,0,0.0
SR-p53,O=S1(=O)OCCO1,1,0,0.0
SR-p53,O=S1(=O)c2cccc3cccc(c23)N1CCCN1CCN(c2ccccc2)CC1,1,0,
SR-p53,O=S1(=O)c2ccccc2C(c2ccc3c(c2)OCO3)=CN1c1ccccc1,1,0,0.0
SR-p53,O=S1(=O)c2ccccc2Nc2ccccc21,1,0,0.0
SR-p53,O=S1OCCO1,1,0,0.0
SR-p53,O=[PH](OCC1CCC(n2cnc3cncnc32)O1)O[PH](=O)OCC1CCC([n+]2ccccc2)O1,1,0,0.0
SR-p53,O=[PH](OCc1ccccc1)OCc1ccccc1,1,0,0.0
SR-p53,O=[PH](Sc1ccccc1)Sc1ccccc1,1,0,0.0
SR-p53,O=[PH](c1ccccc1)c1ccccc1,1,0,0.0
SR-p53,O=[PH]1Oc2ccccc2-c2ccccc21,1,0,0.0
SR-p53,O=c1[nH][nH]c(=O)c2ccccc12,1,0,0.0
SR-p53,O=c1[nH][nH]c2ccccc12,1,0,0.0
SR-p53,O=c1[nH]c(-c2cccc(S(=O)(=O)N3CCNCC3)c2)nc2cn(Cc3ccccn3)nc12,1,0,0.0
SR-p53,O=c1[nH]c(-c2cccc(S(=O)(=O)N3CCNCC3)c2)nc2cn[nH]c12,1,0,0.0
SR-p53,O=c1[nH]c(-c2ccccc2)nc2[nH]nnc12,1,0,0.0
SR-p53,O=c1[nH]c(=Nc2ccccc2)cc2n1CCc1ccccc1-2,1,0,
SR-p53,O=c1[nH]c(=O)c2[nH]c(=O)[nH]c2[nH]1,1,0,0.0
SR-p53,O=c1[nH]c(=O)c2[nH]c(C=Cc3ccccc3)nc2[nH]1,1,0,
SR-p53,O=c1[nH]c(=O)c2[nH]c(Cc3ccccc3)nc2[nH]1,1,0,0.0
SR-p53,O=c1[nH]c(=O)c2c(ncn2CC2OCCO2)[nH]1,1,0,0.0
SR-p53,O=c1[nH]c(=O)c2c(ncn2CCNCCc2ccccc2)[nH]1,1,0,0.0
SR-p53,O=c1[nH]c(=O)c2c[nH]nc2[nH]1,1,0,0.0
SR-p53,O=c1[nH]c(=O)c2ccccc2o1,1,0,0.0
SR-p53,O=c1[nH]c(=O)n(-c2ccc(Oc3ccccc3)cc2)c(=O)[nH]1,1,0,0.0
SR-p53,O=c1[nH]c(=O)n(Cc2ccco2)c2nc[nH]c12,1,0,0.0
SR-p53,O=c1[nH]c(CC2CCCCC2)no1,1,0,0.0
SR-p53,O=c1[nH]c2c(sc3ncc(-c4ccccc4)nc32)c(=O)n1CCCCN1CC2COc3ccccc3C2C1,1,0,
SR-p53,O=c1[nH]c2ccc(N3CCOCC3)cc2[nH]c1=O,1,0,0.0
SR-p53,O=c1[nH]c2ccc([SH+]CCN3CCC(Cc4ccccc4)CC3)cc2o1,1,0,0.0
SR-p53,O=c1[nH]c2cccc(-n3cnnc3-c3ccc[nH+]c3)c2[nH]c1=O,1,0,0.0
SR-p53,O=c1[nH]c2ccccc2[nH]1,1,0,0.0
SR-p53,O=c1[nH]c2ccccc2c(=O)n1Cc1ccccc1,1,0,0.0
SR-p53,O=c1[nH]c2ccccc2c(=O)o1,1,0,0.0
SR-p53,O=c1[nH]c2ccccc2n1C1CCN(CC2OCc3ccccc3-n3cccc32)CC1,1,0,0.0
SR-p53,O=c1[nH]c2ccccc2n1C1CCN(CCCC(c2ccccc2)c2ccccc2)CC1,1,0,
SR-p53,O=c1[nH]c2ccccc2n1CCCN1CCC(n2c(=O)[nH]c3ccccc32)CC1,1,0,0.0
SR-p53,O=c1[nH]c2ccccc2n1CCCN1CCN(C(c2ccccc2)c2ccccc2)CC1,1,0,0.0
SR-p53,O=c1[nH]c2ccccc2nc1Cc1ccccc1,1,0,0.0
SR-p53,O=c1[nH]c2ccccc2s1,1,0,0.0
SR-p53,O=c1[nH]c2ncccc2o1,1,0,
SR-p53,O=c1[nH]cnc2[nH]cc(CN3CCCCC3)c12,1,0,0.0
SR-p53,O=c1[nH]cnc2c1[nH]c(=O)n2C1CCCO1,1,0,0.0
SR-p53,O=c1[nH]cnc2c1ncn2C1CCCO1,1,0,0.0
SR-p53,O=c1[nH]cnc2ccc(CNc3cccs3)cc12,1,1,1.0
SR-p53,O=c1[nH]cnc2cccc(Sc3ccncc3)c12,1,1,1.0
SR-p53,O=c1[nH]cnc2ccccc12,1,0,0.0
SR-p53,O=c1[nH]cnc2nc[nH]c12,1,0,
SR-p53,O=c1[nH]cnnc1-c1ccccc1,1,0,0.0
SR-p53,O=c1[nH]nc2c3cc(-c4ccccc4)c(-c4ccc(C5CCC5)cc4)nc3ccn12,1,0,
SR-p53,O=c1[nH]ncc2ccccc12,1,0,0.0
SR-p53,O=c1[nH]ncn1-c1ccc(N2CCN(c3ccc(OCC4COC(Cn5cncn5)(c5ccccc5)C4)cc3)CC2)cc1,1,0,0.0
SR-p53,O=c1[nH]ncn1-c1ccc(N2CCN(c3ccc(OCC4COC(Cn5cncn5)(c5ccccc5)O4)cc3)CC2)cc1,1,0,0.0
SR-p53,O=c1[nH]ncs1,1,0,0.0
SR-p53,O=c1[nH]nnc2cncn12,1,0,0.0
SR-p53,O=c1[nH]nnn1CCN1CCC(Nc2ccccc2)CC1,1,0,0.0
SR-p53,O=c1[nH]oc2c1CCNC2,1,0,0.0
SR-p53,O=c1c(-c2ccccc2)c1-c1ccccc1,1,1,1.0
SR-p53,O=c1c(-c2ccccc2)c[nH]cc1-c1ccccc1,1,0,0.0
SR-p53,O=c1c(-c2nnn[nH]2)cnc2ccccn12,1,0,0.0
SR-p53,O=c1c(CCN2CCC(=C(c3ccccc3)c3ccccc3)CC2)cnc2sccn12,1,0,0.0
SR-p53,O=c1c(N=Nc2ccccc2)c[nH]n1-c1ccccc1,1,0,0.0
SR-p53,O=c1c2ccccc2[nH]c2ccccc12,1,1,1.0
SR-p53,O=c1c2ccccc2[se]n1-c1ccccc1,1,0,0.0
SR-p53,O=c1c2ccccc2c(=O)c2c1ccc1[nH]c3c(ccc4c(=O)c5ccccc5c(=O)c43)[nH]c12,1,0,0.0
SR-p53,O=c1c2ccccc2c(Cc2ccccc2)nn1C1CCCNCC1,1,0,0.0
SR-p53,O=c1c2ccccc2cnn1Cc1ccccc1,1,0,0.0
SR-p53,O=c1c2ccccc2oc2ccccc12,1,0,0.0
SR-p53,O=c1c2ccccc2oc2ncccc12,1,0,0.0
SR-p53,O=c1c2sccsc=2c(=O)c2ccccc12,1,0,
SR-p53,O=c1cc(-c2ccccc2)[nH]cn1,1,0,0.0
SR-p53,O=c1cc(-c2ccccc2)oc2c(C3CCNCC3)cccc12,1,0,0.0
SR-p53,O=c1cc(-c2ccccc2)oc2cc(OC3CCCC(COC4CCCCO4)O3)ccc12,1,0,0.0
SR-p53,O=c1cc(-c2ccccc2)oc2ccc3ccccc3c12,1,0,0.0
SR-p53,O=c1cc(CCN2CCN(c3nccc4sccc34)CC2)c2ccccc2[nH]1,1,0,0.0
SR-p53,O=c1cc(CNCCc2ccccc2)[nH]n1-c1ccccc1,1,0,0.0
SR-p53,O=c1cc(N2CCOCC2)cn[nH]1,1,0,
SR-p53,O=c1cc(NCC=CCOc2cc(CN3CCCCC3)ccn2)c1=O,1,0,0.0
SR-p53,O=c1cc(NCCCN2CCN(c3ccccc3)CC2)[nH]c(=O)[nH]1,1,0,0.0
SR-p53,O=c1cc(NCCNCCCc2ccccc2)[nH]c(=O)[nH]1,1,0,0.0
SR-p53,O=c1cc(Oc2ccccc2)c2cncnc2[nH]1,1,0,0.0
SR-p53,O=c1cc(SCc2ccccc2)cn[nH]1,1,0,
SR-p53,O=c1cc2n(c3cc(N4CCNCC4)ccc13)CS2,1,0,
SR-p53,O=c1cc2oc3ccccc3nc-2c2cccnc12,1,0,0.0
SR-p53,O=c1cc[nH]c(=O)n1-c1ccccc1,1,0,0.0
SR-p53,O=c1cc[nH]c2cc(OCc3ccccc3)ccc12,1,0,0.0
SR-p53,O=c1cc[nH]c2cc3c(cc12)OCO3,1,0,0.0
SR-p53,O=c1cc[nH]c2cc3occc(=O)c3cc12,1,0,0.0
SR-p53,O=c1cc[nH]c2ccccc12,1,0,0.0
SR-p53,O=c1cc[nH]c2nc(N3CCCC3)ncc12,1,0,0.0
SR-p53,O=c1cc[nH]c2nc(N3CCNCC3)ccc12,1,0,0.0
SR-p53,O=c1cc[nH]c2nc(N3CCNCC3)ncc12,1,0,0.0
SR-p53,O=c1cc[nH]c2ncccc12,1,0,0.0
SR-p53,O=c1cc[nH]cc1,1,0,0.0
SR-p53,O=c1ccc(-c2ccc3nccn3c2)c[nH]1,1,0,0.0
SR-p53,O=c1ccc(-c2ccccc2)n[nH]1,1,0,0.0
SR-p53,O=c1ccc(=O)[nH][nH]1,1,0,0.0
SR-p53,O=c1ccc(C2CC3OC34C2CCC2C3CCCCC3CCC24)co1,1,1,1.0
SR-p53,O=c1ccc(C2CCC3C2CCC2C4CCC(OC5CCCCO5)C=C4CCC23)co1,1,0,0.0
SR-p53,O=c1ccc1=O,1,0,0.0
SR-p53,O=c1ccc2cc(OC3CCCCO3)ccc2o1,1,1,1.0
SR-p53,O=c1ccc2cc(OCCCNCc3ccccc3)ccc2[nH]1,1,0,0.0
SR-p53,O=c1ccc2ccc(OC3CCCCS3)cc2o1,1,0,
SR-p53,O=c1ccc2ccccc2[nH]1,1,0,0.0
SR-p53,O=c1cccc(C2CCCCC2)[nH]1,1,0,
SR-p53,O=c1cccc(C=Cc2ccccc2)o1,1,0,0.0
SR-p53,O=c1cccc2c(c1)CCCc1cc(OC3CCCCO3)ccc1-2,1,0,0.0
SR-p53,O=c1cccc[nH]1,1,0,
SR-p53,O=c1cccccc1,1,0,0.0
SR-p53,O=c1ccccn1-c1ccccc1,1,0,0.0
SR-p53,O=c1cccco1,1,0,0.0
SR-p53,O=c1ccn(-c2ccccc2)c2ccc(Nc3ccccc3)cc12,1,0,0.0
SR-p53,O=c1ccn(-c2ccccc2)c2nc(N3CCCC3)ccc12,1,0,0.0
SR-p53,O=c1ccn(C2C=CCO2)c(=O)[nH]1,1,0,0.0
SR-p53,O=c1ccn(C2CC2)c2cc(-c3ccc4c(c3)CNC4)ccc12,1,0,
SR-p53,O=c1ccn(C2CC2)c2cc(N3CC4CC3CN4)ccc12,1,0,0.0
SR-p53,O=c1ccn(C2CC2)c2cc(N3CC4CCCNC4C3)ccc12,1,0,0.0
SR-p53,O=c1ccn(C2CC2)c2cc(N3CCC4(CC4)C3)ccc12,1,0,0.0
SR-p53,O=c1ccn(C2CC2)c2cc(N3CCCCC3)ccc12,1,0,0.0
SR-p53,O=c1ccn(C2CC2)c2ccccc12,1,0,
SR-p53,O=c1ccn2c3c(c(C4CC4)ccc13)OCC2,1,0,0.0
SR-p53,O=c1ccn2c3c(c(N4CCCCC4)ccc13)CCC2,1,0,0.0
SR-p53,O=c1ccn2c3c(c(N4CCNCC4)ccc13)OCC2,1,0,0.0
SR-p53,O=c1ccn2c3c(c(N4CCNCC4)ccc13)OCN2,1,0,0.0
SR-p53,O=c1ccn2c3c(c(N4CCNCC4)ccc13)SCC2,1,0,0.0
SR-p53,O=c1ccnc(NC2CCN(c3nc4ccccc4n3Cc3ccccc3)CC2)[nH]1,1,0,0.0
SR-p53,O=c1cco[nH]1,1,0,0.0
SR-p53,O=c1ccoc2cc3occc3cc12,1,0,0.0
SR-p53,O=c1ccoc2ccc(Oc3ccccc3)cc12,1,0,0.0
SR-p53,O=c1ccss1,1,0,
SR-p53,O=c1cn[nH]c(=S)[nH]1,1,0,0.0
SR-p53,O=c1cn[nH]c2cc3c(cc12)OCO3,1,0,0.0
SR-p53,O=c1cnn(-c2ccc(Cc3ccccc3)cc2)c(=O)[nH]1,1,1,1.0
SR-p53,O=c1cnn(C2CCCO2)c(=O)[nH]1,1,0,
SR-p53,O=c1cnnc[nH]1,1,0,0.0
SR-p53,O=c1n(CC2CO2)c(=O)n(CC2CO2)c(=O)n1CC1CO1,1,1,1.0
SR-p53,O=c1n(CCCN2CCN(c3ccccc3)CC2)nc2ccccn12,1,0,0.0
SR-p53,O=c1n(CCOc2ccccc2)cnn1CCCN1CCN(c2ccccc2)CC1,1,0,0.0
SR-p53,O=c1n(Cc2ccccc2)c(=O)n(Cc2ccccc2)c(=O)n1Cc1ccccc1,1,0,
SR-p53,O=c1nc(-c2cccc(S(=O)(=O)N3CCNCC3)c2)[nH]n2cncc12,1,0,0.0
SR-p53,O=c1nc(NS(=O)(=O)c2ccccc2)cc[nH]1,1,0,
SR-p53,O=c1nc[nH]c(=O)n1C1CCCCC1,1,0,0.0
SR-p53,O=c1nc[nH]c2[nH]cc(CCc3ccccc3)c12,1,0,0.0
SR-p53,O=c1nc[nH]c2c1NC(CNc1ccccc1)CN2,1,0,0.0
SR-p53,O=c1nc[nH]c2ncc(CNc3ccccc3)nc12,1,0,0.0
SR-p53,O=c1ncccn1C1COCO1,1,0,
SR-p53,O=c1nccnn1C1CCCO1,1,1,1.0
SR-p53,O=c1nn[nH]c2ccccc12,1,0,0.0
SR-p53,O=c1oc(=O)c2cc3c(=O)oc(=O)c3cc12,1,0,0.0
SR-p53,O=c1oc2cccc3c(=O)oc4cccc1c4c23,1,0,0.0
SR-p53,O=c1oc2ccccc2c2oc3ccccc3c12,1,0,0.0
SR-p53,O=c1oc2ccccc2cc1C(CCc1ccc(-c2ccccc2)cc1)c1ccccc1,1,1,1.0
SR-p53,O=c1oc2ccccc2cc1C1CCCc2ccccc21,1,0,0.0
SR-p53,O=c1oc2ccccc2s1,1,0,0.0
SR-p53,O=c1occ(CN2CCN(c3ccc4c(=O)cc5n(c4c3)CS5)CC2)o1,1,0,0.0
SR-p53,O=c1ocnc2ccccc12,1,0,0.0
SR-p53,O=c1ocnn1-c1ccccc1,1,0,0.0
SR-p53,O=c1sc(=Nc2ccccc2)n2n1CCCC2,1,0,0.0
SR-p53,O=c1sc2ccccc2cc1C1CC(c2ccc(-c3ccccc3)cc2)Cc2ccccc21,1,0,
SR-p53,S=C(NC1CCCCC1)NC1CCCCC1,1,0,0.0
SR-p53,S=C(Nc1ccccc1)Oc1ccc2c(c1)C1CCC2C1,1,0,
SR-p53,S=C(Nc1ccccc1)Oc1ccc2c(c1)CCC2,1,0,0.0
SR-p53,S=C(Nc1ccccc1)Oc1ccc2ccccc2c1,1,0,0.0
SR-p53,S=C(Nc1ccccn1)Oc1ccc2c(c1)CCCC2,1,0,0.0
SR-p53,S=C(SSC(=S)N1CCCCC1)N1CCCCC1,1,0,0.0
SR-p53,S=C(SSSSSSC(=S)N1CCCCC1)N1CCCCC1,1,0,0.0
SR-p53,S=C1CN=C(c2ccccc2)c2ccccc2N1,1,0,0.0
SR-p53,S=C1NC(c2ccccc2)N2C(=S)NC(c3ccccc3)N12,1,0,0.0
SR-p53,S=C1NC=NC2N=CNC12,1,1,1.0
SR-p53,S=C1NCCN1,1,0,0.0
SR-p53,S=C1NCNCS1,1,0,0.0
SR-p53,S=C1SCN(Cc2ccccc2)CN1Cc1ccccc1,1,0,0.0
SR-p53,S=P(N1CC1)(N1CC1)N1CC1,1,1,1.0
SR-p53,S=c1[nH]c2ccccc2[nH]1,1,0,0.0
SR-p53,S=c1[nH]cnc2[nH]cnc12,1,1,1.0
SR-p53,S=c1[nH]cnc2nc[nH]c12,1,1,1.0
SR-p53,S=c1cc(-c2ccccc2)ss1,1,0,0.0
SR-p53,S=c1cccc[nH]1,1,0,
SR-p53,S=c1cccc[nH]1.S=c1cccc[nH]1,1,1,1.0
SR-p53,S=c1nc[nH][nH]1,1,0,0.0
SR-p53,S=c1nccc[nH]1,1,0,0.0
SR-p53,S=c1scc(-c2ccccc2)n1N=Cc1ccccc1,1,0,0.0
SR-p53,[C-]1=CCC=C1.c1cc[cH-]c1,1,0,
SR-p53,[N+]=C1C=Cc2ccccc2C1=O,1,0,0.0
SR-p53,c1[nH]nc2c1CC1NCCCC1C2,1,0,0.0
SR-p53,c1[nH]nc2c1CCCC2,1,0,0.0
SR-p53,c1c2c(nc3c1CCC3)CCCC2,1,0,0.0
SR-p53,c1c[n+](N2CCOCC2)no1,1,0,0.0
SR-p53,c1c[nH+]ccn1,1,0,0.0
SR-p53,c1cc(-c2ccc3ccccc3c2)cc(C23CC4CC(CC(C4)C2)C3)c1,1,1,1.0
SR-p53,c1cc(-c2ccncc2)ccn1,1,0,0.0
SR-p53,c1cc(C(c2ccc(OCC3CO3)cc2)c2ccc(OCC3CO3)cc2)ccc1OCC1CO1,1,0,0.0
SR-p53,c1cc(CCCOc2ccc(-c3ncon3)cc2)on1,1,0,
SR-p53,c1cc(CCCc2ccncc2)ccn1,1,0,0.0
SR-p53,c1cc(CN2CCCCC2)cc(OCCCNc2nc3ccccc3s2)c1,1,0,
SR-p53,c1cc(N(CC2CO2)CC2CO2)ccc1Cc1ccc(N(CC2CO2)CC2CO2)cc1,1,1,1.0
SR-p53,c1cc(N(CC2CO2)CC2CO2)ccc1OCC1CO1,1,1,1.0
SR-p53,c1cc(N2CCCCC2)nc[nH+]1,1,0,0.0
SR-p53,c1cc(N2CCN(c3ncncn3)CC2)ncn1,1,0,0.0
SR-p53,c1cc(NC2=NCCN2)c2nsnc2c1,1,0,0.0
SR-p53,c1cc(OCC2CO2)cc(OCC2CO2)c1,1,1,1.0
SR-p53,c1cc(SSc2ccoc2)co1,1,1,1.0
SR-p53,c1cc(Sc2ccc(-n3ccnc3)cc2)cc(C2CCOCC2)c1,1,0,0.0
SR-p53,c1cc2c(c(-c3cc[nH]c3)c1)OCO2,1,1,1.0
SR-p53,c1cc2c(c(N3CCNCC3)c1)OCCO2,1,0,0.0
SR-p53,c1cc2c(c(NC3=NCCN3)c1)CCCC2,1,0,0.0
SR-p53,c1cc2c(c3c1CCC3)CCO2,1,0,0.0
SR-p53,c1cc2c(c[nH+]c3c4cc5c(cc4ccc23)OCO5)c2c1OCO2,1,0,
SR-p53,c1cc2c(cc1OC1CCCC1)CCC1C2CCC2CCCC21,1,0,0.0
SR-p53,c1cc2c(o1)CCCC2,1,0,0.0
SR-p53,c1cc2c3c(c1)OC1C4CCC5(CC4)C(C2)N(CC2CC2)CCC315,1,0,
SR-p53,c1cc2c3c(c1)OC1CCCC4C(C2)N(CC2CCC2)CCC314,1,0,0.0
SR-p53,c1cc2c3c(c1)OC1CCCC4C(C2)NCCC314,1,0,0.0
SR-p53,c1cc2c3c(c1)ccc1cccc(c13)C2,1,0,0.0
SR-p53,c1cc2c3c(c4ccc5ccccc5c4cc3c1)CC2,1,0,0.0
SR-p53,c1cc2cc(c1)Oc1ccc(cc1)CC1NCCc3cc4c(c(c31)Oc1ccc3c(c1)C(C2)NCC3)OCO4,1,0,
SR-p53,c1cc2cc(c1)Oc1ccc3c(c1)C(Cc1ccc(cc1)Oc1cccc4c1C(C2)[NH2+]CC4)NCC3,1,0,0.0
SR-p53,c1cc2cc(c1)Oc1ccc3c(c1)C(Cc1ccc(cc1)Oc1cccc4c1C(C2)[NH2+]CC4)[NH2+]CC3,1,0,0.0
SR-p53,c1cc2ccc3ccc4ccc5cccc6c(c1)c2c3c4c56,1,1,1.0
SR-p53,c1cc2cnn(C3CCCCC3)c2cc1C1CCCCC1,1,1,1.0
SR-p53,c1cc[n+](Cc2cncnc2)cc1,1,0,0.0
SR-p53,c1cc[n+]2c(c1)-c1cccc[n+]1CC2,1,0,
SR-p53,c1cc[nH]c1,1,0,0.0
SR-p53,c1ccc(-c2[nH+]c3ccccc3c3ccccc23)cc1,1,1,1.0
SR-p53,c1ccc(-c2c[nH]c3ccccc23)cc1,1,0,0.0
SR-p53,c1ccc(-c2c[nH]cn2)cc1,1,0,
SR-p53,c1ccc(-c2cc(-c3ccccc3)[nH+][nH]2)cc1,1,0,0.0
SR-p53,c1ccc(-c2cc(C3CC3)nc3ccccc23)cc1,1,0,0.0
SR-p53,c1ccc(-c2cc(N3CCNCC3)nc3c2CCCCCC3)cc1,1,0,0.0
SR-p53,c1ccc(-c2cc3ccccc3n2Cc2ccc(OCCN3CCCCCC3)cc2)cc1,1,0,0.0
SR-p53,c1ccc(-c2cc[nH]c2)cc1,1,0,
SR-p53,c1ccc(-c2cc[nH]n2)cc1,1,0,0.0
SR-p53,c1ccc(-c2ccc(-c3ccccc3)cc2)cc1,1,0,0.0
SR-p53,c1ccc(-c2ccc(C(c3ccccc3)n3ccnc3)cc2)cc1,1,0,
SR-p53,c1ccc(-c2ccc(CC3COc4cc(C5CCCC5)ccc4C3)cc2)cc1,1,0,
SR-p53,c1ccc(-c2ccc(COC3CCC(N4CCCCC4)C3)cc2)cc1,1,0,0.0
SR-p53,c1ccc(-c2ccc(Cn3cnc4ccc(-c5nc6ccccc6[nH]5)cc43)cc2)cc1,1,0,0.0
SR-p53,c1ccc(-c2ccc(NCCN3CCOCC3)nn2)cc1,1,0,0.0
SR-p53,c1ccc(-c2ccc[nH]2)cc1,1,1,1.0
SR-p53,c1ccc(-c2cccc(-c3ccccc3)c2)cc1,1,0,0.0
SR-p53,c1ccc(-c2cccc(-c3cnc4nccnn34)c2)cc1,1,0,0.0
SR-p53,c1ccc(-c2cccc(-c3nc[nH]n3)c2)cc1,1,0,
SR-p53,c1ccc(-c2ccccc2-c2nnn[nH]2)cc1,1,0,0.0
SR-p53,c1ccc(-c2ccccn2)nc1,1,0,0.0
SR-p53,c1ccc(-c2cccnc2-c2cccnc2)cc1,1,0,0.0
SR-p53,c1ccc(-c2ccn(-c3ccccc3)n2)cc1,1,0,0.0
SR-p53,c1ccc(-c2ccnc3ccnn23)cc1,1,0,0.0
SR-p53,c1ccc(-c2ccncc2)cc1,1,0,0.0
SR-p53,c1ccc(-c2ccno2)cc1,1,0,0.0
SR-p53,c1ccc(-c2cnc3ncncc3n2)cc1,1,1,1.0
SR-p53,c1ccc(-c2cncnn2)cc1,1,0,0.0
SR-p53,c1ccc(-c2cncs2)cc1,1,0,0.0
SR-p53,c1ccc(-c2csc(-c3ccccc3)n2)cc1,1,0,0.0
SR-p53,c1ccc(-c2nc(-c3ccc[nH]3)sc2-c2ccccc2)cc1,1,0,
SR-p53,c1ccc(-c2nc(-c3ccccc3)n(-c3ccccc3)n2)cc1,1,0,0.0
SR-p53,c1ccc(-c2nc(-c3ccncc3)no2)cc1,1,0,0.0
SR-p53,c1ccc(-c2nc(CCOc3cccc4[nH]ccc34)co2)cc1,1,0,
SR-p53,c1ccc(-c2nc3ccccc3[nH]2)cc1,1,0,0.0
SR-p53,c1ccc(-c2nc3ncccc3[nH]2)cc1,1,0,0.0
SR-p53,c1ccc(-c2nc[nH]c2-c2ccccc2)cc1,1,1,1.0
SR-p53,c1ccc(-c2ncco2)cc1,1,0,0.0
SR-p53,c1ccc(-c2ncoc2-c2ccc3nncn3c2)cc1,1,0,0.0
SR-p53,c1ccc(-c2ncoc2-c2ccccc2)cc1,1,0,0.0
SR-p53,c1ccc(-c2ncon2)cc1,1,0,0.0
SR-p53,c1ccc(-c2nnc(-c3ccccc3)nn2)cc1,1,0,0.0
SR-p53,c1ccc(-c2nnco2)cc1,1,0,
SR-p53,c1ccc(-c2nnn[nH]2)c(-c2ccc(Cn3ccnc3)cc2)c1,1,0,0.0
SR-p53,c1ccc(-c2nnn[nH]2)c(-c2ccc(Cn3cnc4ccccc43)cc2)c1,1,0,
SR-p53,c1ccc(-c2nnn[nH]2)c(-c2ccc(Cn3cnc4cccnc43)cc2)c1,1,0,0.0
SR-p53,c1ccc(-c2noc(-c3ccccc3)n2)cc1,1,0,0.0
SR-p53,c1ccc(-c2ocnc2C2CCCCC2)cc1,1,0,
SR-p53,c1ccc(-n2cnnn2)cc1,1,0,0.0
SR-p53,c1ccc(B(c2ccccc2)c2ccccc2)cc1,1,0,0.0
SR-p53,c1ccc(C(=C2CCCCC2)c2ccccc2)cc1,1,0,
SR-p53,c1ccc(C(=C2CC[NH2+]C2)c2ccccc2)cc1,1,0,0.0
SR-p53,c1ccc(C(=C2CC[NH2+]CC2)c2ccccc2)cc1,1,0,0.0
SR-p53,c1ccc(C(CCCN2CCCCC2)c2ccccc2)cc1,1,0,0.0
SR-p53,c1ccc(C(CCCN2CCCCC2)c2ccccn2)cc1,1,0,
SR-p53,c1ccc(C(CCCN2CCNCC2)c2ccccc2)cc1,1,0,0.0
SR-p53,c1ccc(C(CCN2CCCC2)C2CCCCC2)cc1,1,0,0.0
SR-p53,c1ccc(C(CCN2CCCCC2)C2CCCCC2)cc1,1,0,0.0
SR-p53,c1ccc(C(CCN2CCCCC2)c2ccccc2)cc1,1,0,0.0
SR-p53,c1ccc(C(CC[NH+]2CCCCC2)c2ccccc2)cc1,1,0,0.0
SR-p53,c1ccc(C(CN2CC[NH2+]CC2)C2CCCCC2)cc1,1,0,0.0
SR-p53,c1ccc(C(Cc2ccncn2)Cn2cncn2)cc1,1,0,0.0
SR-p53,c1ccc(C(Cn2ccnc2)OCc2ccsc2)cc1,1,0,
SR-p53,c1ccc(C(Cn2ccnc2)OCc2csc3ccccc23)cc1,1,0,
SR-p53,c1ccc(C(Cn2cncn2)c2ccccc2)cc1,1,0,0.0
SR-p53,c1ccc(C(OC2CCNCC2)c2ccccc2)cc1,1,0,0.0
SR-p53,c1ccc(C(OCCC2CCCN2)c2ccccc2)cc1,1,0,0.0
SR-p53,c1ccc(C(OCCN2CCCCC2)c2ccccc2)cc1,1,0,0.0
SR-p53,c1ccc(C(c2ccc3nc[nH]c3c2)n2ccnc2)cc1,1,0,0.0
SR-p53,c1ccc(C(c2ccccc2)(c2ccccc2)n2ccnc2)cc1,1,0,
SR-p53,c1ccc(C(c2ccccc2)C2CCN(CCc3ccc4c(c3)CCO4)C2)cc1,1,0,0.0
SR-p53,c1ccc(C(c2ccccc2)C2CCNCC2)cc1,1,0,0.0
SR-p53,c1ccc(C(c2ccccc2)C2CN3CCC2CC3)cc1,1,0,0.0
SR-p53,c1ccc(C(c2ccccc2)N2CCCNCC2)cc1,1,0,
SR-p53,c1ccc(C(c2ccccc2)N2CCN(c3ncncn3)CC2)cc1,1,0,
SR-p53,c1ccc(C(c2ccccc2)c2ccccn2)cc1,1,1,1.0
SR-p53,c1ccc(C(c2ccccc2)c2cccnc2)cc1,1,1,1.0
SR-p53,c1ccc(C(c2ccccc2)n2cncn2)cc1,1,0,0.0
SR-p53,c1ccc(C(c2cncnc2)C2CC2)cc1,1,0,0.0
SR-p53,c1ccc(C2(C3CCCCC3)OCC(C[NH+]3CCCCC3)O2)cc1,1,0,0.0
SR-p53,c1ccc(C2(Cn3ccnc3)OCC(COc3ccc(N4CCNCC4)cc3)O2)cc1,1,0,0.0
SR-p53,c1ccc(C2(Cn3cncn3)OCC(COc3ccc(N4CCNCC4)cc3)O2)cc1,1,0,0.0
SR-p53,c1ccc(C2(c3ccccc3)CC2C2=NCCN2)cc1,1,0,0.0
SR-p53,c1ccc(C2(c3ccccc3)CC3CC2C2CCCC32)cc1,1,0,
SR-p53,c1ccc(C2(c3ccccc3)OCC(C[NH+]3CCCCC3)O2)cc1,1,0,0.0
SR-p53,c1ccc(C2(c3ccccc3)c3ccccc3-c3ccccc32)cc1,1,1,1.0
SR-p53,c1ccc(C2=NC(c3ccccc3)CO2)cc1,1,0,0.0
SR-p53,c1ccc(C2=NC3c4ccccc4CC3S2)cc1,1,0,0.0
SR-p53,c1ccc(C2=NCCNc3ccccc32)cc1,1,0,
SR-p53,c1ccc(C2=NCc3cncn3-c3ccccc32)cc1,1,0,0.0
SR-p53,c1ccc(C2=Nc3c[nH]nc3Nc3ccccc32)cc1,1,1,1.0
SR-p53,c1ccc(C2CC(c3ccc4c(c3)OCO4)c3cccnc32)cc1,1,0,0.0
SR-p53,c1ccc(C2CC2)c(OCC2=NCCN2)c1,1,0,0.0
SR-p53,c1ccc(C2CCC(N3CCC(c4ccccc4)CC3)CC2)cc1,1,0,0.0
SR-p53,c1ccc(C2CCC2)cc1,1,0,0.0
SR-p53,c1ccc(C2CCCCNC2)cc1,1,0,0.0
SR-p53,c1ccc(C2CCCNC2)cc1,1,0,0.0
SR-p53,c1ccc(C2CCCc3cncn32)cc1,1,0,0.0
SR-p53,c1ccc(C2CCN(C3COc4ccccc4C3)CC2)cc1,1,0,0.0
SR-p53,c1ccc(C2CCN(CCCC(c3ccccc3)c3ccccc3)CC2)cc1,1,0,
SR-p53,c1ccc(C2CCNCC2COc2ccc3c(c2)OCO3)cc1,1,0,
SR-p53,c1ccc(C2CCc3ccccc32)cc1,1,0,
SR-p53,c1ccc(C2CCc3ccccc3O2)cc1,1,0,0.0
SR-p53,c1ccc(C2CNCCO2)cc1,1,0,0.0
SR-p53,c1ccc(C2CNCc3ccccc32)cc1,1,0,0.0
SR-p53,c1ccc(C2COc3ccccc3C2c2ccc(OCCN3CCCC3)cc2)cc1,1,0,
SR-p53,c1ccc(C2Cc3ccccc3O2)cc1,1,0,0.0
SR-p53,c1ccc(C2OC2(Cn2cncn2)c2ccccc2)cc1,1,0,0.0
SR-p53,c1ccc(C2OCCNCc3ccccc32)cc1,1,0,0.0
SR-p53,c1ccc(C2OCCO2)cc1,1,0,0.0
SR-p53,c1ccc(C2OCc3ccccc32)cc1,1,0,0.0
SR-p53,c1ccc(CC(c2ccccc2)c2ccccc2)cc1,1,0,
SR-p53,c1ccc(CC2CCCC2)cc1,1,0,0.0
SR-p53,c1ccc(CC2CCCCCC2)cc1,1,0,
SR-p53,c1ccc(CC2CCCCN2)cc1,1,0,0.0
SR-p53,c1ccc(CC2COc3ccc(OCc4nc5ccccc5s4)cc3C2)cc1,1,0,
SR-p53,c1ccc(CC2NCCc3ccccc32)cc1,1,0,0.0
SR-p53,c1ccc(CCC(Cn2ccnc2)Sc2ccccc2)cc1,1,0,
SR-p53,c1ccc(CCC(Cn2cncn2)c2ccccc2)cc1,1,0,
SR-p53,c1ccc(CCC2CO2)cc1,1,0,0.0
SR-p53,c1ccc(CCCCNCc2ccc(-c3ccccn3)cc2)cc1,1,0,0.0
SR-p53,c1ccc(CCCCOCCCCCCNCCc2ccccc2)cc1,1,0,0.0
SR-p53,c1ccc(CCCCn2cncn2)cc1,1,0,0.0
SR-p53,c1ccc(CCCN2CCN(CCOC(c3ccccc3)c3ccccc3)CC2)cc1,1,0,
SR-p53,c1ccc(CCCNCCCc2ccccc2)cc1,1,0,0.0
SR-p53,c1ccc(CCCNCc2cccc3ccccc23)cc1,1,0,
SR-p53,c1ccc(CCCOc2cccc3ccccc23)cc1,1,0,
SR-p53,c1ccc(CCCc2ccccn2)cc1,1,0,0.0
SR-p53,c1ccc(CCCc2ccncc2)cc1,1,0,0.0
SR-p53,c1ccc(CCN2CCC(Nc3nc4ccccc4n3Cc3ccccc3)CC2)cc1,1,0,
SR-p53,c1ccc(CCN2CCC(c3nc4ccccc4[nH]3)CC2)cc1,1,0,
SR-p53,c1ccc(CCNC2CCc3ccccc3C2)cc1,1,0,
SR-p53,c1ccc(CCNCCC(c2ccccc2)c2ccccc2)cc1,1,0,0.0
SR-p53,c1ccc(CCNCCCOc2ccccc2)cc1,1,0,0.0
SR-p53,c1ccc(CCNCCOC(c2ccccc2)c2ccccc2)cc1,1,0,0.0
SR-p53,c1ccc(CCNCCc2cscn2)cc1,1,0,0.0
SR-p53,c1ccc(CCNCc2ccccc2)cc1,1,0,0.0
SR-p53,c1ccc(CCNCc2ccco2)cc1,1,0,
SR-p53,c1ccc(CCNc2ccccc2)cc1,1,0,
SR-p53,c1ccc(CCNc2nc(-c3ccccc3)cs2)cc1,1,0,0.0
SR-p53,c1ccc(CCOC2CCC(Nc3[nH]cnc4nncc3-4)CC2)cc1,1,0,0.0
SR-p53,c1ccc(CCOC2CCCCO2)cc1,1,0,
SR-p53,c1ccc(CCOCC2CC2)cc1,1,0,0.0
SR-p53,c1ccc(CCOCc2cccc(Oc3ccccc3)c2)cc1,1,0,0.0
SR-p53,c1ccc(CCOc2ccccc2)cc1,1,0,0.0
SR-p53,c1ccc(CCOc2ncnc3ccccc23)cc1,1,0,0.0
SR-p53,c1ccc(CCc2cc3c(s2)-n2cnnc2CN=C3c2ccccc2)cc1,1,0,
SR-p53,c1ccc(CCc2cnc3ncncc3n2)cc1,1,1,1.0
SR-p53,c1ccc(CCn2ccnc2)cc1,1,1,1.0
SR-p53,c1ccc(CN(CC2=NCCN2)c2ccccc2)cc1,1,0,
SR-p53,c1ccc(CN(CCN2CCCC2)c2ccccc2)cc1,1,0,
SR-p53,c1ccc(CN(Cc2ccccc2)Cc2ccccc2)cc1,1,0,0.0
SR-p53,c1ccc(CN(c2ccccc2)C2CCNCC2)cc1,1,0,
SR-p53,c1ccc(CN2CCC(Nc3ccccc3)CC2)cc1,1,0,0.0
SR-p53,c1ccc(CN2CCc3ccsc3C2)cc1,1,0,
SR-p53,c1ccc(CNC2CCCNC2c2ccccc2)cc1,1,0,0.0
SR-p53,c1ccc(CNC2CCNc3ccccc32)cc1,1,0,0.0
SR-p53,c1ccc(CNCCC(c2ccccc2)c2ccccc2)cc1,1,0,
SR-p53,c1ccc(CNCCNCc2ccccc2)cc1,1,0,
SR-p53,c1ccc(CNCCOc2ccccc2)cc1,1,0,
SR-p53,c1ccc(CNCc2cccc3ccccc23)cc1,1,0,0.0
SR-p53,c1ccc(CNc2[nH]cnc3ncnc2-3)cc1,1,0,0.0
SR-p53,c1ccc(CNc2ncnc3c2ncn3C2CCCCO2)cc1,1,0,0.0
SR-p53,c1ccc(CNc2ncnc3c2ncn3C2CCCO2)cc1,1,0,0.0
SR-p53,c1ccc(COC2CC3CCC2O3)cc1,1,0,0.0
SR-p53,c1ccc(COCC(OCc2ccccc2)C2OCCC2OCc2ccccc2)cc1,1,0,
SR-p53,c1ccc(COCc2ccccc2)cc1,1,0,0.0
SR-p53,c1ccc(CON=C(Cn2ccnc2)c2ccccc2)cc1,1,0,
SR-p53,c1ccc(COOCc2ccccc2)cc1,1,0,0.0
SR-p53,c1ccc(COc2ccc(Nc3ncnc4ccc(-c5ccco5)cc34)cc2)cc1,1,0,
SR-p53,c1ccc(COc2ccc3c(c2)OCC3)cc1,1,0,0.0
SR-p53,c1ccc(COc2ccc3oc(-c4nccs4)cc3c2)cc1,1,0,
SR-p53,c1ccc(COc2ccccn2)cc1,1,1,1.0
SR-p53,c1ccc(COc2ccn(-c3ccccc3)n2)cc1,1,1,1.0
SR-p53,c1ccc(CSC(Cn2ccnc2)c2ccccc2)cc1,1,0,
SR-p53,c1ccc(CSCc2ccccc2)cc1,1,0,0.0
SR-p53,c1ccc(CSc2nc3ccccc3[nH]2)nc1,1,0,
SR-p53,c1ccc(C[N+]2(CCOCCC3CCC4CC3C4)CCOCC2)cc1,1,0,0.0
SR-p53,c1ccc(C[SH+]c2nc3ncccc3[nH]2)nc1,1,0,0.0
SR-p53,c1ccc(C[n+]2cccc3ccccc32)cc1,1,0,0.0
SR-p53,c1ccc(Cc2cc(C3CCN(CC4CCCC4c4ccccc4)CC3)[nH]n2)cc1,1,0,0.0
SR-p53,c1ccc(Cc2cc(Cc3ccccc3)cc(-n3nc4ccccc4n3)c2)cc1,1,0,0.0
SR-p53,c1ccc(Cc2ccc(Nc3ccc(Cc4ccccc4)cc3)cc2)cc1,1,0,
SR-p53,c1ccc(Cc2cccc(Cc3ccccc3)c2)cc1,1,0,
SR-p53,c1ccc(Cn2c(CN3CCCC3)nc3ccccc32)cc1,1,0,0.0
SR-p53,c1ccc(Cn2c3c(c4ccccc42)CNCC3)cc1,1,0,0.0
SR-p53,c1ccc(Cn2cc[nH+]c2)cc1,1,0,0.0
SR-p53,c1ccc(Cn2ccc3ccccc32)cc1,1,0,0.0
SR-p53,c1ccc(Cn2ccnn2)cc1,1,0,0.0
SR-p53,c1ccc(Cn2cnc3ccccc32)cc1,1,0,
SR-p53,c1ccc(Cn2cnc3cncnc32)cc1,1,0,
SR-p53,c1ccc(Cn2cncn2)cc1,1,0,0.0
SR-p53,c1ccc(N(CC2=NCCN2)c2ccccc2)cc1,1,0,
SR-p53,c1ccc(N(Cc2cccnc2)c2ccccc2)cc1,1,0,0.0
SR-p53,c1ccc(N(Cc2cccs2)C2CCNCC2)cc1,1,0,0.0
SR-p53,c1ccc(N2CCCCC2)nc1,1,0,0.0
SR-p53,c1ccc(N2CCN(C3(c4ccccc4)CCCCC3)CC2)cc1,1,0,0.0
SR-p53,c1ccc(N2CCN(CCCOc3cccc4ccccc34)CC2)cc1,1,0,0.0
SR-p53,c1ccc(N2CCN(CCc3c[nH]c4ccccc34)CC2)cc1,1,0,0.0
SR-p53,c1ccc(N2CCN(CCc3nnc4n3CCCC4)CC2)cc1,1,0,0.0
SR-p53,c1ccc(N2CCOCC2)cc1,1,0,0.0
SR-p53,c1ccc(N=C2NCCN2)cc1,1,0,0.0
SR-p53,c1ccc(N=NNc2ccccc2)cc1,1,0,0.0
SR-p53,c1ccc(N=Nc2ccc(-c3ccc(N=Nc4ccc5ccc(N=Nc6ccccc6)cc5c4)cc3)cc2)cc1,1,0,0.0
SR-p53,c1ccc(N=Nc2ccc(N=Nc3cccc4ccccc34)cc2)cc1,1,0,0.0
SR-p53,c1ccc(N=Nc2ccc(N=Nc3ccccc3)cc2)cc1,1,0,0.0
SR-p53,c1ccc(N=Nc2cccc(N=Nc3ccccc3)c2)cc1,1,0,0.0
SR-p53,c1ccc(N=Nc2cccnc2)cc1,1,1,1.0
SR-p53,c1ccc(NC2=NCCCS2)cc1,1,0,0.0
SR-p53,c1ccc(NC2CCCCO2)cc1,1,0,0.0
SR-p53,c1ccc(NC2CCN(Cc3cccs3)CC2)cc1,1,0,0.0
SR-p53,c1ccc(NC2Cc3ccccc3C2)cc1,1,0,
SR-p53,c1ccc(NCC2CC2)cc1,1,0,0.0
SR-p53,c1ccc(NCC2CNc3ncncc3N2)cc1,1,0,0.0
SR-p53,c1ccc(NCCCNc2ccccc2)cc1,1,0,0.0
SR-p53,c1ccc(NCCCc2cccnc2)cc1,1,0,0.0
SR-p53,c1ccc(NCc2ccc3ncncc3c2)cc1,1,0,
SR-p53,c1ccc(NCc2ccco2)cc1,1,0,0.0
SR-p53,c1ccc(NCc2cccs2)nc1,1,0,0.0
SR-p53,c1ccc(NCc2ccsc2)nc1,1,0,
SR-p53,c1ccc(NNc2ccccc2)cc1,1,0,0.0
SR-p53,c1ccc(Nc2c3ccccc3nc3ccccc23)cc1,1,1,1.0
SR-p53,c1ccc(Nc2ccc(N=Nc3cccc4ccccc34)c3ccccc23)cc1,1,0,0.0
SR-p53,c1ccc(Nc2ccc(Nc3ccccc3)cc2)cc1,1,0,0.0
SR-p53,c1ccc(Nc2ccc3[nH]cnc3c2)cc1,1,0,0.0
SR-p53,c1ccc(Nc2cccc3ccccc23)cc1,1,0,0.0
SR-p53,c1ccc(Nc2ccnc3cc(OCCCN4CCNCC4)ccc23)cc1,1,1,1.0
SR-p53,c1ccc(Nc2ccncc2)cc1,1,0,0.0
SR-p53,c1ccc(Nc2ccncn2)cc1,1,0,0.0
SR-p53,c1ccc(Nc2nccc(C3CC3)n2)cc1,1,0,0.0
SR-p53,c1ccc(Nc2nccc(Nc3ccc4c[nH]nc4c3)n2)cc1,1,1,1.0
SR-p53,c1ccc(Nc2ncnc3cc(OCC4CCNCC4)ccc23)cc1,1,0,
SR-p53,c1ccc(Nc2ncnc3cc(OCCCN4CCOCC4)ccc23)cc1,1,1,1.0
SR-p53,c1ccc(Nc2ncnc3ccc(OCCCN4CCOCC4)cc23)cc1,1,0,
SR-p53,c1ccc(Nc2ncnc3ccccc23)cc1,1,0,0.0
SR-p53,c1ccc(Nc2ncnc3cnc(NC4CCNCC4)nc23)cc1,1,1,1.0
SR-p53,c1ccc(Nc2nnc(Cc3ccncc3)c3ccccc23)cc1,1,0,0.0
SR-p53,c1ccc(OC(c2ccccc2)C2CNCCO2)cc1,1,0,0.0
SR-p53,c1ccc(OC2CCCCC2)cc1,1,0,
SR-p53,c1ccc(OC2CCCCO2)cc1,1,0,0.0
SR-p53,c1ccc(OCC2=NCCN2)cc1,1,0,
SR-p53,c1ccc(OCC2CCCO2)cc1,1,0,
SR-p53,c1ccc(OCC2CNCCO2)cc1,1,0,
SR-p53,c1ccc(OCCCCC2CCNCC2)cc1,1,0,0.0
SR-p53,c1ccc(OCCCCCOc2ccccc2)cc1,1,0,0.0
SR-p53,c1ccc(OCCCCc2nnn[nH]2)cc1,1,1,1.0
SR-p53,c1ccc(OCCCN2CCC(c3noc4ccccc34)CC2)cc1,1,0,0.0
SR-p53,c1ccc(OCCCN2CCN(c3ccccc3)CC2)cc1,1,0,
SR-p53,c1ccc(OCCCN2CCOCC2)cc1,1,0,0.0
SR-p53,c1ccc(OCCCNC2CCC(c3ccccc3)CC2)cc1,1,0,
SR-p53,c1ccc(OCCCNCCOc2ccccc2)cc1,1,0,0.0
SR-p53,c1ccc(OCCCNCCc2c[nH]c3ccccc23)cc1,1,0,0.0
SR-p53,c1ccc(OCCNCCCOc2cccc3[nH]c4ccccc4c23)cc1,1,0,0.0
SR-p53,c1ccc(OCCNc2ccncc2)cc1,1,0,0.0
SR-p53,c1ccc(OCCOCCOc2ccccc2)cc1,1,0,0.0
SR-p53,c1ccc(OCCn2ccnc2)cc1,1,0,0.0
SR-p53,c1ccc(OCc2ccc(CCCN3CCOCC3)cc2)cc1,1,0,0.0
SR-p53,c1ccc(OCc2ccno2)c(CNc2ncnc3c2ncn3C2CCCO2)c1,1,0,0.0
SR-p53,c1ccc(OCn2ccnc2)cc1,1,0,0.0
SR-p53,c1ccc(OP(Oc2ccccc2)Oc2ccccc2)cc1,1,0,0.0
SR-p53,c1ccc(OP2OCCCO2)cc1,1,0,0.0
SR-p53,c1ccc(Oc2cc(Oc3ccccc3)ncn2)cc1,1,0,
SR-p53,c1ccc(Oc2ccc(C3(Cn4cncn4)OCCO3)cc2)cc1,1,0,
SR-p53,c1ccc(Oc2ccc(OCC3COCO3)cc2)cc1,1,0,0.0
SR-p53,c1ccc(Oc2ccc(OCCOc3ccccn3)cc2)cc1,1,0,0.0
SR-p53,c1ccc(Oc2ccc(Oc3ccccn3)cc2)nc1,1,0,0.0
SR-p53,c1ccc(Oc2ccc3nc[nH]c3c2)cc1,1,0,
SR-p53,c1ccc(Oc2cccc3c2CCC3)cc1,1,0,0.0
SR-p53,c1ccc(Oc2ccccc2N2CCCC2)cc1,1,0,0.0
SR-p53,c1ccc(Oc2ccnc3ccccc23)cc1,1,1,1.0
SR-p53,c1ccc(Oc2cnc3ccccc3n2)cc1,1,0,0.0
SR-p53,c1ccc(Oc2nccc(-c3[nH]cnc3-c3ccccc3)n2)cc1,1,0,0.0
SR-p53,c1ccc(P(c2ccccc2)c2ccccc2)cc1,1,0,0.0
SR-p53,c1ccc(SC2CCNCC2)nc1,1,0,
SR-p53,c1ccc(SCCSc2ccccc2)cc1,1,0,0.0
SR-p53,c1ccc(SCSc2ccccc2)cc1,1,0,0.0
SR-p53,c1ccc(SCc2cnc(-c3ccccc3)s2)cc1,1,0,
SR-p53,c1ccc(SCc2sc(-c3ccccc3)nc2CN2CCN(c3ccccc3)CC2)cc1,1,0,
SR-p53,c1ccc(SSc2cccc[nH+]2)[nH+]c1,1,1,1.0
SR-p53,c1ccc(SSc2ccccc2)cc1,1,0,0.0
SR-p53,c1ccc(Sc2ccc(COC(Cn3ccnc3)c3ccccc3)cc2)cc1,1,0,
SR-p53,c1ccc(Sc2ccc3[nH]cnc3c2)cc1,1,1,1.0
SR-p53,c1ccc(Sc2ncccn2)cc1,1,0,0.0
SR-p53,c1ccc([Bi](c2ccccc2)c2ccccc2)cc1,1,0,0.0
SR-p53,c1ccc([Hg]c2ccccc2)cc1,1,0,
SR-p53,c1ccc([PH+](c2ccccc2)c2ccccc2)cc1,1,0,
SR-p53,c1ccc([SH+]c2ccc3[nH]cnc3c2)cc1,1,1,1.0
SR-p53,c1ccc([SH+]c2ccccc2)cc1,1,1,1.0
SR-p53,c1ccc([SiH](Cn2cncn2)c2ccccc2)cc1,1,0,0.0
SR-p53,c1ccc2[nH+]c3ccccc3cc2c1,1,1,1.0
SR-p53,c1ccc2[nH]c(-c3n[nH]c4ncncc34)cc2c1,1,0,
SR-p53,c1ccc2[nH]c(N3CCCNCC3)nc2c1,1,0,0.0
SR-p53,c1ccc2[nH]ncc2c1,1,0,0.0
SR-p53,c1ccc2c(C3CCCCC3)cccc2c1,1,0,0.0
SR-p53,c1ccc2c(C3CCNCC3)c[nH]c2c1,1,0,0.0
SR-p53,c1ccc2c(CC3CCCCN3)ccnc2c1,1,0,
SR-p53,c1ccc2c(CCC3CCNCC3)c[nH]c2c1,1,0,0.0
SR-p53,c1ccc2c(CCCC3CCCO3)cccc2c1,1,0,0.0
SR-p53,c1ccc2c(Cn3ccnc3)c[nH]c2c1,1,0,0.0
SR-p53,c1ccc2c(N=Nc3cccc4ccccc34)cccc2c1,1,0,0.0
SR-p53,c1ccc2c(c1)-c1cccc3c1c-2cc1ccccc13,1,1,1.0
SR-p53,c1ccc2c(c1)-c1ccccc1C2[NH2+]CCCCCC[NH2+]C1c2ccccc2-c2ccccc21,1,0,0.0
SR-p53,c1ccc2c(c1)C1CCC2c2ccccc21,1,0,0.0
SR-p53,c1ccc2c(c1)CC(C1=NCCN1)O2,1,1,1.0
SR-p53,c1ccc2c(c1)CC(c1cnc[nH]1)C2,1,0,0.0
SR-p53,c1ccc2c(c1)CC1CC2CCN1CC1CC1,1,0,0.0
SR-p53,c1ccc2c(c1)CC1COc3ccccc3C21,1,0,0.0
SR-p53,c1ccc2c(c1)CC1NC2c2ccccc21,1,0,0.0
SR-p53,c1ccc2c(c1)CC1NCCc3cccc-2c31,1,0,0.0
SR-p53,c1ccc2c(c1)CC1ON2CC2NC21,1,1,1.0
SR-p53,c1ccc2c(c1)CC1c3cc4c(cc3CCN1C2)OCO4,1,0,0.0
SR-p53,c1ccc2c(c1)CCC(CCNCCC1CCc3ccccc3O1)O2,1,0,0.0
SR-p53,c1ccc2c(c1)CCC(CCNCCCc1nc3ccccc3[nH]1)C2,1,0,
SR-p53,c1ccc2c(c1)CCCC2C1=NCCN1,1,0,0.0
SR-p53,c1ccc2c(c1)CCCCc1cc3c(cc1-2)OCO3,1,0,0.0
SR-p53,c1ccc2c(c1)CCN1CCCCC21,1,0,
SR-p53,c1ccc2c(c1)CCNC1CCc3ccccc3C21,1,0,0.0
SR-p53,c1ccc2c(c1)CCNC2CC1CCN2CCc3ccccc3C2C1,1,0,0.0
SR-p53,c1ccc2c(c1)CCNCC2,1,0,0.0
SR-p53,c1ccc2c(c1)CC[n+]1cc3ccccc3cc1-2,1,0,0.0
SR-p53,c1ccc2c(c1)CCc1cccc3c1C2CN1CCCCC31,1,0,0.0
SR-p53,c1ccc2c(c1)CCc1ccccc1C2OC1CC2CCC(C1)N2,1,0,0.0
SR-p53,c1ccc2c(c1)CCc1sccc1C2=C1CCNCC1,1,0,0.0
SR-p53,c1ccc2c(c1)CN1CCCCCC1=N2,1,0,0.0
SR-p53,c1ccc2c(c1)COc1ccccc1-2,1,0,
SR-p53,c1ccc2c(c1)C[NH2+]C2,1,0,0.0
SR-p53,c1ccc2c(c1)Cc1ccccc1N1CCNCC21,1,0,0.0
SR-p53,c1ccc2c(c1)Cc1ccccc1N2,1,0,0.0
SR-p53,c1ccc2c(c1)Cc1cccnc1N1CCNCC21,1,0,0.0
SR-p53,c1ccc2c(c1)Cn1ccnc1N2,1,0,0.0
SR-p53,c1ccc2c(c1)N=C(N1CCNCC1)c1ccccc1N2,1,0,0.0
SR-p53,c1ccc2c(c1)N=C(N1CCNCC1)c1ccsc1N2,1,0,0.0
SR-p53,c1ccc2c(c1)NC1C3CC4CCN3C3CC21CC43,1,0,0.0
SR-p53,c1ccc2c(c1)NC1CCNCC21,1,0,0.0
SR-p53,c1ccc2c(c1)NC1NCCC21,1,0,0.0
SR-p53,c1ccc2c(c1)Nc1cc(N3CCNCC3)nnc1O2,1,0,
SR-p53,c1ccc2c(c1)Nc1ncccc1S2,1,0,
SR-p53,c1ccc2c(c1)OC1CCC3CCCCC34COC2C14,1,0,
SR-p53,c1ccc2c(c1)OC1CCCC21,1,0,0.0
SR-p53,c1ccc2c(c1)OCC(C1=NCCN1)O2,1,0,0.0
SR-p53,c1ccc2c(c1)OCC(CN1CCCCC1)O2,1,0,0.0
SR-p53,c1ccc2c(c1)OCC(Cc1ncc[nH]1)O2,1,0,0.0
SR-p53,c1ccc2c(c1)OCCO2,1,0,0.0
SR-p53,c1ccc2c(c1)Oc1ccccc1C1CNCC21,1,0,
SR-p53,c1ccc2c(c1)Oc1ccccc1S2,1,0,0.0
SR-p53,c1ccc2c(c1)Sc1ccccc1C2=C1CCNCC1,1,0,
SR-p53,c1ccc2c(c1)Sc1ccccc1C2CC1CCCNC1,1,0,0.0
SR-p53,c1ccc2c(c1)Sc1ccccc1N2CC1CCCNC1,1,0,0.0
SR-p53,c1ccc2c(c1)Sc1ccccc1N2CC1CCNC1,1,0,0.0
SR-p53,c1ccc2c(c1)Sc1ccccc1N2CCN1CCCC1,1,0,0.0
SR-p53,c1ccc2c(c1)[nH]c1cnccc12,1,0,
SR-p53,c1ccc2c(c1)c1c3n2CCC2CCCN(CC1)C32,1,0,0.0
SR-p53,c1ccc2c(c1)c1c3n2CCNC3=NCC1,1,0,0.0
SR-p53,c1ccc2c(c1)c1c3n2CCNC3CCC1,1,0,0.0
SR-p53,c1ccc2c(c1)c1cccc3ccc4cccc2c4c31,1,1,1.0
SR-p53,c1ccc2c(c1)c1ccccc1n2CCCN1CCNCC1,1,0,
SR-p53,c1ccc2c(c1)ccc1c3ccccc3ccc21,1,0,0.0
SR-p53,c1ccc2c(c1)ccc1cc3c(ccc4ccccc43)cc12,1,1,1.0
SR-p53,c1ccc2c(c1)ccc1ccc3c(c12)OCO3,1,1,1.0
SR-p53,c1ccc2c(c1)ccc1ncccc12,1,1,1.0
SR-p53,c1ccc2c(c1)ccc[n+]2CCCCCCCCCC[n+]1cccc2ccccc21,1,0,
SR-p53,c1ccc2c(c1)ncc1nc[nH]c12,1,0,0.0
SR-p53,c1ccc2c(c1)sc1ccccc12,1,0,0.0
SR-p53,c1ccc2c(c1)sc1nncn12,1,0,0.0
SR-p53,c1ccc2c3c([nH]c2c1)C1CC2CCC1N(CC3)C2,1,0,0.0
SR-p53,c1ccc2c3c([nH]c2c1)COCC3,1,0,0.0
SR-p53,c1ccc2c[n+]3c(cc2c1)-c1cc2c(cc1CC3)OCO2,1,1,1.0
SR-p53,c1ccc2c[nH+]ccc2c1,1,0,
SR-p53,c1ccc2cc(-c3ccc4ccccc4c3)ccc2c1,1,0,
SR-p53,c1ccc2cc(CC3=NCCN3)ccc2c1,1,0,0.0
SR-p53,c1ccc2cc(Nc3ccc(Nc4ccc5ccccc5c4)cc3)ccc2c1,1,0,0.0
SR-p53,c1ccc2cc(SSc3ccc4ccccc4c3)ccc2c1,1,0,0.0
SR-p53,c1ccc2cc3c(cc2c1)-c1cccc2cccc-3c12,1,1,1.0
SR-p53,c1ccc2cc3c4ccccc4c4ccccc4c3cc2c1,1,0,0.0
SR-p53,c1ccc2nc(N3CCCNCC3)ncc2c1,1,0,0.0
SR-p53,c1ccc2nc(N3CCNCC3)ccc2c1,1,0,
SR-p53,c1ccc2ocnc2c1,1,0,0.0
SR-p53,c1ccc2oncc2c1,1,0,0.0
SR-p53,c1ccc2sc(SN(C3CCCCC3)C3CCCCC3)nc2c1,1,0,0.0
SR-p53,c1ccc2sc(SN3CCOCC3)nc2c1,1,0,
SR-p53,c1ccc2sc(SNC3CCCCC3)nc2c1,1,0,0.0
SR-p53,c1ccc2sc(SSN3CCOCC3)nc2c1,1,0,0.0
SR-p53,c1ccc2sc(SSc3nc4ccccc4s3)nc2c1,1,0,0.0
SR-p53,c1ccc2snnc2c1,1,0,0.0
SR-p53,c1ccn2ccnc2c1,1,0,0.0
SR-p53,c1ccn2nccc2c1,1,0,0.0
SR-p53,c1ccnnc1,1,0,0.0
SR-p53,c1cn(CCN2CCOCC2)cn1,1,0,
SR-p53,c1cnc(-n2cccn2)nc1,1,0,0.0
SR-p53,c1cnc(N2CCN(Cc3ccc4c(c3)OCO4)CC2)nc1,1,0,0.0
SR-p53,c1cnc(Oc2cccc(Oc3ncccn3)c2)nc1,1,0,0.0
SR-p53,c1cnc2c(c1)CCCCC2[SH+]c1nc2ccccc2[nH]1,1,0,
SR-p53,c1cnc2c(c1)ccc1cccnc12,1,1,1.0
SR-p53,c1cnc2c(n1)CCC2,1,0,0.0
SR-p53,c1cnc2c(n1)CCCC2,1,0,0.0
SR-p53,c1cnc2cc(NC3=NCCN3)ccc2n1,1,0,0.0
SR-p53,c1cnc2cc3c(cc2n1)C1CNCC3C1,1,0,0.0
SR-p53,c1cnc2ccc3[nH]cnc3c2c1,1,0,0.0
SR-p53,c1cnc2ccnn2c1,1,0,0.0
SR-p53,c1cnc2ncnn2c1,1,0,0.0
SR-p53,c1cncc(-c2c[nH]c3ccccc23)c1,1,0,0.0
SR-p53,c1cncc(C2=NCCS2)c1,1,0,0.0
SR-p53,c1cncc(C2CC3CCC2N3)c1,1,0,0.0
SR-p53,c1cncc(C2CCCCN2)c1,1,0,0.0
SR-p53,c1cncc(CCn2c3c(c4ccccc42)CNCC3)c1,1,0,
SR-p53,c1cncc(CSSCc2cccnc2)c1,1,0,
SR-p53,c1cncc(Cc2ccc3occc3c2)c1,1,0,0.0
SR-p53,c1cnn(-c2ncc3ncn(C4CCCO4)c3n2)c1,1,0,
SR-p53,c1cnoc1,1,0,0.0
SR-p53,c1cnsc1,1,0,0.0
SR-p53,c1coc(-c2nc3ccccc3[nH]2)c1,1,0,0.0
SR-p53,c1coc(CNc2[nH]cnc3ncnc2-3)c1,1,0,0.0
SR-p53,c1coc(Cn2cccc2)c1,1,0,0.0
SR-p53,c1csc(-c2ccc(-c3cccs3)s2)c1,1,1,1.0
SR-p53,c1csc(-c2cscn2)c1,1,0,0.0
SR-p53,c1csc(C(=C2CCC3CCCC[NH+]3C2)c2cccs2)c1,1,0,0.0
SR-p53,c1csc(C(=C2CCC[NH2+]C2)c2cccs2)c1,1,0,0.0
SR-p53,c1csc(C2(N3CCCCC3)CCCCC2)c1,1,0,0.0
SR-p53,c1csc(CCNC2CCc3ccccc3C2)c1,1,0,0.0
SR-p53,c1csc(CNc2ccccc2-c2nnn[nH]2)c1,1,0,0.0
SR-p53,c1csc(COc2cccc3ccccc23)c1,1,0,
SR-p53,c1csc(SSc2cccs2)c1,1,0,0.0
SR-p53,c1nc(N2CCCCC2)c2ncnc(N3CCCCC3)c2n1,1,1,1.0
SR-p53,c1nc(Sc2cnc[nH]2)c2[nH]cnc2n1,1,1,1.0
SR-p53,c1nc2c(o1)CCNCC2,1,0,
SR-p53,c1nc2c(s1)CCCC2,1,0,0.0
SR-p53,c1nc2c(s1)CCNCC2,1,0,0.0
SR-p53,c1ncc(CCCCCCCc2ccc3c(n2)NCCC3)cn1,1,0,0.0
SR-p53,c1ncc(NC2=NCCN2)cn1,1,0,0.0
SR-p53,c1ncc2c(n1)CC1CCCNC1C2,1,0,0.0
SR-p53,c1ncc2cn[nH]c2n1,1,0,0.0
SR-p53,c1ncn(C2CCCO2)n1,1,1,1.0
SR-p53,c1ncn(Cc2ccc3[nH]ccc3c2)n1,1,0,0.0
SR-p53,c1ncsn1,1,0,0.0
SR-p53,c1nnn[nH]1,1,0,
SR-p53,c1nsnc1N1CCOCC1,1,0,0.0
ames_mutagenicity,,1258,546,0.43402225755166934
ames_mutagenicity,c1ccccc1,1135,477,0.42026431718061674
ames_mutagenicity,c1ccc(-c2ccccc2)cc1,98,65,0.6632653061224489
ames_mutagenicity,c1ccc2ncccc2c1,90,51,0.5666666666666667
ames_mutagenicity,c1ccc2ccccc2c1,86,53,0.6162790697674418
ames_mutagenicity,C1CO1,84,63,0.75
ames_mutagenicity,O=C1c2ccccc2C(=O)c2ccccc21,73,63,0.863013698630137
ames_mutagenicity,c1ccoc1,68,45,0.6617647058823529
ames_mutagenicity,c1ccc(N=Nc2ccccc2)cc1,67,52,0.7761194029850746
ames_mutagenicity,c1ccc(Cc2ccccc2)cc1,54,16,0.2962962962962963
ames_mutagenicity,c1ccc2c(c1)Cc1ccccc1-2,53,43,0.8113207547169812
ames_mutagenicity,c1ccc2c(c1)cc1ccc3cccc4ccc2c1c34,51,43,0.8431372549019608
ames_mutagenicity,c1ccc2nscc2c1,50,22,0.44
ames_mutagenicity,c1ccc2nc3ccccc3cc2c1,49,46,0.9387755102040817
ames_mutagenicity,c1ccncc1,47,13,0.2765957446808511
ames_mutagenicity,c1cc2ccc3cccc4ccc(c1)c2c34,42,42,1.0
ames_mutagenicity,c1ccc2c(c1)ccc1ccccc12,42,39,0.9285714285714286
ames_mutagenicity,c1ccc2cc3c(ccc4ccccc43)cc2c1,41,36,0.8780487804878049
ames_mutagenicity,c1ccc2c(c1)-c1cccc3cccc-2c13,39,34,0.8717948717948718
ames_mutagenicity,c1ccc2cc3ccccc3cc2c1,39,34,0.8717948717948718
ames_mutagenicity,C1CCCCC1,37,4,0.10810810810810811
ames_mutagenicity,C(=Cc1ccccc1)c1ccccc1,35,28,0.8
ames_mutagenicity,c1ccc2c(c1)[nH]c1ccccc12,35,31,0.8857142857142857
ames_mutagenicity,c1ccc(Oc2ccccc2)cc1,32,28,0.875
ames_mutagenicity,c1ccc(N=Nc2cccc3ccccc23)cc1,31,12,0.3870967741935484
ames_mutagenicity,c1ccc(Nc2ccccc2)cc1,30,11,0.36666666666666664
ames_mutagenicity,c1c[nH]cn1,29,19,0.6551724137931034
ames_mutagenicity,c1ccc2[nH]ccc2c1,28,8,0.2857142857142857
ames_mutagenicity,O=C1C=CCO1,27,24,0.8888888888888888
ames_mutagenicity,c1ccc2[nH]cnc2c1,27,18,0.6666666666666666
ames_mutagenicity,c1ccc2c(c1)ccc1c3ccccc3ccc21,24,23,0.9583333333333334
ames_mutagenicity,O=C(Nc1ccccc1)c1ccsc1,23,23,1.0
ames_mutagenicity,c1ccc2nc3ccccc3nc2c1,22,20,0.9090909090909091
ames_mutagenicity,c1cnc2c(ccc3[nH]cnc32)n1,22,19,0.8636363636363636
ames_mutagenicity,C1=CCCCC1,21,2,0.09523809523809523
ames_mutagenicity,c1ccc2nc3c(ccc4ccccc43)cc2c1,21,18,0.8571428571428571
ames_mutagenicity,c1ccc(C2CO2)cc1,19,12,0.631578947368421
ames_mutagenicity,c1ncc2ncn(C3CCCO3)c2n1,19,11,0.5789473684210527
ames_mutagenicity,O=C(c1ccccc1)C1OC1c1ccccc1,18,12,0.6666666666666666
ames_mutagenicity,c1ccc(Nc2c3ccccc3nc3ccccc23)cc1,18,17,0.9444444444444444
ames_mutagenicity,c1ccc2sncc2c1,18,16,0.8888888888888888
ames_mutagenicity,C1CCNCC1,17,16,0.9411764705882353
ames_mutagenicity,O=C(C=Cc1ccccc1)c1ccccc1,17,4,0.23529411764705882
ames_mutagenicity,O=c1ccn(C2CCCO2)c(=O)[nH]1,17,7,0.4117647058823529
ames_mutagenicity,c1ccc2c(c1)OCO2,17,3,0.17647058823529413
ames_mutagenicity,C1CNCCN1,16,10,0.625
ames_mutagenicity,O=C1c2ccccc2C(=O)c2cc3c(cc21)CCCC3OC1CCCCO1,16,16,1.0
ames_mutagenicity,c1ccc(N=[NH+]c2ccccc2)cc1,16,8,0.5
ames_mutagenicity,c1ccc2nccnc2c1,16,12,0.75
ames_mutagenicity,c1cncnc1,15,4,0.26666666666666666
ames_mutagenicity,O=C1CCc2c1ccc1c2ccc2ccccc21,14,11,0.7857142857142857
ames_mutagenicity,c1ccc2scnc2c1,14,6,0.42857142857142855
ames_mutagenicity,c1cnc2ccc3[nH]cnc3c2c1,14,13,0.9285714285714286
ames_mutagenicity,N=c1s[nH]c2ccccc12,13,11,0.8461538461538461
ames_mutagenicity,O=C1C=CC(=O)C=C1,13,3,0.23076923076923078
ames_mutagenicity,O=c1cc(-c2ccccc2)oc2ccccc12,13,5,0.38461538461538464
ames_mutagenicity,c1ccc(Sc2ccccc2)cc1,13,9,0.6923076923076923
ames_mutagenicity,C1CSCN1,12,6,0.5
ames_mutagenicity,c1ccc2c(c1)OC1OOC21,12,10,0.8333333333333334
ames_mutagenicity,c1ccc2c(c1)Oc1ccccc1O2,12,7,0.5833333333333334
ames_mutagenicity,c1ccc2c(c1)ccc1[nH]c3ccc4ccccc4c3c12,12,11,0.9166666666666666
ames_mutagenicity,c1ccc2c(c1)oc1ccccc12,12,9,0.75
ames_mutagenicity,c1ncncn1,12,0,0.0
ames_mutagenicity,C1=Cc2c(cc3ccc4cccc5ccc2c3c45)CC1,11,10,0.9090909090909091
ames_mutagenicity,C1CCNC1,11,7,0.6363636363636364
ames_mutagenicity,O=S(=O)(Nc1ccccc1)c1cccc2cccnc12,11,0,0.0
ames_mutagenicity,O=c1ccc2ccccc2o1,11,1,0.09090909090909091
ames_mutagenicity,C1COCCN1,10,6,0.6
ames_mutagenicity,O=C(ON(OCc1ccccc1)C(=O)c1ccccc1)c1ccccc1,10,10,1.0
ames_mutagenicity,O=C1C=C2CCC3C4CCCC4CCC3C2CC1,10,0,0.0
ames_mutagenicity,O=C1C=CC(=O)c2ccccc21,10,8,0.8
ames_mutagenicity,O=P(Oc1ccccc1)(Oc1ccccc1)Oc1ccccc1,10,0,0.0
ames_mutagenicity,O=c1c2ccccc2oc2c3c(ccc12)OC1OC=CC31,10,10,1.0
ames_mutagenicity,O=c1c2ccccc2oc2ccccc12,10,9,0.9
ames_mutagenicity,c1ccc(-c2cocc2-c2ccccc2)cc1,10,4,0.4
ames_mutagenicity,c1ccc(CN2C3c4ccccc4-c4ccccc4C32)cc1,10,10,1.0
ames_mutagenicity,c1ccc(N=Nc2cccnc2)cc1,10,3,0.3
ames_mutagenicity,c1ccc(OCC2CO2)cc1,10,10,1.0
ames_mutagenicity,c1ccc2c(c1)c1cccc3ccc4cccc2c4c31,10,10,1.0
ames_mutagenicity,c1ccc2c(c1)ccc1c3c(ccc12)CCC1OC31,10,7,0.7
ames_mutagenicity,c1ccc2c3c([nH]c2c1)COCC3,10,4,0.4
ames_mutagenicity,c1ccc2cnncc2c1,10,4,0.4
ames_mutagenicity,c1cnccn1,10,2,0.2
ames_mutagenicity,O=C1NCC2OC12,9,9,1.0
ames_mutagenicity,c1ccc(-c2nc3ccccc3o2)cc1,9,0,0.0
ames_mutagenicity,c1ccc(NC2CCCCO2)cc1,9,6,0.6666666666666666
ames_mutagenicity,c1ccc2c(c1)ccc1c3c(ccc12)CCC3,9,7,0.7777777777777778
ames_mutagenicity,c1ccc2c(c1)ccc1cccnc12,9,7,0.7777777777777778
ames_mutagenicity,c1ccc2nc3occc3cc2c1,9,7,0.7777777777777778
ames_mutagenicity,c1cnc2c(c1)nc1ccccn12,9,9,1.0
ames_mutagenicity,C(=Nc1snc2ccccc12)c1ccccc1,8,6,0.75
ames_mutagenicity,C1=Cc2c(ccc3c2ccc2ccccc23)CC1,8,8,1.0
ames_mutagenicity,C1=Cc2c(ccc3cc4ccccc4cc23)CC1,8,8,1.0
ames_mutagenicity,C1CC2CCC1C2,8,2,0.25
ames_mutagenicity,C1CCOCC1,8,2,0.25
ames_mutagenicity,O=C(N=c1sn(C(=O)c2ccccc2)c2ccccc12)c1ccccc1,8,8,1.0
ames_mutagenicity,O=C(c1ccccc1)c1ccccc1,8,2,0.25
ames_mutagenicity,O=c1ncccn1C1CCCO1,8,1,0.125
ames_mutagenicity,c1cc2c3c(c4ccc5ccccc5c4cc3c1)CC2,8,7,0.875
ames_mutagenicity,c1ccc(-c2nc(-c3ccccc3)c(-c3ccccc3)[nH]2)cc1,8,8,1.0
ames_mutagenicity,c1ccc2c(c1)ccc1ccc3c(c12)OCO3,8,6,0.75
ames_mutagenicity,c1ccc2occc2c1,8,5,0.625
ames_mutagenicity,c1coc(-c2cscn2)c1,8,8,1.0
ames_mutagenicity,c1ncc2nc[nH]c2n1,8,8,1.0
ames_mutagenicity,C(=Nn1cc2nc3ccccc3c-2nn1)c1ccccc1,7,7,1.0
ames_mutagenicity,C1=CC2c3cccc4[nH]cc(c34)CC2NC1,7,7,1.0
ames_mutagenicity,C1=CNCN1,7,0,0.0
ames_mutagenicity,O=C(NOCc1ccccc1)c1ccccc1,7,7,1.0
ames_mutagenicity,O=C1C=CC2C(=C1)CCC1C3CCCC3CCC21,7,0,0.0
ames_mutagenicity,O=C1CCc2c1c(=O)oc1c3c(ccc21)OC1OC=CC31,7,7,1.0
ames_mutagenicity,O=C1CN=C(c2ccccc2)c2ccccc2N1,7,1,0.14285714285714285
ames_mutagenicity,O=C1NC(=O)c2ccccc21,7,5,0.7142857142857143
ames_mutagenicity,O=C1OCC2OC12,7,7,1.0
ames_mutagenicity,O=C1c2ccccc2-c2ccccc21,7,6,0.8571428571428571
ames_mutagenicity,O=C1c2ccccc2Cc2ccccc21,7,5,0.7142857142857143
ames_mutagenicity,O=S(=O)(c1ccccc1)c1ccccc1,7,0,0.0
ames_mutagenicity,O=[PH]1NCCCO1,7,7,1.0
ames_mutagenicity,O=c1c2[nH]c3ccccc3c2nnn1N=Cc1ccccc1,7,7,1.0
ames_mutagenicity,O=c1c2ccccc2oc2cc3c(cc12)C1C=COC1O3,7,6,0.8571428571428571
ames_mutagenicity,c1cc2ccc3cc4c(c5ccc(c1)c2c35)CCCC4,7,5,0.7142857142857143
ames_mutagenicity,c1cc2cnncc2cn1,7,2,0.2857142857142857
ames_mutagenicity,c1ccc(CC2CO2)cc1,7,7,1.0
ames_mutagenicity,c1ccc2c(c1)-c1ccccc1C1NC21,7,7,1.0
ames_mutagenicity,c1ccc2c(c1)[nH]c1cnccc12,7,7,1.0
ames_mutagenicity,c1ccc2c(c1)ccc1ncccc12,7,7,1.0
ames_mutagenicity,c1ccc2cc3c(cc2c1)-c1cccc2cccc-3c12,7,7,1.0
ames_mutagenicity,c1ccc2cc3c4ccccc4c4ccccc4c3cc2c1,7,6,0.8571428571428571
ames_mutagenicity,c1cnc2cnncc2c1,7,3,0.42857142857142855
ames_mutagenicity,c1nc2c[nH]cnc-2n1,7,5,0.7142857142857143
ames_mutagenicity,C1=C2CCCCC2C2CCC3CCCC3C2C1,6,1,0.16666666666666666
ames_mutagenicity,C1=Cc2cc3ccc4cccc5ccc(c2CC1)c3c45,6,6,1.0
ames_mutagenicity,O=C1c2ccccc2-c2cccc3cccc1c23,6,6,1.0
ames_mutagenicity,O=C1c2ccccc2C(=O)c2c(OC3CCCCO3)cccc21,6,6,1.0
ames_mutagenicity,O=c1cc[nH]n1-c1ccccc1,6,3,0.5
ames_mutagenicity,c1cc2c(cc1CC1CO1)OCO2,6,6,1.0
ames_mutagenicity,c1cc2ccc3cccc4c5c(c(c1)c2c34)CCCC5,6,6,1.0
ames_mutagenicity,c1cc[nH]c1,6,4,0.6666666666666666
ames_mutagenicity,c1ccc(-c2cn3ccsc3n2)cc1,6,6,1.0
ames_mutagenicity,c1ccc(CCC2CO2)cc1,6,6,1.0
ames_mutagenicity,c1ccc2[nH+]c3ccccc3cc2c1,6,6,1.0
ames_mutagenicity,c1ccc2c(c1)-c1cc3ccccc3cc1C1NC21,6,6,1.0
ames_mutagenicity,c1ccc2c(c1)-c1ccc3ccc4cccc5cc-2c1c3c45,6,4,0.6666666666666666
ames_mutagenicity,c1ccc2c(c1)CCC1C2CCC2CCCC21,6,0,0.0
ames_mutagenicity,c1ccsc1,6,3,0.5
ames_mutagenicity,c1cscn1,6,6,1.0
ames_mutagenicity,C(=Nc1c[nH]c2ccccc12)c1ccccc1,5,4,0.8
ames_mutagenicity,C1=CC2CC2C2CCCC12,5,5,1.0
ames_mutagenicity,C1=CC2CCCN2C1,5,2,0.4
ames_mutagenicity,C1=Cc2cc3ccccc3cc2CC1,5,4,0.8
ames_mutagenicity,C1=Cc2ccc3c(ccc4ccccc43)c2CC1,5,5,1.0
ames_mutagenicity,C1CCC2OC2C1,5,2,0.4
ames_mutagenicity,C1COCO1,5,4,0.8
ames_mutagenicity,N=C1C=CC(=C(c2ccccc2)c2ccccc2)C=C1,5,2,0.4
ames_mutagenicity,O=C(Cc1ccccc1)NC1C(=O)N2CCSC12,5,0,0.0
ames_mutagenicity,O=C(Nc1ccccc1)c1ccccc1,5,2,0.4
ames_mutagenicity,O=C(OC1CCCCC1)c1ccccc1,5,0,0.0
ames_mutagenicity,O=C(OCc1cccc(Oc2ccccc2)c1)C1CC1,5,2,0.4
ames_mutagenicity,O=C(OCc1ccccc1)c1ccccc1,5,1,0.2
ames_mutagenicity,O=C1C(=O)C(c2ccccc2)Oc2ccccc21,5,3,0.6
ames_mutagenicity,O=C1C=CC2OC3CCC(C2C1)C31CO1,5,0,0.0
ames_mutagenicity,O=C1C=CCCC1,5,1,0.2
ames_mutagenicity,O=C1CCC(=O)N1c1ccccc1,5,0,0.0
ames_mutagenicity,O=C1CCC(=O)O1,5,0,0.0
ames_mutagenicity,O=C1NC(=O)C2CC=CCC12,5,2,0.4
ames_mutagenicity,O=C1NCCN1c1nccs1,5,5,1.0
ames_mutagenicity,O=C1OC(=O)c2ccccc21,5,1,0.2
ames_mutagenicity,O=C1c2ccccc2C(=O)c2c(Nc3ccccc3)cccc21,5,4,0.8
ames_mutagenicity,O=C1c2ccccc2C(=O)c2cc3c(cc21)CCCC3,5,5,1.0
ames_mutagenicity,O=c1[nH]c(=O)[nH]c(=O)[nH]1,5,0,0.0
ames_mutagenicity,O=c1c2ccccc2sc2ccccc12,5,5,1.0
ames_mutagenicity,O=c1ccc2cc3ccoc3cc2o1,5,3,0.6
ames_mutagenicity,O=c1cccnn1S(=O)(=O)c1ccccc1,5,0,0.0
ames_mutagenicity,O=c1oc2ccccc2c2ccccc12,5,3,0.6
ames_mutagenicity,[N+]=C1C=CC(=C(c2ccccc2)c2ccccc2)C=C1,5,3,0.6
ames_mutagenicity,c1ccc(CNc2ccccn2)cc1,5,0,0.0
ames_mutagenicity,c1ccc2[nH+]cc[nH+]c2c1,5,5,1.0
ames_mutagenicity,c1ccc2c(c1)-c1cc3ccccc3cc1C1OC21,5,5,1.0
ames_mutagenicity,c1ccc2c(c1)CC1C(=Nc3ccccc31)N2,5,5,1.0
ames_mutagenicity,c1ccc2c(c1)CCC2,5,0,0.0
ames_mutagenicity,c1ccc2c(c1)CCCC2,5,2,0.4
ames_mutagenicity,c1ccc2c(c1)CCCO2,5,0,0.0
ames_mutagenicity,c1ccc2c3c(ccc2c1)-c1cccc2cccc-3c12,5,5,1.0
ames_mutagenicity,c1ccc2cc(N=Nc3ccc(-c4ccc(N=Nc5ccc6ccccc6c5)cc4)cc3)ccc2c1,5,3,0.6
ames_mutagenicity,c1ccc2n[nH]cc2c1,5,4,0.8
ames_mutagenicity,c1csc(-c2cscn2)c1,5,5,1.0
ames_mutagenicity,C(=NOCc1ccccc1)c1cn(Cc2ccccc2)c2ccccc12,4,2,0.5
ames_mutagenicity,C(=NOCc1ccccc1)c1nc2ccccc2n1Cc1ccccc1,4,2,0.5
ames_mutagenicity,C(=Nc1ccccc1)c1ccccc1,4,4,1.0
ames_mutagenicity,C(C=Cc1ccccc1)=Cc1ccccc1,4,4,1.0
ames_mutagenicity,C1=CC2C3C=CC(C3)C2C1,4,0,0.0
ames_mutagenicity,C1=CC2CCC1C2,4,0,0.0
ames_mutagenicity,C1=CC2CCCCC2c2ccccc21,4,3,0.75
ames_mutagenicity,C1=CCNCC1,4,4,1.0
ames_mutagenicity,C1=Cc2c(ccc3cc4ccccc4nc23)CC1,4,4,1.0
ames_mutagenicity,C1=Cc2cc3c(ccc4ccccc43)cc2CC1,4,2,0.5
ames_mutagenicity,C1=Cc2cccc3cccc1c23,4,4,1.0
ames_mutagenicity,C1CC2OCCC2O1,4,0,0.0
ames_mutagenicity,C1CCC2C(C1)CCC1C3CCCC3CCC21,4,1,0.25
ames_mutagenicity,C1CCC2CCCCC2C1,4,1,0.25
ames_mutagenicity,C1CCCC1,4,1,0.25
ames_mutagenicity,C1CCOC1,4,0,0.0
ames_mutagenicity,C1CN1,4,4,1.0
ames_mutagenicity,C=C(c1ccccc1)c1ccccc1,4,0,0.0
ames_mutagenicity,C=C1C(=O)OC2CCC3CCOCC3CC12,4,4,1.0
ames_mutagenicity,C=C1CC(=C)C(=O)OC2CCN3CC=C(COC(=O)C1)C23,4,4,1.0
ames_mutagenicity,C=C1CC23CCC4CCCCC4C2CCC1C3,4,0,0.0
ames_mutagenicity,C=C1CCCC(=O)OCC2=CCN3CCC(OC1=O)C23,4,2,0.5
ames_mutagenicity,O=C(CN=Nc1ccc(-c2ccc(N=NCC(=O)Nc3ccccc3)cc2)cc1)Nc1ccccc1,4,0,0.0
ames_mutagenicity,O=C(NC1CCCCC1)OC(c1ccccc1)c1ccccc1,4,4,1.0
ames_mutagenicity,O=C(Nc1ccccc1)Nc1ccccc1,4,0,0.0
ames_mutagenicity,O=C1C=Cc2c(ccc3cc4ccccc4cc23)C1=O,4,2,0.5
ames_mutagenicity,O=C1C=Cc2ccccc2C1=O,4,4,1.0
ames_mutagenicity,O=C1CC2CCC1C2,4,0,0.0
ames_mutagenicity,O=C1CCC2=C(CCC3C2CCC2CCCC23)C1,4,0,0.0
ames_mutagenicity,O=C1CCCN1,4,0,0.0
ames_mutagenicity,O=C1CCO1,4,4,1.0
ames_mutagenicity,O=C1c2ccccc2C(=O)c2cc(C3CCCCO3)ccc21,4,4,1.0
ames_mutagenicity,O=c1c(=O)c2cccc3ccc4cccc1c4c32,4,3,0.75
ames_mutagenicity,O=c1c2ccccc2oc2c3c(ccc12)OC1OCCC31,4,0,0.0
ames_mutagenicity,O=c1c2ccccc2oc2cccc(OC3CCCCO3)c12,4,4,1.0
ames_mutagenicity,O=c1cc[nH]c(=O)[nH]1,4,2,0.5
ames_mutagenicity,O=c1cc[nH]c2cc(N3CCNCC3)ccc12,4,4,1.0
ames_mutagenicity,O=c1cccn[nH]1,4,1,0.25
ames_mutagenicity,O=c1oc2c3c(ccc2c2c1CCC2)OC1OC=CC31,4,4,1.0
ames_mutagenicity,c1cc2c3c(c1)ccc1cccc(c13)C1OC21,4,4,1.0
ames_mutagenicity,c1cc2c3c(c1)ccc1cccc(c13)CC2,4,3,0.75
ames_mutagenicity,c1cc2c3c(c[nH]c3c1)CC1NCCCC21,4,4,1.0
ames_mutagenicity,c1cc2ccc3cc4c(c5ccc(c1)c2c35)CCC1OC41,4,4,1.0
ames_mutagenicity,c1cc2ccc3ccc4c5c(cc(c1)c2c35)CC4,4,4,1.0
ames_mutagenicity,c1cc2cccc3c4cccc5cccc(c(c1)c23)c54,4,4,1.0
ames_mutagenicity,c1cc[nH+]cc1,4,1,0.25
ames_mutagenicity,c1ccc(-c2c[nH]cn2)cc1,4,4,1.0
ames_mutagenicity,c1ccc(-c2cnc3nc[nH]c3c2)cc1,4,4,1.0
ames_mutagenicity,c1ccc(-c2cscn2)cc1,4,4,1.0
ames_mutagenicity,c1ccc(Cc2ncc[nH]2)cc1,4,1,0.25
ames_mutagenicity,c1ccc(N=Nc2ccc3ccccc3c2)cc1,4,1,0.25
ames_mutagenicity,c1ccc(NCc2cnc3ncncc3n2)cc1,4,0,0.0
ames_mutagenicity,c1ccc2[nH+]cccc2c1,4,2,0.5
ames_mutagenicity,c1ccc2[nH]nnc2c1,4,1,0.25
ames_mutagenicity,c1ccc2c(C3CO3)c3ccccc3cc2c1,4,4,1.0
ames_mutagenicity,c1ccc2c(CC3CC4CCN3CC4)ccnc2c1,4,0,0.0
ames_mutagenicity,c1ccc2c(c1)C1CCCCC1C1OC21,4,0,0.0
ames_mutagenicity,c1ccc2c(c1)CC1NCCc3cc4c(c-2c31)OCO4,4,4,1.0
ames_mutagenicity,c1ccc2c(c1)Nc1ccccc1S2,4,0,0.0
ames_mutagenicity,c1ccc2c(c1)ccc1ccc3[nH]cnc3c12,4,4,1.0
ames_mutagenicity,c1ccc2c3c([nH]c2c1)CNCC3,4,1,0.25
ames_mutagenicity,c1ccc2nc3c(cc2c1)-c1cccc2cccc-3c12,4,2,0.5
ames_mutagenicity,c1ccc2nc3cccnc3cc2c1,4,4,1.0
ames_mutagenicity,c1cnc2c(c1)ccc1ncccc12,4,3,0.75
ames_mutagenicity,c1cncc(C2CCCN2)c1,4,2,0.5
ames_mutagenicity,C(=C(c1ccccc1)c1ccccc1)c1ccccc1,3,0,0.0
ames_mutagenicity,C(=Cc1ccccc1)CC(Cc1ccccc1)c1ccccc1,3,1,0.3333333333333333
ames_mutagenicity,C(=Cc1ccco1)c1cscn1,3,3,1.0
ames_mutagenicity,C1=C2CCCC2CC2CC12,3,2,0.6666666666666666
ames_mutagenicity,C1=CC(=C(c2ccccc2)c2ccc(NCc3ccccc3)cc2)C=CC1=[NH+]Cc1ccccc1,3,2,0.6666666666666666
ames_mutagenicity,C1=CC2C3Cc4cccc5c4C2(CCN3)C(C1)O5,3,0,0.0
ames_mutagenicity,C1=CC2CC(C1)C2,3,0,0.0
ames_mutagenicity,C1=CC2CC=CCC2CC1,3,0,0.0
ames_mutagenicity,C1=CC2OC2c2ccc[nH+]c21,3,2,0.6666666666666666
ames_mutagenicity,C1=CC2OC3CCC(C2CC1)C31CO1,3,1,0.3333333333333333
ames_mutagenicity,C1=CC2c3c(ccc4c5cccc-5coc34)OC2O1,3,3,1.0
ames_mutagenicity,C1=CC2c3ccccc3OC2O1,3,3,1.0
ames_mutagenicity,C1=Cc2c(ccc3c2ccc2ccccc23)C1,3,3,1.0
ames_mutagenicity,C1=Cc2c3ccc4ccccc4c3cc3cccc1c23,3,3,1.0
ames_mutagenicity,C1=Cc2cc3ccc4ccccc4c3cc2CC1,3,2,0.6666666666666666
ames_mutagenicity,C1=Cc2ccc3nc4ccc5ccccc5c4cc3c2CC1,3,3,1.0
ames_mutagenicity,C1C2C3C4CC5C3C1C5C24,3,0,0.0
ames_mutagenicity,C1CCCNCC1,3,1,0.3333333333333333
ames_mutagenicity,C1COCCO1,3,2,0.6666666666666666
ames_mutagenicity,C1COCOC1,3,3,1.0
ames_mutagenicity,C1OC1C1CO1,3,3,1.0
ames_mutagenicity,C1OCOCO1,3,2,0.6666666666666666
ames_mutagenicity,C=C1C=CC(=O)O1,3,3,1.0
ames_mutagenicity,C=C1C=NC=CC1c1ccccc1,3,0,0.0
ames_mutagenicity,C=C1CC(=O)NC1=O,3,3,1.0
ames_mutagenicity,C=C1CCCC(=O)OCC2=CC[NH+]3CCC(OC1=O)C23,3,1,0.3333333333333333
ames_mutagenicity,C=C1CCCCC1=CC=C1CCCC2CCCC12,3,0,0.0
ames_mutagenicity,N=c1ccc2c(-c3ccccc3)c3ccccc3oc-2c1,3,0,0.0
ames_mutagenicity,O=C(Cc1ccccc1)c1ccccc1,3,0,0.0
ames_mutagenicity,O=C(NCCc1ccccc1)c1ccc2c(c1)C(=O)OCC2,3,0,0.0
ames_mutagenicity,O=C(OCc1ccccc1)c1cccc2cccnc12,3,0,0.0
ames_mutagenicity,O=C(Oc1ccccc1)c1ccccc1,3,0,0.0
ames_mutagenicity,O=C(c1ccccc1)n1ncccc1=O,3,0,0.0
ames_mutagenicity,O=C1C=C2CCCCC2C2OC12C1CO1,3,3,1.0
ames_mutagenicity,O=C1C=CC(=O)C1,3,2,0.6666666666666666
ames_mutagenicity,O=C1C=CC(=O)c2c3nc4ccccc4c-3c[nH]c21,3,3,1.0
ames_mutagenicity,O=C1C=COC1,3,1,0.3333333333333333
ames_mutagenicity,O=C1CC(=O)N(c2ccccc2)N1c1ccccc1,3,2,0.6666666666666666
ames_mutagenicity,O=C1CC(=O)NC(=O)N1,3,0,0.0
ames_mutagenicity,O=C1CCC2C(=CCC3C4CCCC4CCC23)C1,3,0,0.0
ames_mutagenicity,O=C1CCC2C(CCC3C4CCCC4CCC23)C1,3,0,0.0
ames_mutagenicity,O=C1CCC2OC3CCC(C2C1=O)C31CO1,3,0,0.0
ames_mutagenicity,O=C1CCCCC1,3,2,0.6666666666666666
ames_mutagenicity,O=C1CCNC(=O)N1,3,3,1.0
ames_mutagenicity,O=C1CCc2c1ccc1c3c(ccc21)CCC=C3,3,3,1.0
ames_mutagenicity,O=C1CNC(=O)N1,3,1,0.3333333333333333
ames_mutagenicity,O=C1NCCN1,3,3,1.0
ames_mutagenicity,O=C1OCC23C=CC4CCCC4C12C3,3,3,1.0
ames_mutagenicity,O=C1c2ccccc2-c2cccc3ccnc1c23,3,2,0.6666666666666666
ames_mutagenicity,O=C1c2ccccc2-c2nccc3cccc1c23,3,3,1.0
ames_mutagenicity,O=S(=O)(Nc1ccccn1)c1ccccc1,3,0,0.0
ames_mutagenicity,O=S(=O)(OCC1CO1)c1ccccc1,3,3,1.0
ames_mutagenicity,O=S(=O)(OCc1ccccc1)c1ccccc1,3,1,0.3333333333333333
ames_mutagenicity,O=S1(=O)NCNc2ccccc21,3,0,0.0
ames_mutagenicity,O=S1(=O)OCCCO1,3,3,1.0
ames_mutagenicity,O=[PH](Oc1ccccc1)Oc1ccccc1,3,0,0.0
ames_mutagenicity,O=c1c(-c2ccccc2)coc2ccccc12,3,0,0.0
ames_mutagenicity,O=c1ccc2cc3c(cc2o1)OCC3,3,2,0.6666666666666666
ames_mutagenicity,O=c1ccc2cc3c4c(c2o1)CCCN4CCC3,3,2,0.6666666666666666
ames_mutagenicity,O=c1cccc2c(c1)CCCc1ccccc1-2,3,0,0.0
ames_mutagenicity,O=c1ccn(C2CC2)c2cc(N3CCNCC3)ccc12,3,2,0.6666666666666666
ames_mutagenicity,O=c1ccn2c3c(c(N4CCNCC4)ccc13)OCC2,3,2,0.6666666666666666
ames_mutagenicity,O=c1ccocc1,3,2,0.6666666666666666
ames_mutagenicity,O=c1nccc[nH]1,3,3,1.0
ames_mutagenicity,O=c1oc2cccc3ccc4cccc1c4c32,3,2,0.6666666666666666
ames_mutagenicity,[N+]=C1C=CC=CC1=O,3,3,1.0
ames_mutagenicity,c1c2c(cc3c1CCOC3)CCC2,3,0,0.0
ames_mutagenicity,c1cc2c3c(cccc3c1)CC2,3,2,0.6666666666666666
ames_mutagenicity,c1cc2cc3cc4c(cc3nc2o1)OCO4,3,2,0.6666666666666666
ames_mutagenicity,c1cc2ccc3[nH+]c4ccccc4c4ccc(c1)c2c34,3,3,1.0
ames_mutagenicity,c1cc2ccc3cc4c(c5ccc(c1)c2c35)C1OC1CC4,3,3,1.0
ames_mutagenicity,c1cc2ccc3cc4cccc5ccc6cc(c1)c2c3c6c54,3,3,1.0
ames_mutagenicity,c1cc2ccc3nc4ccccc4c4ccc(c1)c2c34,3,3,1.0
ames_mutagenicity,c1cc2sncc2cc1OCC1CO1,3,3,1.0
ames_mutagenicity,c1ccc(-c2ccc(-c3ccc(-c4ccccc4)cc3)cc2)cc1,3,0,0.0
ames_mutagenicity,c1ccc(-c2ccc(-c3ccccc3)cc2)cc1,3,2,0.6666666666666666
ames_mutagenicity,c1ccc(-c2ccc(C3CO3)cc2)cc1,3,3,1.0
ames_mutagenicity,c1ccc(-c2cn3c(n2)SCC3)cc1,3,3,1.0
ames_mutagenicity,c1ccc(-c2nc3cc(-c4nc5cc(N6CCNCC6)ccc5[nH]4)ccc3[nH]2)cc1,3,0,0.0
ames_mutagenicity,c1ccc(-c2ncc3ncn(C4CCCO4)c3n2)cc1,3,3,1.0
ames_mutagenicity,c1ccc(-n2nc3ccccc3n2)cc1,3,2,0.6666666666666666
ames_mutagenicity,c1ccc(C2CC2)cc1,3,0,0.0
ames_mutagenicity,c1ccc(C2NCCS2)cc1,3,0,0.0
ames_mutagenicity,c1ccc(CC2CCCCC2)cc1,3,0,0.0
ames_mutagenicity,c1ccc(CCCc2ccccc2)cc1,3,0,0.0
ames_mutagenicity,c1ccc(COc2ccccc2)cc1,3,2,0.6666666666666666
ames_mutagenicity,c1ccc(Cc2ccccn2)cc1,3,0,0.0
ames_mutagenicity,c1ccc(Cn2cnc3cncnc32)cc1,3,3,1.0
ames_mutagenicity,c1ccc(N=Nc2ccc3ncsc3c2)cc1,3,3,1.0
ames_mutagenicity,c1ccc(OC2CO2)cc1,3,3,1.0
ames_mutagenicity,c1ccc2[nH+]c3ccccc3nc2c1,3,3,1.0
ames_mutagenicity,c1ccc2[s+]c3ccccc3nc2c1,3,3,1.0
ames_mutagenicity,c1ccc2c(c1)-c1cc3ccccc3c3cc4ccccc4c-2c13,3,3,1.0
ames_mutagenicity,c1ccc2c(c1)CCc1cc3ccccc3cc1-2,3,1,0.3333333333333333
ames_mutagenicity,c1ccc2c(c1)Sc1ccccc1N2CCCN1CCNCC1,3,0,0.0
ames_mutagenicity,c1ccc2c(c1)[nH]c1cc3ccncc3cc12,3,2,0.6666666666666666
ames_mutagenicity,c1ccc2c(c1)[nH]c1ccncc12,3,3,1.0
ames_mutagenicity,c1ccc2c(c1)[nH]c1ncccc12,3,3,1.0
ames_mutagenicity,c1ccc2c(c1)cc1c3c2ccc2cccc(c23)C1,3,3,1.0
ames_mutagenicity,c1ccc2cc(-c3ccc4ccccc4c3)ccc2c1,3,0,0.0
ames_mutagenicity,c1ccc2cccc-2cc1,3,2,0.6666666666666666
ames_mutagenicity,c1ccc2nc3c(cc2c1)CCCC3,3,3,1.0
ames_mutagenicity,c1cnc2c(c1)-c1ncsc1CC2,3,2,0.6666666666666666
ames_mutagenicity,c1cnc2c(c1)ccc1cc[nH]c12,3,0,0.0
ames_mutagenicity,c1cnc2c(c1)ccc1cccnc12,3,2,0.6666666666666666
ames_mutagenicity,c1csc(-c2ncc3ccccc3n2)c1,3,2,0.6666666666666666
ames_mutagenicity,c1nc[nH]n1,3,1,0.3333333333333333
ames_mutagenicity,C(CCC1CO1)CC1CO1,2,2,1.0
ames_mutagenicity,C(CCOCC1CO1)COCC1CO1,2,2,1.0
ames_mutagenicity,C(COCC1CO1)COCC1CO1,2,2,1.0
ames_mutagenicity,C(NCC1CO1)C1CO1,2,2,1.0
ames_mutagenicity,C1=C(c2ccccc2)Cc2ccccc21,2,0,0.0
ames_mutagenicity,C1=C2c3ccc4ccccc4c3-c3cccc(c32)CC1,2,2,1.0
ames_mutagenicity,C1=C2c3ncsc3CCC2NCC1,2,1,0.5
ames_mutagenicity,C1=CC(c2ccccc2)C=CN1,2,0,0.0
ames_mutagenicity,C1=CC23CCCC2(C=C1)O3,2,1,0.5
ames_mutagenicity,C1=CC2=CCC3(CO3)C2CO1,2,2,1.0
ames_mutagenicity,C1=CC2=CCCC=CC2=C1,2,2,1.0
ames_mutagenicity,C1=CC2CC1C1C3C=CC(C3)C21,2,0,0.0
ames_mutagenicity,C1=CC2CC1C1C3CC(C4OC34)C21,2,0,0.0
ames_mutagenicity,C1=CC2CCC3(CO3)C2CO1,2,2,1.0
ames_mutagenicity,C1=CC2OC2C=C1,2,2,1.0
ames_mutagenicity,C1=CC2OC2c2c1cc1ccc3cccc4ccc2c1c34,2,2,1.0
ames_mutagenicity,C1=CC2OC2c2cc3ccc4cccc5ccc(c21)c3c45,2,2,1.0
ames_mutagenicity,C1=CC2OC2c2ccc3c4c5c(cccc5cc3c21)C=C4,2,2,1.0
ames_mutagenicity,C1=CC2OC2c2ncccc21,2,2,1.0
ames_mutagenicity,C1=CC2c3ccccc3NC2C=N1,2,2,1.0
ames_mutagenicity,C1=CCC2CCCC2C=C1,2,1,0.5
ames_mutagenicity,C1=CNc2ccccc2N1,2,2,1.0
ames_mutagenicity,C1=Cc2c(ccc3c2-c2cccc4cccc-3c24)CC1,2,2,1.0
ames_mutagenicity,C1=Cc2c(ccc3c4c(ccc23)CCC4)CC1,2,2,1.0
ames_mutagenicity,C1=Cc2c(ccc3c4c5c(cccc5cc23)C=C4)CC1,2,2,1.0
ames_mutagenicity,C1=Cc2c(ccc3c4c5c(cccc5cc23)CC4)CC1,2,2,1.0
ames_mutagenicity,C1=Cc2c(ccc3nc4ccc5ccccc5c4cc23)CC1,2,2,1.0
ames_mutagenicity,C1=Cc2c3c1cccc3cc1ccc3ccccc3c21,2,2,1.0
ames_mutagenicity,C1=Cc2cc3c(cc2CC1)-c1cccc2cccc-3c12,2,2,1.0
ames_mutagenicity,C1=Cc2cc3cc4ccccc4cc3c3cccc1c23,2,2,1.0
ames_mutagenicity,C1=Cc2cc3cccc4ccc5ccc1c2c5c43,2,2,1.0
ames_mutagenicity,C1=Cc2ccc3c(ccc4ccccc43)c2C1,2,2,1.0
ames_mutagenicity,C1=Cc2ccc3c4c5c(cccc5cc3c2CC1)CC4,2,2,1.0
ames_mutagenicity,C1=Cc2ccc3cc4ccccc4cc3c2CC1,2,2,1.0
ames_mutagenicity,C1=Cc2cccc3cccc(c23)O1,2,2,1.0
ames_mutagenicity,C1=Cc2ccccc2C1,2,1,0.5
ames_mutagenicity,C1=Cc2ccccc2NC1,2,0,0.0
ames_mutagenicity,C1=Cc2cccnc2CC1,2,0,0.0
ames_mutagenicity,C1=NCCS1,2,0,0.0
ames_mutagenicity,C1=NCCc2c1[nH]c1ccccc21,2,0,0.0
ames_mutagenicity,C1CC1,2,0,0.0
ames_mutagenicity,C1CC2CCC1CO2,2,0,0.0
ames_mutagenicity,C1CC2OC2C1OC1CCC2OC12,2,0,0.0
ames_mutagenicity,C1CC2OC2CC1C1CO1,2,2,1.0
ames_mutagenicity,C1CCC(CC2CCCCC2)CC1,2,0,0.0
ames_mutagenicity,C1CCC2(CC1)CO2,2,0,0.0
ames_mutagenicity,C1CNN=N1,2,2,1.0
ames_mutagenicity,C1CS1,2,1,0.5
ames_mutagenicity,C1CSSC1,2,0,0.0
ames_mutagenicity,C1NCNCN1,2,1,0.5
ames_mutagenicity,C=C1C(=O)OC2CCC3C=CC(=O)C3CC12,2,0,0.0
ames_mutagenicity,C=C1CC23CC1CCC2C12C=CCC(C(=O)O1)C2C3,2,0,0.0
ames_mutagenicity,C=C1CC2C=CC1C2,2,0,0.0
ames_mutagenicity,C=C1CC2CCC1C2,2,0,0.0
ames_mutagenicity,C=C1CCC=CCCC2CCC12,2,0,0.0
ames_mutagenicity,C=C1CCCC2C=CC(=O)C3=C(C(=O)CC3)C12,2,0,0.0
ames_mutagenicity,C=C1CCCCC1=O,2,0,0.0
ames_mutagenicity,N1PNPNP1,2,0,0.0
ames_mutagenicity,N=C1NC(=O)N(C2CCCO2)CC1=O,2,0,0.0
ames_mutagenicity,N=c1ccn2c(n1)OC1CCOC12,2,0,0.0
ames_mutagenicity,O=C(C1CCCCC1)N1CC(=O)N2CCc3ccccc3C2C1,2,0,0.0
ames_mutagenicity,O=C(C=Cc1ccccc1)OC1CCCCC1,2,0,0.0
ames_mutagenicity,O=C(CNCCCN1CCCCC1)Nc1[nH]ncc1C(=O)c1ccccc1,2,2,1.0
ames_mutagenicity,O=C(CNCCCc1ccccc1)N1CCCC1,2,0,0.0
ames_mutagenicity,O=C(CNCCCc1ccccc1)NC1Cc2ccccc2C1,2,0,0.0
ames_mutagenicity,O=C(COc1ccccc1)NCCc1c[nH]c2ccccc12,2,0,0.0
ames_mutagenicity,O=C(Cc1ccccc1)NCc1ccccc1,2,1,0.5
ames_mutagenicity,O=C(Cc1ccccc1)OC1CC2NC(C1)C1OC21,2,0,0.0
ames_mutagenicity,O=C(NCc1ccccc1)C1CO1,2,2,1.0
ames_mutagenicity,O=C(Nc1ccc2c(c1)Cc1ccccc1-2)c1ccccc1,2,2,1.0
ames_mutagenicity,O=C(Nc1ccccc1)C1CO1,2,2,1.0
ames_mutagenicity,O=C(Nc1ccccc1)NC1CCCCC1,2,0,0.0
ames_mutagenicity,O=C(Nc1ccccc1)c1cc(N=Nc2ccccc2)c2ccccc2c1,2,2,1.0
ames_mutagenicity,O=C(OC1CCC2CC3c4[nH]c5ccccc5c4CCN3CC2C1)c1ccccc1,2,0,0.0
ames_mutagenicity,O=C(OCC(COC(=O)c1ccccc1)COC(=O)c1ccccc1)c1ccccc1,2,0,0.0
ames_mutagenicity,O=C(OCC1CO1)C1CCCCC1C(=O)OCC1CO1,2,2,1.0
ames_mutagenicity,O=C(OCC1CO1)c1cccc(C(=O)OCC2CO2)c1,2,2,1.0
ames_mutagenicity,O=C(OCC1CO1)c1ccccc1,2,2,1.0
ames_mutagenicity,O=C(OCN1C(=O)C2=C(CCCC2)C1=O)C1CC1,2,2,1.0
ames_mutagenicity,O=C(OCc1ccco1)C1CC1,2,2,1.0
ames_mutagenicity,O=C(c1ccc2c(c1)OCO2)C1CO1,2,2,1.0
ames_mutagenicity,O=C(c1ccccc1)C1CCCCC1,2,0,0.0
ames_mutagenicity,O=C(c1ccccc1)C1CO1,2,2,1.0
ames_mutagenicity,O=C(c1ccccc1)c1ccc2[nH]cnc2c1,2,1,0.5
ames_mutagenicity,O=C1C(N=Nc2ccccc2)C=NN1c1ccccc1,2,0,0.0
ames_mutagenicity,O=C1C(c2cc3ccccc3[nH]2)=Nc2ccccc21,2,1,0.5
ames_mutagenicity,O=C1C2=CC3C(=O)C=CCC3CC2Cc2ccccc21,2,0,0.0
ames_mutagenicity,O=C1C2=Cc3ccccc3C(=O)C23C2CC4C3CC1C41C(=O)c3ccccc3C=C1C2=O,2,0,0.0
ames_mutagenicity,O=C1C=C2C=COC=C2CC1,2,2,1.0
ames_mutagenicity,O=C1C=C2CCC3C(=C2CC1)C(c1ccccc1)CC1CCCC13,2,0,0.0
ames_mutagenicity,O=C1C=C2COCC=C2O1,2,0,0.0
ames_mutagenicity,O=C1C=CC(=O)C23CC2COC13,2,2,1.0
ames_mutagenicity,O=C1C=CC(=O)C2=C1CC1C3NC3CN21,2,2,1.0
ames_mutagenicity,O=C1C=CC(=O)N1,2,2,1.0
ames_mutagenicity,O=C1C=CC(=O)c2c1ncc1c2[nH]c2ccccc21,2,2,1.0
ames_mutagenicity,O=C1C=CC(=O)c2cc(C3=CC(=O)c4ccccc4C3=O)ccc21,2,0,0.0
ames_mutagenicity,O=C1C=CC2(CC1)Oc1ccccc1C2=O,2,0,0.0
ames_mutagenicity,O=C1C=CC2=COCCC2=C1,2,0,0.0
ames_mutagenicity,O=C1C=CC2C1CC=CC1C3CC3CCC21,2,0,0.0
ames_mutagenicity,O=C1C=CC2C3Cc4ccccc4C2(CCN3)C1,2,0,0.0
ames_mutagenicity,O=C1C=CC2C=C3C(=O)c4ccccc4CC3CC2C1,2,0,0.0
ames_mutagenicity,O=C1C=Cc2c(ccc3c2ccc2ccccc23)C1=O,2,1,0.5
ames_mutagenicity,O=C1CC(=O)C1=O,2,0,0.0
ames_mutagenicity,O=C1CC(=O)C2C(=O)C3C(=O)c4ccccc4CC3CC2C1,2,0,0.0
ames_mutagenicity,O=C1CC(=O)c2ccccc21,2,0,0.0
ames_mutagenicity,O=C1CC(=O)c2ccccc2C1=O,2,1,0.5
ames_mutagenicity,O=C1CC(CCC2CCCCC2=O)CC(=O)N1,2,0,0.0
ames_mutagenicity,O=C1CC2(C=C3CCC=C13)CC2,2,2,1.0
ames_mutagenicity,O=C1CC2CC2C1,2,0,0.0
ames_mutagenicity,O=C1CC2CC3CCCCC3CCC2O1,2,2,1.0
ames_mutagenicity,O=C1CC2OCC=C3CN4CCC56c7ccccc7N1C5C2C3CC46,2,0,0.0
ames_mutagenicity,O=C1CCC(=O)N1,2,1,0.5
ames_mutagenicity,O=C1CCC(c2cccnc2)N1,2,0,0.0
ames_mutagenicity,O=C1CCC2=C3C(c4ccccc4)CC4CCCC4C3CC=C2C1,2,0,0.0
ames_mutagenicity,O=C1CCC2c3c1cccc3-c1cccc3c1C2CCC3=O,2,2,1.0
ames_mutagenicity,O=C1CCCC(=O)OC2CCN3CC=C(CO1)C23,2,0,0.0
ames_mutagenicity,O=C1CCCC1,2,0,0.0
ames_mutagenicity,O=C1CCCC=Cc2ccccc2C(=O)OCCCC1,2,0,0.0
ames_mutagenicity,O=C1CCCO1,2,0,0.0
ames_mutagenicity,O=C1CCCc2c1ccc1c2ccc2ccccc21,2,2,1.0
ames_mutagenicity,O=C1CCOCC1=O,2,2,1.0
ames_mutagenicity,O=C1CCc2c1c(=O)oc1c3c(ccc21)OC1OC2OC2C31,2,1,0.5
ames_mutagenicity,O=C1CCc2cc3ccccc3cc2C1,2,0,0.0
ames_mutagenicity,O=C1CCc2ccc3c(ccc4ccccc43)c21,2,2,1.0
ames_mutagenicity,O=C1NC(=O)C(c2ccccc2)(c2ccccc2)N1,2,0,0.0
ames_mutagenicity,O=C1NC(c2cccs2)Nc2ccccc21,2,2,1.0
ames_mutagenicity,O=C1NCCCN1,2,1,0.5
ames_mutagenicity,O=C1NCCN1N=Cc1ccco1,2,2,1.0
ames_mutagenicity,O=C1NCNC(=O)N1,2,1,0.5
ames_mutagenicity,O=C1NCNc2ccccc21,2,0,0.0
ames_mutagenicity,O=C1Nc2cc3ccccc3c3c4c(cc1c23)OCO4,2,2,1.0
ames_mutagenicity,O=C1Nc2ccccc2C1=O,2,2,1.0
ames_mutagenicity,O=C1OC(C2NCCc3cc4c(cc32)OCO4)c2ccccc21,2,0,0.0
ames_mutagenicity,O=C1OC(c2ccccc2)(c2ccccc2)c2ccccc21,2,0,0.0
ames_mutagenicity,O=C1OC2CCC3C=CC(=O)C3C3OCC1C23,2,0,0.0
ames_mutagenicity,O=C1OCCCCCCCCCCc2ccccc21,2,0,0.0
ames_mutagenicity,O=C1c2ccc3c(c2OC2COc4ccccc4C12)CCO3,2,0,0.0
ames_mutagenicity,O=C1c2ccccc2-c2c3c(cc4ccnc1c24)OCO3,2,2,1.0
ames_mutagenicity,O=C1c2ccccc2C(=O)N1N1C2CC3C4CCCC4CCC3C3CCCCC321,2,1,0.5
ames_mutagenicity,O=C1c2ccccc2C(=O)c2cc(OC3CCCC(COC4CCCCO4)O3)ccc21,2,1,0.5
ames_mutagenicity,O=C1c2ccccc2C(=O)c2cc(OC3CCCCO3)ccc21,2,2,1.0
ames_mutagenicity,O=C1c2ccccc2C(=O)c2cc3c(cc21)OC1OC=CC31,2,2,1.0
ames_mutagenicity,O=C1c2ccccc2C2=Nc3ccccc3CN12,2,2,1.0
ames_mutagenicity,O=S1(=O)CCN(N=Cc2ccco2)CC1,2,2,1.0
ames_mutagenicity,O=S1(=O)OC(c2ccccc2)(c2ccccc2)c2ccccc21,2,0,0.0
ames_mutagenicity,O=S1OCC2C3C=CC(C3)C2CO1,2,0,0.0
ames_mutagenicity,O=[PH](Oc1ccccc1)c1ccccc1,2,2,1.0
ames_mutagenicity,O=c1[nH][nH]c(=O)c2ccccc12,2,1,0.5
ames_mutagenicity,O=c1[nH]c(=O)c2[nH]cnc2[nH]1,2,0,0.0
ames_mutagenicity,O=c1[nH]sc2ccccc12,2,1,0.5
ames_mutagenicity,O=c1c(OC2CCCC(COC3CCCCO3)O2)c(-c2ccccc2)oc2ccccc12,2,1,0.5
ames_mutagenicity,O=c1c2cccc3ccc4cccc1c4c32,2,2,1.0
ames_mutagenicity,O=c1c2ccccc2[nH]c2c3c(ccc12)OCC3,2,2,1.0
ames_mutagenicity,O=c1c2ccccc2n2cnc3cccc1c32,2,2,1.0
ames_mutagenicity,O=c1cc2n(C3CC3)c3cc(-c4ccncc4)ccc3n2c(=O)[nH]1,2,2,1.0
ames_mutagenicity,O=c1cc2n(C3CC3)c3cc(N4CCNCC4)ccc3n2c(=O)[nH]1,2,2,1.0
ames_mutagenicity,O=c1ccc2ccc3occc3c2o1,2,0,0.0
ames_mutagenicity,O=c1ccn(-c2ccccc2)c2cc(N3CCNCC3)ccc12,2,1,0.5
ames_mutagenicity,O=c1ccs[nH]1,2,1,0.5
ames_mutagenicity,O=c1n(CC2CO2)c(=O)n(CC2CO2)c(=O)n1CC1CO1,2,2,1.0
ames_mutagenicity,O=c1ncncn1C1CCCO1,2,2,1.0
ames_mutagenicity,O=c1oc2ccccc2cc1C1CCc2ccccc2C1,2,0,0.0
ames_mutagenicity,c1c[nH]c(C2NCCO2)n1,2,2,1.0
ames_mutagenicity,c1cc(OCC2CO2)c2sncc2c1,2,2,1.0
ames_mutagenicity,c1cc(OCC2CO2)cc(OCC2CO2)c1,2,2,1.0
ames_mutagenicity,c1cc(OCC2CO2)ccc1Cc1ccc(OCC2CO2)cc1,2,2,1.0
ames_mutagenicity,c1cc2c3c(c1)-c1c(ccc4ccccc14)C31OC1CC2,2,2,1.0
ames_mutagenicity,c1cc2c3c(c1)-c1cc4c(cc1CC3NCC2)OCO4,2,1,0.5
ames_mutagenicity,c1cc2c3c(c1)CCc1cccc(c1-3)CC2,2,2,1.0
ames_mutagenicity,c1cc2c3c(c1)ccc1cccc(c13)C2,2,2,1.0
ames_mutagenicity,c1cc2c3c(ccc2c2c1CCC2)CCC1OC31,2,2,1.0
ames_mutagenicity,c1cc2c3c(cccc3c1)-c1c-2ccc2c1C1OC1CC2,2,2,1.0
ames_mutagenicity,c1cc2c3c(cccc3c1)C1NC21,2,2,1.0
ames_mutagenicity,c1cc2c3c(cccc3c1)CCC2,2,2,1.0
ames_mutagenicity,c1cc2ccc3cc4ccoc4c4ccc(c1)c2c34,2,2,1.0
ames_mutagenicity,c1cc2ccc3cc4occc4c4ccc(c1)c2c34,2,2,1.0
ames_mutagenicity,c1cc2ccc3ccc(C4CO4)c4ccc(c1)c2c34,2,2,1.0
ames_mutagenicity,c1cc2ccc3ccnc4ccc(c1)c2c34,2,2,1.0
ames_mutagenicity,c1cc2ccc3cncc4ccc(c1)c2c34,2,1,0.5
ames_mutagenicity,c1cc2ccocc-2c1,2,2,1.0
ames_mutagenicity,c1ccc(-c2[nH+]c3ccccc3c3ccccc23)cc1,2,2,1.0
ames_mutagenicity,c1ccc(-c2c[nH]c3ccccc23)cc1,2,0,0.0
ames_mutagenicity,c1ccc(-c2cc3ncnn3cn2)cc1,2,0,0.0
ames_mutagenicity,c1ccc(-c2ccc(CCC3CO3)cc2)cc1,2,2,1.0
ames_mutagenicity,c1ccc(-c2ccc(NC3CCCCO3)cc2)cc1,2,2,1.0
ames_mutagenicity,c1ccc(-c2cnc3ccccc3n2)cc1,2,2,1.0
ames_mutagenicity,c1ccc(-c2cnc[nH]2)cc1,2,1,0.5
ames_mutagenicity,c1ccc(-c2nc3ccccc3s2)cc1,2,2,1.0
ames_mutagenicity,c1ccc(-n2cnc3cncnc32)cc1,2,2,1.0
ames_mutagenicity,c1ccc(C(c2ccccc2)c2ccccc2)cc1,2,0,0.0
ames_mutagenicity,c1ccc(C2=NCc3nncn3-c3ccccc32)cc1,2,0,0.0
ames_mutagenicity,c1ccc(C2CCCC2)cc1,2,1,0.5
ames_mutagenicity,c1ccc(C2CCCc3ccccc32)cc1,2,0,0.0
ames_mutagenicity,c1ccc(C2CCNCC2)cc1,2,1,0.5
ames_mutagenicity,c1ccc(C2NC2c2ccccc2)cc1,2,2,1.0
ames_mutagenicity,c1ccc(CC2CCCCN2)cc1,2,0,0.0
ames_mutagenicity,c1ccc(CCCNCCc2ccccc2)cc1,2,0,0.0
ames_mutagenicity,c1ccc(CCc2ccccc2)cc1,2,2,1.0
ames_mutagenicity,c1ccc(CN=NNc2ccccc2)cc1,2,2,1.0
ames_mutagenicity,c1ccc(CNCCOc2ccccc2)cc1,2,2,1.0
ames_mutagenicity,c1ccc(CNCc2ccccc2)cc1,2,0,0.0
ames_mutagenicity,c1ccc(CNc2ccccc2)cc1,2,0,0.0
ames_mutagenicity,c1ccc(COC(Cn2ccnc2)c2ccccc2)cc1,2,0,0.0
ames_mutagenicity,c1ccc(Cc2ccc(CC3CO3)cc2)cc1,2,2,1.0
ames_mutagenicity,c1ccc(Cc2ccc(OCC3CO3)cc2)cc1,2,2,1.0
ames_mutagenicity,c1ccc(Cc2cncnc2)cc1,2,1,0.5
ames_mutagenicity,c1ccc(N2CCNCC2)cc1,2,0,0.0
ames_mutagenicity,c1ccc(N=NNc2ccccc2)cc1,2,1,0.5
ames_mutagenicity,c1ccc(N=Nc2ccc(N=Nc3ccc4ccccc4c3)c3ccccc23)cc1,2,0,0.0
ames_mutagenicity,c1ccc(N=Nc2ccc(N=Nc3cccc4ccccc34)cc2)cc1,2,2,1.0
ames_mutagenicity,c1ccc(N=Nc2cccc(N=Nc3ccccc3)c2)cc1,2,2,1.0
ames_mutagenicity,c1ccc(NC2CCCO2)cc1,2,2,1.0
ames_mutagenicity,c1ccc(NCC2CCCCO2)cc1,2,1,0.5
ames_mutagenicity,c1ccc(NCc2cccs2)nc1,2,0,0.0
ames_mutagenicity,c1ccc(Nc2ccc(Nc3ccccc3)cc2)cc1,2,2,1.0
ames_mutagenicity,c1ccc(Nc2ccc3ccccc3c2)cc1,2,0,0.0
ames_mutagenicity,c1ccc(Nc2ccncn2)cc1,2,0,0.0
ames_mutagenicity,c1ccc(Oc2ccc(NOC3CCCCO3)cc2)cc1,2,2,1.0
ames_mutagenicity,c1ccc(SCCSc2ccccc2)cc1,2,1,0.5
ames_mutagenicity,c1ccc2c(C3CO3)c3ccc4ccccc4c3cc2c1,2,2,1.0
ames_mutagenicity,c1ccc2c(CCNC3CCCCO3)c[nH]c2c1,2,2,1.0
ames_mutagenicity,c1ccc2c(N=Nc3ccc(-c4ccc(N=Nc5cccc6ccccc56)cc4)cc3)cccc2c1,2,1,0.5
ames_mutagenicity,c1ccc2c(N=Nc3cccc4ccccc34)cccc2c1,2,0,0.0
ames_mutagenicity,c1ccc2c(c1)-c1c(c3ccccc3c3ccccc13)C1NC21,2,2,1.0
ames_mutagenicity,c1ccc2c(c1)-c1c(c3ccccc3c3ccccc13)C1OC21,2,2,1.0
ames_mutagenicity,c1ccc2c(c1)-c1c(ccc3ccccc13)C1NC21,2,2,1.0
ames_mutagenicity,c1ccc2c(c1)-c1c(ccc3ccccc13)C1OC21,2,2,1.0
ames_mutagenicity,c1ccc2c(c1)-c1cc3ccc4ccccc4c3cc1C1OC21,2,2,1.0
ames_mutagenicity,c1ccc2c(c1)-c1ccc3ccccc3c1C1NC21,2,2,1.0
ames_mutagenicity,c1ccc2c(c1)-c1cccc3c1c-2cc1ccccc13,2,2,1.0
ames_mutagenicity,c1ccc2c(c1)-c1nc3ccccc3c3c1c-2nc1ccccc13,2,1,0.5
ames_mutagenicity,c1ccc2c(c1)CC1COc3ccccc3C21,2,0,0.0
ames_mutagenicity,c1ccc2c(c1)CCCN2,2,2,1.0
ames_mutagenicity,c1ccc2c(c1)CCN2,2,2,1.0
ames_mutagenicity,c1ccc2c(c1)CCNC2,2,1,0.5
ames_mutagenicity,c1ccc2c(c1)CCNC2CC1CCN2CCc3ccccc3C2C1,2,0,0.0
ames_mutagenicity,c1ccc2c(c1)CCc1cc3ccccc3nc1-2,2,0,0.0
ames_mutagenicity,c1ccc2c(c1)CCc1ccccc1-2,2,2,1.0
ames_mutagenicity,c1ccc2c(c1)CCc1ccccc1N2,2,0,0.0
ames_mutagenicity,c1ccc2c(c1)CCc1nc3ccc4ccccc4c3cc1-2,2,0,0.0
ames_mutagenicity,c1ccc2c(c1)Cc1ccccc1O2,2,1,0.5
ames_mutagenicity,c1ccc2c(c1)Sc1[nH]nc3cccc-2c13,2,2,1.0
ames_mutagenicity,c1ccc2c(c1)Sc1cccc3[nH]nc-2c13,2,2,1.0
ames_mutagenicity,c1ccc2c(c1)Sc1ccccc1N2CC1CCNC1,2,0,0.0
ames_mutagenicity,c1ccc2c(c1)[nH]c1c[nH+]nnc12,2,2,1.0
ames_mutagenicity,c1ccc2c(c1)c1cccc3c1c1c(cccc21)C1OC31,2,2,1.0
ames_mutagenicity,c1ccc2c(c1)cc(C1CO1)c1ccccc12,2,2,1.0
ames_mutagenicity,c1ccc2c(c1)cc1c3c(cccc32)CCN1,2,1,0.5
ames_mutagenicity,c1ccc2c(c1)cc1c3c2ccc2cccc(c23)CC1,2,2,1.0
ames_mutagenicity,c1ccc2c(c1)ccc1c2ccc2c3ccccc3ccc21,2,1,0.5
ames_mutagenicity,c1ccc2c(c1)ccc1c3ccccc3c(C3CO3)cc21,2,2,1.0
ames_mutagenicity,c1ccc2c(c1)ccc1c3ccccc3sc21,2,2,1.0
ames_mutagenicity,c1ccc2c(c1)ccc1cc3c(cc12)C1OC1CC3,2,2,1.0
ames_mutagenicity,c1ccc2c(c1)ccc1cc3c(ccc4ccccc43)cc12,2,2,1.0
ames_mutagenicity,c1ccc2c(c1)ccc1nc3ccc4ccccc4c3cc12,2,1,0.5
ames_mutagenicity,c1ccc2c(c1)ccc1occc12,2,2,1.0
ames_mutagenicity,c1ccc2c(c1)cnc1ccccc12,2,2,1.0
ames_mutagenicity,c1ccc2c(c1)ncc1cnc3ccccc3c12,2,1,0.5
ames_mutagenicity,c1ccc2c(c1)sc1ccccc12,2,2,1.0
ames_mutagenicity,c1ccc2c3c(ccc2c1)CCC1OC31,2,2,1.0
ames_mutagenicity,c1ccc2c3c4c(cc5ccccc5c4cc2c1)C1OC31,2,2,1.0
ames_mutagenicity,c1ccc2c3c4c(ccc5cccc(c54)C4OC34)cc2c1,2,2,1.0
ames_mutagenicity,c1ccc2c3c[nH]ccc-3nc2c1,2,1,0.5
ames_mutagenicity,c1ccc2cc(C3CO3)ccc2c1,2,2,1.0
ames_mutagenicity,c1ccc2cc3c4c(ccc3cc2c1)CCC1OC41,2,2,1.0
ames_mutagenicity,c1ccc2nc3c(ccc4cccnc43)cc2c1,2,2,1.0
ames_mutagenicity,c1ccc2nsnc2c1,2,2,1.0
ames_mutagenicity,c1ccnnc1,2,2,1.0
ames_mutagenicity,c1cn2cnc3c(ncn3C3CCCO3)c2n1,2,0,0.0
ames_mutagenicity,c1cnc2c(c1)CCC1OC21,2,0,0.0
ames_mutagenicity,c1cnc2c3c(ccc2c1)CCC1OC31,2,2,1.0
ames_mutagenicity,c1cnc2ccc3c(c2c1)C1OC1CC3,2,1,0.5
ames_mutagenicity,c1cnc2ccc3c(c2c1)CCC1OC31,2,0,0.0
ames_mutagenicity,c1cnc2ccc3nc[nH]c3c2c1,2,2,1.0
ames_mutagenicity,c1cncc(-c2ccncc2)c1,2,0,0.0
ames_mutagenicity,c1cncc(C2CCC[NH2+]2)c1,2,0,0.0
ames_mutagenicity,c1cnncn1,2,1,0.5
ames_mutagenicity,c1coc(-c2ncncn2)c1,2,2,1.0
ames_mutagenicity,c1csc(-c2nc(N3CCOCC3)c3ccccc3n2)c1,2,2,1.0
ames_mutagenicity,c1ncc2[nH]cnc2n1,2,1,0.5
ames_mutagenicity,c1ncn(C2CCCO2)n1,2,0,0.0
ames_mutagenicity,C(=C(OCCOc1ccccc1)c1ccccc1)n1ccnc1,1,0,0.0
ames_mutagenicity,C(=CC=CC=CC=CC=CC1=CCCCC1)C=CC=CC=CC=CC1=CCCCC1,1,1,1.0
ames_mutagenicity,C(=Cc1ccc2ccccc2[nH+]1)c1ccn(-c2ccccc2)c1,1,1,1.0
ames_mutagenicity,C(=Cc1cccc(C=Cc2ccccc2)c1)c1ccccc1,1,0,0.0
ames_mutagenicity,C(=Cc1ccccn1)c1ccccc1,1,1,1.0
ames_mutagenicity,C(=Cc1ccco1)c1ccccc1,1,1,1.0
ames_mutagenicity,C(=Cc1ccco1)c1ccco1,1,1,1.0
ames_mutagenicity,C(=Cc1nnco1)c1ccco1,1,1,1.0
ames_mutagenicity,C(=NC1CCCCC1)=NC1CCCCC1,1,0,0.0
ames_mutagenicity,C(=NC=Nc1ccccc1)Nc1ccccc1,1,0,0.0
ames_mutagenicity,C(=NCCSCc1ccco1)NCCc1ccccc1,1,0,0.0
ames_mutagenicity,C(=NCCc1ccccc1)NCCSCc1ccco1,1,0,0.0
ames_mutagenicity,C(=NN1Cc2[nH]c3ccccc3c2N=N1)c1ccc(Oc2ccccc2)cc1,1,0,0.0
ames_mutagenicity,C(=NNC1=NCCN1)c1c2ccccc2c(C=NNC2=NCCN2)c2ccccc12,1,1,1.0
ames_mutagenicity,C(=NOC1CCCCO1)c1ccccc1,1,0,0.0
ames_mutagenicity,C(=Nc1ccccc1)c1cccc2cccnc12,1,0,0.0
ames_mutagenicity,C(=Nc1snc2ccccc12)c1ccco1,1,1,1.0
ames_mutagenicity,C(=Nn1cc2nc3ccccc3c-2nn1)c1ccc(-c2ccccc2)cc1,1,0,0.0
ames_mutagenicity,C(=Nn1cc2nccc-2nn1)c1ccccc1,1,1,1.0
ames_mutagenicity,C(=Nn1cccn1)c1ccco1,1,1,1.0
ames_mutagenicity,C(CC1CO1)C1CO1,1,1,1.0
ames_mutagenicity,C(CN1CCCC1)=C(c1ccccc1)c1ccccn1,1,0,0.0
ames_mutagenicity,C(COCC1CO1)OCC1CO1,1,1,1.0
ames_mutagenicity,C1=C(CC2NCCc3ccccc32)CC2c3ccccc3CCN2C1,1,0,0.0
ames_mutagenicity,C1=C(CCC2=CCOC2)CCC1,1,0,0.0
ames_mutagenicity,C1=C(OC2CCCCO2)c2cc3cc4ccccc4cc3cc2CC1,1,1,1.0
ames_mutagenicity,C1=C(c2ccccc2)CCC1,1,0,0.0
ames_mutagenicity,C1=C(c2ccccc2)CCNC1,1,0,0.0
ames_mutagenicity,C1=C(c2ccccc2)CC[NH2+]C1,1,0,0.0
ames_mutagenicity,C1=C2C3CCCCC3CCC2C2CCC3CC(OC4CCCCO4)CCC3C2C1,1,0,0.0
ames_mutagenicity,C1=C2C3CCCCC3CCC2C2CCC3CCCCC3C2C1,1,0,0.0
ames_mutagenicity,C1=C2CCCC(=CC3OC13)O2,1,0,0.0
ames_mutagenicity,C1=C2CCCC2C2CC2C1,1,1,1.0
ames_mutagenicity,C1=C2CCCCC2C2CCC3C(CC4C3CC3CCCCN34)C2C1,1,0,0.0
ames_mutagenicity,C1=C2CCCCC2C2CCC3C4CC5(CCCCO5)OC4CC3C2C1,1,0,0.0
ames_mutagenicity,C1=C2c3cc4c(cc3CCN2Cc2ccccc21)OCO4,1,0,0.0
ames_mutagenicity,C1=C2c3cc4ccccc4cc3-c3cccc(c32)CC1,1,1,1.0
ames_mutagenicity,C1=C2c3cccc4[nH]cc(c34)CC2NCC1,1,1,1.0
ames_mutagenicity,C1=C2c3ccccc3CCC2CCC1,1,1,1.0
ames_mutagenicity,C1=CC(=C(c2ccccc2)c2ccccc2)C=CC1,1,1,1.0
ames_mutagenicity,C1=CC(C2C=CC=C2)C=C1,1,1,1.0
ames_mutagenicity,C1=CC(c2ccccc2)(c2ccccc2)Nc2ccccc21,1,0,0.0
ames_mutagenicity,C1=CC(c2ccccc2)C(=COC2CN(C(c3ccccc3)c3ccccc3)C2)C=N1,1,0,0.0
ames_mutagenicity,C1=CC(c2ccccc2)C(=COCC2COC3(CCCC3)O2)C=N1,1,0,0.0
ames_mutagenicity,C1=CC(c2ccccc2)C(=COCCc2ccc(N3CCN(C(c4ccccc4)c4ccccc4)CC3)cc2)C=N1,1,0,0.0
ames_mutagenicity,C1=CC(n2cnc3cncnc32)CC1,1,0,0.0
ames_mutagenicity,C1=CC23CCCCC2(O3)c2cc3ccc4ccccc4c3nc21,1,0,0.0
ames_mutagenicity,C1=CC2=C(CC1)c1cccc3cccc2c13,1,1,1.0
ames_mutagenicity,C1=CC2=CCC3C4CCCC4CCC3C2CC1,1,0,0.0
ames_mutagenicity,C1=CC2=CCC3CCCCC3C2CC1,1,0,0.0
ames_mutagenicity,C1=CC2=CNN=CC2C=C1,1,1,1.0
ames_mutagenicity,C1=CC2C(CCC34CCC(CCC23)C4)c2ccoc21,1,0,0.0
ames_mutagenicity,C1=CC2C3CCCC3CCC2C2CCCCC12,1,1,1.0
ames_mutagenicity,C1=CC2CC2CC1,1,1,1.0
ames_mutagenicity,C1=CC2CCC3C(=CCC4=CCCCC43)C2C1,1,0,0.0
ames_mutagenicity,C1=CC2CCC3C4CCCCC4CCC3C2C1,1,0,0.0
ames_mutagenicity,C1=CC2OC2C=CO1,1,0,0.0
ames_mutagenicity,C1=CC2OC2CC1,1,1,1.0
ames_mutagenicity,C1=CC2OC2c2[nH+]cccc21,1,0,0.0
ames_mutagenicity,C1=CC2OC2c2cccnc21,1,0,0.0
ames_mutagenicity,C1=CC2c3cccc4cccc(c34)C2C2=C1CCC1OC21,1,1,1.0
ames_mutagenicity,C1=CC2c3ccccc3OCC2CC1,1,0,0.0
ames_mutagenicity,C1=CC=CCC=C1,1,1,1.0
ames_mutagenicity,C1=CCC2C(C1)CCC1C3CCCC3CCC21,1,0,0.0
ames_mutagenicity,C1=CCC2C(C1)CCC1C3CCCCC3CCC21,1,0,0.0
ames_mutagenicity,C1=CCC2C(C1)CCC1CCCCC12,1,0,0.0
ames_mutagenicity,C1=CCC2CCCC2CC1,1,0,0.0
ames_mutagenicity,C1=CCC2CCCCC2C1,1,0,0.0
ames_mutagenicity,C1=CCC=C1,1,0,0.0
ames_mutagenicity,C1=CCCC2OC2CCC=CCC1,1,0,0.0
ames_mutagenicity,C1=CCCC=C1,1,1,1.0
ames_mutagenicity,C1=CCNC1,1,0,0.0
ames_mutagenicity,C1=CN(CCC[n+]2ccccc2)CN1,1,0,0.0
ames_mutagenicity,C1=COC=CC1,1,0,0.0
ames_mutagenicity,C1=COc2c(c3cc4ccccc4cc3c3ccccc23)C=C1,1,1,1.0
ames_mutagenicity,C1=COc2c(c3ccccc3c3cc4ccccc4cc23)C=C1,1,1,1.0
ames_mutagenicity,C1=CSCCS1,1,0,0.0
ames_mutagenicity,C1=Cc2c(c3cc4ccccc4cc3c3ccccc23)CC1,1,1,1.0
ames_mutagenicity,C1=Cc2c(c3ccccc3c3cc4ccccc4cc23)CC1,1,1,1.0
ames_mutagenicity,C1=Cc2c(cc3c4c(c5ccccc5cc24)-c2ccccc2-3)CC1,1,1,1.0
ames_mutagenicity,C1=Cc2c(cc3c4c(cc5ccccc53)-c3ccccc3-c24)CC1,1,1,1.0
ames_mutagenicity,C1=Cc2c(ccc3c2sc2ccccc23)CC1,1,1,1.0
ames_mutagenicity,C1=Cc2c(ccc3cc4c(cc23)CCc2ccccc2-4)CC1,1,0,0.0
ames_mutagenicity,C1=Cc2c(ccc3cc4c(ccc5ccccc54)cc23)CC1,1,1,1.0
ames_mutagenicity,C1=Cc2c(ccc3cc4c5c(ccc4cc23)CCC=C5)CC1,1,0,0.0
ames_mutagenicity,C1=Cc2c(ccc3ccc4ccccc4c23)C1,1,1,1.0
ames_mutagenicity,C1=Cc2c(ccc3ccccc23)CC1,1,1,1.0
ames_mutagenicity,C1=Cc2c(ccc3cccnc23)CC1,1,1,1.0
ames_mutagenicity,C1=Cc2c(ccc3ncccc23)CC1,1,0,0.0
ames_mutagenicity,C1=Cc2c3cc4ccccc4cc3cc3cccc1c23,1,1,1.0
ames_mutagenicity,C1=Cc2c3ccc4c(c3cc3cccc1c23)C1OC1CC4,1,1,1.0
ames_mutagenicity,C1=Cc2c3ccc4cccc5ccc(c6cccc1c26)c3c45,1,1,1.0
ames_mutagenicity,C1=Cc2c3ccccc3cc3cc4ccccc4c1c23,1,1,1.0
ames_mutagenicity,C1=Cc2c3ccccc3cc3cccc1c23,1,1,1.0
ames_mutagenicity,C1=Cc2cc3c(ccc4ccccc43)c3c2C(C1)CC3,1,1,1.0
ames_mutagenicity,C1=Cc2cc3c4c(cc5ccccc53)-c3ccccc3-c4c2CC1,1,1,1.0
ames_mutagenicity,C1=Cc2cc3c4ccccc4ccc3c3cccc1c23,1,1,1.0
ames_mutagenicity,C1=Cc2cc3cccc4c5ccccc5c5ccc1c2c5c34,1,1,1.0
ames_mutagenicity,C1=Cc2cc3ccccc3c3cccc1c23,1,1,1.0
ames_mutagenicity,C1=Cc2ccc3c(sc4ccccc43)c2CC1,1,0,0.0
ames_mutagenicity,C1=Cc2ccc3c4c(ccc1c24)-c1ccccc1-3,1,1,1.0
ames_mutagenicity,C1=Cc2ccc3cc4c(ccc5ccccc54)cc3c2CC1,1,1,1.0
ames_mutagenicity,C1=Cc2ccc3ccc4ccccc4c3c2C1,1,0,0.0
ames_mutagenicity,C1=Cc2ccc3ccccc3c2OC1,1,1,1.0
ames_mutagenicity,C1=Cc2ccc3ncccc3c2CC1,1,0,0.0
ames_mutagenicity,C1=Cc2ccccc2C(=C2CCNCC2)c2ccccc21,1,0,0.0
ames_mutagenicity,C1=Cc2nc3c(ccc4ccccc43)cc2CC1,1,1,1.0
ames_mutagenicity,C1=Cc2ncccc2CC1,1,0,0.0
ames_mutagenicity,C1=NC(c2ccco2)=NOC1,1,1,1.0
ames_mutagenicity,C1=NCCN1,1,0,0.0
ames_mutagenicity,C1=NNC2=CN=C(c3ccccc3)c3ccccc3N12,1,0,0.0
ames_mutagenicity,C1=Nc2ccccc2C1,1,0,0.0
ames_mutagenicity,C1=[NH+]CCC(c2ccccc2)=C1,1,1,1.0
ames_mutagenicity,C1=c2ccc3cccc4ccc(c2c43)C23CCCCC12O3,1,1,1.0
ames_mutagenicity,C1=c2ccccc2=C2Cc3ccccc3C3=C4OC4=C1C32,1,1,1.0
ames_mutagenicity,C1C2CC1C1OC1C2,1,0,0.0
ames_mutagenicity,C1C2CC3C1C1C2C2C4OC4C1C32,1,1,1.0
ames_mutagenicity,C1CC2(CCO1)CO2,1,1,1.0
ames_mutagenicity,C1CC2(CO2)C2CC1C2,1,0,0.0
ames_mutagenicity,C1CC2=C(C1)CC1CC1C2,1,1,1.0
ames_mutagenicity,C1CC2CC(C1)C2,1,0,0.0
ames_mutagenicity,C1CC2CCC3C(CC4OC45CCCCC35)C2C1,1,1,1.0
ames_mutagenicity,C1CC2CCCN2C1,1,0,0.0
ames_mutagenicity,C1CC2OC2CC1COCC1CCC2OC2C1,1,1,1.0
ames_mutagenicity,C1CC2OC2CCC2OC12,1,0,0.0
ames_mutagenicity,C1CCC(C(CC2CCCCN2)C2CCCCC2)CC1,1,0,0.0
ames_mutagenicity,C1CCC(COCC2CCCOC2)OC1,1,0,0.0
ames_mutagenicity,C1CCC(NC2CCCCC2)CC1,1,0,0.0
ames_mutagenicity,C1CCC(OC2CCC3C2CCC2C4CC5SC5CC4CCC23)C1,1,0,0.0
ames_mutagenicity,C1CCC(OC2CCCC(OC3CCCCC3)C2)CC1,1,0,0.0
ames_mutagenicity,C1CCC(OC2CCCO2)OC1,1,0,0.0
ames_mutagenicity,C1CCC(OC2OCCC2OC2CCCCO2)CC1,1,1,1.0
ames_mutagenicity,C1CCC(OCC2CCCC(COCC3CCCOC3)O2)OC1,1,0,0.0
ames_mutagenicity,C1CCC2C(C1)CCC13CC(CCC21)C1(CO1)C3,1,0,0.0
ames_mutagenicity,C1CCC2C(C1)CCC13CCC(CCC21)C3,1,0,0.0
ames_mutagenicity,C1CCC2C(C1)CCC1CC3CCCC12C3,1,0,0.0
ames_mutagenicity,C1CCC2CC3(CCC2C1)CO3,1,0,0.0
ames_mutagenicity,C1CCC2OCCOCCOC3CCCCC3OCCOCCOC2C1,1,0,0.0
ames_mutagenicity,C1CCC2OCCOCCOC3CCCCC3OCCOCCOCCOC2C1,1,0,0.0
ames_mutagenicity,C1CCC2OCCOCCOCCOC3CCCCC3OCCOCCOCCOC2C1,1,0,0.0
ames_mutagenicity,C1CCC2OCCOCCOCCOCCOC3CCCCC3OCCOCCOCCOCCOC2C1,1,0,0.0
ames_mutagenicity,C1CCCC2OC2CC1,1,0,0.0
ames_mutagenicity,C1CCCCCC2OC2CCCC1,1,0,0.0
ames_mutagenicity,C1CCCCCCCCCCC1,1,0,0.0
ames_mutagenicity,C1CCCCCCNCCCCC1,1,1,1.0
ames_mutagenicity,C1CCCNCCC1,1,1,1.0
ames_mutagenicity,C1CN(SSN2CCOCC2)CCO1,1,0,0.0
ames_mutagenicity,C1CN1c1nc(N2CC2)nc(N2CC2)n1,1,1,1.0
ames_mutagenicity,C1CN2CCN1CC2,1,0,0.0
ames_mutagenicity,C1CN=POC1,1,1,1.0
ames_mutagenicity,C1CNCCNC1,1,1,1.0
ames_mutagenicity,C1COC1,1,1,1.0
ames_mutagenicity,C1COCC2(C1)CO2,1,1,1.0
ames_mutagenicity,C1COCCOCCOCCO1,1,0,0.0
ames_mutagenicity,C1COCCOCCOCCOCCO1,1,0,0.0
ames_mutagenicity,C1COCCOCCOCCOCCOCCO1,1,0,0.0
ames_mutagenicity,C1COCCOCCOCCOCCOCCOCCO1,1,0,0.0
ames_mutagenicity,C1COCC[NH2+]1,1,0,0.0
ames_mutagenicity,C1CSCCN1,1,1,1.0
ames_mutagenicity,C1CSCCO1,1,0,0.0
ames_mutagenicity,C1CSCCS1,1,1,1.0
ames_mutagenicity,C1CSCSC1,1,1,1.0
ames_mutagenicity,C1N2CN3CN1CN(C2)C3,1,1,1.0
ames_mutagenicity,C1N2CN3CN1C[NH+](C2)C3,1,1,1.0
ames_mutagenicity,C1NCN2CNCN1C2,1,1,1.0
ames_mutagenicity,C=C(C(=C)c1ccccc1)c1ccccc1,1,0,0.0
ames_mutagenicity,C=C1C(=O)C23CCC4CCCCC4C2CCC1C3,1,1,1.0
ames_mutagenicity,C=C1C(=O)OC2C1CCCC1=CCC(=O)C12,1,0,0.0
ames_mutagenicity,C=C1C(=O)OC2C1CCCC1C=CC(=O)C12,1,0,0.0
ames_mutagenicity,C=C1C(=O)OC2CC3CC3CC12,1,0,0.0
ames_mutagenicity,C=C1C=COC(C=Cc2ccccc2)=C1,1,1,1.0
ames_mutagenicity,C=C1C=NC=C(C(=O)OCC=Cc2ccccc2)C1c1ccccc1,1,0,0.0
ames_mutagenicity,C=C1CC(=O)O1,1,0,0.0
ames_mutagenicity,C=C1CC23CCC4C(C(=O)OC5CCCCO5)CCCC4C2CCC1(OC1OCCCC1OC1CCCCO1)C3,1,0,0.0
ames_mutagenicity,C=C1CC23CCC4CCCCC4C2CCC1(OC1CCCCO1)C3,1,1,1.0
ames_mutagenicity,C=C1CC23CCC4CCCCC4C2CCC1(OC1OCCCC1OC1CCCCO1)C3,1,0,0.0
ames_mutagenicity,C=C1CC2C(CCC3C4CCCC4CCC23)CC1=O,1,0,0.0
ames_mutagenicity,C=C1CCC2CC1C2,1,0,0.0
ames_mutagenicity,C=C1CCC2CC2c2ccc3c(c21)C(=O)CC3,1,0,0.0
ames_mutagenicity,C=C1CCCC(=O)OCC2=CCNCCC(OC1=O)C2=O,1,1,1.0
ames_mutagenicity,C=C1CCCCC1=CC=C1CCCC2C(CC=CCC3CC3)CCC12,1,0,0.0
ames_mutagenicity,C=C1OC(=O)c2ccccc21,1,1,1.0
ames_mutagenicity,C=C1c2ccccc2CCc2ccccc21,1,0,0.0
ames_mutagenicity,C=C1c2ccccc2COc2ccccc21,1,0,0.0
ames_mutagenicity,C=C1c2ccccc2N2CC3NC3C12,1,1,1.0
ames_mutagenicity,N1=NC2C3OC3C1C1OC21,1,0,0.0
ames_mutagenicity,N1=PN=PN=P1,1,0,0.0
ames_mutagenicity,N=C(C(=O)NC1C(=O)N2C=C(C=Cc3cncs3)CSC12)c1cscn1,1,0,0.0
ames_mutagenicity,N=C(C(=O)NC1C(=O)N2C=C(CSC(=O)c3ccco3)CSC12)c1cscn1,1,0,0.0
ames_mutagenicity,N=C(C(=O)NC1C(=O)N2C=C(C[n+]3ccn4ncccc43)CSC12)c1ncsn1,1,0,0.0
ames_mutagenicity,N=C(C(=O)NC1CNC1=O)c1cscn1,1,0,0.0
ames_mutagenicity,N=C(C=Cc1ccco1)C=Cc1ccco1,1,1,1.0
ames_mutagenicity,N=C(Nc1ccccc1)Nc1ccccc1,1,1,1.0
ames_mutagenicity,N=C(c1ccccc1)c1ccc2[nH]cnc2c1,1,1,1.0
ames_mutagenicity,N=C(c1ccccc1)c1ccccc1,1,1,1.0
ames_mutagenicity,N=C1C=CC(=O)C=C1,1,0,0.0
ames_mutagenicity,N=C1C=CCO1,1,0,0.0
ames_mutagenicity,N=C1CC(=O)C(=O)c2ccccc21,1,1,1.0
ames_mutagenicity,N=C1CC(=O)C=CC1=O,1,1,1.0
ames_mutagenicity,N=C1CCC(=N)c2cc3ccccc3cc21,1,1,1.0
ames_mutagenicity,N=C1CCCCC1,1,1,1.0
ames_mutagenicity,N=C1N=NC=C2C=CC=CC12,1,1,1.0
ames_mutagenicity,N=C1N[CH]N=C2NCN=C12,1,1,1.0
ames_mutagenicity,N=c1[nH]c2ccccc2s1,1,1,1.0
ames_mutagenicity,N=c1c2nc[nH]c2[nH][cH-][n+]1=O,1,1,1.0
ames_mutagenicity,N=c1cc2oc3ccccc3nc-2c2ccccc12,1,1,1.0
ames_mutagenicity,N=c1ccn(C2CCCO2)c(=O)[nH]1,1,1,1.0
ames_mutagenicity,O1C2OC12,1,1,1.0
ames_mutagenicity,O=C(C(=O)c1ccccc1)c1ccccc1,1,0,0.0
ames_mutagenicity,O=C(C=CC=Cc1ccc2c(c1)OCO2)N1CCCCC1,1,0,0.0
ames_mutagenicity,O=C(C=Cc1ccc(-c2ccccc2)cc1)c1ccccc1,1,0,0.0
ames_mutagenicity,O=C(C=Cc1ccc(Oc2ccccc2)cc1)c1ccccc1,1,0,0.0
ames_mutagenicity,O=C(C=Cc1ccccc1)CC(=O)C=Cc1ccccc1,1,0,0.0
ames_mutagenicity,O=C(C=Cc1ccccc1)OC1CCC(OC23C=CC4(CC4)CC2C(=O)CC3)OC1,1,1,1.0
ames_mutagenicity,O=C(C=Cc1ccccc1)OC1CCC23CC24CCC2CCCC2C4CCC3C1,1,0,0.0
ames_mutagenicity,O=C(C=Cc1ccccc1)OC1CCC2CC3c4[nH]c5ccccc5c4CCN3CC2C1,1,0,0.0
ames_mutagenicity,O=C(C=Cc1ccccc1)OC1CCCC2CC3c4[nH]c5ccccc5c4CCN3CC21,1,0,0.0
ames_mutagenicity,O=C(C=Cc1ccccc1)OCC=Cc1ccccc1,1,1,1.0
ames_mutagenicity,O=C(C=Cc1ccccc1)c1ccc(-c2ccccc2)cc1,1,0,0.0
ames_mutagenicity,O=C(C=Cc1ccco1)NN=Cc1ccco1,1,1,1.0
ames_mutagenicity,O=C(CCC1CCCN1)NC(Cc1ccccc1)c1nccs1,1,0,0.0
ames_mutagenicity,O=C(CCCN1CCC(c2ccccc2)CC1)c1ccccc1,1,0,0.0
ames_mutagenicity,O=C(CCCN1CCN(c2ccccn2)CC1)c1ccccc1,1,0,0.0
ames_mutagenicity,O=C(CCNNC(=O)c1ccncc1)NCc1ccccc1,1,1,1.0
ames_mutagenicity,O=C(CCSSCCC(=O)N1CCSC1c1ccccc1)N1CCSC1c1ccccc1,1,0,0.0
ames_mutagenicity,O=C(CCc1c[nH]c2ccccc12)NCC(=O)NCC(=O)NCCc1ccccc1,1,0,0.0
ames_mutagenicity,O=C(CCc1ccccc1)NC(Cc1c[nH]cn1)C(=O)NC(CCC1CC1)CC1CCCCC1,1,0,0.0
ames_mutagenicity,O=C(CCc1ccccc1)NCCc1ccccc1,1,1,1.0
ames_mutagenicity,O=C(CCc1ccccc1)c1ccc(OC2OCCCC2OC2CCCCO2)cc1,1,0,0.0
ames_mutagenicity,O=C(CCc1ccccc1)c1ccccc1,1,0,0.0
ames_mutagenicity,O=C(CN1CCCC1=O)Nc1ccccc1,1,0,0.0
ames_mutagenicity,O=C(CN=Nc1ccccc1)Nc1ccccc1,1,0,0.0
ames_mutagenicity,O=C(CNCC(=O)NCCc1ccccc1)NCCc1ccccc1,1,0,0.0
ames_mutagenicity,O=C(CNCCCc1ccccc1)N1CCC2CCCCC21,1,0,0.0
ames_mutagenicity,O=C(CNCc1ccccc1)NCc1ccccc1,1,0,0.0
ames_mutagenicity,O=C(CNCc1ccccc1)c1ccccc1,1,1,1.0
ames_mutagenicity,O=C(CNc1ccccc1)NCCc1ccccc1,1,0,0.0
ames_mutagenicity,O=C(COc1cccc2cnccc12)NCC(=O)NC(CC(=O)N1CCSC1)Cc1ccccc1,1,0,0.0
ames_mutagenicity,O=C(COc1ccccc1)NC1C(=O)N2CCSC12,1,0,0.0
ames_mutagenicity,O=C(Cc1ccccc1)NC1C(=O)N2C(C(=O)OCc3coc(=O)o3)CSC12,1,0,0.0
ames_mutagenicity,O=C(Cc1ccccc1)OC1CCC2C(=CCC3C4CCCC4CCC23)C1,1,0,0.0
ames_mutagenicity,O=C(Cc1ccccc1)OCc1cccc(Oc2ccccc2)c1,1,0,0.0
ames_mutagenicity,O=C(Cc1ccccc1)OCc1ccccc1,1,0,0.0
ames_mutagenicity,O=C(Cc1cncnc1)NC=C(CCOC(=O)c1ccccc1)SC(=O)c1ccccc1,1,0,0.0
ames_mutagenicity,O=C(Cn1c(=O)sc2ccccc21)OCc1ccccc1,1,0,0.0
ames_mutagenicity,O=C(Cn1ccnc1)NCc1ccccc1,1,1,1.0
ames_mutagenicity,O=C(NC(=O)c1ccccc1)Nc1ccc(Oc2ccccn2)cc1,1,0,0.0
ames_mutagenicity,O=C(NC(=O)c1ccccc1)Nc1ccccc1,1,0,0.0
ames_mutagenicity,O=C(NC1CCCCC1)NS(=O)(=O)c1ccccc1,1,0,0.0
ames_mutagenicity,O=C(NC1OC2C3CCCN3C(=O)C(Cc3ccccc3)N2C1=O)C1C=C2c3cccc4[nH]cc(c34)CC2NC1,1,0,0.0
ames_mutagenicity,O=C(NC1OC2C3CCCN3C(=O)C(Cc3ccccc3)N2C1=O)C1CNC2Cc3c[nH]c4cccc(c34)C2C1,1,0,0.0
ames_mutagenicity,O=C(NCCNC(=O)c1cccnc1)c1cccnc1,1,0,0.0
ames_mutagenicity,O=C(NCCc1ccnc2ccccc12)c1ccccc1,1,0,0.0
ames_mutagenicity,O=C(NCc1nc2ccccc2s1)NCc1nc2ccccc2s1,1,1,1.0
ames_mutagenicity,O=C(NN1CCCCCC1)NS(=O)(=O)c1ccccc1,1,0,0.0
ames_mutagenicity,O=C(NN=CC1Cc2cc3c(cc2C(OC2CCCCO2)C1)C(=O)c1ccccc1C3=O)c1ccccc1,1,1,1.0
ames_mutagenicity,O=C(NN=Cc1ccccc1)c1cc2ccccc2[nH]1,1,0,0.0
ames_mutagenicity,O=C(NN=Cc1ccco1)c1ccccc1,1,1,1.0
ames_mutagenicity,O=C(NOCc1ccc(-c2ccccc2)cc1)c1ccccc1,1,1,1.0
ames_mutagenicity,O=C(NOCc1ccc(Oc2ccccc2)cc1)c1ccccc1,1,1,1.0
ames_mutagenicity,O=C(Nc1cccc2c(=O)c3c(ccc4c5cc(NC(=O)c6ccccc6)c6c(=O)c7ccccc7c(=O)c6c5[nH]c43)c(=O)c12)c1ccccc1,1,0,0.0
ames_mutagenicity,O=C(Nc1cccc2c1C(=O)c1ccccc1C2=O)c1ccccc1,1,1,1.0
ames_mutagenicity,O=C(Nc1ccccc1)C(=O)Nc1ccccc1,1,0,0.0
ames_mutagenicity,O=C(Nc1ccccc1)C1=COCCS1,1,0,0.0
ames_mutagenicity,O=C(Nc1ccccc1)Nc1snc2ccccc12,1,0,0.0
ames_mutagenicity,O=C(Nc1ccccc1)OC1CCCCC1N1CCCC1,1,0,0.0
ames_mutagenicity,O=C(Nc1ccccc1)OCC12OOC1c1ccccc1O2,1,1,1.0
ames_mutagenicity,O=C(Nc1ccccc1)OCCN1CCCCC1,1,0,0.0
ames_mutagenicity,O=C(Nc1ccccc1)Oc1ccccc1,1,1,1.0
ames_mutagenicity,O=C(Nc1ccccc1)c1c[nH]c(-c2ccccc2)c1-c1ccccc1,1,0,0.0
ames_mutagenicity,O=C(Nc1ccccn1)C1=Cc2sccc2S(=O)(=O)N1,1,0,0.0
ames_mutagenicity,O=C(Nc1ccccn1)C1NS(=O)(=O)c2ccsc2C1=O,1,0,0.0
ames_mutagenicity,O=C(Nc1nccs1)NS(=O)(=O)c1ccccc1,1,0,0.0
ames_mutagenicity,O=C(Nc1snc2ccccc12)c1ccccc1,1,1,1.0
ames_mutagenicity,O=C(OC1CCCCC1)c1ccccc1C(=O)OC1CCCCC1,1,0,0.0
ames_mutagenicity,O=C(OC1CCNCC1)C(c1ccccc1)c1ccccc1,1,0,0.0
ames_mutagenicity,O=C(OCC1CCC2OC2C1)C1CCC2OC2C1,1,1,1.0
ames_mutagenicity,O=C(OCC=Cc1ccccc1)C1=CNC=CC1c1ccccc1,1,0,0.0
ames_mutagenicity,O=C(OCC=Cc1ccccc1)c1ccccc1,1,0,0.0
ames_mutagenicity,O=C(OCCC(=CNCc1cncnc1)SC(=O)c1ccccc1)c1ccccc1,1,0,0.0
ames_mutagenicity,O=C(OCCCN1CCCN(CCCOC(=O)c2ccccc2)CC1)c1ccccc1,1,0,0.0
ames_mutagenicity,O=C(OCCCOC(=O)c1ccccc1)c1ccccc1,1,0,0.0
ames_mutagenicity,O=C(OCCN1CCCCC1)c1cccc2c(=O)cc(-c3ccccc3)oc12,1,0,0.0
ames_mutagenicity,O=C(OCCc1ccccc1)c1ccccc1,1,0,0.0
ames_mutagenicity,O=C(OCc1cccc2c(=O)c3ccccc3sc12)c1ccco1,1,1,1.0
ames_mutagenicity,O=C(ON=C1C=CC(=NOC(=O)c2ccccc2)C=C1)c1ccccc1,1,1,1.0
ames_mutagenicity,O=C(ONc1ccc2c(c1)Cc1ccccc1-2)c1ccccc1,1,1,1.0
ames_mutagenicity,O=C(OOC(=O)c1ccccc1)c1ccccc1,1,0,0.0
ames_mutagenicity,O=C(Oc1ccc2c(c1)-c1ccccc1C2)c1ccccc1,1,0,0.0
ames_mutagenicity,O=C(Oc1cccc(OC(=O)c2cccc(C(=O)n3c(=O)cc[nH]c3=O)c2)n1)c1ccccc1,1,0,0.0
ames_mutagenicity,O=C(Oc1cccc2c1Cc1ccccc1-2)c1ccccc1,1,0,0.0
ames_mutagenicity,O=C(c1ccc(-c2ccccc2)cc1)C1OC1c1ccccc1,1,0,0.0
ames_mutagenicity,O=C(c1ccccc1)C1OC1c1ccc(-c2ccccc2)cc1,1,0,0.0
ames_mutagenicity,O=C(c1ccccc1)C1OC1c1ccc(Oc2ccccc2)cc1,1,0,0.0
ames_mutagenicity,O=C(c1ccccc1)N1CCNCC1,1,0,0.0
ames_mutagenicity,O=C(c1ccccc1)c1ccccc1-n1cncn1,1,0,0.0
ames_mutagenicity,O=C(c1ccccc1)c1cccs1,1,0,0.0
ames_mutagenicity,O=C(c1ccccc1)c1cn[nH]c1,1,1,1.0
ames_mutagenicity,O=C(c1ccccc1)n1ccc2ccccc21,1,0,0.0
ames_mutagenicity,O=C(n1ccnc1)n1ccnc1,1,0,0.0
ames_mutagenicity,O=C1C(=C2Sc3ccccc3C2=O)Sc2ccccc21,1,0,0.0
ames_mutagenicity,O=C1C(=O)C2CCC1C2,1,0,0.0
ames_mutagenicity,O=C1C(=O)c2c(ccc3ccccc23)-c2ccccc21,1,0,0.0
ames_mutagenicity,O=C1C(=O)c2cccc3cccc1c23,1,1,1.0
ames_mutagenicity,O=C1C(=O)c2ccccc2-c2ccccc21,1,0,0.0
ames_mutagenicity,O=C1C(N2CC2)=CC(=O)c2c1ncc1c2[nH]c2ccccc21,1,1,1.0
ames_mutagenicity,O=C1C(NCc2ccccc2)C2SCCN12,1,0,0.0
ames_mutagenicity,O=C1C2C3C4CC5C3C1C5C42,1,0,0.0
ames_mutagenicity,O=C1C2NC(=O)C3(CC4=CC=CCC4N13)SS2,1,0,0.0
ames_mutagenicity,O=C1C2NC(=O)C3(CC4c5ccccc5NC4N13)SS2,1,0,0.0
ames_mutagenicity,O=C1C=C(C=CC=CC=CC=CC=CC=CC=CC=CC=CC2=CC(=O)CCC2)CCC1,1,0,0.0
ames_mutagenicity,O=C1C=C(N2CC2)C(=O)C=C1N1CC1,1,1,1.0
ames_mutagenicity,O=C1C=C(N2CC2)C(=O)c2c3nc4ccccc4c-3c[nH]c21,1,1,1.0
ames_mutagenicity,O=C1C=C(N2CCNCC2)C(=O)c2c3nc4ccccc4c-3c[nH]c21,1,1,1.0
ames_mutagenicity,O=C1C=C(Nc2ccccc2)C(=O)c2ccccc21,1,1,1.0
ames_mutagenicity,O=C1C=C(c2ccccc2)CO1,1,0,0.0
ames_mutagenicity,O=C1C=C(c2nnc(NC(=O)c3ccccc3)s2)C=CC1=Nc1ccccc1,1,1,1.0
ames_mutagenicity,O=C1C=C2C(CC1)C1CCC3C(C4CC4C34CCC(=O)O4)C1C1CC21,1,0,0.0
ames_mutagenicity,O=C1C=C2C(CCC3OC23)CC12CO2,1,1,1.0
ames_mutagenicity,O=C1C=C2C3CC3C3C4CCCC4CCC3C2C2CC12,1,0,0.0
ames_mutagenicity,O=C1C=C2C=CC3C4CCCC4CCC3C2C2CC12,1,0,0.0
ames_mutagenicity,O=C1C=C2C=CC3C4CCCC4CCC3C2CO1,1,0,0.0
ames_mutagenicity,O=C1C=C2CCC3C(=C2CC1)C=CC1CCCC13,1,0,0.0
ames_mutagenicity,O=C1C=C2CCC3C(CCC4C(OC(=O)C=Cc5ccccc5)CCC43)C2CCN1,1,0,0.0
ames_mutagenicity,O=C1C=C2CCC3C4CCC(=O)C4CCC3C2CC1,1,0,0.0
ames_mutagenicity,O=C1C=C2CCOC=C2C(=O)C1,1,0,0.0
ames_mutagenicity,O=C1C=C2N(C(=O)c3cc4c5c(ccc4[nH]3)N(C(=O)c3cc4c6c(ccc4[nH]3)NCC6)CC5)CC3CC23c2cc[nH]c21,1,0,0.0
ames_mutagenicity,O=C1C=C2Oc3ccccc3C2C(=O)C1,1,0,0.0
ames_mutagenicity,O=C1C=C2c3cc4ccccc4cc3-c3cccc(c32)C1=O,1,1,1.0
ames_mutagenicity,O=C1C=CC(=CC=C2C=CC(=O)C=C2)C=C1,1,0,0.0
ames_mutagenicity,O=C1C=CC(=Nc2c3ccccc3nc3ccccc23)C=C1,1,0,0.0
ames_mutagenicity,O=C1C=CC(=O)C(C2=CC(=O)C=CC2=O)=C1,1,1,1.0
ames_mutagenicity,O=C1C=CC(=O)C(c2ccccc2)=C1,1,0,0.0
ames_mutagenicity,O=C1C=CC(=O)N1c1ccc(Cc2ccc(N3C(=O)C=CC3=O)cc2)cc1,1,0,0.0
ames_mutagenicity,O=C1C=CC(=O)O1,1,0,0.0
ames_mutagenicity,O=C1C=CC(=O)c2c1ncc1c3c([nH]c21)CCCC3,1,1,1.0
ames_mutagenicity,O=C1C=CC(=O)c2c1ncc1c3c[nH]ccc-3nc21,1,1,1.0
ames_mutagenicity,O=C1C=CC(=O)c2c3nc4c(c-3c[nH]c21)CCCC4,1,1,1.0
ames_mutagenicity,O=C1C=CC(=O)c2c3nc4ccncc4c-3c[nH]c21,1,1,1.0
ames_mutagenicity,O=C1C=CC(=O)c2nc(-c3cc(-c4ccccc4)ccn3)ccc21,1,1,1.0
ames_mutagenicity,O=C1C=CC(=O)c2nc(-c3nccc4c3[nH]c3ccccc34)ccc21,1,1,1.0
ames_mutagenicity,O=C1C=CC(OC(=O)C2CC2)C1,1,1,1.0
ames_mutagenicity,O=C1C=CC2=[NH+]C(c3ccccc3)(c3ccccc3)C(=Nc3ccccc3)C2=C1,1,0,0.0
ames_mutagenicity,O=C1C=CC2C(=C1)CCC1C2CCC2C(=O)CCC21,1,0,0.0
ames_mutagenicity,O=C1C=CC2C(=C1)CCC1C3CCCC3CC(=O)C21,1,1,1.0
ames_mutagenicity,O=C1C=CC2C3c4c[nH]c5cccc(c45)CC3CN12,1,1,1.0
ames_mutagenicity,O=C1C=CC2SCCN12,1,1,1.0
ames_mutagenicity,O=C1C=CC2c3c1cccc3-c1cccc3c1C2C1OC1C3=O,1,1,1.0
ames_mutagenicity,O=C1C=CC=C(C2=CC=CC(=O)C2=O)C1=O,1,0,0.0
ames_mutagenicity,O=C1C=CC=C1,1,0,0.0
ames_mutagenicity,O=C1C=CC=C2C(=CCCc3ccccc32)C1,1,0,0.0
ames_mutagenicity,O=C1C=CC=CC1=O,1,0,0.0
ames_mutagenicity,O=C1C=CCC1,1,0,0.0
ames_mutagenicity,O=C1C=CCC=C1,1,0,0.0
ames_mutagenicity,O=C1C=CCCC(=O)OCC2=CC[NH+]3CCC(O1)C23,1,1,1.0
ames_mutagenicity,O=C1C=CCCO1,1,0,0.0
ames_mutagenicity,O=C1C=CCN1,1,0,0.0
ames_mutagenicity,O=C1C=COC(=O)C1,1,0,0.0
ames_mutagenicity,O=C1C=COCC1,1,1,1.0
ames_mutagenicity,O=C1C=Cc2ccc3c(ccc4ccccc43)c2C1=O,1,1,1.0
ames_mutagenicity,O=C1C=Cc2ccc3c4c(ccc1c24)C(=O)C=C3,1,1,1.0
ames_mutagenicity,O=C1C=Cc2ccc3c4c(ccc1c24)C=CC3=O,1,1,1.0
ames_mutagenicity,O=C1C=Cc2cccc3cccc1c23,1,1,1.0
ames_mutagenicity,O=C1C=Cc2ccccc2C12CO2,1,0,0.0
ames_mutagenicity,O=C1CC(=Nc2ccccc2)C(=O)c2ccccc21,1,1,1.0
ames_mutagenicity,O=C1CC(=O)N(c2ccccc2)c2ccccc2N1,1,0,0.0
ames_mutagenicity,O=C1CC(OC2CCCCO2)CC(OC2CCCCO2)CCCCNCCCCO1,1,0,0.0
ames_mutagenicity,O=C1CC(c2ccc3c(c2)OC(c2ccccc2)CO3)Oc2ccccc21,1,0,0.0
ames_mutagenicity,O=C1CC(c2ccccc2)Oc2cc(OC3CCCC(COC4CCCCO4)O3)ccc21,1,0,0.0
ames_mutagenicity,O=C1CC(c2ccccc2)Oc2ccccc21,1,0,0.0
ames_mutagenicity,O=C1CC23CCC4CCCCC4C2CCC1C3,1,0,0.0
ames_mutagenicity,O=C1CC2C3CCCC2(OC3=O)C2CCCCC12,1,0,0.0
ames_mutagenicity,O=C1CC2C3CCCCC3CCC2C2CCCC12,1,0,0.0
ames_mutagenicity,O=C1CC2CCCCC2C2CCC3CCCC3C12,1,0,0.0
ames_mutagenicity,O=C1CC2CCOC2C1Cc1c[nH]c2ccccc12,1,1,1.0
ames_mutagenicity,O=C1CC2N1CC(Cn1ccnn1)S2(=O)=O,1,0,0.0
ames_mutagenicity,O=C1CC2NCCCNCCCCN(CCCN1)C(=O)C1c3cc2ccc3OC1c1ccccc1,1,1,1.0
ames_mutagenicity,O=C1CC2OC(=O)CC2O1,1,0,0.0
ames_mutagenicity,O=C1CC2SC(C3CCCO3)=CN12,1,0,0.0
ames_mutagenicity,O=C1CC2SCC(CSc3nnn[nH]3)=CN12,1,0,0.0
ames_mutagenicity,O=C1CC2SCC=CN12,1,0,0.0
ames_mutagenicity,O=C1CC=C(OC(=O)C2CC2)C1,1,1,1.0
ames_mutagenicity,O=C1CC=C2OC3CCC(C2C1)C31CO1,1,0,0.0
ames_mutagenicity,O=C1CC=CO1,1,0,0.0
ames_mutagenicity,O=C1CC=NN1c1ccccc1,1,0,0.0
ames_mutagenicity,O=C1CCC(C(=O)N2CCSC2)N1,1,0,0.0
ames_mutagenicity,O=C1CCC(C(=O)NC(Cc2c[nH]cn2)C(=O)N2CCCC2)N1,1,0,0.0
ames_mutagenicity,O=C1CCC(N2C(=O)c3ccccc3C2=O)C(=O)N1,1,0,0.0
ames_mutagenicity,O=C1CCC(c2ccc[nH+]c2)N1,1,0,0.0
ames_mutagenicity,O=C1CCC2(OC3CCCCO3)C=CC3(CC3)CC12,1,1,1.0
ames_mutagenicity,O=C1CCC2=C3C=CC4CCCC4C3CC=C2C1,1,0,0.0
ames_mutagenicity,O=C1CCC2C(=C3CC3C3C2CCC2C3C3CC3C23CCC(=O)O3)C1,1,0,0.0
ames_mutagenicity,O=C1CCC2C(=CCC3C2CCC2C(OC(=O)CCCc4ccccc4)CCC23)N1,1,1,1.0
ames_mutagenicity,O=C1CCC2C(C1)CC(=O)C1C3CCCC3CCC21,1,0,0.0
ames_mutagenicity,O=C1CCC2C(CCC3C4CCC(OC(=O)C=Cc5ccccc5)CC4=CCC23)N1,1,1,1.0
ames_mutagenicity,O=C1CCC2C(CCC3C4CCC(OC(=O)C=Cc5ccccc5)CC4CCC23)N1,1,1,1.0
ames_mutagenicity,O=C1CCC2C(CCC3C4CCC(OC(=O)COc5ccccc5)CC4CCC23)N1,1,1,1.0
ames_mutagenicity,O=C1CCC2C(CCC3C4CCC(OC(=O)Cc5ccccc5)CC4CCC23)N1,1,1,1.0
ames_mutagenicity,O=C1CCC2C(CCC3C4CCCC4C(=O)CC23)C1,1,0,0.0
ames_mutagenicity,O=C1CCC2C(CCC3C4CCCCC4CCC23)N1,1,0,0.0
ames_mutagenicity,O=C1CCC2C1CCC1C3CCCCC3=CCC21,1,0,0.0
ames_mutagenicity,O=C1CCC2c3c1cccc3-c1cccc3c1C2C1OC1C3=O,1,1,1.0
ames_mutagenicity,O=C1CCCC1=O,1,0,0.0
ames_mutagenicity,O=C1CCCC2(CO2)C(=O)OC2CCNCC=C(CO1)C2=O,1,1,1.0
ames_mutagenicity,O=C1CCCC2=C1CCC2,1,0,0.0
ames_mutagenicity,O=C1CCCC2Oc3ccc(-c4ccc5c(c4)C=C4C(=O)CCCC4O5)cc3C=C12,1,0,0.0
ames_mutagenicity,O=C1CCCCC1=O,1,1,1.0
ames_mutagenicity,O=C1CCCCCCCCCCCC(=O)OCCO1,1,0,0.0
ames_mutagenicity,O=C1CCCCCCCCCCCCCCO1,1,0,0.0
ames_mutagenicity,O=C1CCCCCN1,1,0,0.0
ames_mutagenicity,O=C1CCCCCO1,1,0,0.0
ames_mutagenicity,O=C1CCCCCc2ccccc2C(=O)OCCCC1,1,0,0.0
ames_mutagenicity,O=C1CCCCOC(=O)CC(OC2CCCCO2)CC(C2CCCCO2)CCC1,1,0,0.0
ames_mutagenicity,O=C1CCCCOC(=O)CC(OC2CCCCO2)CC(OC2CCCCO2)CCC1,1,0,0.0
ames_mutagenicity,O=C1CCCN1c1nccs1,1,1,1.0
ames_mutagenicity,O=C1CCCc2cc3cc4ccccc4cc3cc21,1,1,1.0
ames_mutagenicity,O=C1CCNCC1,1,1,1.0
ames_mutagenicity,O=C1CCOC1n1cnc2c1NCN=C2,1,0,0.0
ames_mutagenicity,O=C1CCO[PH](=O)N1,1,1,1.0
ames_mutagenicity,O=C1CCOc2ccoc(=O)c21,1,0,0.0
ames_mutagenicity,O=C1CCc2c1c(=O)oc1c3c(ccc21)OC1OCCC31,1,1,1.0
ames_mutagenicity,O=C1CCc2c3c(c4c(ccc5ccccc54)c21)CCC3,1,0,0.0
ames_mutagenicity,O=C1CCc2cc(N3CCN(C(=O)c4ccccc4)CC3)ccc2N1,1,0,0.0
ames_mutagenicity,O=C1CCc2ccc3ccc4ccccc4c3c21,1,0,0.0
ames_mutagenicity,O=C1CCc2ccccc2O1,1,0,0.0
ames_mutagenicity,O=C1CN(CCCN2CC(=O)NC(=O)C2)CC(=O)N1,1,0,0.0
ames_mutagenicity,O=C1CN(CCN2CC(=O)N(CN3CCOCC3)C(=O)C2)CC(=O)N1CN1CCOCC1,1,1,1.0
ames_mutagenicity,O=C1CN(CCN2CC(=O)NC(=O)C2)CC(=O)N1,1,0,0.0
ames_mutagenicity,O=C1CN(N=CC=Cc2ccco2)C(=O)N1,1,1,1.0
ames_mutagenicity,O=C1CN(N=Cc2ccco2)C(=O)N1,1,1,1.0
ames_mutagenicity,O=C1CNC(=O)CN1,1,0,0.0
ames_mutagenicity,O=C1CNC(=O)CNC(=O)C(=Cc2ccccc2)NC(=O)CN1,1,0,0.0
ames_mutagenicity,O=C1CO[PH](=O)OC1,1,1,1.0
ames_mutagenicity,O=C1CSC(=S)N1,1,0,0.0
ames_mutagenicity,O=C1CSCC(C(=O)NC(Cc2c[nH]cn2)C(=O)N2CCCC2)N1,1,0,0.0
ames_mutagenicity,O=C1CSSCCN1,1,0,0.0
ames_mutagenicity,O=C1Cc2c3ccc4ccccc4c3cc3cccc1c23,1,1,1.0
ames_mutagenicity,O=C1Cc2cccc3cc4c(ccc5ccccc54)c1c23,1,1,1.0
ames_mutagenicity,O=C1N(c2ccccc2)C(=O)C2(Cc3ccccc3)CCCN12,1,1,1.0
ames_mutagenicity,O=C1NC(=O)c2cccc3cccc1c23,1,0,0.0
ames_mutagenicity,O=C1NC(=S)NC(=O)C1C(=O)Nc1ccccc1,1,0,0.0
ames_mutagenicity,O=C1NC(c2ccccc2)C2OC12,1,0,0.0
ames_mutagenicity,O=C1NC2(CCCCC2)C(=O)N1CCN1CC1,1,1,1.0
ames_mutagenicity,O=C1NC2CSCC2N1,1,0,0.0
ames_mutagenicity,O=C1NCCCN1N=Cc1ccco1,1,1,1.0
ames_mutagenicity,O=C1NCCN(C(=O)NC(C(=O)NC2C(=O)N3CCSC23)c2ccccc2)C1=O,1,0,0.0
ames_mutagenicity,O=C1NCCNC1=O,1,0,0.0
ames_mutagenicity,O=C1NCCO1,1,0,0.0
ames_mutagenicity,O=C1NCNC(=O)C1c1ccccc1,1,1,1.0
ames_mutagenicity,O=C1NS(=O)(=O)Nc2ccccc21,1,0,0.0
ames_mutagenicity,O=C1NS(=O)(=O)c2ccccc21,1,0,0.0
ames_mutagenicity,O=C1Nc2cc3ccccc3c3c4c(cc(c23)C1=O)OCO4,1,1,1.0
ames_mutagenicity,O=C1OC2(c3ccccc3Oc3ccccc32)c2ccccc21,1,0,0.0
ames_mutagenicity,O=C1OC23CCCC1C2CCC1CCCCC13,1,0,0.0
ames_mutagenicity,O=C1OC2C3OC4CC(c5ccoc5)C=C4C3CC3C(=O)C=CC1C32,1,0,0.0
ames_mutagenicity,O=C1OC2CCCC=C2c2ccccc21,1,0,0.0
ames_mutagenicity,O=C1OC2CCOC2C1Cc1c[nH]c2ccccc12,1,0,0.0
ames_mutagenicity,O=C1OCC2C(OC3CCC4OC(c5cccs5)OCC4O3)c3cc4c(cc3C(c3ccccc3)C12)OCO4,1,1,1.0
ames_mutagenicity,O=C1OCC2C(OC3CCC4OCOCC4O3)c3cc4c(cc3C(c3ccccc3)C12)OCO4,1,0,0.0
ames_mutagenicity,O=C1OCC2Cc3cc4c(cc3C(c3ccccc3)C12)OCO4,1,0,0.0
ames_mutagenicity,O=C1OCC2c3c(ccc4c3OCO4)C(SCC13NCCc1ccccc13)C1C3NC(Cc4ccccc43)CN21,1,1,1.0
ames_mutagenicity,O=C1OCC=C1C=CC=CC=CC=CC(=O)C12OC1CNC2=O,1,1,1.0
ames_mutagenicity,O=C1OCCN1N=Cc1ccco1,1,1,1.0
ames_mutagenicity,O=C1OCCN1[PH](=O)N1CCOC1=O,1,1,1.0
ames_mutagenicity,O=C1OCCN1c1ccc2ncsc2c1,1,0,0.0
ames_mutagenicity,O=C1OCCc2c1c(=O)oc1c3c(ccc21)OC1OC=CC31,1,1,1.0
ames_mutagenicity,O=C1OCCc2c1c(=O)oc1c3c(ccc21)OC1OCCC31,1,0,0.0
ames_mutagenicity,O=C1OCCc2cc3ccc(-c4ccc5cc6c(cc5c4)C(=O)OCC6)cc3cc21,1,0,0.0
ames_mutagenicity,O=C1Oc2ccccc2Oc2ccccc21,1,0,0.0
ames_mutagenicity,O=C1c2c(ccc3ccccc23)-c2ccc3ccccc3c21,1,0,0.0
ames_mutagenicity,O=C1c2c(ccc3ccccc23)-c2cccc3cccc1c23,1,0,0.0
ames_mutagenicity,O=C1c2c3cccc4c3c(c3cccc(c23)C2OC12)CC1OC41,1,1,1.0
ames_mutagenicity,O=C1c2cc3c(c4c2c(cc2ccccc24)N1C1CCCCO1)OCO3,1,0,0.0
ames_mutagenicity,O=C1c2cc3c(cc2C(=O)c2c1ccc1c2OC2CCCC1O2)CCCC3,1,1,1.0
ames_mutagenicity,O=C1c2ccc3ccccc3c2-c2c1ccc1ccccc21,1,1,1.0
ames_mutagenicity,O=C1c2ccc3nc(-c4ccccc4)sc3c2C(=O)c2ccc3nc(-c4ccccc4)sc3c21,1,0,0.0
ames_mutagenicity,O=C1c2cccc3c2C(c2cccc4c2C3C2OC2C4=O)C2OC12,1,1,1.0
ames_mutagenicity,O=C1c2cccc3ccc4ccc5cccc1c5c4c23,1,0,0.0
ames_mutagenicity,O=C1c2ccccc2-c2[nH]c(=O)c3ccccc3c21,1,0,0.0
ames_mutagenicity,O=C1c2ccccc2-c2c1ccc1ccc3ccccc3c21,1,0,0.0
ames_mutagenicity,O=C1c2ccccc2-c2c1ccc1ccccc21,1,1,1.0
ames_mutagenicity,O=C1c2ccccc2-c2cc3ccccc3cc21,1,1,1.0
ames_mutagenicity,O=C1c2ccccc2-c2ccc(Oc3ccccc3)c3cccc1c23,1,1,1.0
ames_mutagenicity,O=C1c2ccccc2-c2ccc3c4c(ccc1c24)-c1ccccc1C3=O,1,0,0.0
ames_mutagenicity,O=C1c2ccccc2-c2ccc3c4ccc5c6c(ccc(c7ccc1c2c73)c64)C(=O)c1ccccc1-5,1,1,1.0
ames_mutagenicity,O=C1c2ccccc2-c2ccc3ccc4ccccc4c3c21,1,0,0.0
ames_mutagenicity,O=C1c2ccccc2-c2ccc3ccccc3c21,1,0,0.0
ames_mutagenicity,O=C1c2ccccc2C(=O)C1c1ccc2ccccc2n1,1,1,1.0
ames_mutagenicity,O=C1c2ccccc2C(=O)C23C(=O)C4CC5C6CC(C(=O)C27C(=O)c2ccccc2C(=O)C467)C153,1,0,0.0
ames_mutagenicity,O=C1c2ccccc2C(=O)N1SC1CCCCC1,1,0,0.0
ames_mutagenicity,O=C1c2ccccc2C(=O)c2c(NC3CCCCC3)cccc21,1,0,0.0
ames_mutagenicity,O=C1c2ccccc2C(=O)c2c(Nc3ccccc3)ccc(Nc3ccccc3)c21,1,1,1.0
ames_mutagenicity,O=C1c2ccccc2C(=O)c2c1ccc1nc3c(ccc4cc5ccccc5cc43)nc21,1,0,0.0
ames_mutagenicity,O=C1c2ccccc2C(=O)c2c1cccc2-c1cccc2c1C(=O)c1ccccc1C2=O,1,0,0.0
ames_mutagenicity,O=C1c2ccccc2C(=O)c2cc(-c3ccccc3)ccc21,1,0,0.0
ames_mutagenicity,O=C1c2ccccc2C(=O)c2cc(OC3CCC(OCC4CCCCO4)OC3)ccc21,1,1,1.0
ames_mutagenicity,O=C1c2ccccc2C(=O)c2cc(Oc3ccccc3)ccc21,1,1,1.0
ames_mutagenicity,O=C1c2ccccc2C(=O)c2cc3c(cc21)CCCC3OC1CC(N2CCOCC2)CCO1,1,0,0.0
ames_mutagenicity,O=C1c2ccccc2C(=O)c2cc3c(cc21)CCCC3OC1CCC(OC2CCCCO2)CO1,1,1,1.0
ames_mutagenicity,O=C1c2ccccc2C=CC12CO2,1,0,0.0
ames_mutagenicity,O=C1c2ccccc2CCc2ccccc21,1,0,0.0
ames_mutagenicity,O=C1c2ccccc2CN2C(=O)c3ccccc3CN12,1,0,0.0
ames_mutagenicity,O=C1c2ccccc2NC1c1ccccc1,1,0,0.0
ames_mutagenicity,O=C1c2ccccc2NCC2CC=CN12,1,1,1.0
ames_mutagenicity,O=C1c2ccccc2OC12CC2,1,0,0.0
ames_mutagenicity,O=P1(Oc2ccccc2)OCc2ccccc2O1,1,1,1.0
ames_mutagenicity,O=S(=O)(Cc1ccccc1)N1C2c3ccccc3-c3ccccc3C21,1,1,1.0
ames_mutagenicity,O=S(=O)(NC1CCCCC1)c1ccccc1,1,0,0.0
ames_mutagenicity,O=S(=O)(Nc1ccccn1)c1ccc(N=Nc2ccccc2)cc1,1,0,0.0
ames_mutagenicity,O=S(=O)(Nc1ccno1)c1ccccc1,1,0,0.0
ames_mutagenicity,O=S(=O)(Nc1ccon1)c1ccccc1,1,0,0.0
ames_mutagenicity,O=S(=O)(Nc1cnc2ccccc2n1)c1ccccc1,1,0,0.0
ames_mutagenicity,O=S(=O)(Nc1ncccn1)c1ccccc1,1,0,0.0
ames_mutagenicity,O=S(=O)(Nc1nccs1)c1ccccc1,1,0,0.0
ames_mutagenicity,O=S(=O)(Nc1nncs1)c1ccccc1,1,0,0.0
ames_mutagenicity,O=S(=O)(ONCCc1ccccc1)ONCCc1ccccc1,1,0,0.0
ames_mutagenicity,O=S(=O)(Oc1ccc(N=Nc2ccc(-c3ccc(N=Nc4cccc5ccccc45)cc3)cc2)cc1)c1ccccc1,1,1,1.0
ames_mutagenicity,O=S(=O)(Oc1ccc2[nH]cnc2c1)c1ccccc1,1,0,0.0
ames_mutagenicity,O=S(=O)(c1ccccc1)N1C2c3ccccc3-c3ccccc3C21,1,1,1.0
ames_mutagenicity,O=S1(=O)CC=CC1,1,0,0.0
ames_mutagenicity,O=S1(=O)CCCC1,1,0,0.0
ames_mutagenicity,O=S1(=O)CCCCO1,1,1,1.0
ames_mutagenicity,O=S1(=O)CCCO1,1,1,1.0
ames_mutagenicity,O=S1(=O)CCS(=O)(=O)C12CC1C3CCCC3CCC1C1CCCCC12,1,1,1.0
ames_mutagenicity,O=S1(=O)N=CNc2ccccc21,1,0,0.0
ames_mutagenicity,O=S1(=O)OC2(c3ccccc3Oc3ccccc32)c2ccccc21,1,1,1.0
ames_mutagenicity,O=S1(=O)c2cccc3ccc4c5ccccc5cc1c4c23,1,1,1.0
ames_mutagenicity,O=[N+]1CCCC1,1,0,0.0
ames_mutagenicity,O=[PH]1OCC2OC(n3cnc4cncnc43)CC2O1,1,0,0.0
ames_mutagenicity,O=c1[nH]c(=O)c2nc[nH]c2[nH]1,1,0,0.0
ames_mutagenicity,O=c1[nH]c2c(c(=O)n1C1CCCCC1)CCC2,1,0,0.0
ames_mutagenicity,O=c1[nH]c2c3cc4c(cc3ccc2c2ccccc12)OCO4,1,1,1.0
ames_mutagenicity,O=c1[nH]c2ccccc2o1,1,0,0.0
ames_mutagenicity,O=c1[nH]nnc2ccccc12,1,1,1.0
ames_mutagenicity,O=c1c(=O)c2cc3ccccc3c3ccc4cccc1c4c23,1,1,1.0
ames_mutagenicity,O=c1c2ccc(OCC3CO3)cc2sn1CC1CO1,1,1,1.0
ames_mutagenicity,O=c1c2ccc3c4c(ccc(c24)c2nc4ccccc4n12)c(=O)n1c2ccccc2nc31,1,1,1.0
ames_mutagenicity,O=c1c2cccc3c4cccc5c(=O)c6cccc7c8cccc1c8c(c23)c(c54)c67,1,0,0.0
ames_mutagenicity,O=c1c2cccc3ccc4c5ccccc5cc1c4c32,1,1,1.0
ames_mutagenicity,O=c1c2ccccc2[nH]c2c3c(ccc12)OC(C1CO1)C3,1,1,1.0
ames_mutagenicity,O=c1c2ccccc2[nH]c2ccccc12,1,1,1.0
ames_mutagenicity,O=c1c2ccccc2c(=O)c2c1ccc1c2[nH]c2c3c(=O)c4ccccc4c(=O)c3c3[nH]c4c(ccc5c(=O)c6ccccc6c(=O)c54)c3c12,1,0,0.0
ames_mutagenicity,O=c1c2ccccc2nc2ccccn12,1,1,1.0
ames_mutagenicity,O=c1c2ccccc2nc2n1Cc1ccccc1-2,1,1,1.0
ames_mutagenicity,O=c1c2ccccc2oc2cc3c(cc12)C1CCOC1O3,1,0,0.0
ames_mutagenicity,O=c1c2ccccc2oc2ncccc12,1,0,0.0
ames_mutagenicity,O=c1c2ccccc2sn1CC1CO1,1,0,0.0
ames_mutagenicity,O=c1cc(-c2ccccc2)cc(-c2ccccc2)n1N=Cc1ccco1,1,1,1.0
ames_mutagenicity,O=c1cc(-c2ccccc2)n(-c2ccccc2)c(-c2ccccc2)c1,1,0,0.0
ames_mutagenicity,O=c1cc[nH]c2cc(-c3ccccc3)ccc12,1,1,1.0
ames_mutagenicity,O=c1cc[nH]c2cc(-c3ccncc3)ccc12,1,0,0.0
ames_mutagenicity,O=c1cc[nH]c2cc3c(cc12)OCO3,1,1,1.0
ames_mutagenicity,O=c1cc[nH]c2nc(N3CCNCC3)ccc12,1,1,1.0
ames_mutagenicity,O=c1cc[nH]c2nc(N3CCNCC3)ncc12,1,1,1.0
ames_mutagenicity,O=c1cc[nH]c2ncccc12,1,0,0.0
ames_mutagenicity,O=c1ccc1=O,1,0,0.0
ames_mutagenicity,O=c1ccc2c(-c3ccccc3)c3ccccc3oc-2c1,1,1,1.0
ames_mutagenicity,O=c1ccc2c(OCC3CO3)c3ccoc3cc2o1,1,0,0.0
ames_mutagenicity,O=c1ccc2c(cc3ccc4cccc5ccc2c3c45)c1=O,1,1,1.0
ames_mutagenicity,O=c1ccc2c3c(ccc2o1)OC1OOC31,1,1,1.0
ames_mutagenicity,O=c1ccc2cc(OC3CCCCO3)ccc2o1,1,0,0.0
ames_mutagenicity,O=c1ccc2cc3c(cc2o1)OC1OOC31,1,1,1.0
ames_mutagenicity,O=c1ccc2cc3ccoc3c(OCC3CO3)c2o1,1,0,0.0
ames_mutagenicity,O=c1ccc2ccc3c(c2o1)OC1OOC31,1,1,1.0
ames_mutagenicity,O=c1ccc2ccc3ccccc3c2o1,1,1,1.0
ames_mutagenicity,O=c1cccccc1,1,1,1.0
ames_mutagenicity,O=c1cccco1,1,0,0.0
ames_mutagenicity,O=c1cccnn1-c1ccccc1,1,0,0.0
ames_mutagenicity,O=c1ccn(-c2ccccc2)c2nc(N3CCCC3)ccc12,1,1,1.0
ames_mutagenicity,O=c1ccn2c3c(c(C4CC4)ccc13)OCC2,1,0,0.0
ames_mutagenicity,O=c1ccn2c3c(c(N4CCCCC4)ccc13)CCC2,1,0,0.0
ames_mutagenicity,O=c1ccn2c3c(c(N4CCNCC4)ccc13)OCN2,1,1,1.0
ames_mutagenicity,O=c1ccoc2cccc(OCCCOc3cccc4occc(=O)c34)c12,1,0,0.0
ames_mutagenicity,O=c1cn[nH]c2cc3c(cc12)OCO3,1,1,1.0
ames_mutagenicity,O=c1nc2[nH]c3ccccc3nc-2c(=O)[nH]1,1,1,1.0
ames_mutagenicity,O=c1nc[nH]c(=O)[nH]1,1,0,0.0
ames_mutagenicity,O=c1ncccn1C1C=CCC1,1,0,0.0
ames_mutagenicity,O=c1ncccn1C1CCC(CO[PH](=O)OC2COC(n3cnc4cncnc43)C2)O1,1,0,0.0
ames_mutagenicity,O=c1oc2cc(-n3nc4ccc5ccccc5c4n3)ccc2cc1-c1ccccc1,1,0,0.0
ames_mutagenicity,O=c1oc2cccc3c(=O)oc4cccc1c4c23,1,0,0.0
ames_mutagenicity,O=c1oc2cccc3ccc4c5ccccc5cc1c4c32,1,1,1.0
ames_mutagenicity,O=c1oc2ccccc2c2oc3ccccc3c12,1,0,0.0
ames_mutagenicity,O=c1oc2ccccc2cc1-c1nc2ccccc2[nH]1,1,0,0.0
ames_mutagenicity,O=c1occ(CN2CCN(c3ccc4c(=O)cc5n(c4c3)CS5)CC2)o1,1,0,0.0
ames_mutagenicity,O=c1occc2cc3ccccc3cc12,1,1,1.0
ames_mutagenicity,S=C(NC1CCCCC1)NC1CCCCC1,1,0,0.0
ames_mutagenicity,S=C(Nc1ccccc1)Nc1ccccc1,1,0,0.0
ames_mutagenicity,S=C1NCCN1,1,1,1.0
ames_mutagenicity,S=C1NCNCS1,1,1,1.0
ames_mutagenicity,S=C1SSC2=NCCN12,1,0,0.0
ames_mutagenicity,S=P(N1CC1)(N1CC1)N1CC1,1,1,1.0
ames_mutagenicity,S=[PH](N1CC1)N1CC1,1,1,1.0
ames_mutagenicity,S=[PH]1OCc2ccccc2O1,1,1,1.0
ames_mutagenicity,S=c1c2cc3ccc2[nH]c2ccc(cc12)OCCOCCOCCOCCOCCOCCO3,1,0,0.0
ames_mutagenicity,S=c1cc(-c2cnccn2)ss1,1,0,0.0
ames_mutagenicity,S=c1scc(-c2ccccc2)s1,1,0,0.0
ames_mutagenicity,[N+]=C1C=CC(=C(c2ccccc2)c2cccc3ccccc23)C=C1,1,0,0.0
ames_mutagenicity,[N+]=C1C=CC(=O)C=C1,1,1,1.0
ames_mutagenicity,[N+]=C1C=NC(=O)NC1=O,1,1,1.0
ames_mutagenicity,[N+]=C1CCCC1,1,1,1.0
ames_mutagenicity,[N+]=C1c2ccccc2C(=O)c2ccccc21,1,0,0.0
ames_mutagenicity,[N+]=c1ccc2c(-c3ccccc3)c3ccccc3oc-2c1,1,1,1.0
ames_mutagenicity,[N+]=c1ccc2nc3c(ccc4ccccc43)oc-2c1,1,1,1.0
ames_mutagenicity,c1c[nH+]c2ccc3c(c2c1)C1OC1CC3,1,0,0.0
ames_mutagenicity,c1c[nH+]c[nH]1,1,1,1.0
ames_mutagenicity,c1c[nH]c(-c2nncs2)n1,1,1,1.0
ames_mutagenicity,c1cc(-c2cc3ccc(C4=NCCN4)cc3[nH]2)ccc1C1=NCCN1,1,0,0.0
ames_mutagenicity,c1cc(-c2cc[nH+]cc2)cc[nH+]1,1,0,0.0
ames_mutagenicity,c1cc(-c2ccncc2)ccn1,1,1,1.0
ames_mutagenicity,c1cc(C2CC2)n[nH]1,1,1,1.0
ames_mutagenicity,c1cc(N2CC2)ccc1N1CC1,1,1,1.0
ames_mutagenicity,c1cc2c(c(-c3cccc4c3OCO4)c1)OCO2,1,0,0.0
ames_mutagenicity,c1cc2c(ccc3[nH]cnc32)cn1,1,1,1.0
ames_mutagenicity,c1cc2c(o1)CCC1C2CCC23CCC(CCC12)C3,1,0,0.0
ames_mutagenicity,c1cc2c(o1)CCCC2,1,0,0.0
ames_mutagenicity,c1cc2c3c(c1)-c1cc4ccccc4cc1C31OC1CC2,1,1,1.0
ames_mutagenicity,c1cc2c3c(c1)C1NC1c1cccc(c1-3)C1NC21,1,1,1.0
ames_mutagenicity,c1cc2c3c(c1)C1OC1c1cccc(c1-3)C1OC21,1,1,1.0
ames_mutagenicity,c1cc2c3c(c1)CCc1c4c(cc(c1-3)CC2)CCCC4,1,1,1.0
ames_mutagenicity,c1cc2c3c(c1)cc1ccc4cccc5cc(c3c1c45)CC2,1,1,1.0
ames_mutagenicity,c1cc2c3c(c4c(ccc5ccccc54)cc3c1)C1OC21,1,1,1.0
ames_mutagenicity,c1cc2c3c(c4ccc5ccccc5c4cc3c1)C1OC21,1,1,1.0
ames_mutagenicity,c1cc2c3c(c[nH]c3c1)C1c3cccn3CC1C2,1,0,0.0
ames_mutagenicity,c1cc2c3c(cc4cc5c(cc4c3c1)OCO5)NCC2,1,1,1.0
ames_mutagenicity,c1cc2c3c(cn(C4CCCC4)c3c1)CC1NCCCC21,1,1,1.0
ames_mutagenicity,c1cc2c3c(cn(CC4CC4)c3c1)CC1NCCCC21,1,0,0.0
ames_mutagenicity,c1cc2c[nH+]ncc2cn1,1,0,0.0
ames_mutagenicity,c1cc2cc(c1)Oc1ccc(cc1)CC1NCCc3cc4c(c(c31)Oc1ccc3c(c1)C(C2)NCC3)OCO4,1,1,1.0
ames_mutagenicity,c1cc2cc(c1)Oc1ccc(cc1)CC1NCCc3cccc(c31)Oc1cccc3c1C(C2)NCC3,1,1,1.0
ames_mutagenicity,c1cc2cc3[nH]cnc3nc2cn1,1,1,1.0
ames_mutagenicity,c1cc2cc3c4c(ccc5cc6c(c1CCC6)c2c54)CCC3,1,1,1.0
ames_mutagenicity,c1cc2cc3ccc(OCC4CO4)cc3nc2o1,1,0,0.0
ames_mutagenicity,c1cc2ccc3[nH]cnc3c2cn1,1,1,1.0
ames_mutagenicity,c1cc2ccc3c(OC4CCCCO4)c4ccccc4c4ccc(c1)c2c34,1,0,0.0
ames_mutagenicity,c1cc2ccc3cc4c(OC5CCCCO5)cccc4c4ccc(c1)c2c34,1,0,0.0
ames_mutagenicity,c1cc2ccc3cc4ccc(OC5CCCCO5)cc4c4ccc(c1)c2c34,1,0,0.0
ames_mutagenicity,c1cc2ccc3ccc4ccc5ccc6ccc1c1c2c3c4c5c61,1,1,1.0
ames_mutagenicity,c1cc2ccc3ccc4ccc5cccc6c(c1)c2c3c4c56,1,1,1.0
ames_mutagenicity,c1cc2ccc3cccc4ncc(c1)c2c34,1,1,1.0
ames_mutagenicity,c1cc2cnsc2cc1OCC1CO1,1,1,1.0
ames_mutagenicity,c1cc2coc3c4c(ccc3c-2c1)OC1OC2OC2C41,1,1,1.0
ames_mutagenicity,c1cc2coc3c4c(ccc3c-2c1)OC1OCCC41,1,1,1.0
ames_mutagenicity,c1cc2nc3nc[nH]c3cc2cn1,1,0,0.0
ames_mutagenicity,c1cc[n+](COC[n+]2ccccc2)cc1,1,0,0.0
ames_mutagenicity,c1cc[n+]2c(c1)-c1cccc[n+]1CC2,1,0,0.0
ames_mutagenicity,c1ccc(-[n+]2c3ccccc3nc3ccccc32)cc1,1,1,1.0
ames_mutagenicity,c1ccc(-c2[nH]c3ccccc3c2N=Nc2[nH+]ccs2)cc1,1,1,1.0
ames_mutagenicity,c1ccc(-c2c3ccccc3[o+]c3ccccc23)cc1,1,0,0.0
ames_mutagenicity,c1ccc(-c2cc3ccccc3[nH]2)cc1,1,0,0.0
ames_mutagenicity,c1ccc(-c2cc3ccccc3o2)cc1,1,1,1.0
ames_mutagenicity,c1ccc(-c2cc3ccccc3s2)cc1,1,0,0.0
ames_mutagenicity,c1ccc(-c2cc[nH+]cc2)cc1,1,0,0.0
ames_mutagenicity,c1ccc(-c2ccc(CC3CO3)cc2)cc1,1,1,1.0
ames_mutagenicity,c1ccc(-c2ccc(OCC3CO3)cc2)cc1,1,1,1.0
ames_mutagenicity,c1ccc(-c2ccc3ccccc3[o+]2)cc1,1,0,0.0
ames_mutagenicity,c1ccc(-c2ccc3ccccc3n2)cc1,1,1,1.0
ames_mutagenicity,c1ccc(-c2cccc(-c3ccccc3)c2)cc1,1,0,0.0
ames_mutagenicity,c1ccc(-c2cccc(-c3ccccn3)n2)nc1,1,1,1.0
ames_mutagenicity,c1ccc(-c2ccccc2-c2ccccc2)cc1,1,0,0.0
ames_mutagenicity,c1ccc(-c2ccccc2OCC2CO2)cc1,1,1,1.0
ames_mutagenicity,c1ccc(-c2ccccn2)nc1,1,1,1.0
ames_mutagenicity,c1ccc(-c2cccnc2)nc1,1,1,1.0
ames_mutagenicity,c1ccc(-c2ccncc2)nc1,1,1,1.0
ames_mutagenicity,c1ccc(-c2ccno2)cc1,1,0,0.0
ames_mutagenicity,c1ccc(-c2cn3ccccc3n2)cc1,1,1,1.0
ames_mutagenicity,c1ccc(-c2cnc3c(ccc4[nH]cnc43)n2)cc1,1,1,1.0
ames_mutagenicity,c1ccc(-c2cnc3ccc4[nH]cnc4c3n2)cc1,1,1,1.0
ames_mutagenicity,c1ccc(-c2cnc3ncncc3n2)cc1,1,0,0.0
ames_mutagenicity,c1ccc(-c2cncnc2)cc1,1,0,0.0
ames_mutagenicity,c1ccc(-c2conc2-c2ccccc2)cc1,1,0,0.0
ames_mutagenicity,c1ccc(-c2nc3c[nH]cnc-3n2)cc1,1,1,1.0
ames_mutagenicity,c1ccc(-c2nc3cc(CCCCCCc4nc5cc(N6CCNCC6)ccc5[nH]4)ccc3[nH]2)cc1,1,0,0.0
ames_mutagenicity,c1ccc(-c2nc3cc(Cc4nc5cc(N6CCNCC6)ccc5[nH]4)ccc3[nH]2)cc1,1,0,0.0
ames_mutagenicity,c1ccc(-c2nc3ccc4[nH]cnc4c3nc2-c2ccccc2)cc1,1,0,0.0
ames_mutagenicity,c1ccc(-c2nc3ccccc3[nH]2)cc1,1,1,1.0
ames_mutagenicity,c1ccc(-c2nc3cncnc3n2-c2ccccc2)cc1,1,1,1.0
ames_mutagenicity,c1ccc(-c2nc3ncnc-3c[nH]2)cc1,1,1,1.0
ames_mutagenicity,c1ccc(-c2ncc3ncn(-c4ccccc4)c3n2)cc1,1,1,1.0
ames_mutagenicity,c1ccc(-c2nn(-c3ccccc3)[n+](-c3ccccc3)n2)cc1,1,0,0.0
ames_mutagenicity,c1ccc(-c2nn[nH]n2)cc1,1,0,0.0
ames_mutagenicity,c1ccc(C(CCCN2CCC(n3cnc4ccccc43)CC2)c2ccccc2)cc1,1,0,0.0
ames_mutagenicity,c1ccc(C(CCCN2CCCCC2)c2ccccn2)cc1,1,0,0.0
ames_mutagenicity,c1ccc(C(c2ccccc2)(c2ccccc2)n2cnc3c[nH+]cnc32)cc1,1,1,1.0
ames_mutagenicity,c1ccc(C(c2ccccc2)(c2ccccc2)n2cnc3cncnc32)cc1,1,1,1.0
ames_mutagenicity,c1ccc(C(c2ccccc2)C2CC2)cc1,1,0,0.0
ames_mutagenicity,c1ccc(C(c2ccccc2)N2CCC2)cc1,1,1,1.0
ames_mutagenicity,c1ccc(C(c2ccccc2)c2ccccn2)cc1,1,0,0.0
ames_mutagenicity,c1ccc(C(c2ccccc2)n2cnc3c[nH+]cnc32)cc1,1,1,1.0
ames_mutagenicity,c1ccc(C(c2ccccc2)n2cnc3cncnc32)cc1,1,1,1.0
ames_mutagenicity,c1ccc(C2(c3ccccc3)CCCCC2)cc1,1,0,0.0
ames_mutagenicity,c1ccc(C2=NCCNc3ccccc32)cc1,1,0,0.0
ames_mutagenicity,c1ccc(C2=NCc3ncnn3-c3ccccc32)cc1,1,0,0.0
ames_mutagenicity,c1ccc(C2CNCc3ccccc32)cc1,1,0,0.0
ames_mutagenicity,c1ccc(C2NCCc3c2[nH]c2ccccc32)cc1,1,0,0.0
ames_mutagenicity,c1ccc(C2Nc3ccccc3-c3ccccc32)cc1,1,1,1.0
ames_mutagenicity,c1ccc(C2OC2c2ccccc2)cc1,1,0,0.0
ames_mutagenicity,c1ccc(C2OCC3C(c4ccccc4)OCC23)cc1,1,0,0.0
ames_mutagenicity,c1ccc(C2OCC3COC(c4ccccc4)N32)cc1,1,1,1.0
ames_mutagenicity,c1ccc(C2c3ccccc3Oc3ccccc32)cc1,1,1,1.0
ames_mutagenicity,c1ccc(CC2NCCc3c2[nH]c2ccccc32)cc1,1,0,0.0
ames_mutagenicity,c1ccc(CC2NCCc3ccccc32)cc1,1,0,0.0
ames_mutagenicity,c1ccc(CCCCc2ccccc2)cc1,1,0,0.0
ames_mutagenicity,c1ccc(CCCNc2c3ccccc3nc3ccccc23)cc1,1,1,1.0
ames_mutagenicity,c1ccc(CCNCC2CCCCC2)cc1,1,0,0.0
ames_mutagenicity,c1ccc(CCNCc2ccccc2)cc1,1,1,1.0
ames_mutagenicity,c1ccc(CCc2ccc(CCn3ccnc3)cc2)cc1,1,0,0.0
ames_mutagenicity,c1ccc(CN2CCCCC2)cc1,1,0,0.0
ames_mutagenicity,c1ccc(CN2CCN=N2)cc1,1,1,1.0
ames_mutagenicity,c1ccc(CNCCCOc2ccc3ncccc3c2)cc1,1,0,0.0
ames_mutagenicity,c1ccc(CNc2[nH]cnc3nc(-c4ccccc4)cc2-3)cc1,1,1,1.0
ames_mutagenicity,c1ccc(CNc2[nH]cnc3ncnc2-3)cc1,1,0,0.0
ames_mutagenicity,c1ccc(CNc2ncccn2)cc1,1,0,0.0
ames_mutagenicity,c1ccc(COCC2CO2)cc1,1,1,1.0
ames_mutagenicity,c1ccc(COCc2ccccc2)cc1,1,0,0.0
ames_mutagenicity,c1ccc(COOCc2ccccc2)cc1,1,0,0.0
ames_mutagenicity,c1ccc(CSCc2ccccc2)cc1,1,0,0.0
ames_mutagenicity,c1ccc(CSSCc2ccccc2)cc1,1,1,1.0
ames_mutagenicity,c1ccc(CSc2ccccc2)cc1,1,0,0.0
ames_mutagenicity,c1ccc(C[NH2+]CCOCCOc2ccccc2)cc1,1,0,0.0
ames_mutagenicity,c1ccc(Cc2cccc(Cc3ccccc3)c2)cc1,1,1,1.0
ames_mutagenicity,c1ccc(Cc2ccccc2OCC2CO2)cc1,1,1,1.0
ames_mutagenicity,c1ccc(Cc2nccc3ccccc23)cc1,1,0,0.0
ames_mutagenicity,c1ccc(Cn2c(N3CCC(Nc4ncccn4)CC3)nc3ccccc32)cc1,1,0,0.0
ames_mutagenicity,c1ccc(Cn2cc(Cn3ccnc3)c3ccccc32)cc1,1,1,1.0
ames_mutagenicity,c1ccc(Cn2ccnc2)cc1,1,1,1.0
ames_mutagenicity,c1ccc(Cn2cnc3c[nH+]cnc32)cc1,1,1,1.0
ames_mutagenicity,c1ccc(Cn2ncc3ccccc32)cc1,1,0,0.0
ames_mutagenicity,c1ccc(N(c2ccc3ccccc3c2)c2ccc3ccccc3c2)cc1,1,0,0.0
ames_mutagenicity,c1ccc(N(c2ccccc2)c2ccccc2)cc1,1,0,0.0
ames_mutagenicity,c1ccc(N2CC2)cc1,1,1,1.0
ames_mutagenicity,c1ccc(N2Nc3ccccc3N2)cc1,1,0,0.0
ames_mutagenicity,c1ccc(N=C2c3ccccc3NC2(c2ccccc2)c2ccccc2)cc1,1,0,0.0
ames_mutagenicity,c1ccc(N=C2c3ccccc3NC2c2ccccc2)cc1,1,0,0.0
ames_mutagenicity,c1ccc(N=NC(=NNc2ccccc2)c2ccccc2)cc1,1,0,0.0
ames_mutagenicity,c1ccc(N=Nc2ccc(-c3ccc(N=Nc4ccc(N=Nc5ccccc5)c5ccccc45)cc3)cc2)cc1,1,1,1.0
ames_mutagenicity,c1ccc(N=Nc2ccc(-c3ccc(N=Nc4ccc5ccc(N=Nc6ccccc6)cc5c4)cc3)cc2)cc1,1,1,1.0
ames_mutagenicity,c1ccc(N=Nc2ccc(-c3ccc(N=Nc4ccc5ccccc5c4)cc3)cc2)cc1,1,1,1.0
ames_mutagenicity,c1ccc(N=Nc2ccc(-c3ccc(N=Nc4cccc(N=Nc5ccccc5)c4)cc3)cc2)cc1,1,1,1.0
ames_mutagenicity,c1ccc(N=Nc2ccc(-c3ccc(N=Nc4ccccc4)cc3)cc2)cc1,1,1,1.0
ames_mutagenicity,c1ccc(N=Nc2ccc(N=Nc3ccc4ccc(N=Nc5ccc(N=Nc6ccccc6)cc5)cc4c3)cc2)cc1,1,1,1.0
ames_mutagenicity,c1ccc(N=Nc2ccc(N=Nc3ccc4ccccc4c3)cc2)cc1,1,1,1.0
ames_mutagenicity,c1ccc(N=Nc2ccc(OC3CCCCO3)cc2)cc1,1,0,0.0
ames_mutagenicity,c1ccc(N=Nc2ccc3[nH]ncc3c2)cc1,1,1,1.0
ames_mutagenicity,c1ccc(N=Nc2ccc3ccc(N=Nc4ccccc4)cc3c2)cc1,1,1,1.0
ames_mutagenicity,c1ccc(NC2=NCCN2)cc1,1,0,0.0
ames_mutagenicity,c1ccc(NC2CCCC2)cc1,1,0,0.0
ames_mutagenicity,c1ccc(NC2Cc3ccccc3C2)cc1,1,0,0.0
ames_mutagenicity,c1ccc(NCc2ccco2)cc1,1,0,0.0
ames_mutagenicity,c1ccc(NCc2ccsc2)nc1,1,0,0.0
ames_mutagenicity,c1ccc(NNc2ccccc2)cc1,1,1,1.0
ames_mutagenicity,c1ccc(Nc2[nH]cnc3ncnc2-3)cc1,1,0,0.0
ames_mutagenicity,c1ccc(Nc2cccc3ccccc23)cc1,1,0,0.0
ames_mutagenicity,c1ccc(Nc2ccccn2)cc1,1,0,0.0
ames_mutagenicity,c1ccc(Nc2ccnc3ccccc23)cc1,1,0,0.0
ames_mutagenicity,c1ccc(Nc2ccncc2)cc1,1,0,0.0
ames_mutagenicity,c1ccc(Nc2ncnc3c2ncn3-c2ccccc2)cc1,1,1,1.0
ames_mutagenicity,c1ccc(Nc2ncncn2)cc1,1,0,0.0
ames_mutagenicity,c1ccc(OCC2CNCCO2)cc1,1,0,0.0
ames_mutagenicity,c1ccc(OCCCCCNc2c3ccccc3nc3ccccc23)cc1,1,1,1.0
ames_mutagenicity,c1ccc(OCCCCCOc2ccccc2)cc1,1,0,0.0
ames_mutagenicity,c1ccc(OCCOc2ccccc2)cc1,1,0,0.0
ames_mutagenicity,c1ccc(OCn2ccnc2)cc1,1,0,0.0
ames_mutagenicity,c1ccc(OP(Oc2ccccc2)Oc2ccccc2)cc1,1,0,0.0
ames_mutagenicity,c1ccc(OP2OCC3(CO2)COP(Oc2ccccc2)OC3)cc1,1,0,0.0
ames_mutagenicity,c1ccc(O[PH]2(Oc3ccccc3)N[PH](Oc3ccccc3)(Oc3ccccc3)N[PH](Oc3ccccc3)(Oc3ccccc3)N2)cc1,1,0,0.0
ames_mutagenicity,c1ccc(Oc2ccc(Oc3ccccc3)cc2)cc1,1,1,1.0
ames_mutagenicity,c1ccc(Oc2ccc(Oc3ccccn3)cc2)nc1,1,0,0.0
ames_mutagenicity,c1ccc(Oc2cccc(Oc3ccccc3)c2)cc1,1,1,1.0
ames_mutagenicity,c1ccc(Oc2ccncn2)cc1,1,1,1.0
ames_mutagenicity,c1ccc(Oc2nccs2)cc1,1,0,0.0
ames_mutagenicity,c1ccc(P(c2ccccc2)c2ccccc2)cc1,1,0,0.0
ames_mutagenicity,c1ccc(SCSc2ccccc2)cc1,1,1,1.0
ames_mutagenicity,c1ccc(SSc2ccccc2)cc1,1,1,1.0
ames_mutagenicity,c1ccc(Sc2ccc3[nH]cnc3c2)cc1,1,0,0.0
ames_mutagenicity,c1ccc([SH+]c2ccccc2)cc1,1,1,1.0
ames_mutagenicity,c1ccc2[nH+]c3occc3cc2c1,1,0,0.0
ames_mutagenicity,c1ccc2[nH]c(-c3cscn3)nc2c1,1,1,1.0
ames_mutagenicity,c1ccc2[nH]ncc2c1,1,1,1.0
ames_mutagenicity,c1ccc2[o+]c3ccccc3nc2c1,1,1,1.0
ames_mutagenicity,c1ccc2c(CC3CO3)cccc2c1,1,1,1.0
ames_mutagenicity,c1ccc2c(CCC3CO3)cccc2c1,1,1,1.0
ames_mutagenicity,c1ccc2c(COCC3CO3)cccc2c1,1,1,1.0
ames_mutagenicity,c1ccc2c(OCC3CO3)cccc2c1,1,1,1.0
ames_mutagenicity,c1ccc2c(OCC3CO3)nsc2c1,1,1,1.0
ames_mutagenicity,c1ccc2c(OCCCNc3ncnc4c3ncn4C3CCCO3)cccc2c1,1,0,0.0
ames_mutagenicity,c1ccc2c(c1)-c1cc3c(cc1C1NC21)-c1ccccc1C1NC31,1,1,1.0
ames_mutagenicity,c1ccc2c(c1)-c1cc3c(cc1C1OC21)-c1ccccc1C1OC31,1,1,1.0
ames_mutagenicity,c1ccc2c(c1)-c1cc3c(ccc4ccccc43)nc1C1OC21,1,1,1.0
ames_mutagenicity,c1ccc2c(c1)-c1cc3ccc4ccccc4c3cc1C1NC21,1,1,1.0
ames_mutagenicity,c1ccc2c(c1)-c1cc3cccc4c3c(c1C1NC21)CC4,1,1,1.0
ames_mutagenicity,c1ccc2c(c1)-c1cc3cccc4c3c(c1C1OC21)CC4,1,1,1.0
ames_mutagenicity,c1ccc2c(c1)-c1cc3ccccc3c3cc4c(c-2c13)CCCC4,1,1,1.0
ames_mutagenicity,c1ccc2c(c1)-c1ccc3c4c1c-2cc1cccc(c14)C1OC31,1,1,1.0
ames_mutagenicity,c1ccc2c(c1)-c1ccc3ccccc3c1C1OC21,1,1,1.0
ames_mutagenicity,c1ccc2c(c1)-c1cccc3cc4ccccc4c-2c13,1,1,1.0
ames_mutagenicity,c1ccc2c(c1)-c1ccccc1C1C2N1C1CCCCC1,1,1,1.0
ames_mutagenicity,c1ccc2c(c1)-c1ccccc1C1OC21,1,1,1.0
ames_mutagenicity,c1ccc2c(c1)-c1nc3ccccc3cc1C1OC21,1,0,0.0
ames_mutagenicity,c1ccc2c(c1)C1=c3c-2cc2cccc4ccc(c3c42)CC1,1,0,0.0
ames_mutagenicity,c1ccc2c(c1)C1OOC2c2ccccc21,1,0,0.0
ames_mutagenicity,c1ccc2c(c1)CC(C1CCNc3ccccc31)CN2,1,0,0.0
ames_mutagenicity,c1ccc2c(c1)CC(N1C3c4ccccc4-c4ccccc4C31)c1ccccc1-2,1,0,0.0
ames_mutagenicity,c1ccc2c(c1)CC1NCCc3cccc-2c31,1,1,1.0
ames_mutagenicity,c1ccc2c(c1)CC1ON2CC2NC21,1,1,1.0
ames_mutagenicity,c1ccc2c(c1)CC1[NH2+]CCc3cccc-2c31,1,0,0.0
ames_mutagenicity,c1ccc2c(c1)CCC1C2CCC2C3CCC21CC3,1,0,0.0
ames_mutagenicity,c1ccc2c(c1)CCC1CCCC3OC213,1,0,0.0
ames_mutagenicity,c1ccc2c(c1)CCC1CCCCC21,1,1,1.0
ames_mutagenicity,c1ccc2c(c1)CCO2,1,0,0.0
ames_mutagenicity,c1ccc2c(c1)CCc1c-2cc2cccc3c2c1CC3,1,1,1.0
ames_mutagenicity,c1ccc2c(c1)CCc1c-2ccc2c1CCCC2,1,1,1.0
ames_mutagenicity,c1ccc2c(c1)CCc1c-2ccc2ccccc12,1,0,0.0
ames_mutagenicity,c1ccc2c(c1)CCc1cc3c(cc1-2)CCCC3,1,1,1.0
ames_mutagenicity,c1ccc2c(c1)CCc1cc3c(cc1-2)CCc1ccccc1-3,1,1,1.0
ames_mutagenicity,c1ccc2c(c1)CCc1cc3c(ccc4ccccc43)cc1-2,1,1,1.0
ames_mutagenicity,c1ccc2c(c1)CCc1cc3ccc4c(c3cc1-2)CCCC4,1,1,1.0
ames_mutagenicity,c1ccc2c(c1)CCc1ccc3c(c1-2)OCO3,1,1,1.0
ames_mutagenicity,c1ccc2c(c1)COC2,1,1,1.0
ames_mutagenicity,c1ccc2c(c1)Cc1c(c3ccccc3c3ccccc13)C2,1,1,1.0
ames_mutagenicity,c1ccc2c(c1)Cc1c-2ccc2ccc3ccccc3c12,1,1,1.0
ames_mutagenicity,c1ccc2c(c1)Cc1cc(N=[NH+]c3ccc4c(c3)Cc3ccccc3-4)ccc1-2,1,0,0.0
ames_mutagenicity,c1ccc2c(c1)Cc1cc(NNc3ccc4c(c3)Cc3ccccc3-4)ccc1-2,1,1,1.0
ames_mutagenicity,c1ccc2c(c1)Cc1ccc3ccc4ccccc4c3c1-2,1,0,0.0
ames_mutagenicity,c1ccc2c(c1)N=C(N1CCNCC1)c1ccccc1N2,1,0,0.0
ames_mutagenicity,c1ccc2c(c1)N=C(N1CCNCC1)c1ccccc1O2,1,0,0.0
ames_mutagenicity,c1ccc2c(c1)NC1NCCC21,1,0,0.0
ames_mutagenicity,c1ccc2c(c1)Nc1ccccc1O2,1,1,1.0
ames_mutagenicity,c1ccc2c(c1)OC1OC3OC3C21,1,1,1.0
ames_mutagenicity,c1ccc2c(c1)OCCOCCOCCOCCO2,1,0,0.0
ames_mutagenicity,c1ccc2c(c1)Oc1ccccc1S2,1,0,0.0
ames_mutagenicity,c1ccc2c(c1)c1cccc3c1c1c(cccc21)CC3,1,1,1.0
ames_mutagenicity,c1ccc2c(c1)c1ccccc1c1c3c(ccc21)CCC1OC31,1,1,1.0
ames_mutagenicity,c1ccc2c(c1)c1ccccc1c1c3ccccc3c3ccccc3c21,1,1,1.0
ames_mutagenicity,c1ccc2c(c1)c1ccccc1c1cc3c(cc21)CCC1OC31,1,1,1.0
ames_mutagenicity,c1ccc2c(c1)c1ccccc1c1cc3cnccc3cc21,1,1,1.0
ames_mutagenicity,c1ccc2c(c1)c1ccccc1c1ccccc21,1,1,1.0
ames_mutagenicity,c1ccc2c(c1)cc1c3c(cc4c(c32)OCO4)CCN1,1,1,1.0
ames_mutagenicity,c1ccc2c(c1)cc1c3c2ccc2cccc(c23)C2NC12,1,1,1.0
ames_mutagenicity,c1ccc2c(c1)cc1c3c2ccc2cccc(c23)C2OC12,1,1,1.0
ames_mutagenicity,c1ccc2c(c1)cc1c3ccccc3c3cccc4ccc2c1c43,1,1,1.0
ames_mutagenicity,c1ccc2c(c1)cc1ccc3cc4ccccc4c4ccc2c1c34,1,1,1.0
ames_mutagenicity,c1ccc2c(c1)cc1ccc3ccc(OC4CCCCO4)c4ccc2c1c34,1,0,0.0
ames_mutagenicity,c1ccc2c(c1)cc1ccc3cccc4c5ccccc5c2c1c34,1,1,1.0
ames_mutagenicity,c1ccc2c(c1)cc1ccc3cccc4ncc2c1c34,1,1,1.0
ames_mutagenicity,c1ccc2c(c1)cc1sc3cccc4ccc2c1c43,1,1,1.0
ames_mutagenicity,c1ccc2c(c1)ccc1[nH+]c3ccc4ccccc4c3cc12,1,0,0.0
ames_mutagenicity,c1ccc2c(c1)ccc1[nH]cnc12,1,1,1.0
ames_mutagenicity,c1ccc2c(c1)ccc1c2ccc2ccc3c(c21)C1OC1CC3,1,1,1.0
ames_mutagenicity,c1ccc2c(c1)ccc1c2ccc2ccc3ccccc3c21,1,1,1.0
ames_mutagenicity,c1ccc2c(c1)ccc1c2ccc2cccnc21,1,1,1.0
ames_mutagenicity,c1ccc2c(c1)ccc1c3c(ccc12)C1OC1CC3,1,1,1.0
ames_mutagenicity,c1ccc2c(c1)ccc1c3cccnc3ccc21,1,1,1.0
ames_mutagenicity,c1ccc2c(c1)ccc1c3ccncc3ccc21,1,1,1.0
ames_mutagenicity,c1ccc2c(c1)ccc1cc3c(cc12)c1c(c2ccccc23)O1,1,1,1.0
ames_mutagenicity,c1ccc2c(c1)ccc1cc3c(ccc4ccncc43)cc12,1,1,1.0
ames_mutagenicity,c1ccc2c(c1)ccc1cc3c4c(ccc3nc12)CCC1OC41,1,0,0.0
ames_mutagenicity,c1ccc2c(c1)ccc1cc3ccc4c(c3nc12)C1OC1CC4,1,1,1.0
ames_mutagenicity,c1ccc2c(c1)ccc1cc3ccc4ccccc4c3cc12,1,1,1.0
ames_mutagenicity,c1ccc2c(c1)ccc1cc3ccc4ccccc4c3nc12,1,1,1.0
ames_mutagenicity,c1ccc2c(c1)ccc1cc3ccc4ccncc4c3cc12,1,1,1.0
ames_mutagenicity,c1ccc2c(c1)ccc1cc3cnccc3cc12,1,1,1.0
ames_mutagenicity,c1ccc2c(c1)ccc1ccc3[nH]ccc3c12,1,1,1.0
ames_mutagenicity,c1ccc2c(c1)ccc1ccc3c(c12)C1OC1CC3,1,1,1.0
ames_mutagenicity,c1ccc2c(c1)ccc1ccc3c(c12)CCC3,1,1,1.0
ames_mutagenicity,c1ccc2c(c1)ccc1ccc3c(c12)CCN3,1,1,1.0
ames_mutagenicity,c1ccc2c(c1)ccc1ccc3cc[nH]c3c12,1,1,1.0
ames_mutagenicity,c1ccc2c(c1)ccc1ccc3nc[nH]c3c12,1,1,1.0
ames_mutagenicity,c1ccc2c(c1)ccc1ccc3ncoc3c12,1,1,1.0
ames_mutagenicity,c1ccc2c(c1)ccc1nc3c(ccc4ccccc43)cc12,1,1,1.0
ames_mutagenicity,c1ccc2c(c1)ccc1nc3c4c(ccc3cc12)CCC1OC41,1,1,1.0
ames_mutagenicity,c1ccc2c(c1)ccc1nc3ccc4c(c3cc12)C1OC1CC4,1,1,1.0
ames_mutagenicity,c1ccc2c(c1)ccc1nc3ccc4c(c3cc12)CCCC4,1,1,1.0
ames_mutagenicity,c1ccc2c(c1)ccc1nc[nH]c12,1,1,1.0
ames_mutagenicity,c1ccc2c3c(ccc2c1)Cc1c(ccc2ccccc12)C3,1,1,1.0
ames_mutagenicity,c1ccc2c3c(ccc2c1)OC1OOC31,1,0,0.0
ames_mutagenicity,c1ccc2c3c4c(cc5ccccc5c4cc2c1)C1=C3CCCC1,1,1,1.0
ames_mutagenicity,c1ccc2c3c4c(ccc5cccc(c54)CC3)cc2c1,1,1,1.0
ames_mutagenicity,c1ccc2c3cn[nH]c(-n4cccn4)c-3nc2c1,1,0,0.0
ames_mutagenicity,c1ccc2c3nn[nH]cc-3nc2c1,1,1,1.0
ames_mutagenicity,c1ccc2c[n+]3c(cc2c1)-c1cc2c(cc1CC3)OCO2,1,0,0.0
ames_mutagenicity,c1ccc2c[nH+]ncc2c1,1,0,0.0
ames_mutagenicity,c1ccc2cc(N=Nc3ccc(-c4ccc(N=Nc5cccc6ccccc56)cc4)cc3)ccc2c1,1,1,1.0
ames_mutagenicity,c1ccc2cc(N=Nc3cccc4ccccc34)ccc2c1,1,0,0.0
ames_mutagenicity,c1ccc2cc(Nc3ccc(Nc4ccc5ccccc5c4)cc3)ccc2c1,1,1,1.0
ames_mutagenicity,c1ccc2cc(OCC3CO3)ccc2c1,1,1,1.0
ames_mutagenicity,c1ccc2cc(Oc3ccc4ccccc4c3)ccc2c1,1,0,0.0
ames_mutagenicity,c1ccc2cc(SSc3ccc4ccccc4c3)ccc2c1,1,0,0.0
ames_mutagenicity,c1ccc2cc3[nH]cnc3cc2c1,1,1,1.0
ames_mutagenicity,c1ccc2cc3c(cc2c1)c1c(c2ccccc23)O1,1,1,1.0
ames_mutagenicity,c1ccc2cc3c(cc4c5c(cccc53)C3OC43)cc2c1,1,1,1.0
ames_mutagenicity,c1ccc2cc3c(ccc4c5ccccc5ccc34)cc2c1,1,0,0.0
ames_mutagenicity,c1ccc2cc3c(ccc4cccnc43)cc2c1,1,1,1.0
ames_mutagenicity,c1ccc2cc3c(ccc4ccncc43)cc2c1,1,1,1.0
ames_mutagenicity,c1ccc2cc3cc4ccccc4cc3cc2c1,1,1,1.0
ames_mutagenicity,c1ccc2cnccc2c1,1,0,0.0
ames_mutagenicity,c1ccc2nc3c(cc2c1)CCO3,1,1,1.0
ames_mutagenicity,c1ccc2nc3c4ccccc4c4ccccc4c3cc2c1,1,1,1.0
ames_mutagenicity,c1ccc2nc3ccc4c(c3cc2c1)OCCO4,1,1,1.0
ames_mutagenicity,c1ccc2nc3ccc4ncsc4c3cc2c1,1,1,1.0
ames_mutagenicity,c1ccc2nc3nc[nH]c3cc2c1,1,1,1.0
ames_mutagenicity,c1ccc2ncncc2c1,1,0,0.0
ames_mutagenicity,c1ccc2ocnc2c1,1,0,0.0
ames_mutagenicity,c1ccc2sc(SN3CCOCC3)nc2c1,1,0,0.0
ames_mutagenicity,c1ccc2sc(SNC3CCCCC3)nc2c1,1,0,0.0
ames_mutagenicity,c1ccc2sc(SSc3nc4ccccc4s3)nc2c1,1,1,1.0
ames_mutagenicity,c1ccc2sc[nH+]c2c1,1,0,0.0
ames_mutagenicity,c1cnc2c(c1)C1OC1C1OC21,1,0,0.0
ames_mutagenicity,c1cnc2c(c1)C1OC1CC2,1,0,0.0
ames_mutagenicity,c1cnc2c(c1)ccc1[nH]cnc12,1,1,1.0
ames_mutagenicity,c1cnc2c(c1)ccc1c2ccc2cccnc21,1,1,1.0
ames_mutagenicity,c1cnc2c(c1)ccc1c3cccnc3ccc12,1,1,1.0
ames_mutagenicity,c1cnc2c(ccc3[nH]c(NC4CCCCO4)nc32)n1,1,0,0.0
ames_mutagenicity,c1cnc2c3c(ccc2c1)C1OC1CC3,1,0,0.0
ames_mutagenicity,c1cnc2c3c(ccc2c1)C1OOC1O3,1,0,0.0
ames_mutagenicity,c1cnc2c[nH+]ncc2c1,1,0,0.0
ames_mutagenicity,c1cnc2cc3[nH]cnc3cc2n1,1,1,1.0
ames_mutagenicity,c1cnc2cc3[nH]cnc3nc2c1,1,0,0.0
ames_mutagenicity,c1cnc2ccc3scnc3c2c1,1,1,1.0
ames_mutagenicity,c1cnc2cn[nH+]cc2c1,1,0,0.0
ames_mutagenicity,c1cnc2nc3nc[nH]c3cc2c1,1,0,0.0
ames_mutagenicity,c1cnc2no[nH+]c2c1,1,1,1.0
ames_mutagenicity,c1cncc(-c2cscn2)c1,1,0,0.0
ames_mutagenicity,c1cnsc1,1,1,1.0
ames_mutagenicity,c1coc(-c2[nH]ccc3c4ccccc4nc2-3)c1,1,1,1.0
ames_mutagenicity,c1coc(-c2ncon2)c1,1,1,1.0
ames_mutagenicity,c1coc(-c2nncs2)c1,1,1,1.0
ames_mutagenicity,c1nc2c(s1)CCC1NCCCC21,1,0,0.0
ames_mutagenicity,c1nc2nc[nH+]cc2[nH]1,1,1,1.0
ames_mutagenicity,c1nc2nc[nH]c(Sc3cnc[nH]3)c-2n1,1,1,1.0
ames_mutagenicity,c1nc2nncc-2c[nH]1,1,0,0.0
ames_mutagenicity,c1ncc(C[n+]2ccsc2)cn1,1,0,0.0
ames_mutagenicity,c1ncc2[nH]nnc2n1,1,0,0.0
ames_mutagenicity,c1ncc2c(n1)CCC2,1,0,0.0
ames_mutagenicity,c1ncc2cn[nH]c2n1,1,1,1.0
ames_mutagenicity,c1nncs1,1,0,0.0
ames_mutagenicity,c1nsnc1N1CCOCC1,1,0,0.0
ames_mutagenicity,c1scc2c1-c1cscc1C1NC21,1,1,1.0
ames_mutagenicity,c1scc2c1-c1cscc1C1OC21,1,1,1.0
herg_blockade,c1ccccc1,116,59,0.5086206896551724
herg_blockade,O=C1COc2ccc(CNC34CCC(CCc5ccnc6cccnc56)(CC3)OC4)nc2N1,112,97,0.8660714285714286
herg_blockade,c1ccc(Oc2ccccc2)cc1,69,63,0.9130434782608695
herg_blockade,c1ccc(C23CC2CN(CCCSc2nnc(-c4cnco4)[nH]2)C3)cc1,50,50,1.0
herg_blockade,O=C(c1ccccc1)N1CCC(CCN2C3CCC2CC(n2cnc4ccccc42)C3)(c2ccccc2)CC1,47,10,0.2127659574468085
herg_blockade,C1=C(CN2CCOCC2)NC(c2nccs2)=NC1c1ccccc1,43,10,0.23255813953488372
herg_blockade,O=C(CNc1n[nH]c2ccccc12)NC1CN(C2CCCCC2)C1,42,23,0.5476190476190477
herg_blockade,c1ccc(CCNCCOc2ccccc2)cc1,36,34,0.9444444444444444
herg_blockade,O=C(NC1CCNC1)c1ccccc1,35,5,0.14285714285714285
herg_blockade,C1=C(c2ccccc2)c2ccccc2OC12CCNCC2,30,18,0.6
herg_blockade,c1ccc(Cc2cc(C3CCN(CC4CNCC4c4ccccc4)CC3)[nH]n2)cc1,30,14,0.4666666666666667
herg_blockade,O=C1COc2ccc(CNC34CCC(CC5Cn6c(=O)ccc7nccc5c76)(CC3)OC4)nc2N1,29,1,0.034482758620689655
herg_blockade,c1ccc(CCN2CCC(CN3CCC(Oc4ccccc4)CC3)CC2)cc1,29,7,0.2413793103448276
herg_blockade,c1ccc(CN2C3CCC2CC(Oc2ccccc2)C3)cc1,28,28,1.0
herg_blockade,c1ccc(-c2[nH]c3ccccc3c2C2CCCNC2)cc1,27,27,1.0
herg_blockade,c1ccc(-c2ccc3c(N4CCOCC4)nc(N4CCOCC4)nc3n2)cc1,27,5,0.18518518518518517
herg_blockade,c1ccc(Cc2ccccc2)cc1,27,22,0.8148148148148148
herg_blockade,O=c1ccn(C2CC2)c2cc(N3CCCC3)ccc12,26,0,0.0
herg_blockade,O=C(N1CCc2ncccc2C1)C12CCCC1CC(NC1CCOCC1)C2,25,0,0.0
herg_blockade,O=C(NCc1ccccc1)C1CCN(c2ncnc3[nH]ccc23)CC1,25,6,0.24
herg_blockade,c1ccc(N2CCC3CN(CCCSc4nnc(-c5cnccn5)[nH]4)CC32)cc1,25,25,1.0
herg_blockade,O=C(CNC(=O)c1ccccc1)NC1CN(C2CCC(c3ccccc3)CC2)C1,23,19,0.8260869565217391
herg_blockade,O=C(c1ccccc1)N1CCn2c(nnc2-c2ncns2)C1,23,0,0.0
herg_blockade,c1ccc(CCNCCCOc2ccccc2)cc1,23,23,1.0
herg_blockade,O=C1OCc2cc(CCN3CCN(CCc4ccccc4)CC3)ccc21,22,22,1.0
herg_blockade,c1cc(-c2nnc(SCCCN3CCc4cc5ncoc5cc4CC3)[nH]2)c2cccnc2c1,22,19,0.8636363636363636
herg_blockade,c1ccc(CC(c2ccccc2)N2CCNCC2)cc1,22,10,0.45454545454545453
herg_blockade,c1ccc(Nc2ccnc3ccc(N4CCNCC4)cc23)cc1,22,11,0.5
herg_blockade,c1ccc2c(N3CCN(CCc4ccc5c(c4)CCC5)CC3)nsc2c1,22,22,1.0
herg_blockade,O=C(NCc1ccccc1)C1CCCN(c2ncnc3[nH]ccc23)C1,21,5,0.23809523809523808
herg_blockade,O=C1c2ccccc2CN1Cc1ccccc1-c1ccccc1,21,0,0.0
herg_blockade,O=S(=O)(NCCN1CC2CN(CCc3ccccc3)CC(C1)O2)c1ccccc1,21,0,0.0
herg_blockade,O=S(=O)(c1ccccc1)c1ccc(C=Cc2ccccc2)nc1,21,21,1.0
herg_blockade,c1ccc(C2(COCc3ccccn3)CCNCC2)cc1,21,6,0.2857142857142857
herg_blockade,O=C(COc1ncnc2c1cnn2-c1ccccn1)Nc1ccccn1,20,0,0.0
herg_blockade,O=C1N(c2ccc(-c3ccccc3)cc2)C(=O)C2(CCN(Cc3ccccn3)CC2)N1c1ccncn1,20,9,0.45
herg_blockade,c1ccc2c(c1)c(-c1nccs1)cn2CC1CCOCC1,20,20,1.0
herg_blockade,O=C(NCC1CCN(Cc2ccccc2)CC1)c1ccccc1,19,18,0.9473684210526315
herg_blockade,O=S(=O)(NCCN1CC2CN(CCCOc3ccccc3)CC(C1)O2)c1ccccc1,19,1,0.05263157894736842
herg_blockade,O=S(=O)(NCCN1CC2CN(CCOc3ccccc3)CC(C1)O2)c1ccccc1,19,0,0.0
herg_blockade,O=S(=O)(Nc1ccc(C23CNCC2C3)cc1)c1ccccc1,19,16,0.8421052631578947
herg_blockade,c1ccc(-c2nnc(CCCCN3CC4CC4(c4ccccc4)C3)[nH]2)cc1,19,19,1.0
herg_blockade,c1ccc(C2CC23CCN(CCCSc2nnc(-c4cnco4)[nH]2)C3)cc1,19,19,1.0
herg_blockade,c1ccn2ncc(-c3ccnc(Nc4cnn(C5CCNCC5)c4)n3)c2c1,19,5,0.2631578947368421
herg_blockade,C1=C(c2ccccc2)CNC1c1ccccc1,18,11,0.6111111111111112
herg_blockade,O=C(NCC1CCNCC1)c1ccccc1,18,14,0.7777777777777778
herg_blockade,O=C1OCc2cc(CCN3CCN(C(=O)Cc4ccc(-n5cnnn5)nc4)CC3)ccc21,18,5,0.2777777777777778
herg_blockade,c1ccc(-c2c[nH]c(C3Cc4c([nH]c5ccccc45)C(C4CCOCC4)N3)n2)cc1,18,18,1.0
herg_blockade,c1ccc(C23CC2CN(CCCSc2nnc(-c4cccc5ncccc45)[nH]2)C3)cc1,18,18,1.0
herg_blockade,c1ccc(CNCCc2c[nH]c3ccccc23)cc1,18,10,0.5555555555555556
herg_blockade,c1ccc(Cn2ccc3c(OC4CCN(Cc5cscn5)CC4)ncnc32)cc1,18,18,1.0
herg_blockade,c1ccn2c(-c3ccnc(Nc4ccc(N5CCNCC5)cc4)n3)cnc2c1,18,8,0.4444444444444444
herg_blockade,c1cnc2c(OC3CCNCC3)cccc2c1,18,18,1.0
herg_blockade,,17,4,0.23529411764705882
herg_blockade,O=C(CC1CCC(NS(=O)(=O)c2ccccc2)CC1)N1CCCC1,17,5,0.29411764705882354
herg_blockade,O=C(NCC1CCC(c2ccccc2)CC1)c1ccc(-c2nc3ccccc3o2)cc1,17,2,0.11764705882352941
herg_blockade,O=C(NCc1ccccc1)C1c2ccccc2C(=O)N1CCc1ccccn1,17,14,0.8235294117647058
herg_blockade,O=C1NCC(c2ccccc2)N1CCc1ccccc1,17,4,0.23529411764705882
herg_blockade,O=C1OCc2cc(CCN3CCN(C(=O)Cc4ccc(-n5cnnn5)cc4)CC3)ccc21,17,7,0.4117647058823529
herg_blockade,O=C(C1CNCCC1c1cc[nH]c(=O)c1)N(Cc1ccccc1)C1CC1,16,4,0.25
herg_blockade,O=C(CNC(=O)c1ccccc1)NC1CN(C2CCC(c3cccnc3)CC2)C1,16,6,0.375
herg_blockade,O=C(NC1CCN(Cc2ccc3c(c2)OCO3)CC1)C1=CC(=O)c2ccccc2C1,16,11,0.6875
herg_blockade,O=C(Nc1ccc(-c2nnc(NCCCN3CCCCC3)o2)cc1)c1ccccc1,16,10,0.625
herg_blockade,O=C(c1ccccc1)N(CC1CCC1)C1CCNC1,16,2,0.125
herg_blockade,O=C1Nc2ccccc2CCC1n1cc(-c2ccc(-n3ccnc3)cc2)nn1,16,15,0.9375
herg_blockade,O=S(=O)(c1ccccc1)N1Cc2ccccc2C1,16,0,0.0
herg_blockade,O=c1c2ccccc2ncn1-c1ccc(OC2CCN(C3CCC3)CC2)cc1,16,3,0.1875
herg_blockade,O=c1c2ccccc2ncn1-c1ccc(OCCCN2CCCC2)cc1,16,15,0.9375
herg_blockade,c1ccc(CNc2cccc3ncc(N4CCNCC4)cc23)cc1,16,11,0.6875
herg_blockade,c1ccc(Nc2c(-c3ccccc3)nc3n2CCNC3)cc1,16,7,0.4375
herg_blockade,O=C(N1CCc2ncccc2C1)C12CNCC1CC(NC1CCOCC1)C2,15,0,0.0
herg_blockade,O=C(OC1CC2CCC(C1)N2)c1ccccc1,15,11,0.7333333333333333
herg_blockade,O=C1COc2ccc(CNC3CCN(CCN4C(=O)COc5ccccc54)CC3)nc2N1,15,4,0.26666666666666666
herg_blockade,O=S(=O)(c1ccccc1)C1CCN(CCc2ccccc2)CC1,15,15,1.0
herg_blockade,c1ccc(-c2cc3c(nc2-c2ccccc2)OCCC3)cc1,15,13,0.8666666666666667
herg_blockade,c1ccc(C(c2ccccc2)c2ccccc2)cc1,15,6,0.4
herg_blockade,c1ccc(C2CCN(CC3CCc4cccnc4CC3)CC2)cc1,15,6,0.4
herg_blockade,c1ccc(Nc2nccc(-c3cnc[nH]3)n2)cc1,15,3,0.2
herg_blockade,O=C(C1CCC(NC2CCOCC2)C1)N1CCN(c2ccccn2)CC1,14,12,0.8571428571428571
herg_blockade,O=C(CCc1ccccc1)NC1CCC(c2ccccc2)CC1,14,0,0.0
herg_blockade,O=C(COc1ncnc2c1cnn2-c1ccccc1)Nc1ccccn1,14,0,0.0
herg_blockade,O=C(NCCCN1CCC(Oc2ccccc2)CC1)c1c[nH]c(=O)c2ccccc12,14,10,0.7142857142857143
herg_blockade,O=C(Nc1ccccc1C(=O)Nc1ccccn1)c1ccccc1,14,11,0.7857142857142857
herg_blockade,O=C1CCc2cc(CCN3CCC(c4ccccc4)CC3)ccc2N1,14,10,0.7142857142857143
herg_blockade,O=C1N(CCNCC23CCC(CC2)C3)CCN1c1ccccc1,14,14,1.0
herg_blockade,O=C1NC(=O)C(=Cc2ccccc2N2CCCCC2)S1,14,0,0.0
herg_blockade,O=C1c2ccc(-c3ccccc3)cc2CCN1CCN1CCCC1,14,8,0.5714285714285714
herg_blockade,O=S(=O)(NCCN1CC2CN(Cc3ccccc3)CC(C1)O2)c1ccccc1,14,0,0.0
herg_blockade,O=c1[nH]c(C=Cc2ccc(-n3ccnc3)cc2)nc2ccccc12,14,4,0.2857142857142857
herg_blockade,O=c1ccc2nccc3c2n1CC3CC12CCC(NCc3ccc4c(c3)OCCO4)(CC1)CO2,14,0,0.0
herg_blockade,c1ccc(-c2ccc(CCN3CCCC3)cc2)cc1,14,12,0.8571428571428571
herg_blockade,c1ccc(-c2ccncn2)cc1,14,9,0.6428571428571429
herg_blockade,C1=C(Cc2cnccn2)c2ccccc2C1,13,13,1.0
herg_blockade,O=C(C1CC(Oc2ccccc2)CN1)N1CCCN(C2CCC2)CC1,13,4,0.3076923076923077
herg_blockade,O=C(C1CNCCC12OCc1ccccc12)N(Cc1ccccc1)C1CC1,13,5,0.38461538461538464
herg_blockade,O=C(NC1CCN(CC2CCNCC2)CC1)c1ccccc1,13,5,0.38461538461538464
herg_blockade,O=C(NCc1ccccc1)C1CCC(N2CCC(c3ccccc3)CC2)C1,13,11,0.8461538461538461
herg_blockade,O=C(OCc1ccccc1)N1CCC(CNc2ncccn2)CC1,13,5,0.38461538461538464
herg_blockade,O=C1COc2ccc(CNC34CCC(CCc5ccnc6ccc(OCC7CC7)nc56)(CC3)OC4)nc2N1,13,9,0.6923076923076923
herg_blockade,O=S1(=O)CC(c2ccc(OCCCN3CCCC3)cc2)Oc2ccccc21,13,13,1.0
herg_blockade,O=c1ccc2ccccc2n1CCN1CCC(NCc2cc3c(cn2)OCCO3)CC1,13,0,0.0
herg_blockade,c1ccc(-c2c[nH]cn2)cc1,13,3,0.23076923076923078
herg_blockade,c1ccc(Nc2cnnc3ccc(N4CCNCC4)cc23)cc1,13,1,0.07692307692307693
herg_blockade,c1ccc(Oc2ccc(Cc3nc4ccccc4[nH]3)cc2)cc1,13,13,1.0
herg_blockade,C1=CCC(c2ccccc2)CNC1,12,2,0.16666666666666666
herg_blockade,C1=NC(c2ccncc2)(c2cccc(-c3cncnc3)c2)c2ccccc21,12,7,0.5833333333333334
herg_blockade,C1=NC2(CO1)c1cc(-c3cccnc3)ccc1OCC21CC1,12,11,0.9166666666666666
herg_blockade,O=C(C1CCC(NCc2ccccc2)CC1)N1CCC(C(=O)N2CCCC2)(c2ccccc2)CC1,12,4,0.3333333333333333
herg_blockade,O=C(CNc1n[nH]c2ccccc12)NC1CN(C2CCC(c3cccnc3)CC2)C1,12,2,0.16666666666666666
herg_blockade,O=C(NCC1CN(c2ccc(-c3ccccc3)cn2)C(=O)O1)c1ccc(-c2nc3ccccc3o2)cc1,12,2,0.16666666666666666
herg_blockade,O=C(c1c[nH]cn1)N(Cc1ccccc1)C1CC2CNCC2C1,12,10,0.8333333333333334
herg_blockade,O=C(c1ccccc1)N1CCN(c2ccc(OCCCN3CCCC3)cc2)C(=O)C1,12,4,0.3333333333333333
herg_blockade,O=C(c1ccccc1)c1coc2ccccc12,12,8,0.6666666666666666
herg_blockade,O=C(c1cccnc1)N1CCC(NCc2cncn2Cc2ccccc2)C1=O,12,5,0.4166666666666667
herg_blockade,O=C1C(NCc2cncn2Cc2ccccc2)CCN1Cc1ccccc1,12,12,1.0
herg_blockade,O=C1N(CCN2Cc3ccccc3C2)CCN1c1ccccc1,12,11,0.9166666666666666
herg_blockade,O=C1NCCCCC1n1cc(-c2ccc(-n3ccnc3)cc2)nn1,12,4,0.3333333333333333
herg_blockade,O=C1OCC2C(C=Cc3ccc(-c4ccccc4)cn3)CCCC12,12,0,0.0
herg_blockade,O=c1[nH]nc(C2(c3cn[nH]c3)NC(c3nc(-c4ccccn4)c[nH]3)Cc3c2[nH]c2ccccc32)o1,12,3,0.25
herg_blockade,c1ccc(-c2cc(C3CNCCC3c3ccccc3)no2)cc1,12,2,0.16666666666666666
herg_blockade,c1ccc(-c2csc3cc(Cn4ccnn4)ccc23)cc1,12,4,0.3333333333333333
herg_blockade,c1ccc(-c2ncccc2CC(c2cccnc2)c2cccnc2)cc1,12,0,0.0
herg_blockade,c1ccc(-c2nnc(SCCCN3CCc4ccc(-c5ccon5)cc4CC3)[nH]2)cc1,12,12,1.0
herg_blockade,c1ccc(-n2ccc3ccccc32)cc1,12,3,0.25
herg_blockade,c1ccc(-n2nc(CNC3CCCC3)cc2-c2cccnc2)nc1,12,3,0.25
herg_blockade,c1ccc(C23CCCCC2CNC3)cc1,12,12,1.0
herg_blockade,c1ccc(C2CC(N3CCC(CCCc4ccnc5ccccc45)CC3)C2)cc1,12,2,0.16666666666666666
herg_blockade,c1ccc(C2CC23CCN(CCCSc2nnc(-c4cccnc4)[nH]2)C3)cc1,12,11,0.9166666666666666
herg_blockade,c1ccc(CN2CCN(CCCOc3ccccc3)CC2)cc1,12,10,0.8333333333333334
herg_blockade,c1ccc(COc2ccccc2)cc1,12,8,0.6666666666666666
herg_blockade,c1ccc(Nc2cnnc(NC3CCCCC3)c2)nc1,12,9,0.75
herg_blockade,c1nc2ccc(N3CCNCC3)cc2[nH]1,12,4,0.3333333333333333
herg_blockade,C(=C(c1ccccc1)c1ccccc1)c1ccccc1,11,9,0.8181818181818182
herg_blockade,C1=NC2(CO1)c1cc(-c3cccnc3)ccc1OC1(CCC1)C21COC1,11,2,0.18181818181818182
herg_blockade,C1=NC2(CO1)c1cc(-c3cccnc3)ccc1OCC21COC1,11,5,0.45454545454545453
herg_blockade,O=C(NC1CCC(CC(=O)N2CCCC2)CC1)OCc1ccccc1,11,0,0.0
herg_blockade,O=C(NC1CCN(C2CCCCC2)C1=O)c1ccccc1,11,0,0.0
herg_blockade,O=C(NC1CCN(Cc2ccccc2)CC1)c1cc(=O)c2ccccc2o1,11,8,0.7272727272727273
herg_blockade,O=C(NCCCN1CCC(NCc2ccsc2)CC1)c1cccnc1,11,4,0.36363636363636365
herg_blockade,O=C(NCCc1ccccc1-c1cncnc1)c1cccnc1,11,5,0.45454545454545453
herg_blockade,O=C(c1ccccc1)C1CCN(CCc2ccccc2)CC1,11,11,1.0
herg_blockade,O=C1CN(CCc2ccccc2)CCN1C1CCc2ccccc2C1,11,8,0.7272727272727273
herg_blockade,O=C1N(CCN2CCCCC2)CCN1c1ccccc1,11,8,0.7272727272727273
herg_blockade,O=C1OC2(CCC(c3nc4ccccc4[nH]3)CC2)CN1c1ccccc1,11,10,0.9090909090909091
herg_blockade,O=c1ccc2c(CCN3CCN(c4cccc5ncccc45)CC3)cccc2[nH]1,11,9,0.8181818181818182
herg_blockade,c1ccc(-c2cc3c(NC4CCCC4)ccnn3c2)cc1,11,8,0.7272727272727273
herg_blockade,c1ccc(-c2cc3c(NC4CCCNC4)nccc3s2)cc1,11,5,0.45454545454545453
herg_blockade,c1ccc(-c2cccc3nc(-c4cccnc4)nc(NCc4ccccn4)c23)cc1,11,7,0.6363636363636364
herg_blockade,c1ccc(C2(COCc3cccc(C4CC4)n3)CCNCC2)cc1,11,7,0.6363636363636364
herg_blockade,c1ccc(CCCN2C3CCC2CC(n2cnc4c2CCNC4)C3)cc1,11,9,0.8181818181818182
herg_blockade,c1ccc(CCN2CCN(CCc3ccccc3)CC2)cc1,11,11,1.0
herg_blockade,c1ccc(CN(C2CCOCC2)C2CCNC2)cc1,11,10,0.9090909090909091
herg_blockade,c1ccc(Cc2csc3ccccc23)nc1,11,11,1.0
herg_blockade,c1ccc(Cn2ccc3c(OC4CCN(Cc5ccccn5)CC4)ncnc32)cc1,11,11,1.0
herg_blockade,c1ccc(OC2CCN(CC3CCN(c4ccccc4)CC3)CC2)cc1,11,1,0.09090909090909091
herg_blockade,c1cnc2c(N3CCN(CCc4ccc(OCCCN5CCCCCC5)cc4)CC3)cccc2c1,11,2,0.18181818181818182
herg_blockade,C1=NC2(CO1)c1ccccc1Oc1ccc(-c3cncnc3)cc12,10,6,0.6
herg_blockade,C1=NN2c3ccccc3OCC2C1c1ccccc1,10,8,0.8
herg_blockade,O=C(C1CNCCC1c1ccccc1)N(Cc1c[nH]c2ccccc12)C1CC1,10,10,1.0
herg_blockade,O=C(CNC(=O)c1ccccc1)NC1CCN(C2CCC(c3ccccc3)CC2)C1,10,4,0.4
herg_blockade,O=C(CNc1n[nH]c2ccccc12)NC1CN(C2CCC(c3ccc4c(c3)OCO4)CC2)C1,10,8,0.8
herg_blockade,O=C(CNc1ncnc2ccccc12)NC1CN(C2CCC(c3cncs3)CC2)C1,10,0,0.0
herg_blockade,O=C(Cc1ccccc1)NC1CCN(CCC(c2ccccc2)C2CCNCC2)CC1,10,5,0.5
herg_blockade,O=C(NC1CCC(CC(=O)N2CCCC2)CC1)c1ccccc1,10,1,0.1
herg_blockade,O=C(NC1CCN(Cc2ccc3c(c2)OCO3)CC1)c1cc(=O)c2ccccc2o1,10,10,1.0
herg_blockade,O=C(NC1CCNCC1)N1CC(c2ccccc2)=CC1c1ccccc1,10,4,0.4
herg_blockade,O=C(NCC1CCN(C(=O)CCCCC(c2ccccc2)c2ccccc2)C1)c1ccccc1,10,10,1.0
herg_blockade,O=C(NCc1ccccc1)C1CCCN1C(=O)CCCc1ccccc1,10,2,0.2
herg_blockade,O=C(Nc1ccccc1)N1CCN(CC2CCCN(C3CC3)C2)CC1,10,6,0.6
herg_blockade,O=C(Nc1ccccn1)C(CN1CCC1)Oc1ncnc2c1cnn2-c1ccccc1,10,2,0.2
herg_blockade,O=C(Nc1ccccn1)c1ccccc1NC(=O)c1ccccc1N1CCCCC1,10,8,0.8
herg_blockade,O=C1Nc2ccccc2C12NCCc1c2[nH]c2ccccc12,10,0,0.0
herg_blockade,O=C1OC2(CCC(c3nc4ccccc4[nH]3)CC2)CN1c1ccccn1,10,8,0.8
herg_blockade,O=S(=O)(NCCCN1CC2CN(CCOc3ccccc3)CC(C1)O2)c1ccccc1,10,0,0.0
herg_blockade,O=c1[nH]cc(-c2ccccc2)c2ccccc12,10,2,0.2
herg_blockade,O=c1cc(-c2ccccc2)oc2ccccc12,10,0,0.0
herg_blockade,O=c1cnc2ccccc2n1CCN1CCC(NCc2cc3c(cn2)OCCO3)CC1,10,0,0.0
herg_blockade,c1cc(N2CCOCC2)cc(CCc2ncco2)n1,10,10,1.0
herg_blockade,c1ccc(-c2[nH]c3ccccc3c2C2CCC[N+]C2)cc1,10,10,1.0
herg_blockade,c1ccc(-c2c[nH]c(C3Cc4c([nH]c5ccccc45)C(C4CCNCC4)N3)n2)cc1,10,10,1.0
herg_blockade,c1ccc(-c2ccc(C3CCNC3)cc2)cc1,10,6,0.6
herg_blockade,c1ccc(-c2cnc3ccc(NC4CCCCC4)nn23)cc1,10,0,0.0
herg_blockade,c1ccc(C2(CCN3C4CCC3CC(n3cnc5ccccc53)C4)CCNCC2)cc1,10,6,0.6
herg_blockade,c1ccc(CCN(CCCOc2ccccc2)Cc2ccccc2)cc1,10,10,1.0
herg_blockade,c1ccc(COc2cnc(N3CCN(c4nnco4)CC3)nc2)cc1,10,4,0.4
herg_blockade,c1ccc(N2CCC3CN(CCCSc4nnc(-c5cnco5)[nH]4)CC32)cc1,10,10,1.0
herg_blockade,C(#Cc1cccc(C#Cc2ccc(-c3ccccc3)cc2)[nH+]1)c1ccc(-c2ccccc2)cc1,9,9,1.0
herg_blockade,O=C(NC1COc2cccc(-c3cncnc3)c2C1)c1cccnc1,9,4,0.4444444444444444
herg_blockade,O=C(Nc1ccc(C2CCNCC2)cc1C1=CCCCC1)c1ncc[nH]1,9,1,0.1111111111111111
herg_blockade,O=C(Nc1ccc2c(c1)C1(COC=N1)C1(CC1)CO2)c1ccccn1,9,4,0.4444444444444444
herg_blockade,O=C(Nc1ccccc1)C(C1CCCCC1)n1c(-c2ccccc2)nc2ccccc21,9,4,0.4444444444444444
herg_blockade,O=C(c1ccc(-c2ccc3c(c2)CCN(CCN2CCCC2)C3=O)cc1)N1CCCC1,9,5,0.5555555555555556
herg_blockade,O=C(c1nnc(-c2ccccc2)o1)N1CCC(Oc2ccc(CN3CCCC3)cc2)CC1,9,4,0.4444444444444444
herg_blockade,O=C1COc2c(CCN3CCN(c4cccc5ncccc45)CC3)cccc2N1,9,8,0.8888888888888888
herg_blockade,O=C1COc2ccc(CNC3CCN(CCn4c(=O)ccc5ccccc54)CC3)nc2N1,9,0,0.0
herg_blockade,O=C1COc2ccc(CNC3CCN(CCn4c(=O)cnc5ccccc54)CC3)nc2N1,9,0,0.0
herg_blockade,O=C1NCCN1CCN1CCC(c2cn(-c3ccccc3)c3ccccc23)CC1,9,4,0.4444444444444444
herg_blockade,O=c1[nH]c(-c2ccc(OC3CCN(C4CCC4)CC3)cc2)nc2ccccc12,9,7,0.7777777777777778
herg_blockade,c1cc(CCN2CCN(c3cccc4ncccc34)CC2)c2c(c1)-n1cncc1CO2,9,8,0.8888888888888888
herg_blockade,c1cc2nc(SC3CCCCC3)[nH]c2cc1N1CCNCC1,9,2,0.2222222222222222
herg_blockade,c1ccc(-c2c[nH]c(C3Cc4c([nH]c5ccccc45)C(c4cn[nH]c4)(c4ccccn4)N3)n2)cc1,9,7,0.7777777777777778
herg_blockade,c1ccc(-c2c[nH]c(C3Cc4c([nH]c5ccccc45)C(c4cn[nH]c4)(c4ncon4)N3)n2)nc1,9,9,1.0
herg_blockade,c1ccc(-c2c[nH]c(C3Cc4c([nH]c5ccccc45)C(c4cn[nH]c4)(c4nnco4)N3)n2)nc1,9,6,0.6666666666666666
herg_blockade,c1ccc(-c2ccccc2CC(c2cccnc2)c2cccnc2)cc1,9,4,0.4444444444444444
herg_blockade,c1ccc(C2(c3ccccc3)CNC(c3ccccn3)=N2)cc1,9,9,1.0
herg_blockade,c1ccc(CCCCNCCc2ccccc2)cc1,9,9,1.0
herg_blockade,c1ccc(Cn2cc(-c3ccc(-n4ccnc4)cc3)nn2)cc1,9,9,1.0
herg_blockade,c1ccc(Cn2ccc3ncnc(NCc4ccon4)c32)nc1,9,9,1.0
herg_blockade,c1ccc(OCCCNCCc2ccc3ccccc3c2)cc1,9,7,0.7777777777777778
herg_blockade,c1ccc2c(-c3cnc4[nH]ccc4n3)n[nH]c2c1,9,7,0.7777777777777778
herg_blockade,c1ccc2c3c([nH]c2c1)CCC(C1CCOCC1)C3,9,0,0.0
herg_blockade,c1cncc(Cc2csc3ccccc23)c1,9,9,1.0
herg_blockade,C(=C1c2ccccc2-c2ccccc21)c1ccccc1,8,8,1.0
herg_blockade,C(=Cc1ccccc1)CNCc1ccc2c(c1)OCCC2,8,8,1.0
herg_blockade,C1=NC2(CO1)c1ccccc1Oc1ccc(-c3cccnc3)cc12,8,4,0.5
herg_blockade,C1=NC2(c3ccccc3)COC(c3ncco3)CC2CS1,8,4,0.5
herg_blockade,N=C(Nc1ccc2c(c1)CCCN2)c1cccs1,8,2,0.25
herg_blockade,N=C(c1ccc(C(=O)Nc2ccccc2C(=O)Nc2ccccn2)cc1)N1CCCCC1,8,5,0.625
herg_blockade,O=C(C1CC1c1ccccc1)N1CCN(S(=O)(=O)c2ccccc2)CC1,8,8,1.0
herg_blockade,O=C(C1CCCNC1)N(c1ccccn1)C1CC1,8,2,0.25
herg_blockade,O=C(CNC(=O)c1ccccc1)NC1CCN(C2CCC(c3cccnc3)CC2)C1,8,3,0.375
herg_blockade,O=C(CNC(=O)c1ccccc1)NC1CCN(CCN2CCN(C(=O)c3ccccc3)CC2)C1,8,0,0.0
herg_blockade,O=C(CNc1ncnc2ccccc12)NC1CN(C2CCC(c3ccccc3)CC2)C1,8,6,0.75
herg_blockade,O=C(CNc1ncnc2ccccc12)NC1CN(C2CCC(c3ccccn3)CC2)C1,8,4,0.5
herg_blockade,O=C(Cc1ccc(-n2cnnn2)cc1)NC1CCN(Cc2ccccc2)CC1,8,8,1.0
herg_blockade,O=C(Cc1ccccc1)NC1CCN(Cc2ccccc2)CC1,8,8,1.0
herg_blockade,O=C(NC1CC1)C1CCCCC1C(=O)N1CCN(c2nccs2)CC1,8,1,0.125
herg_blockade,O=C(NC1CCCCC1)C(C1CCCCC1)n1c(-c2ccccc2)nc2ccccc21,8,8,1.0
herg_blockade,O=C(NC1CCN(Cc2ccccc2)CC1)C1=CC(=O)c2ccccc2C1,8,2,0.25
herg_blockade,O=C(NC1CCc2ccc(CCN3CCN(c4nsc5ccccc45)CC3)cc21)c1ccccc1,8,8,1.0
herg_blockade,O=C(NCc1cccc(OCc2coc(-c3ccccc3)n2)c1)Oc1ccccc1,8,2,0.25
herg_blockade,O=C(NS(=O)(=O)c1ccccc1)N1CCC(N2CCC(Oc3ccccc3)CC2)CC1,8,2,0.25
herg_blockade,O=C(Nc1ccc(-n2ccccc2=O)cc1)C1CNCC1C(=O)Nc1ccccn1,8,0,0.0
herg_blockade,O=C(Nc1ccc2c(c1)C1(COC=N1)C1(COC1)CO2)c1ccccn1,8,0,0.0
herg_blockade,O=C(Nc1ccccc1)NS(=O)(=O)c1ccc(OCCCN2CCCCC2)cc1,8,0,0.0
herg_blockade,O=C(Nc1ccccc1)c1ccc(-c2ccc(CN3CCNCC3)cn2)cc1,8,2,0.25
herg_blockade,O=C(Nc1ccccc1)c1ccc(-c2ccc(CNN3CCNCC3)cn2)cc1,8,2,0.25
herg_blockade,O=C(Nc1ccccn1)C1CC1(COc1cncnc1)c1ccccc1,8,6,0.75
herg_blockade,O=C(c1c[nH]cn1)N(Cc1ccccc1)CC1C2CNCC21,8,6,0.75
herg_blockade,O=C(c1ccccc1)N1CCN(c2ccc(OC3CCN(C4CCC4)CC3)cc2)C(=O)C1,8,1,0.125
herg_blockade,O=C(c1ccccc1-n1nccn1)N1CC2CN(c3ncccn3)CC2C1,8,3,0.375
herg_blockade,O=C(c1cccnc1)N1CCC([N+]Cc2cncn2Cc2ccccc2)C1=O,8,2,0.25
herg_blockade,O=C(c1nc2ccc(N3CCNCC3)cc2[nH]1)C1CCCCC1,8,5,0.625
herg_blockade,O=C1N(CCN2Cc3ccccc3C2)CCN1Cc1ccccc1,8,7,0.875
herg_blockade,O=C1NCc2c(-c3ccccc3)ccnc21,8,0,0.0
herg_blockade,O=C1NCc2c(-c3ccccc3)ncnc2N1c1ccccc1,8,8,1.0
herg_blockade,O=c1c2nn(-c3ccccc3)cc2nc(-c2ccccc2)n1CC1CCCNC1,8,3,0.375
herg_blockade,O=c1cc(C2CCNCC2c2ccc(-c3ccccc3)cc2)cc[nH]1,8,6,0.75
herg_blockade,O=c1cc(NC2CCN(Cc3ccc4c(c3)OCO4)CC2)c2ccccc2[nH]1,8,8,1.0
herg_blockade,O=c1cc(OCc2ccccc2)ccn1-c1ccc(OCCN2CCCC2)cc1,8,8,1.0
herg_blockade,O=c1ccc(OCCCN2CCCCC2)nn1-c1ccccc1,8,8,1.0
herg_blockade,O=c1ccc2nccc3c2n1CC3CC12CCC(NCc3cc4c(cn3)OCCO4)(CC1)CO2,8,0,0.0
herg_blockade,O=c1ccn2c3c(c(N4CCCC4)ccc13)OCC2,8,0,0.0
herg_blockade,c1cc(-c2cnc[nH]2)nc(Nc2ccc(N3CCNCC3)cc2)n1,8,2,0.25
herg_blockade,c1cc[nH+]cc1,8,8,1.0
herg_blockade,c1ccc(-c2ccc(C3CNCCC3c3ccccc3)cc2)cc1,8,8,1.0
herg_blockade,c1ccc(-c2nc(CNC3CCCC3)cn2-c2cccnc2)nc1,8,1,0.125
herg_blockade,c1ccc(-c2nc(COc3ccc4c(c3)C(N3CCN(C5CCCC5)CC3)CC4)no2)cc1,8,8,1.0
herg_blockade,c1ccc(C2CC3CCC(C2)N3CCCSc2nnc(-c3cnco3)[nH]2)cc1,8,8,1.0
herg_blockade,c1ccc(C2CCCc3ccccc32)cc1,8,8,1.0
herg_blockade,c1ccc(C2CCn3c(nc4ccccc43)C2)cc1,8,4,0.5
herg_blockade,c1ccc(CCc2ccccc2)cc1,8,6,0.75
herg_blockade,c1ccc(Cn2cc(NCCN3CCCCC3)nn2)cc1,8,2,0.25
herg_blockade,c1ccc(Nc2ncnc3cc(-c4ccccn4)ccc23)cc1,8,8,1.0
herg_blockade,c1ccc(OCCCN2CC3CNCC(C2)O3)cc1,8,2,0.25
herg_blockade,c1ccc2c(N3CCCCC3)ncnc2c1,8,5,0.625
herg_blockade,c1ccc2c(c1)CNC2,8,0,0.0
herg_blockade,c1ccc2c(c1)Nc1ccccc1S2,8,7,0.875
herg_blockade,c1cnc2c(CCN3CCC(NCc4cc5c(cn4)OCCO5)CC3)ccnc2c1,8,6,0.75
herg_blockade,c1cnc2c(c1)C1(CCN(CC3CCNCC3)CC1)CN2,8,6,0.75
herg_blockade,c1cncc(-c2cc3c(NC4CCCC4)ccnn3c2)c1,8,4,0.5
herg_blockade,c1cncc(-c2cnc3nc(N4CCC(N5CCCCC5)CC4)sc3c2)c1,8,5,0.625
herg_blockade,C(=Cc1ccc([SH+]c2ccccc2)cn1)c1ccccc1,7,7,1.0
herg_blockade,C1=CC(C(c2ccccc2)c2cc[nH+]cc2)=CNC1,7,0,0.0
herg_blockade,C1=NC(c2ccccc2)(c2cccc(-c3cncnc3)c2)N=C1,7,0,0.0
herg_blockade,C1=NC2(CO1)c1cc(-c3cncnc3)ccc1OCC21COC1,7,0,0.0
herg_blockade,C1=NN2c3ccccc3OCC2C1(CCCN1CCOCC1)c1ccccc1,7,7,1.0
herg_blockade,O=C(C1CCN(c2ccccn2)CC1)N1CCC(NC2CCC(c3ccc(-c4ncccn4)cn3)CC2)C1,7,0,0.0
herg_blockade,O=C(C1CNCCC1c1ccccc1)N(Cc1ccccc1)C1CC1,7,7,1.0
herg_blockade,O=C(C1CNCCC1c1ccccc1)N(Cc1cn(Cc2ccccc2)c2ccccc12)C1CC1,7,7,1.0
herg_blockade,O=C(CCc1ccc(-c2ccc(=O)[nH]c2)cc1)N1CCCC1,7,1,0.14285714285714285
herg_blockade,O=C(CCc1ccc(-c2ccccc2)cc1)N1CCCC1,7,4,0.5714285714285714
herg_blockade,O=C(CCc1ccccc1)c1ccccc1,7,5,0.7142857142857143
herg_blockade,O=C(CNC(=O)c1ccccc1)NC1CCN(CCC2CCN(C(=O)c3ccccc3)CC2)C1,7,0,0.0
herg_blockade,O=C(CNc1n[nH]c2ccccc12)NC1CN(C2CCC(c3cncs3)CC2)C1,7,0,0.0
herg_blockade,O=C(NC(CCN1CCC(n2cnnc2)CC1)c1ccccc1)C1CCC1,7,6,0.8571428571428571
herg_blockade,O=C(NC1COc2cccc(-c3cccnc3)c2C1)c1cccnc1,7,0,0.0
herg_blockade,O=C(NCCc1ccccc1-c1cnccn1)c1cccnc1,7,1,0.14285714285714285
herg_blockade,O=C(NNc1ccccc1)c1c(CN2CCNCC2)c(-c2ccccc2)nc2ccccc12,7,7,1.0
herg_blockade,O=C(Nc1cc[nH]n1)c1cccc(Oc2ccc(C(=O)N3CCC3)cc2)c1,7,0,0.0
herg_blockade,O=C(Nc1cccc(NC(=O)c2ccccc2)c1)c1ccccc1,7,0,0.0
herg_blockade,O=C(Nc1ccccc1)C1CCCCN1,7,0,0.0
herg_blockade,O=C(c1ccccc1)N1CCN(c2ccc(OC3CCN(C4CCCC4)CC3)cc2)C(=O)C1,7,2,0.2857142857142857
herg_blockade,O=C(c1ccccc1)N1CCN(c2ccc(OCCCN3CCCCC3)cc2)C(=O)C1,7,0,0.0
herg_blockade,O=C1CCc2c(Oc3ccc4c(c3)CC(NC(=O)c3ccccc3)CC4)ccnc2N1,7,4,0.5714285714285714
herg_blockade,O=C1N(CCN2CCNCC2)CCN1c1ccccc1,7,3,0.42857142857142855
herg_blockade,O=C1N=CSC1=Cc1ccccc1N1CCCCC1,7,0,0.0
herg_blockade,O=C1NCC(c2ccccc2)C12CCN(C1CCCCC1c1ccccc1)CC2,7,6,0.8571428571428571
herg_blockade,O=C1Nc2ncccc2C2(CCN(C(=O)NC3CCC(c4ccccc4)Cn4ccnc43)CC2)O1,7,6,0.8571428571428571
herg_blockade,O=C1OCc2cc(CCN3CCC4(CC3)CCN(c3ccc(=O)[nH]n3)C4=O)ccc21,7,3,0.42857142857142855
herg_blockade,O=C1OCc2cc(CCN3CCC4(CC3)CCN(c3cccnc3)C4)ccc21,7,5,0.7142857142857143
herg_blockade,O=c1[nH]c2cc(-c3cccnc3)ncc2nc1N1CCNCC1,7,7,1.0
herg_blockade,O=c1c2ccccc2c(Cc2ccccc2)nn1CC1CCCN1,7,7,1.0
herg_blockade,O=c1c2nn(-c3ccccc3)cc2nc(-c2cccnc2)n1CC1CCCN(CC2CCCO2)C1,7,4,0.5714285714285714
herg_blockade,O=c1ccn(C2CC2)c2cc(N3CCNCC3)ccc12,7,0,0.0
herg_blockade,c1cc(-c2ccc3cc(CCN4CCCC4)ccc3n2)on1,7,5,0.7142857142857143
herg_blockade,c1cc(-c2nnc(SCCN3CCc4cc5ncoc5cc4CC3)[nH]2)c2cccnc2c1,7,5,0.7142857142857143
herg_blockade,c1cc(CN2CCNCC2)cc(Nc2nccs2)n1,7,5,0.7142857142857143
herg_blockade,c1ccc(-c2cc(C3CNCCC3c3ccccc3)on2)cc1,7,6,0.8571428571428571
herg_blockade,c1ccc(-c2cc(N=c3scnn3-c3ccccc3)nc(-c3ccccc3)c2)cc1,7,2,0.2857142857142857
herg_blockade,c1ccc(C2(c3cccnc3)CNC(c3ccccn3)=N2)cc1,7,4,0.5714285714285714
herg_blockade,c1ccc(C23CCC(CCC2NCc2ccccc2OC2CC2)N3)cc1,7,7,1.0
herg_blockade,c1ccc(CCCCN2CCC(C(c3ccccc3)c3ccccc3)CC2)cc1,7,4,0.5714285714285714
herg_blockade,c1ccc(CCN2CCC(Cc3ccccc3)CC2)cc1,7,7,1.0
herg_blockade,c1ccc(CN2CCC(=C(c3ccccc3)c3ccccc3)CC2)cc1,7,6,0.8571428571428571
herg_blockade,c1ccc(CN2CCc3cc4ncsc4cc3CC2)cc1,7,5,0.7142857142857143
herg_blockade,c1ccc(COc2cnc(N3CCN(c4ncno4)CC3)nc2)cc1,7,2,0.2857142857142857
herg_blockade,c1ccc(Cc2ccccn2)cc1,7,2,0.2857142857142857
herg_blockade,c1ccc(Cn2c(C3CCCNC3)nc3ccccc32)cc1,7,6,0.8571428571428571
herg_blockade,c1ccc(N2CCN(Cc3nc4c5ccccc5ncn4n3)CC2)cc1,7,1,0.14285714285714285
herg_blockade,c1ccc(OC2CC3CCC(C2)N3Cc2cccs2)cc1,7,7,1.0
herg_blockade,c1ccc(Oc2ccc(Nc3ncccn3)cc2)cc1,7,7,1.0
herg_blockade,c1ccc2c(c1)Sc1ccccc1N2CCC1CCCCN1,7,7,1.0
herg_blockade,c1ccn2c(-c3ccnc(Nc4cnn(C5CCNCC5)c4)n3)cnc2c1,7,3,0.42857142857142855
herg_blockade,c1cnc2ccn(Cc3ccncn3)c2c1,7,0,0.0
herg_blockade,c1cncc(-c2cc3sc(N4CCC(N5CCCCC5)CC4)nc3cn2)c1,7,6,0.8571428571428571
herg_blockade,C(#Cc1cccc(C#Cc2ccccc2)[nH+]1)c1ccccc1,6,6,1.0
herg_blockade,C1=C(C(c2ccccc2)c2cc[nH+]cc2)SCN1,6,0,0.0
herg_blockade,C1=NC2(c3ccccc3)COC(c3ccno3)CC2CS1,6,4,0.6666666666666666
herg_blockade,C1=NC2(c3ccccc3)COC(c3cn[nH]c3)CC2CS1,6,4,0.6666666666666666
herg_blockade,N=C(c1ccccc1)N1CCCc2cc(C3=NNC(=O)SC3)ccc21,6,6,1.0
herg_blockade,O=C(CC1CC1)N1CC(c2ccccc2)=CC1c1ccccc1,6,3,0.5
herg_blockade,O=C(CCC1CCCCC1)N1CCCC1,6,0,0.0
herg_blockade,O=C(CNC(=O)c1ccccc1)NC1CN(C2CCC(c3ccccn3)CC2)C1,6,0,0.0
herg_blockade,O=C(CNc1ccnc2ccccc12)NC1CN(C2CCC(c3cncs3)CC2)C1,6,0,0.0
herg_blockade,O=C(CNc1n[nH]c2ccccc12)NC1CN(C2CCC(c3ccccc3)CC2)C1,6,4,0.6666666666666666
herg_blockade,O=C(Cc1ccc(OCCC2CC2C2CCN(c3ncccn3)CC2)cc1)N1CCC1,6,5,0.8333333333333334
herg_blockade,O=C(Cc1ccccc1)NC1N=C(c2ccccc2)c2ccccc2NC1=O,6,6,1.0
herg_blockade,O=C(N1CCc2ccccc2C1)C12CCCC1CC(NC1CCOCC1)C2,6,1,0.16666666666666666
herg_blockade,O=C(NC1CCNC1)c1ccccc1Oc1ccccc1,6,6,1.0
herg_blockade,O=C(NC1CCOc2nc(-c3ccccc3)c(-c3ccccc3)cc21)c1cc[nH]n1,6,6,1.0
herg_blockade,O=C(NC1CCOc2nc(-c3ccccc3)c(-c3ccccc3)cc21)c1cn[nH]c1,6,6,1.0
herg_blockade,O=C(NC1COc2cccc(-c3cnccn3)c2C1)c1cccnc1,6,0,0.0
herg_blockade,O=C(NCC1CN(CCc2ccccc2)CC1c1ccccc1)c1ccccc1,6,6,1.0
herg_blockade,O=C(Nc1cccc(-c2cccs2)c1)c1ccc(N2CCC3(CCNC3)CC2)nc1,6,6,1.0
herg_blockade,O=C(Nc1ccccc1)C1CCc2ccccc2C1,6,5,0.8333333333333334
herg_blockade,O=C(Nc1ccccc1)NS(=O)(=O)c1ccc(OCCCN2CCCC2)cc1,6,0,0.0
herg_blockade,O=C(c1ccccc1)C1CCN(CCCc2ccccc2)CC1,6,6,1.0
herg_blockade,O=C(c1ccccc1)N(C1CCC1)C1CCNC1,6,0,0.0
herg_blockade,O=C(c1ccccc1)N(C1CCCC1)C1CCNC1,6,0,0.0
herg_blockade,O=C(c1ccccc1)N(c1ccccc1)C1CCNC1,6,2,0.3333333333333333
herg_blockade,O=C(c1ccccc1)N1CCN(c2ccccc2)CC1,6,6,1.0
herg_blockade,O=C(c1cccnc1)N1CCC(NCc2cncn2Cc2ccccc2)C1,6,2,0.3333333333333333
herg_blockade,O=C1C(Cc2cccc(OCCc3coc(-c4ccccc4)n3)c2)CN1c1ccccc1,6,5,0.8333333333333334
herg_blockade,O=C1C(c2ccccc2)CCN1C1(c2ccccc2)CCC(N2CCC3(CCOC3)CC2)CC1,6,6,1.0
herg_blockade,O=C1CCC(OCc2ccccc2)C(c2ccccc2)CN1,6,6,1.0
herg_blockade,O=C1COc2ccc(CNC3CCC(CCn4c(=O)ccc5ncccc54)CC3)nc2N1,6,0,0.0
herg_blockade,O=C1NCc2cc(CCN3CCC(c4ccccc4)CC3)ccc2N1,6,6,1.0
herg_blockade,O=C1OC2(CCC(c3nc4ccccc4[nH]3)CC2)CN1c1cccnc1,6,2,0.3333333333333333
herg_blockade,O=C1OCC(c2ccccc2)=C1c1ccccc1,6,0,0.0
herg_blockade,O=C1OCc2cc(CCN3CCN(CCc4ccccn4)CC3)ccc21,6,1,0.16666666666666666
herg_blockade,O=c1[nH]cnc2cc(NC3CCCCC3)nc(Nc3cccc4cc[nH]c34)c12,6,0,0.0
herg_blockade,O=c1c2cccnc2c(Cc2ccccc2)nn1CC1CCCN1,6,6,1.0
herg_blockade,O=c1c2ccncc2c(Cc2ccccc2)nn1CC1CCCN1,6,6,1.0
herg_blockade,O=c1c2ncccc2c(Cc2ccccc2)nn1CC1CCCN1,6,6,1.0
herg_blockade,O=c1ccc2nccc3c2n1CC3CC12CCC(NCC=Cc3ccccc3)(CC1)CO2,6,6,1.0
herg_blockade,O=c1ccc2ncccc2n1CCN1CCC(NCc2cccnc2)CC1,6,0,0.0
herg_blockade,O=c1ccc2ncccc2n1CCN1CCC(c2nc3ccccc3[nH]2)CC1,6,6,1.0
herg_blockade,O=c1n(Cc2ccccc2)c2sc3c(c2c2ncnn12)CCN(CC1CCOCC1)C3,6,6,1.0
herg_blockade,c1cc(-c2nc3c(s2)CNCC3)ccc1OC1CC(N2CCCCC2)C1,6,0,0.0
herg_blockade,c1cc(-c2nnc(SCCCCN3CCc4cc5ncoc5cc4CC3)[nH]2)c2cccnc2c1,6,6,1.0
herg_blockade,c1cc(-c2nnc(SCCCN3CCc4nc5ccccn5c4CC3)[nH]2)c2cccnc2c1,6,6,1.0
herg_blockade,c1cc2c3c(c1)OC1C4CCC5(CC4)C(C2)N(CC2CC2)CCC315,6,6,1.0
herg_blockade,c1cc2cc(-c3ccc(N4CC5CC4CN5)nn3)ccc2[nH]1,6,2,0.3333333333333333
herg_blockade,c1ccc(-c2cncc(-c3cccnc3)c2)cc1,6,4,0.6666666666666666
herg_blockade,c1ccc(-c2cnn3ccc(NC4CCCCC4)nc23)cc1,6,0,0.0
herg_blockade,c1ccc(-c2nccc(OCCCN3CCCCC3)n2)cc1,6,6,1.0
herg_blockade,c1ccc(-c2ncoc2-c2ccc3nncn3c2)cc1,6,6,1.0
herg_blockade,c1ccc(-c2nnc(SCCCN3CCC4(CC4c4ccccc4)C3)[nH]2)cc1,6,6,1.0
herg_blockade,c1ccc(-n2cc(NCCN3CCCCC3)nn2)cc1,6,5,0.8333333333333334
herg_blockade,c1ccc(C23CCN(CCCSc4nnc(-c5cnco5)[nH]4)CC2C3)cc1,6,6,1.0
herg_blockade,c1ccc(C2CC2)cc1,6,4,0.6666666666666666
herg_blockade,c1ccc(C2CCNCC2)cc1,6,1,0.16666666666666666
herg_blockade,c1ccc(C2CCn3c(nc4cnccc43)C2)cc1,6,0,0.0
herg_blockade,c1ccc(C2CN(CCC3CCC3)CC2CN2CCC(c3cnc4ccccn34)CC2)cc1,6,3,0.5
herg_blockade,c1ccc(CC2(c3ccc4[nH]ccc4c3)CCNC2)cc1,6,4,0.6666666666666666
herg_blockade,c1ccc(CN(c2ccccc2)C2CCNC2)cc1,6,6,1.0
herg_blockade,c1ccc(CN2CCC(CN3CCC(Oc4ccccc4)CC3)CC2)cc1,6,0,0.0
herg_blockade,c1ccc(CN2CCC(Nc3nc4ccccc4o3)CC2)cc1,6,4,0.6666666666666666
herg_blockade,c1ccc(CN2CCCC(c3c[nH]c4ccccc34)C2)cc1,6,1,0.16666666666666666
herg_blockade,c1ccc(COC2=NC(c3ccccc3)c3ccccc3CN2)cc1,6,2,0.3333333333333333
herg_blockade,c1ccc(COc2ccc(Nc3ncnc4ccccc34)cc2)nc1,6,0,0.0
herg_blockade,c1ccc(Cn2c(C3CNCCO3)nc3ccccc32)cc1,6,6,1.0
herg_blockade,c1ccc(Cn2c(N3CCCCC3)nc3ccccc32)cc1,6,6,1.0
herg_blockade,c1ccc(N2CCN(CCCCCCN3CCN(c4ccccc4)CC3)CC2)cc1,6,6,1.0
herg_blockade,c1ccc(Nc2cc(NC3CC3)n3nccc3n2)cc1,6,1,0.16666666666666666
herg_blockade,c1ccc(Nc2ccn(C3CCCOC3)n2)cc1,6,0,0.0
herg_blockade,c1ccc(Nc2nccc(-c3c[nH]c4ccccc34)n2)cc1,6,2,0.3333333333333333
herg_blockade,c1ccc(OC2CC3CCC(C2)N3Cc2cccnc2)cc1,6,6,1.0
herg_blockade,c1ccc(OC2CC3CCC(C2)N3Cc2ccncc2)cc1,6,6,1.0
herg_blockade,c1ccc(OCCCN2CCC3(CC2)Cc2ccccc2O3)cc1,6,5,0.8333333333333334
herg_blockade,c1ccc(OCCCc2cccc(CCCOc3ccccc3)[nH+]2)cc1,6,6,1.0
herg_blockade,c1ccc2c(c1)CNC(CN1CCC3(CCc4ccccc43)CC1)C2,6,6,1.0
herg_blockade,c1ccc2c(c1)ccc1ccccc12,6,6,1.0
herg_blockade,c1cnc2nc(N3CCN4CCC3CC4)oc2c1,6,3,0.5
herg_blockade,c1nc2cc3c(cc2s1)CCNCC3,6,0,0.0
herg_blockade,C(#Cc1cc(-c2n[nH]c3c2Cc2cc(CN4CCNCC4)ccc2-3)cs1)COc1ccccc1,5,5,1.0
herg_blockade,C1=C(Cc2nccs2)c2ccccc2C1,5,4,0.8
herg_blockade,C1=C(c2nc(-c3ccccc3)no2)c2ccccc2C12CCNCC2,5,0,0.0
herg_blockade,C1=CC(c2ccccc2)C=CN1,5,1,0.2
herg_blockade,C1=CC2C3Cc4cccc5c4C2(CCN3)C(C1)O5,5,0,0.0
herg_blockade,C1=NC(c2cccc(CNC3CC3)c2)CCS1,5,2,0.4
herg_blockade,C1=NC(c2ccccc2)CCS1,5,1,0.2
herg_blockade,C1=NC2(CO1)c1cc(-c3cccnc3)ccc1Oc1ncccc12,5,2,0.4
herg_blockade,C1=NN2c3ccccc3OCC2C1(CCCN1CCNCC1)c1ccccc1,5,4,0.8
herg_blockade,C1CCC2(CC1)OOC1(O2)C2CC3CC(C2)CC1C3,5,5,1.0
herg_blockade,C=C1NCCC1(c1ccccc1)c1ccccc1,5,0,0.0
herg_blockade,N=C(Nc1ccc2[nH]cc(C3CCCCC3)c2c1)c1cccs1,5,0,0.0
herg_blockade,O=C(C1CC(N2CCN(c3ncccn3)CC2)CN1)N1CCCC1,5,0,0.0
herg_blockade,O=C(C1CNCC1c1ccccc1)N1CCC(c2ccccc2)CC1,5,3,0.6
herg_blockade,O=C(C1CNCCC1c1cc[nH]c(=O)c1)N(Cc1c[nH]c2ccccc12)C1CC1,5,0,0.0
herg_blockade,O=C(C=Cc1ccccc1)Nc1ccc(-c2ccccc2)cc1,5,3,0.6
herg_blockade,O=C(CNC(=O)c1ccccc1)NC1CCCCC1,5,2,0.4
herg_blockade,O=C(CNC(=O)c1ccccc1)NC1CN(C2CCC(c3ccc4c(c3)OCO4)CC2)C1,5,4,0.8
herg_blockade,O=C(CNC(=O)c1ccccc1)NC1CN(C2CCC(c3ccncc3)CC2)C1,5,4,0.8
herg_blockade,O=C(CNC(=O)c1ccccc1)NC1CN(C2CCC(c3cncs3)CC2)C1,5,1,0.2
herg_blockade,O=C(CNc1n[nH]c2ccccc12)NC1CN(C2CCC(c3nccs3)CC2)C1,5,0,0.0
herg_blockade,O=C(Cc1ccc(-n2cnnn2)nc1)N1CCN2CC(c3ccccc3)OCC2C1,5,0,0.0
herg_blockade,O=C(Cn1c(=O)[nH]c2nc(N3CCCCC3)[nH]c2c1=O)c1ccccc1,5,5,1.0
herg_blockade,O=C(NC(CCN1C2CCC1CC(n1cnc3ccccc31)C2)c1ccccc1)C1CCS(=O)(=O)CC1,5,0,0.0
herg_blockade,O=C(NC(CCN1C2CCC1CC(n1cnc3ccccc31)C2)c1ccccc1)C1CC[SH+]CC1,5,0,0.0
herg_blockade,O=C(NC(c1ccccc1)c1ccncc1)C1CCC(N2CCOCC2)CC1c1ccccc1,5,5,1.0
herg_blockade,O=C(NC1CC1)c1ccc(-n2cnc3ccccc32)s1,5,2,0.4
herg_blockade,O=C(NC1CCN(C2CCCCC2CS(=O)(=O)c2ccccc2)C1=O)c1ccccc1,5,2,0.4
herg_blockade,O=C(NCCCN1CCN(c2ccccc2)CC1)c1c[nH]c(-c2ccccc2)c1,5,5,1.0
herg_blockade,O=C(NCc1ccccc1)C1CCC(N2CCC(c3ccncn3)CC2)C1,5,5,1.0
herg_blockade,O=C(NCc1ccccc1)c1cc(C(=O)N2CCCC2)n2c1COCC2,5,1,0.2
herg_blockade,O=C(Nc1ccc(-c2nnc(NCCCCN3CCCCC3)o2)cc1)c1ccccc1,5,1,0.2
herg_blockade,O=C(Nc1ccccc1)N1CCN(CC2CCCNC2)CC1,5,5,1.0
herg_blockade,O=C(c1ccc2[nH]ncc2c1)C1CCCN1,5,0,0.0
herg_blockade,O=C(c1ccccc1)N1CCN(c2ccccn2)CC1,5,0,0.0
herg_blockade,O=C(c1ccccc1OCCCN1CCC2(CC1)Cc1ccccc1O2)N1CCCC1,5,2,0.4
herg_blockade,O=C(c1ccccn1)C12CC3C=NN(c4ccccc4)C3C=C1CCN(S(=O)(=O)c1ccccc1)C2,5,2,0.4
herg_blockade,O=C(c1ccccn1)C12Cc3cnn(-c4ccccc4)c3C=C1CCN(S(=O)(=O)c1ccccc1)C2,5,2,0.4
herg_blockade,O=C1C2CCN1C1CCc3ccc(cc31)Oc1cccc(c1)Cn1cncc1CN2,5,5,1.0
herg_blockade,O=C1CCCCOC(=O)CC(OC2CCCCO2)CC(OC2CCCCO2)CCC1,5,0,0.0
herg_blockade,O=C1CCc2ccccc2N1CCCN1CCC(n2c(=O)[nH]c3ccccc32)CC1,5,5,1.0
herg_blockade,O=C1CN(C2CCC(c3ccccc3)(N3CCC(c4ccccc4)C3=O)CC2)CCN1c1ccccc1,5,5,1.0
herg_blockade,O=C1CN(S(=O)(=O)c2cc3ccccc3[nH]2)CCN1Cc1ccccc1,5,3,0.6
herg_blockade,O=C1COc2c(CCCN3CCN(c4cccc5ncccc45)CC3)cccc2N1,5,5,1.0
herg_blockade,O=C1COc2ccc(CNC3CCC(CCn4c(=O)cnc5ccccc54)CC3)nc2N1,5,0,0.0
herg_blockade,O=C1COc2ccc(CNC3CCN(CCn4c(=O)ccc5ncccc54)CC3)nc2N1,5,0,0.0
herg_blockade,O=C1COc2ccccc2N1CCCN1CCC(n2c(=O)[nH]c3ccccc32)CC1,5,5,1.0
herg_blockade,O=C1NCCN1CC[N+]1CCC(c2cn(-c3ccccc3)c3ccccc23)CC1,5,0,0.0
herg_blockade,O=C1NCc2ccc(OCCCN3CCN(c4cccc5ccccc45)CC3)cc21,5,5,1.0
herg_blockade,O=C1OCC2COc3cc(-c4cccnc4)ccc3N12,5,2,0.4
herg_blockade,O=S(=O)(NCCCN1CC2CN(CCc3ccccc3)CC(C1)O2)c1ccccc1,5,0,0.0
herg_blockade,O=S(=O)(c1ccc(Oc2ccccc2)cc1)C1CCC2(CCNCC2)C1,5,0,0.0
herg_blockade,O=c1[nH]c2cc(N3CCCCC3)[nH]c2c(=O)n1Cc1ncc2ccccc2n1,5,2,0.4
herg_blockade,O=c1c2ccccc2ccc2ncc(-c3cn[nH]c3)cc12,5,1,0.2
herg_blockade,O=c1c2cnc(Nc3ccc(N4CCNCC4)cc3)nc2ccn1-c1ccccc1,5,5,1.0
herg_blockade,O=c1cc(OCc2ccccc2)ccn1-c1ccc2c(cnn2CCN2CCCC2)c1,5,5,1.0
herg_blockade,O=c1cc(OCc2ccccc2)ccn1-c1ccccc1,5,4,0.8
herg_blockade,O=c1ccc(C2(c3cccc(-c4cccnc4)c3)N=Cc3ccccc32)c[nH]1,5,5,1.0
herg_blockade,O=c1ccc2nccc3c2n1CC3CC12CCC(NC=Cc3ccccc3)(CC1)CO2,5,5,1.0
herg_blockade,O=c1ccn(-c2cccc(-c3ccccc3)c2)c2ncccc12,5,4,0.8
herg_blockade,c1cc(-c2[nH]nc3c2Cc2cc(CN4CCNCC4)ccc2-3)cs1,5,4,0.8
herg_blockade,c1cc(-c2cc3c(NC4CCCC4)ccnn3c2)ccn1,5,0,0.0
herg_blockade,c1cc(-c2nnc(SCCCN3CCc4ccc5ocnc5c4CC3)[nH]2)c2cccnc2c1,5,5,1.0
herg_blockade,c1cc(Nc2nc(N3CCNCC3)nc3cn[nH]c23)ncn1,5,5,1.0
herg_blockade,c1cc2c(Oc3ccc4[nH]ccc4c3)ncnn2c1,5,0,0.0
herg_blockade,c1ccc(-c2ccc3[nH]nc(-c4cncc(OC5CNCCC56CC6)n4)c3c2)cc1,5,5,1.0
herg_blockade,c1ccc(-c2ccc3ncc(-c4ccccc4)n3n2)cc1,5,3,0.6
herg_blockade,c1ccc(-c2cccc3nc(-c4cncnc4)nc(NCc4ccccn4)c23)cc1,5,2,0.4
herg_blockade,c1ccc(-c2cncc3ccccc23)cc1,5,0,0.0
herg_blockade,c1ccc(-c2cnn(Cc3cc[nH]n3)c2)cc1,5,4,0.8
herg_blockade,c1ccc(-c2ncnc3[nH]ccc23)cc1,5,3,0.6
herg_blockade,c1ccc(-c2nnc(CCCCCN3CC4CC4(c4ccccc4)C3)[nH]2)cc1,5,5,1.0
herg_blockade,c1ccc(-n2ncc3c2CCCC3CCN2CCOCC2)cc1,5,5,1.0
herg_blockade,c1ccc(C(c2ccccc2)N2CCNCC2)cc1,5,3,0.6
herg_blockade,c1ccc(CC(c2cccnc2)c2cccnc2)cc1,5,1,0.2
herg_blockade,c1ccc(CC2CCCCC2)cc1,5,1,0.2
herg_blockade,c1ccc(CCC2=NC(c3ccccc3)c3ccccc3CN2)cc1,5,3,0.6
herg_blockade,c1ccc(CCCCc2cc3ccncc3[nH]2)cc1,5,1,0.2
herg_blockade,c1ccc(CCn2cnc3ccccc32)cc1,5,0,0.0
herg_blockade,c1ccc(CNCCc2cnn3ccccc23)cc1,5,2,0.4
herg_blockade,c1ccc(Cc2ccc(CN3CCC4(CC3)OCc3ccncc34)cc2)cc1,5,5,1.0
herg_blockade,c1ccc(Cn2c(CN3CCCC3)nc3ccccc32)cc1,5,5,1.0
herg_blockade,c1ccc(Nc2cccnc2)nc1,5,2,0.4
herg_blockade,c1ccc(Nc2ccnc(NC3CCCCC3)n2)cc1,5,4,0.8
herg_blockade,c1ccc(Nc2ccnc3ccccc23)cc1,5,4,0.8
herg_blockade,c1ccc(Nc2ccnnc2)nc1,5,3,0.6
herg_blockade,c1ccc(Nc2cncc(NC3CCCCC3)c2)nc1,5,5,1.0
herg_blockade,c1ccc(OC2CC3CCC(C2)N3CC2CCCCC2)cc1,5,2,0.4
herg_blockade,c1ccc(Oc2ccc(Nc3cnccn3)cc2)cc1,5,5,1.0
herg_blockade,c1ccc(Oc2cn[nH]c2)cc1,5,1,0.2
herg_blockade,c1ccc2c(c1)CCCC21CCN(CCCSc2nnc(-c3cnco3)[nH]2)C1,5,5,1.0
herg_blockade,c1ccc2c(c1)CCCO2,5,3,0.6
herg_blockade,c1ccc2c(c1)Cc1ccccc1C1(CCCC1)C2,5,1,0.2
herg_blockade,c1ccc2c(c1)OC(c1ccc(OCCCN3CCCC3)cc1)CS2,5,5,1.0
herg_blockade,c1ccc2ncccc2c1,5,3,0.6
herg_blockade,c1ccc2oc(-c3cncc(-c4cnn(C5CCNCC5)c4)c3)nc2c1,5,1,0.2
herg_blockade,c1ccc2sc(Oc3ccc(CN4CCCCC4)cc3)nc2c1,5,0,0.0
herg_blockade,c1cncc(Oc2ccc(Nc3ncnc4ccccc34)cc2)c1,5,1,0.2
herg_blockade,c1csc(-c2ccc3cc(CCN4CCCC4)ccc3n2)c1,5,5,1.0
herg_blockade,c1nc(NCC2CCC3(CCC3)CC2)cc(OCC2CCNCC2)n1,5,4,0.8
herg_blockade,c1ncc(-c2nnc(SCCCN3CCc4cc5ncoc5cc4CC3)[nH]2)o1,5,4,0.8
herg_blockade,c1ncc(-c2nnc(SCCCN3CCc4ccc5ocnc5c4CC3)[nH]2)o1,5,4,0.8
herg_blockade,C(#Cc1cn(-c2ccccc2)cn1)c1ccncc1,4,3,0.75
herg_blockade,C(=NNc1ccccc1)c1ccc(-c2ccccc2)cc1,4,4,1.0
herg_blockade,C(CCc1nc(-c2ccccc2)no1)=C1CCCC1,4,0,0.0
herg_blockade,C(CN1CCOCC1)=C1CCCc2c1cnn2-c1ccccc1,4,4,1.0
herg_blockade,C1=C(C(c2ccccc2)c2ccc[nH+]c2)SCN1,4,0,0.0
herg_blockade,C1=CC(C(c2ccccc2)c2ccc[nH+]c2)=CNC1,4,0,0.0
herg_blockade,C1=CC2CC1CC2Nc1ccnc(Nc2ccc3c(c2)CCCC(N2CCNCC2)C3)n1,4,2,0.5
herg_blockade,C1=NC2(CO1)c1cc(-c3cccnc3)ccc1Oc1cnc(-c3cccnc3)cc12,4,0,0.0
herg_blockade,C1=NC2(CO1)c1cc(-c3cccnc3)ccc1Oc1cnc(-c3ccncc3)cc12,4,0,0.0
herg_blockade,C=C1CC23CC4C5C6CCCC57C(C2CC1CC37)N4C6,4,0,0.0
herg_blockade,C=C1CCN(c2ccc(N3CC(Cn4ccnn4)OC3=O)cc2)CC1,4,1,0.25
herg_blockade,N=C(c1ccccc1)c1ccc(CN2CCC3(CC2)OCc2ccncc23)cc1,4,4,1.0
herg_blockade,O=C(C(=O)N1CCN(C(=O)c2ccccc2)CC1)c1c[nH]c2ncccc12,4,0,0.0
herg_blockade,O=C(C1CC(Oc2ccccc2)CN1)N1CCCN(C2CCCC2)CC1,4,4,1.0
herg_blockade,O=C(C1CC1c1ccccc1)N1CCN(S(=O)(=O)c2cccc(-c3cn[nH]c3)c2)CC1,4,4,1.0
herg_blockade,O=C(C1CC1c1ccccc1)N1CCN(S(=O)(=O)c2cccc(-c3nnc[nH]3)c2)CC1,4,4,1.0
herg_blockade,O=C(C1CCC(NC2CCOCC2)C1)N1CCN(c2cccnn2)CC1,4,0,0.0
herg_blockade,O=C(C1CCC(NC2CCOCC2)C1)N1CCN(c2ccncn2)CC1,4,0,0.0
herg_blockade,O=C(C1CCCC1)C1CCN(Cc2ccccc2)C1,4,0,0.0
herg_blockade,O=C(C=Cc1ccc(C2CNCC2C(=O)Nc2ccccc2)cc1)Nc1ccccc1,4,2,0.5
herg_blockade,O=C(CC1CCCCC1)N1CCCC1,4,0,0.0
herg_blockade,O=C(CC1CN(CCC2CCOCC2)CC1c1ccccc1)Nc1ccccc1,4,4,1.0
herg_blockade,O=C(CC1CN(CCc2ccccc2)CC1c1ccccc1)Nc1ccccc1,4,4,1.0
herg_blockade,O=C(CCc1nc(-c2ccccc2)no1)N1CCCC1,4,0,0.0
herg_blockade,O=C(CN1C(=O)COC1c1ccccc1)Nc1ccc2c(c1)CC1(C2)NC(=O)NC1=O,4,0,0.0
herg_blockade,O=C(CN1CCCC1)Nc1cc(-n2cccn2)nc(-c2ccco2)n1,4,4,1.0
herg_blockade,O=C(CNC(=O)c1ccc2[nH]c3c(c2c1)CC(C1CCOCC1)CC3)NC1CC1,4,0,0.0
herg_blockade,O=C(CNCC1CCCCC1)N1CCc2ccccc2C1C1CCCCC1,4,0,0.0
herg_blockade,O=C(CNc1ncnc2ccccc12)NC1CN(C2CCC(c3cccnc3)CC2)C1,4,0,0.0
herg_blockade,O=C(CNc1ncnc2ccccc12)NC1CN(C2CCC(c3ccncc3)CC2)C1,4,0,0.0
herg_blockade,O=C(COc1ccccc1)NC(CCC(Cc1ccccc1)NC(=O)CN1CCCNC1=O)Cc1ccccc1,4,4,1.0
herg_blockade,O=C(Cc1ccccc1)NC1(c2ccccc2)CCC(N2CCC3(CCCO3)CC2)CC1,4,4,1.0
herg_blockade,O=C(Cc1ccccc1)NC1(c2ccccc2)CCC(N2CCCCC2)CC1,4,4,1.0
herg_blockade,O=C(Cc1ccccc1)NC1CCN(CCC(c2ccccc2)N2CCNCC2)CC1,4,3,0.75
herg_blockade,O=C(Cn1c(=O)[nH]c2cc(N3CCCCC3)[nH]c2c1=O)c1ccccc1,4,3,0.75
herg_blockade,O=C(Cn1cc(C=NNS(=O)(=O)c2ccccc2)c2ccccc21)Nc1ccccc1,4,0,0.0
herg_blockade,O=C(N1CCc2ncccc2C1)C12CCOC1CC(NC1CCOCC1)C2,4,0,0.0
herg_blockade,O=C(NC(c1ccccc1)c1ccccc1)C1CCC(N2CCOCC2)CC1c1ccccc1,4,4,1.0
herg_blockade,O=C(NC1CC2CCCC(C1)N2)c1n[nH]c2ccccc12,4,4,1.0
herg_blockade,O=C(NC1CCC(CC(=O)N2CCSC2)CC1)c1ccccc1,4,1,0.25
herg_blockade,O=C(NC1CCC(CCC(=O)N2CCCC2)CC1)c1ccccc1,4,0,0.0
herg_blockade,O=C(NC1CCN(Cc2ccn(-c3ccccc3)c2)CC1)N1CCCC1,4,0,0.0
herg_blockade,O=C(NC1CCOc2nc(-c3ccccc3)c(-c3ccccc3)cc21)c1ccccc1,4,0,0.0
herg_blockade,O=C(NC1CN2CCC1CC2)c1cccc2ocnc12,4,2,0.5
herg_blockade,O=C(NC1COc2cccc(-c3ccncc3)c2C1)c1cccnc1,4,2,0.5
herg_blockade,O=C(NC1COc2cccc(N3CCNCC3)c2C1)c1ccccc1,4,4,1.0
herg_blockade,O=C(NC1COc2cccc(N3CCNCC3)c2C1)c1cccnc1,4,2,0.5
herg_blockade,O=C(NC1Cc2ccccc2C1)c1cc2sccc2[nH]1,4,0,0.0
herg_blockade,O=C(NCC(=O)N1CCNCC1)c1cc(N2CCC(C(=O)N3CCCC3)CC2)cc(-c2ccccc2)n1,4,0,0.0
herg_blockade,O=C(NCC1CCCCC1)NC1CCN(Cc2ccn(-c3ccccc3)c2)CC1,4,3,0.75
herg_blockade,O=C(NCC1CCCCC1)c1cc(N2CCCCC2)nc2ccccc12,4,0,0.0
herg_blockade,O=C(NCC1CCN(Cc2ccccc2)CC1)c1ccn(-c2ccccc2)n1,4,4,1.0
herg_blockade,O=C(NCCc1ccc(-c2ccc3oc(=O)[nH]c3c2)cc1)C1CNCCCO1,4,0,0.0
herg_blockade,O=C(NCc1ccccc1)C1CCC(N2CCC(c3cncnc3)CC2)C1,4,4,1.0
herg_blockade,O=C(NCc1ccccc1)C1c2ccccc2C(=O)N1CCc1ncccn1,4,1,0.25
herg_blockade,O=C(NCc1ccccc1)NC1CCN(Cc2ccn(-c3ccccc3)c2)CC1,4,1,0.25
herg_blockade,O=C(NCc1ccccc1-n1cnnn1)C1CC=NN1C(=O)Cc1ccccc1,4,0,0.0
herg_blockade,O=C(Nc1ccc(-c2nnc(NCCCCN3CCOCC3)o2)cc1)c1ccccc1,4,0,0.0
herg_blockade,O=C(Nc1ccc(CC2CCC(Cc3ccccc3)N2)cc1)C1CCc2scnc21,4,3,0.75
herg_blockade,O=C(Nc1ccc(N2CCC(N3CCCC3)C2)cc1)c1ccccc1,4,4,1.0
herg_blockade,O=C(Nc1ccc(Sc2ccccc2)cc1C(=O)Nc1ccccn1)c1ccccc1,4,4,1.0
herg_blockade,O=C(Nc1ccccc1)N1CCN(C(=O)C2CNCCN2)CC1,4,0,0.0
herg_blockade,O=C(Nc1ccccc1)NC1N=C(c2ccccc2)c2ccccc2NC1=O,4,3,0.75
herg_blockade,O=C(Nc1ccccc1)NS(=O)(=O)c1ccc(OCCCCN2CCCCC2)cc1,4,0,0.0
herg_blockade,O=C(Nc1ccccc1)NS(=O)(=O)c1ccc(OCCN2CCCCC2)cc1,4,0,0.0
herg_blockade,O=C(Nc1ccccc1)Nc1nc2ccc(Oc3ccncc3)cc2s1,4,0,0.0
herg_blockade,O=C(Nc1ccccc1)ON=C1CCCc2[nH]ccc21,4,0,0.0
herg_blockade,O=C(Nc1ccccc1)c1ccc(-c2ccc(CN3CCC3)cn2)cc1,4,0,0.0
herg_blockade,O=C(Nc1ccccc1)c1ccc(-c2ccc(CNN3CCC3)cn2)cc1,4,0,0.0
herg_blockade,O=C(Nc1ccccc1)c1ccc(-c2ccccc2)o1,4,1,0.25
herg_blockade,O=C(Nc1ccccc1C(=O)Nc1ccccn1)c1ccc(C2=NCCN2)cc1,4,0,0.0
herg_blockade,O=C(Nc1ccccc1OCCCN1CCC2(CC1)Cc1ccccc1O2)NC1CC1,4,4,1.0
herg_blockade,O=C(Nc1ccccn1)c1ccc(-c2nc(C3CNCCO3)n3ccncc23)cc1,4,1,0.25
herg_blockade,O=C(Nc1ccnc2ccccc12)C1CCC(NCc2cc3c(cn2)OCCO3)CC1,4,0,0.0
herg_blockade,O=C(Nc1ccnc2cccnc12)C1CCC(NCc2cc3c(cn2)OCCO3)CC1,4,0,0.0
herg_blockade,O=C(c1ccc2[nH]c3c(c2c1)CN(C1CCOCC1)CC3)N1CCCCC1,4,3,0.75
herg_blockade,O=C(c1cccc(-c2nc(-c3cccs3)no2)c1)N1CCC(c2ccccc2)CC1,4,1,0.25
herg_blockade,O=C(c1ccccc1)C1CCCN1,4,1,0.25
herg_blockade,O=C(c1ccccc1)N(CC1CC1)C1CCNC1,4,0,0.0
herg_blockade,O=C(c1ccccc1)N(CC1CCCC1)C1CCNC1,4,2,0.5
herg_blockade,O=C(c1ccccc1)N1CCC2(CCN(Cc3ccccc3Oc3ccccc3)CC2)CC1,4,2,0.5
herg_blockade,O=C(c1ccccc1)N1CCN(c2ccc(OCCCN3CCCCCC3)cc2)C(=O)C1,4,0,0.0
herg_blockade,O=C(c1ccccc1)N1CCc2c(nnn2-c2ncccn2)C1,4,1,0.25
herg_blockade,O=C(c1cn[nH]c1)N1CCC(Nc2cc(=O)[nH]c3ccccc23)CC1,4,0,0.0
herg_blockade,O=C1C(n2cc(-c3ccc(-n4ccnc4)cc3)nn2)CCCCN1Cc1ccccc1,4,2,0.5
herg_blockade,O=C1C2CCN1Cc1cccc(c1)Oc1cccc(c1)Cn1cncc1CN2,4,3,0.75
herg_blockade,O=C1C2CCN1c1cccc3ccc(cc13)Oc1cccc(c1)Cn1cncc1CCN2,4,4,1.0
herg_blockade,O=C1C=C2C=CC3C4CCCC4CCC3C2CC1,4,0,0.0
herg_blockade,O=C1C=C2CCC3C4CCCC4CCC3C2CC1,4,0,0.0
herg_blockade,O=C1C=CC2C(CCC3C4CC(=Cc5cncnc5)CC4CCC23)N1,4,2,0.5
herg_blockade,O=C1CC(c2ccccc2)C(OCc2ccccc2)CCN1,4,4,1.0
herg_blockade,O=C1CC2(CCN(CC3CCNCC3)CC2)c2cccnc2N1,4,4,1.0
herg_blockade,O=C1CCC2=C1C(c1ccccc1)NC(=O)N2c1ccccc1,4,0,0.0
herg_blockade,O=C1CCCc2c1cc1n2-c2cccc(c2)NCC2CCCCN2CCC1,4,4,1.0
herg_blockade,O=C1CCCc2c1cc1n2-c2cccc(c2)NCC2CCCN2CCC1,4,2,0.5
herg_blockade,O=C1CCN(CCCC2(c3ccccc3)C=NN3c4ccccc4OCC32)CCN1,4,2,0.5
herg_blockade,O=C1CCc2c(CCN3CCN(c4cccc5ncccc45)CC3)cccc2N1,4,4,1.0
herg_blockade,O=C1CN(CCc2ccccc2)CCN1C1CCc2cc(CN3CCCCC3)ccc2C1,4,3,0.75
herg_blockade,O=C1CN(CCc2ccccc2)CCN1C1CCc2cc(CN3CCNCC3)ccc2C1,4,0,0.0
herg_blockade,O=C1COc2ccc(CNC34CCC(CCc5ccnc6ccc(OCC7CCO7)nc56)(CC3)OC4)nc2N1,4,1,0.25
herg_blockade,O=C1COc2ccc(CNC3CCN(CCn4c(=O)ccc5ncc(Oc6cccnc6)cc54)CC3)nc2N1,4,0,0.0
herg_blockade,O=C1COc2cnc(CNC3CCC(CCn4c(=O)ccc5ccccc54)CC3)nc2N1,4,0,0.0
herg_blockade,O=C1COc2cnc(CNC3CCC(CCn4c(=O)cnc5ccccc54)CC3)nc2N1,4,0,0.0
herg_blockade,O=C1N(C2CCOCC2)CC(c2ccccc2)N1C1CCN(Cc2ccc(Oc3ccccc3)nc2)CC1,4,1,0.25
herg_blockade,O=C1N(c2ccc(-c3ccccc3)cc2)C(=O)C2(CCN(Cc3ccccn3)CC2)N1c1cnccn1,4,3,0.75
herg_blockade,O=C1NCc2ccc(OCCCCN3CCN(c4cccc5ccccc45)CC3)cc21,4,4,1.0
herg_blockade,O=C1OC2(CCC(C(=O)NCCN3CCCCC3)CC2)c2ccccc21,4,0,0.0
herg_blockade,O=C1OCC2C(C=Cc3ccc(-c4cccnc4)cn3)CCCC12,4,0,0.0
herg_blockade,O=C1OCc2cc(C3CN4CCN(C(=O)Cc5ccc(-n6cnnn6)nc5)CC4CO3)ccc21,4,0,0.0
herg_blockade,O=C1OCc2cc(CCC3CCN(C(=O)Cc4ccc(-n5cnnn5)cc4)CC3)ccc21,4,4,1.0
herg_blockade,O=C1OCc2cc(CCN3CCC4(CC3)CCN(c3ccncn3)C4=O)ccc21,4,2,0.5
herg_blockade,O=C1OCc2cc(CCN3CCC4(CC3)CCN(c3ccns3)C4=O)ccc21,4,4,1.0
herg_blockade,O=C1c2ccccc2CN1CCc1ccccc1,4,0,0.0
herg_blockade,O=P(Nc1cccnc1)(c1ccccc1)c1ccccc1,4,0,0.0
herg_blockade,O=S(=O)(CCCCc1ncccn1)N1CCC(OCc2ccccc2)CC1,4,4,1.0
herg_blockade,O=S(=O)(CCCCc1ncccn1)N1CCN(c2ccccc2)CC1,4,0,0.0
herg_blockade,O=S(=O)(CCN1CCC(Cc2ccccc2)CC1)c1ccccc1,4,3,0.75
herg_blockade,O=S(=O)(NCCN1CC2CN(CCOc3ccccc3)CC(C1)O2)c1ccc2c(c1)CCO2,4,0,0.0
herg_blockade,O=S(=O)(c1ccc(-c2ccc(CCN3CCCC3)cc2)cc1)N1CCCC1,4,4,1.0
herg_blockade,O=S(=O)(c1ccc(-c2ccc(CCN3CCCC3)cc2)cc1)N1CCCCC1,4,4,1.0
herg_blockade,O=S(=O)(c1ccc(-c2ccc(CCN3CCCC3)cc2)cc1)N1CCOCC1,4,4,1.0
herg_blockade,O=S(=O)(c1ccccc1)N1CCN(CC2CC2)CC1,4,0,0.0
herg_blockade,O=S(=O)(c1ccccc1)c1ccc(C=Cc2ccccc2)cc1,4,4,1.0
herg_blockade,O=S(=O)(c1ccccc1)c1ccc2c3c(oc2c1)CNCC3,4,2,0.5
herg_blockade,O=S(=O)(c1ccsc1)c1cccc(-c2ccccc2)c1,4,4,1.0
herg_blockade,O=S1(=O)Nc2ccccc2N1c1ccccc1,4,1,0.25
herg_blockade,O=c1[nH]c(-c2ccc(OCCCN3CCCCC3)cc2)nc2ccccc12,4,4,1.0
herg_blockade,O=c1[nH]c(=O)c2c(cc(N3CCCCC3)n2Cc2ccccc2)[nH]1,4,2,0.5
herg_blockade,O=c1[nH]c(C=Cc2ccc(-n3ccnc3)cc2)nc2sccc12,4,0,0.0
herg_blockade,O=c1[nH]c2cc(N3CCCCC3)[nH]c2c(=O)n1Cc1nccc2ccccc12,4,2,0.5
herg_blockade,O=c1[nH]c2ccc(C3=NN(c4ccccc4)C(c4ccccc4)C3)cc2o1,4,2,0.5
herg_blockade,O=c1c(CCN2CCC(c3noc4ccccc34)CC2)cnc2n1CCCC2,4,4,1.0
herg_blockade,O=c1c(CCN2CCN(c3cccc4sccc34)CC2)cnc2n1CCCC2,4,4,1.0
herg_blockade,O=c1c2cc(Oc3cccc4cccnc34)ncc2ncn1CC1CCCNC1,4,2,0.5
herg_blockade,O=c1c2cc(Oc3ccccc3)ncc2ncn1CC1CCCNC1,4,4,1.0
herg_blockade,O=c1c2cc[nH]c2nc(N2CCCCC2)n1Cc1ccccc1,4,0,0.0
herg_blockade,O=c1c2nc(Oc3cccc4cccnc34)ccc2ncn1CC1CCCNC1,4,2,0.5
herg_blockade,O=c1c2nc(Oc3ccccc3)ccc2ncn1CC1CCCNC1,4,4,1.0
herg_blockade,O=c1c2nc(Oc3ccccc3)cnc2ncn1CC1CCCNC1,4,0,0.0
herg_blockade,O=c1cc(OCc2ccccc2)ccn1-c1ccc(N2CCC(c3ccccc3)C2)nc1,4,4,1.0
herg_blockade,O=c1ccc(-c2ccc(OCCCN3CCCC3)cc2)n[nH]1,4,0,0.0
herg_blockade,O=c1ccc2ccc(OCCCCN3CCC(c4noc5ccccc45)CC3)cc2o1,4,4,1.0
herg_blockade,O=c1ccc2ncc(Oc3ccccc3)cc2n1CCN1CCC(c2nc3ccccc3[nH]2)CC1,4,0,0.0
herg_blockade,O=c1ccc2nccc3c2n1CC3CC12CCC(NCc3ccc4c(c3)OCO4)(CC1)CO2,4,0,0.0
herg_blockade,O=c1ccc2nccc3c2n1CC3CC12CCC(NCc3ccc4c(n3)NCCN4)(CC1)CO2,4,0,0.0
herg_blockade,O=c1ccc2nccc3c2n1CC3CC12CCC(NCc3ccc4c(n3)NCCO4)(CC1)CO2,4,0,0.0
herg_blockade,O=c1ccc2nccc3c2n1CC3CN1CCC(NCc2cc3c(cn2)OCCO3)CC1,4,0,0.0
herg_blockade,O=c1ccn(-c2ccccc2)c2ncccc12,4,0,0.0
herg_blockade,O=c1ccn(C2CC2)c2cc(N3CCC3)ccc12,4,0,0.0
herg_blockade,O=c1ccn2c3c(c(N4CCNCC4)ccc13)OCC2,4,0,0.0
herg_blockade,c1cc(CCN2CCN(c3cccc4ncccc34)CC2)c2c(c1)-n1ccnc1CO2,4,4,1.0
herg_blockade,c1cc2c(ncc3ncn(C4CCCCC4)c32)[nH]1,4,0,0.0
herg_blockade,c1cc2cc(-c3cnc(N4CC5CC4CN5)cn3)ccc2[nH]1,4,2,0.5
herg_blockade,c1cc2nc(-c3cn[nH]c3)ccc2cc1CCN1CCCC1,4,0,0.0
herg_blockade,c1ccc(-c2c[nH]c(C3Cc4c([nH]c5ccccc45)C(C4CCOCC4)N3)n2)nc1,4,4,1.0
herg_blockade,c1ccc(-c2c[nH]c(C3Cc4c([nH]c5ccccc45)CN3)n2)cc1,4,4,1.0
herg_blockade,c1ccc(-c2cc3c(NC4CCCNC4)cccc3[nH]2)cc1,4,3,0.75
herg_blockade,c1ccc(-c2cc3ncncc3s2)cc1,4,3,0.75
herg_blockade,c1ccc(-c2ccc(C3CCOC3)cc2)cc1,4,0,0.0
herg_blockade,c1ccc(-c2ccc(Cc3cc(C4CCN(CC5CNCC5c5ccccc5)CC4)[nH]n3)cc2)cc1,4,4,1.0
herg_blockade,c1ccc(-c2ccc(OCCCN3CCCCC3)cc2)cc1,4,3,0.75
herg_blockade,c1ccc(-c2ccc3cnc(Nc4cnccc4N4CCCCC4)n3n2)cc1,4,2,0.5
herg_blockade,c1ccc(-c2cccc(OC3CC4CCC(C3)N4)n2)cc1,4,4,1.0
herg_blockade,c1ccc(-c2ccccc2)cc1,4,0,0.0
herg_blockade,c1ccc(-c2nc(COc3ccc4c(c3)C(CCCN3CCCCC3)CCC4)no2)cc1,4,4,1.0
herg_blockade,c1ccc(-c2nc(NC3CCNC3)c3ccccc3n2)cc1,4,2,0.5
herg_blockade,c1ccc(-c2ncccc2CC(c2cccnc2)c2ccccn2)cc1,4,0,0.0
herg_blockade,c1ccc(C(c2ccccc2)N2CCN(Cc3cscn3)CC2)cc1,4,3,0.75
herg_blockade,c1ccc(C23CC2CN(CCCSc2nnc(-c4cccnc4)[nH]2)C3)cc1,4,4,1.0
herg_blockade,c1ccc(C23CCCC2CNC3)cc1,4,4,1.0
herg_blockade,c1ccc(C23CCN(CCCSc4nnc(-c5cnco5)[nH]4)CCC2C3)cc1,4,4,1.0
herg_blockade,c1ccc(C2CCCCNC2)cc1,4,1,0.25
herg_blockade,c1ccc(C2CCN(CC3CCc4ncccc4C3)CC2)cc1,4,0,0.0
herg_blockade,c1ccc(C2CCN(CC3Cc4ccccc4CN3)CC2)cc1,4,4,1.0
herg_blockade,c1ccc(C2CCN(CCC3CCOc4ccccc43)CC2)cc1,4,4,1.0
herg_blockade,c1ccc(CC(c2ccccc2)c2ccccc2)cc1,4,0,0.0
herg_blockade,c1ccc(CCN2CCC(COc3nc4ccccc4c4c[nH]cc34)CC2)cc1,4,4,1.0
herg_blockade,c1ccc(CCn2ccnc2)cc1,4,0,0.0
herg_blockade,c1ccc(CCn2cnc3cccnc32)cc1,4,1,0.25
herg_blockade,c1ccc(CN(c2cccc3[nH]ccc23)C2CCNCC2)cc1,4,2,0.5
herg_blockade,c1ccc(CN2CCCC(c3c(-c4ccccc4)[nH]c4ccccc34)C2)cc1,4,2,0.5
herg_blockade,c1ccc(CN2CCN(CCCCCC(c3ccccc3)c3ccccc3)CC2)cc1,4,4,1.0
herg_blockade,c1ccc(CNC2CCC3CCC2(c2ccccc2)N3)cc1,4,4,1.0
herg_blockade,c1ccc(CNCCc2c(-c3ccccc3)nn3ccccc23)cc1,4,2,0.5
herg_blockade,c1ccc(COC2CCC3NC2(c2ccccc2)CC3c2nn[nH]n2)cc1,4,3,0.75
herg_blockade,c1ccc(COC2CCN(c3ncnc(Nc4ccccc4)n3)CC2)cc1,4,2,0.5
herg_blockade,c1ccc(Cc2ccc3c(cnn3-c3ccccc3)c2)cc1,4,0,0.0
herg_blockade,c1ccc(Cn2c(C3CNCCS3)nc3ccccc32)cc1,4,4,1.0
herg_blockade,c1ccc(Cn2c(N3CCC(NCC4CCOCC4)CC3)nc3ccccc32)cc1,4,4,1.0
herg_blockade,c1ccc(Cn2cnc3ccccc32)cc1,4,1,0.25
herg_blockade,c1ccc(Cn2nc(-c3ccccc3)cc2-c2ccc3ccccc3c2)cc1,4,2,0.5
herg_blockade,c1ccc(N2CCC(Nc3ccnc4[nH]ccc34)CC2)nc1,4,0,0.0
herg_blockade,c1ccc(N2CCC(c3nnc4n3-c3ccccc3CNC4)CC2)nc1,4,0,0.0
herg_blockade,c1ccc(N2CCCc3ccccc32)cc1,4,4,1.0
herg_blockade,c1ccc(N2CCN(CCCCCCN3CCN(c4ccccn4)CC3)CC2)cc1,4,3,0.75
herg_blockade,c1ccc(Nc2cc3ncccn3n2)cc1,4,4,1.0
herg_blockade,c1ccc(Nc2ccnc(Nc3ccc(C4CCNCC4)cc3)n2)cc1,4,3,0.75
herg_blockade,c1ccc(Nc2ccnc(Nc3ccc4c(c3)CCCC(N3CCNCC3)C4)n2)cc1,4,1,0.25
herg_blockade,c1ccc(Nc2cnccn2)nc1,4,4,1.0
herg_blockade,c1ccc(Nc2nccc(NC3CCCC3)n2)cc1,4,1,0.25
herg_blockade,c1ccc(Nc2ncnc3ccccc23)cc1,4,0,0.0
herg_blockade,c1ccc(OC2CCN(CC3CCNCC3)CC2)cc1,4,0,0.0
herg_blockade,c1ccc(OCCCN2CCN(c3ccccc3)CC2)cc1,4,4,1.0
herg_blockade,c1ccc2[nH]c(-c3ccc(N4CCC5(CCCO5)CC4)nc3)nc2c1,4,2,0.5
herg_blockade,c1ccc2c(CC3CC4CCN3CC4)ccnc2c1,4,3,0.75
herg_blockade,c1ccc2c(c1)CCC(CCNCCCc1nc3ccccc3[nH]1)C2,4,4,1.0
herg_blockade,c1ccc2c(c1)CCC21CCN(CCCSc2nnc(-c3cnco3)[nH]2)C1,4,4,1.0
herg_blockade,c1ccc2c(c1)CCC21CCN(CCCSc2nnc(-c3cncs3)[nH]2)C1,4,4,1.0
herg_blockade,c1ccc2c(c1)Cc1ccccc1C1(CCC(N3CCCCC3)C1)C2,4,0,0.0
herg_blockade,c1ccc2c(c1)NC1C3CC4CCN3C3CC21CC43,4,4,1.0
herg_blockade,c1ccc2c3c([nH]c2c1)C1CC2CCC1N(CC3)C2,4,3,0.75
herg_blockade,c1ccc2cc(COC3CCNC3)ccc2c1,4,1,0.25
herg_blockade,c1ccc2ccccc2c1,4,3,0.75
herg_blockade,c1ccc2ncncc2c1,4,0,0.0
herg_blockade,c1ccc2sc(Oc3ccc(CCN4CCCCC4)cc3)nc2c1,4,4,1.0
herg_blockade,c1cnc(Nc2cc(NCC3CNCCO3)ccn2)cn1,4,3,0.75
herg_blockade,c1cnc2ccc(CCN3CCCC3)cc2c1,4,1,0.25
herg_blockade,c1cnc2nc(Oc3ccc(CN4CCCCC4)cc3)sc2c1,4,1,0.25
herg_blockade,c1cncc(-c2ccc(C3CCOC3)cc2)c1,4,0,0.0
herg_blockade,c1cncc(-c2ccc3cc(CCN4CCCC4)ccc3n2)c1,4,3,0.75
herg_blockade,c1cncc(-c2ccccc2OC2CC3CNCC2C3)c1,4,4,1.0
herg_blockade,c1cncc(C(CN2CCOCC2)c2cccnc2)c1,4,0,0.0
herg_blockade,c1csc(C2CC2)c1,4,0,0.0
herg_blockade,c1nc(Nc2nccs2)cc(N2CCNCC2)n1,4,3,0.75
herg_blockade,c1ncc(-c2ccc(C3CC(N4CCCC4)C3)cc2)cn1,4,4,1.0
herg_blockade,c1nnc(C2CCC(Sc3nc4ccc(N5CCNCC5)cc4[nH]3)CC2)o1,4,2,0.5
herg_blockade,c1nnc(SCCCN2CCc3ccc(-c4ccon4)cc3CC2)[nH]1,4,4,1.0
herg_blockade,C(=C1CCCN2C1=NOC2c1ccccc1)c1ccc(-n2ccnc2)cc1,3,3,1.0
herg_blockade,C(=Cc1ccccc1)CNCc1ccc2c(c1)CCO2,3,3,1.0
herg_blockade,C(=Cc1ccccc1)c1ccccc1,3,0,0.0
herg_blockade,C(=Cc1cccnc1)c1ccccc1,3,0,0.0
herg_blockade,C(=Nc1ccc2[nH]cc(C3CCCCC3)c2c1)c1cccs1,3,0,0.0
herg_blockade,C(CN1CCCCC1)=C1CCCc2c1cnn2-c1ccccc1,3,3,1.0
herg_blockade,C1=C(c2ccccc2)CCN(CCNCc2ccno2)C1,3,3,1.0
herg_blockade,C1=C(c2nc(-c3cccnc3)no2)c2ccccc2C12CCN(CC1CCCO1)CC2,3,3,1.0
herg_blockade,C1=CC(c2ccccc2)CC=N1,3,0,0.0
herg_blockade,C1=NC(c2cccc(-c3cccnc3)c2)(C2CC2)N=C1,3,0,0.0
herg_blockade,C1=NC(c2cccc(-c3cncnc3)c2)Oc2ccccc21,3,3,1.0
herg_blockade,C1=NC(c2ccccc2)(c2cccc(-c3cccnc3)c2)N=C1,3,0,0.0
herg_blockade,C1=NC(c2ccncc2)(c2cccc(-c3cccnc3)c2)c2ccccc21,3,3,1.0
herg_blockade,C1=NC2(CO1)c1cc(-c3cccnc3)ccc1Oc1cnc(N3CCCC3)cc12,3,2,0.6666666666666666
herg_blockade,C1=NC2(CO1)c1cc(-c3cncnc3)ccc1OCC21CCC1,3,1,0.3333333333333333
herg_blockade,C1=Nc2ccccc2C1c1ccccc1,3,0,0.0
herg_blockade,C1CC2CCC(C1)N2,3,0,0.0
herg_blockade,C=C1c2ccccc2COc2ccccc21,3,3,1.0
herg_blockade,N=C(Cc1ccnc2cccnc12)C12CCC(NCc3ccc4c(n3)NC(=O)CO4)(CC1)CO2,3,3,1.0
herg_blockade,N=C(NCCCOc1ccccc1)Nc1ccccc1,3,3,1.0
herg_blockade,N=C(c1ccc(NC(=O)c2ccnn2-c2ccc3ccccc3c2)cc1)N1CCCC1,3,2,0.6666666666666666
herg_blockade,O=C(C(=O)N1CCN(C(=O)c2ccccc2)CC1)c1c[nH]c2cnccc12,3,0,0.0
herg_blockade,O=C(C1=CCC(c2ccccc2)CC1)N1CCn2cnnc2C1,3,0,0.0
herg_blockade,O=C(C1CC12CCN(C1CCOCC1)CC2)N1CCNCC1,3,0,0.0
herg_blockade,O=C(C1CCC(NCc2ccccc2)CC1)N1CCC(c2ccccc2)(c2cccnc2)CC1,3,3,1.0
herg_blockade,O=C(C1CCC(NCc2ccccc2)CC1)N1CCC(c2ccccc2)CC1,3,0,0.0
herg_blockade,O=C(C1CCN(Cc2ccccc2)C1)N1CCCC1,3,0,0.0
herg_blockade,O=C(C1CNCCC12OCc1ccccc12)N(Cc1cccc2ccccc12)C1CC1,3,2,0.6666666666666666
herg_blockade,O=C(C1CNCCC1c1cc[nH]c(=O)c1)N(Cc1cn(Cc2ccccc2)c2ccccc12)C1CC1,3,3,1.0
herg_blockade,O=C(C1CNCCC1c1ccc(OCCOc2ccccc2)cc1)N(Cc1ccccc1)C1CC1,3,3,1.0
herg_blockade,O=C(CC(CC1CC1)c1nc(-c2ccccc2)no1)N1CCCC1,3,0,0.0
herg_blockade,O=C(CCC1CCC(c2ccc3ncnn3c2)CC1)N1CCCC1,3,0,0.0
herg_blockade,O=C(CCCCC(c1ccccc1)c1ccccc1)N1CCN(C(=O)c2ccccc2)CC1,3,3,1.0
herg_blockade,O=C(CCCN1CCCCC1)Nc1cc(-c2ccccc2)n[nH]1,3,3,1.0
herg_blockade,O=C(CCCNC(=O)c1ccc2[nH]c3c(c2c1)CC(C1CCOCC1)CC3)NC1CC1,3,0,0.0
herg_blockade,O=C(CCc1ccc(-c2ccc3ncnn3c2)cc1)N1CCCC1,3,0,0.0
herg_blockade,O=C(CCc1ccccc1)NC1N=C(c2ccccc2)c2ccccc2NC1=O,3,3,1.0
herg_blockade,O=C(CN1CCN(c2ccc3ncc(Nc4nc(-c5ccccc5)cs4)n3c2)CC1)N1CCC1,3,0,0.0
herg_blockade,O=C(CN1CCNCC1)Nc1ccc(-c2cccc3c(=O)cc(N4CCOCC4)oc23)c2sc3ccccc3c12,3,0,0.0
herg_blockade,O=C(CN1Cc2c(-c3ccccc3)ccnc2C1=O)N1CCNCC1,3,0,0.0
herg_blockade,O=C(CNCCCc1ccccc1)N1CCCC1,3,0,0.0
herg_blockade,O=C(COc1ncnc2c1cnn2-c1ccccc1)Nc1cnccn1,3,0,0.0
herg_blockade,O=C(CSc1ccccn1)N1CCCc2ccccc21,3,1,0.3333333333333333
herg_blockade,O=C(Cc1ccc(-n2cnnn2)cc1)N1CCN(CCc2ccccc2)CC1,3,3,1.0
herg_blockade,O=C(Cc1ccc(-n2cnnn2)nc1)N1CCN2CC(c3ccc4nonc4c3)OCC2C1,3,0,0.0
herg_blockade,O=C(Cc1ccccc1)NC1(c2ccccc2)CCC(N2CCC3(CCOC3)CC2)CC1,3,3,1.0
herg_blockade,O=C(Cn1cc(-c2ccc(-n3ccnc3)cc2)nn1)N(Cc1ccccc1)Cc1ccccc1,3,3,1.0
herg_blockade,O=C(Cn1cc(Nc2nncc3cc(OCCCN4CCCC4)ccc23)cn1)Nc1ccccc1,3,0,0.0
herg_blockade,O=C(N1C2CCC1CNC2)C12CC1c1ccccc1-c1c(C3CCCCC3)c3ccccc3n1C2,3,0,0.0
herg_blockade,O=C(NC(CCN1C2CCC1CC(n1cnc3ccccc31)C2)c1ccccc1)c1cc[nH+]cc1,3,3,1.0
herg_blockade,O=C(NC(CCN1C2CCC1CC(n1cnc3ccccc31)C2)c1ccccc1)c1ccc[nH+]c1,3,2,0.6666666666666666
herg_blockade,O=C(NC(CCN1C2CCC1CC(n1cnc3ccccc31)C2)c1ccccc1)c1ccccc1,3,3,1.0
herg_blockade,O=C(NC(CCN1C2CCC1CC(n1cnnc1)C2)c1ccccc1)C1CCCCC1,3,1,0.3333333333333333
herg_blockade,O=C(NC(CCN1CCC(c2nnco2)CC1)c1ccccc1)C1CCC1,3,3,1.0
herg_blockade,O=C(NC(CCN1CCC(n2cnnc2)CC1)c1ccccc1)C1CCCCC1,3,1,0.3333333333333333
herg_blockade,O=C(NC1CC1)c1cccc(-c2cc3nnc(-c4ccccc4)n3[nH]c2=O)c1,3,0,0.0
herg_blockade,O=C(NC1CC1)c1cn(-c2cccc(-c3cccnc3)c2)c2ncccc2c1=O,3,0,0.0
herg_blockade,O=C(NC1CC1c1ccccc1)N1CCC(c2nc(-c3ccccc3)no2)CC1,3,2,0.6666666666666666
herg_blockade,O=C(NC1CC2CCCC(C1)N2)c1cccc2oc(-c3ccccc3)nc12,3,3,1.0
herg_blockade,O=C(NC1CC2CCCC(C1)N2)c1cccc2oc(C3CC3)nc12,3,3,1.0
herg_blockade,O=C(NC1CC2CCCC(C1)N2)c1cccc2oc(N3CCNCC3)nc12,3,3,1.0
herg_blockade,O=C(NC1CC2CCCC(C1)N2)c1cccc2oc(N3CCOCC3)nc12,3,3,1.0
herg_blockade,O=C(NC1CCC(c2ccccc2)Cn2ccnc21)N1CCC2(CC1)C(=O)Nc1ncccc12,3,2,0.6666666666666666
herg_blockade,O=C(NC1CCN(CCCOc2ccccc2)CC1)c1ccccc1,3,3,1.0
herg_blockade,O=C(NC1CCN(Cc2cccc(Oc3ccccc3)c2)CC1)C1(c2ccccc2)CCNCC1,3,1,0.3333333333333333
herg_blockade,O=C(NC1CCN2CCCC1C2)c1ccccc1,3,3,1.0
herg_blockade,O=C(NC1COc2cccc(N3CCNCC3)c2C1)c1cnn(-c2ccccc2)n1,3,2,0.6666666666666666
herg_blockade,O=C(NCC(=O)N1CCC(NC2CCC(c3ccccn3)CC2)C1)c1ccccc1,3,0,0.0
herg_blockade,O=C(NCC(c1ccccc1)c1nc2ccccc2[nH]1)c1ccc(-n2cncn2)cc1,3,2,0.6666666666666666
herg_blockade,O=C(NCC1CCCC1)N1CCC(c2nc(-c3ccc4ccccc4n3)no2)CC1,3,1,0.3333333333333333
herg_blockade,O=C(NCC1CCCCN1)c1ccccc1,3,3,1.0
herg_blockade,O=C(NCC1CCN(CC2=Cc3ccccc3OC2)CC1)c1ccccc1,3,2,0.6666666666666666
herg_blockade,O=C(NCC1CCN(CC2CCOCC2)CC1)c1ccccc1,3,3,1.0
herg_blockade,O=C(NCC1CCN(CCCCCC(c2ccccc2)c2ccccc2)C1)c1ccccc1,3,3,1.0
herg_blockade,O=C(NCCCN1CCC(Oc2ccccc2)CC1)c1ccc(=O)[nH]c1,3,1,0.3333333333333333
herg_blockade,O=C(NCCCN1CCC(Oc2ccccc2)CC1)c1cn[nH]c1,3,3,1.0
herg_blockade,O=C(NCCCN1CCN(c2ccccc2)CC1)c1c[nH]c(-c2ccccn2)c1,3,3,1.0
herg_blockade,O=C(NCCCN1CCN(c2ccccc2)CC1)c1ccncn1,3,2,0.6666666666666666
herg_blockade,O=C(NCCCNc1ncc2ccccc2n1)C1CCCO1,3,0,0.0
herg_blockade,O=C(NCCN1CCCC1)c1ccc(CN2CCC(NC(=O)c3cc(=O)c4ccccc4o3)CC2)cc1,3,1,0.3333333333333333
herg_blockade,O=C(NCCc1ccc(-c2ccccc2)cc1)C1CCCCN1,3,2,0.6666666666666666
herg_blockade,O=C(NCCc1ccc(-c2ccccc2)cc1)C1CCOCC1,3,0,0.0
herg_blockade,O=C(NCc1ccccc1)C1CCN(Cc2ccn(-c3ccccc3)c2)CC1,3,3,1.0
herg_blockade,O=C(NCc1ccccc1)C1CSCN1C(=O)CCCc1ccccc1,3,2,0.6666666666666666
herg_blockade,O=C(NCc1ccccc1)N(c1ccccc1)C1CCN(C2CCCC2)CC1,3,3,1.0
herg_blockade,O=C(NCc1ccccc1)N(c1ccccc1)C1CCN(Cc2ccncc2)CC1,3,3,1.0
herg_blockade,O=C(NCc1ccccc1)N(c1ccccc1)C1CCNCC1,3,2,0.6666666666666666
herg_blockade,O=C(NCc1cccnc1)c1cc(C(=O)N2CCCC2)n2c1COCC2,3,0,0.0
herg_blockade,O=C(NNc1ccccc1)c1c(CN2CCN(C3CCOCC3)CC2)c(-c2ccccc2)nc2ccccc12,3,3,1.0
herg_blockade,O=C(Nc1cc(C2CC2)on1)n1ccc2ccc(Oc3ncnc4c3CCNC4)cc21,3,3,1.0
herg_blockade,O=C(Nc1ccc(-c2nnc(NCCCN3CCCC3)o2)cc1)c1ccccc1,3,3,1.0
herg_blockade,O=C(Nc1ccc(CC2CCC(Cc3cccnc3)N2)cc1)C1CCc2scnc21,3,1,0.3333333333333333
herg_blockade,O=C(Nc1ccc(OCCN2CCOCC2)c(-c2ccn[nH]2)c1)c1ccccc1,3,2,0.6666666666666666
herg_blockade,O=C(Nc1ccc(Oc2ccccc2)cc1C(=O)Nc1ccccn1)c1ccccc1,3,2,0.6666666666666666
herg_blockade,O=C(Nc1ccc2c(c1)C1(COC=N1)C1(CC1)CO2)c1cnccn1,3,0,0.0
herg_blockade,O=C(Nc1cccc(-c2cccs2)c1)c1ccccc1,3,2,0.6666666666666666
herg_blockade,O=C(Nc1ccccc1)N(CCCN1CCNCC1)C1CCC2(c3ccccc3)CC12,3,3,1.0
herg_blockade,O=C(Nc1ccccc1)N1C2CCC1CC(S(=O)(=O)c1ccccn1)C2,3,0,0.0
herg_blockade,O=C(Nc1ccccc1)NC(Cc1ccccc1)C(=O)NC1CCC[NH+](Cc2ccccc2)C1,3,3,1.0
herg_blockade,O=C(Nc1ccccc1)NS(=O)(=O)c1ccc(OCCCCN2CCCC2)cc1,3,0,0.0
herg_blockade,O=C(Nc1ccccc1)NS(=O)(=O)c1ccc(OCCN2CCCC2)cc1,3,0,0.0
herg_blockade,O=C(Nc1ccccc1)Nc1cccc(S(=O)(=O)C2CCNCC2)c1,3,0,0.0
herg_blockade,O=C(Nc1ccccc1)c1[nH]c2ccccc2c1C1CCCNC1,3,3,1.0
herg_blockade,O=C(Nc1ccccc1)c1ccc(N2CCN(C(=O)C=Cc3ccccc3)CC2)cc1,3,0,0.0
herg_blockade,O=C(Nc1ccccn1)c1ccc(-c2nc(C3CCCCC3)n3ccncc23)cc1,3,0,0.0
herg_blockade,O=C(Nc1ccccn1)c1ccc(-c2nc(C3CCCNC3)n3ccncc23)cc1,3,3,1.0
herg_blockade,O=C(Nc1cnccn1)c1cc(Oc2ccccc2)c2ccoc2c1,3,1,0.3333333333333333
herg_blockade,O=C(OC1COC1)N1CCN(c2ncc(OCc3ccccc3)cn2)CC1,3,0,0.0
herg_blockade,O=C(OCCc1ccccc1)c1ccccc1,3,0,0.0
herg_blockade,O=C(c1ccc(-c2cccs2)cc1)N1CCn2c(nnc2-c2cscn2)C1,3,0,0.0
herg_blockade,O=C(c1ccc(-c2cncc(-c3cccnc3)c2)cc1)N1CCNCC1,3,1,0.3333333333333333
herg_blockade,O=C(c1ccc(CC2CCC(Cc3ccccc3)N2)cc1)N1CCN(Cc2nn[nH]n2)CC1,3,0,0.0
herg_blockade,O=C(c1ccc(CN2CCC(c3ccccc3)CC2)cc1)c1nc2ccccc2n1-c1ccccc1,3,3,1.0
herg_blockade,O=C(c1ccc(OC2CC(N3CCCCC3)C2)cc1)N1CCCCC1,3,0,0.0
herg_blockade,O=C(c1ccccc1)N(c1ccccn1)C1CCN(c2ccccn2)CC1,3,3,1.0
herg_blockade,O=C(c1ccccc1)N1CC2CC(CN(Cc3ccccc3)C2)C1,3,3,1.0
herg_blockade,O=C(c1ccccc1)N1CCN(c2ccc(OC3CCNCC3)cc2)C(=O)C1,3,0,0.0
herg_blockade,O=C(c1ccccc1)N1CCc2oc(-c3ccccn3)nc2C1,3,0,0.0
herg_blockade,O=C(c1ccccc1)N1CCn2c(nnc2-c2ccccn2)C1,3,0,0.0
herg_blockade,O=C(c1ccccc1)c1ccccc1,3,0,0.0
herg_blockade,O=C(c1ccccn1)N1CCC2(CCN(Cc3cccc4c3CCO4)CC2)CC1,3,1,0.3333333333333333
herg_blockade,O=C(c1ccccn1)N1CCC2(CCN(Cc3cccc4c3OCO4)CC2)CC1,3,2,0.6666666666666666
herg_blockade,O=C(c1ccncc1)N1CCC2(CCN(Cc3ccccc3Oc3ccccc3)CC2)CC1,3,2,0.6666666666666666
herg_blockade,O=C(c1csc(Nc2ccccc2)n1)N1CCCCC1,3,0,0.0
herg_blockade,O=C(c1nnc(-c2ccccc2)o1)N1CC(Oc2ccc(CN3CCCC3)cc2)C1,3,1,0.3333333333333333
herg_blockade,O=C(c1nnc(-c2ccccc2)o1)N1CC(Oc2ccccc2)C1,3,1,0.3333333333333333
herg_blockade,O=C1C(N(CCCc2ccccc2)Cc2cncn2Cc2ccccc2)CCN1Cc1ccccc1,3,3,1.0
herg_blockade,O=C1C(N(CCN2CCNCC2)Cc2cncn2Cc2ccccc2)CCN1Cc1ccccc1,3,3,1.0
herg_blockade,O=C1C(N(CCN2CCOCC2)Cc2cncn2Cc2ccccc2)CCN1Cc1ccccc1,3,3,1.0
herg_blockade,O=C1C([NH+]Cc2cncn2Cc2ccccc2)CCN1Cc1ccccc1,3,3,1.0
herg_blockade,O=C1C2CCN1c1cccc3ccc(cc13)Oc1cccc(c1)Cn1cncc1CN2,3,2,0.6666666666666666
herg_blockade,O=C1C=C(C2CCC3C2CCC2C4CCC(OC5CCCCO5)CC4CCC23)CO1,3,2,0.6666666666666666
herg_blockade,O=C1C=C2CCC3C(CCC4C3CCC43CCC(=O)O3)C2CC1,3,0,0.0
herg_blockade,O=C1C=CC(=O)c2ccccc21,3,3,1.0
herg_blockade,O=C1C=CC2C(CCC3C4CC(=Cc5ccccc5)CC4CCC23)N1,3,3,1.0
herg_blockade,O=C1C=CC2C(CCC3C4CCCC4CCC23)N1,3,0,0.0
herg_blockade,O=C1C=CC2CCC3CC(=O)OC3C2=C1,3,0,0.0
herg_blockade,O=C1CC(OC2CCCCO2)CC(OC2CCCCO2)CCC2(CO2)C(=O)CCCCO1,3,0,0.0
herg_blockade,O=C1CC(c2ccccc2)Oc2ccccc21,3,0,0.0
herg_blockade,O=C1CC(c2ccccc2)Sc2ccccc2N1,3,0,0.0
herg_blockade,O=C1CC=[N+](C2CC2)c2cc(N3CCNCC3)ccc21,3,0,0.0
herg_blockade,O=C1CCCC(CCC2CC=CC3=CCCCC32)O1,3,1,0.3333333333333333
herg_blockade,O=C1CCc2cc(CCN3CCC(c4ccc5c(c4)COCC5)CC3)ccc2N1,3,0,0.0
herg_blockade,O=C1CCc2cc(CCN3CCC(c4cccc(COc5ccccc5)c4)CC3)ccc2N1,3,3,1.0
herg_blockade,O=C1CNC(=O)C(Cc2ccccc2)NC(=O)CNC(=O)C(Cc2ccccc2)N1,3,0,0.0
herg_blockade,O=C1COc2cc(CCN3CCC(c4ccccc4)CC3)ccc2N1,3,3,1.0
herg_blockade,O=C1COc2ccc(CNC34CCC(CC5CN6C(=O)CCc7nccc5c76)(CC3)OC4)nc2N1,3,0,0.0
herg_blockade,O=C1COc2ccc(CNC34CCC(CCc5ccnc6ccc(OC7CCOC7)nc56)(CC3)OC4)nc2N1,3,2,0.6666666666666666
herg_blockade,O=C1COc2ccc(CNC34CCC(CCc5ccnc6ccc(OCC7CCCC7)nc56)(CC3)OC4)nc2N1,3,3,1.0
herg_blockade,O=C1COc2ccc(CNC3CCN(CCn4c(=O)ccc5ncc(Oc6ccon6)cc54)CC3)nc2N1,3,0,0.0
herg_blockade,O=C1Cc2ccccc2N1C1CCN(CC2CCNCC2)C1,3,3,1.0
herg_blockade,O=C1N(C2CCCCC2)CC(c2ccccc2)N1C1CCN(Cc2ccc(Oc3ccccc3)cc2)CC1,3,2,0.6666666666666666
herg_blockade,O=C1N(CCN2CC3CCC(C3)C2)CCN1c1ccccc1,3,3,1.0
herg_blockade,O=C1NCC(=O)N2C1Cc1c([nH]c3ccccc13)C2c1ccc2c(c1)OCO2,3,0,0.0
herg_blockade,O=C1NCC(c2ccccc2)N1CCCc1ccccc1,3,0,0.0
herg_blockade,O=C1NCCCC1n1cc(-c2ccc(-n3ccnc3)cc2)nn1,3,0,0.0
herg_blockade,O=C1NCCN1CCN1CCC(C2CN(c3ccccc3)c3ccccc32)CC1,3,3,1.0
herg_blockade,O=C1NCc2c(-c3ccccc3)nc(N3CCNCC3)nc2N1c1ccccc1,3,3,1.0
herg_blockade,O=C1NCc2cc3c(cc21)CCN(CCCSc1nnc(-c2cccc4ncccc24)[nH]1)CC3,3,2,0.6666666666666666
herg_blockade,O=C1Nc2ccc(CCN3CCC(c4ccccc4)CC3)cc2CO1,3,3,1.0
herg_blockade,O=C1Nc2ccccc2C1=Cc1ccc[nH]1,3,0,0.0
herg_blockade,O=C1OCCN1c1ccc(-c2ccc3c(c2)OCC2COC(=O)N32)cn1,3,0,0.0
herg_blockade,O=C1OCc2cc(CCN3CCC4(CC3)CCN(c3ccccn3)C4)ccc21,3,2,0.6666666666666666
herg_blockade,O=C1OCc2cc(CCN3CCN(C(=O)Cc4ccc(-n5cnnn5)cn4)CC3)ccc21,3,0,0.0
herg_blockade,O=C1c2c([nH]c3ccccc23)CCC1Cn1ccnc1,3,3,1.0
herg_blockade,O=C1c2ccccc2C(=O)c2ccccc21,3,1,0.3333333333333333
herg_blockade,O=P(Nc1ccccc1)(c1ccccc1)c1ccccc1,3,0,0.0
herg_blockade,O=S(=O)(Cc1ccccc1)NCCN1CC2CN(CCCOc3ccccc3)CC(C1)O2,3,0,0.0
herg_blockade,O=S(=O)(Cc1ccccc1)NCCN1CC2CN(CCOc3ccccc3)CC(C1)O2,3,0,0.0
herg_blockade,O=S(=O)(NC1CCc2cc3ccccc3n2C1)c1ccccc1,3,0,0.0
herg_blockade,O=S(=O)(NCCCN1CC2CN(Cc3ccccc3)CC(C1)O2)c1ccccc1,3,0,0.0
herg_blockade,O=S(=O)(NCCN1CC2CN(Cc3c[nH]c4ccccc34)CC(C1)O2)c1ccccc1,3,0,0.0
herg_blockade,O=S(=O)(Nc1ccccc1)c1ccccc1,3,0,0.0
herg_blockade,O=S(=O)(c1ccc2c(c1)CCNCC2)N1CC(Oc2ccccc2)C1,3,3,1.0
herg_blockade,O=S(=O)(c1ccc2c(c1)CCNCC2)N1CCC(Oc2ccccc2)C1,3,3,1.0
herg_blockade,O=S(=O)(c1ccccc1)C1CC2(c3ccccc3)NC1CCC2OCc1ccccc1,3,3,1.0
herg_blockade,O=S1(=O)CC(c2ccc(OCCCN3CCCCC3)cc2)Oc2ccccc21,3,3,1.0
herg_blockade,O=c1[nH]c2cc3c(cc2c2n[nH]cc12)CCCC3,3,1,0.3333333333333333
herg_blockade,O=c1[nH]c2ccc(-c3ccc(C4CC=NN4c4ccccc4)cc3)cc2o1,3,1,0.3333333333333333
herg_blockade,O=c1[nH]c2ccccc2c2nc(N3CCCCC3)n(Cc3ccccc3)c12,3,2,0.6666666666666666
herg_blockade,O=c1[nH]c2ccccc2n1C1CCN(C2CCOCC2)CC1,3,0,0.0
herg_blockade,O=c1[nH]c2nc(N3CCCCC3)[nH]c2c(=O)n1Cc1nccc2ccccc12,3,3,1.0
herg_blockade,O=c1[nH]c2nc(Nc3ccccc3)ncc2cc1-c1ccccc1,3,1,0.3333333333333333
herg_blockade,O=c1c2cc(NS(=O)(=O)NCC3COCCO3)ccc2ccc2ncc(-c3cn[nH]c3)cc12,3,0,0.0
herg_blockade,O=c1c2cc(Oc3ccccc3)cnc2ncn1CC1CCCNC1,3,3,1.0
herg_blockade,O=c1c2ccccc2ncn1-c1ccc(OCCCN2CCCCC2)cc1,3,3,1.0
herg_blockade,O=c1c2nccn2ccn1CC1(c2ccccc2)CC1,3,0,0.0
herg_blockade,O=c1c2nn(-c3ccccc3)cc2nc(-c2cccnc2)n1CC1CCCNC1,3,0,0.0
herg_blockade,O=c1c2scc(-c3ccccc3)c2ncn1-c1ccccc1,3,1,0.3333333333333333
herg_blockade,O=c1cc(-c2ccc(OC3CCN(C4CCC4)CC3)cc2)cnn1-c1ccccn1,3,0,0.0
herg_blockade,O=c1cc(-c2nnc(SCCCN3CC4CCN(c5ccccc5)C4C3)[nH]2)cc[nH]1,3,3,1.0
herg_blockade,O=c1cc(N2CCC(c3ccccc3)CC2)ccn1CC1CC1,3,3,1.0
herg_blockade,O=c1cc(OCc2ccccc2)ccn1-c1ccc2[nH]ncc2c1,3,2,0.6666666666666666
herg_blockade,O=c1cc[nH]c2cc(N3CCNCC3)ccc12,3,0,0.0
herg_blockade,O=c1ccc(CN2CCN(c3ccccc3)CC2)c2ccccn12,3,3,1.0
herg_blockade,O=c1ccc2ccccc2n1CCN1CCC(NCc2cccnc2)CC1,3,1,0.3333333333333333
herg_blockade,O=c1ccc2ncccc2n1CCN1CCN(c2nc3ccccc3[nH]2)CC1,3,2,0.6666666666666666
herg_blockade,O=c1ccn(C2CC2)c2cc(N3CC4CCCNC4C3)ccc12,3,0,0.0
herg_blockade,O=c1ccn(C2CCCO2)c(=O)[nH]1,3,0,0.0
herg_blockade,O=c1nc(NC2CC3CCC(C2)N3c2ccc3c(c2)OCO3)c2ccccc2[nH]1,3,3,1.0
herg_blockade,O=c1nc(NC2CCN(Cc3ccc4c(c3)OCO4)CC2)c2ccccc2[nH]1,3,3,1.0
herg_blockade,O=c1oc2ccccc2c(Oc2ccccc2)c1-c1ccccc1,3,0,0.0
herg_blockade,c1cc(N2CCOCC2)nc(-c2ccc3[nH]ccc3c2)n1,3,0,0.0
herg_blockade,c1cc(Nc2cncc(OC3CCNC3)n2)ncc1-c1cn[nH]c1,3,0,0.0
herg_blockade,c1cc(Nc2nccs2)ncn1,3,1,0.3333333333333333
herg_blockade,c1cc2c(-c3cc4[nH]cnc4c(N4CCOCC4)n3)cncc2[nH]1,3,1,0.3333333333333333
herg_blockade,c1cc2cc(-c3ccc(N4CC5CC4CN5)nc3)ccc2[nH]1,3,1,0.3333333333333333
herg_blockade,c1cc2cc(-c3cnc(N4CC5CC4CN5)nc3)ccc2[nH]1,3,3,1.0
herg_blockade,c1ccc(-c2[nH]c3ccccc3c2C2CCCCN2)cc1,3,3,1.0
herg_blockade,c1ccc(-c2c[nH]c(C3CCCCC3)n2)cc1,3,3,1.0
herg_blockade,c1ccc(-c2c[nH]c(C3Cc4c([nH]c5ccccc45)C(c4cccnc4)(c4cn[nH]c4)N3)n2)cc1,3,2,0.6666666666666666
herg_blockade,c1ccc(-c2c[nH]c(C3Cc4c([nH]c5ccccc45)C(c4cn[nH]c4)(c4ncon4)N3)n2)cc1,3,3,1.0
herg_blockade,c1ccc(-c2cc3c(ccn4cnnc34)nc2-c2ccc(CN3CCC(c4n[nH]c(-c5ccccn5)n4)CC3)cc2)cc1,3,2,0.6666666666666666
herg_blockade,c1ccc(-c2ccc(CCc3ncc[nH]3)cc2)nc1,3,3,1.0
herg_blockade,c1ccc(-c2ccc3cnc(Nc4cnccc4N4CCCCC4)n3n2)nc1,3,2,0.6666666666666666
herg_blockade,c1ccc(-c2ccccc2CNC2CCNC2)cc1,3,3,1.0
herg_blockade,c1ccc(-c2ccnc(NCc3n[nH]c4ncccc34)c2)cc1,3,3,1.0
herg_blockade,c1ccc(-c2ccnc(Nc3ccc(N4CCOCC4)cc3)c2)cc1,3,2,0.6666666666666666
herg_blockade,c1ccc(-c2ccsc2)cc1,3,1,0.3333333333333333
herg_blockade,c1ccc(-c2cnc(CNC3CCCC3)[nH]2)cc1,3,1,0.3333333333333333
herg_blockade,c1ccc(-c2cncc(-c3cccnc3)n2)cc1,3,2,0.6666666666666666
herg_blockade,c1ccc(-c2cnn(Cc3cn[nH]c3)c2)cc1,3,0,0.0
herg_blockade,c1ccc(-c2nc(-c3ccc4c(c3)CCNC4)no2)cc1,3,0,0.0
herg_blockade,c1ccc(-c2nc(-c3ccccn3)no2)cc1,3,1,0.3333333333333333
herg_blockade,c1ccc(-c2nc(COc3ccccc3CN3CCCCCCC3)cs2)cc1,3,3,1.0
herg_blockade,c1ccc(-c2nc3c(N4CCCCC4)ncnc3n2-c2ccccc2)cc1,3,3,1.0
herg_blockade,c1ccc(-c2nc[nH]c2-c2ccncc2)cc1,3,0,0.0
herg_blockade,c1ccc(-c2nnc(SCCCN3CCc4cc5ncoc5cc4CC3)[nH]2)cc1,3,3,1.0
herg_blockade,c1ccc(-n2nnc3ccc(NCC4CCNCC4)nc32)cc1,3,2,0.6666666666666666
herg_blockade,c1ccc(C2(COCc3cccc(N4CCCC4)n3)CCNCC2)cc1,3,3,1.0
herg_blockade,c1ccc(C2(Cn3ccnc3)OCC(COc3ccc(N4CCNCC4)cc3)O2)cc1,3,3,1.0
herg_blockade,c1ccc(C2(c3ccccc3)CNC(c3cnccn3)=N2)cc1,3,1,0.3333333333333333
herg_blockade,c1ccc(C23CC2CCN(CCCSc2nnc(-c4cnco4)[nH]2)C3)cc1,3,3,1.0
herg_blockade,c1ccc(C23CC2CN(CCCCc2nnc(-c4cccnc4)[nH]2)C3)cc1,3,3,1.0
herg_blockade,c1ccc(C23CC2CN(CCCCc2nnc(-c4cncs4)[nH]2)C3)cc1,3,3,1.0
herg_blockade,c1ccc(C23CCC(NCCCSc4nnc(-c5cnco5)[nH]4)C2C3)cc1,3,3,1.0
herg_blockade,c1ccc(C2=NCc3nncn3-c3ccccc32)cc1,3,0,0.0
herg_blockade,c1ccc(C2=NN(c3ccccc3)C(c3ccccc3)C2)cc1,3,1,0.3333333333333333
herg_blockade,c1ccc(C2C3CN(CC4Cc5ccccc5C4)CC32)cc1,3,3,1.0
herg_blockade,c1ccc(C2CC23CCN(CCSc2nnc(-c4cnco4)[nH]2)C3)cc1,3,3,1.0
herg_blockade,c1ccc(C2CCCn3nc(-c4ccc(-n5ccnc5)cc4)nc32)cc1,3,2,0.6666666666666666
herg_blockade,c1ccc(C2CCN(c3ccc4nncn4n3)CC2)cc1,3,0,0.0
herg_blockade,c1ccc(C2CC[n+]3c([nH]c4cnccc43)C2)cc1,3,0,0.0
herg_blockade,c1ccc(C2CNCC2CN2CCC(c3cc(Cc4ccc(C5COC5)cc4)n[nH]3)CC2)cc1,3,3,1.0
herg_blockade,c1ccc(C2CNCC2CN2CCC(c3cc(Cc4ccc(OC5CCC5)cc4)n[nH]3)CC2)cc1,3,3,1.0
herg_blockade,c1ccc(CC2CCN(CCOc3ccccc3)CC2)cc1,3,1,0.3333333333333333
herg_blockade,c1ccc(CCCCN2CCC(c3ccccc3)CC2)cc1,3,3,1.0
herg_blockade,c1ccc(CCN2C3CCC2CC(c2c(-c4ccccc4)[nH]c4ccccc24)C3)cc1,3,3,1.0
herg_blockade,c1ccc(CCN2CCC3(CCc4ccccc4C3)CC2)cc1,3,3,1.0
herg_blockade,c1ccc(CCN2CCN(c3cccc4ncccc34)CC2)cc1,3,3,1.0
herg_blockade,c1ccc(CCNCCC(c2ccccc2)c2ccccc2)cc1,3,3,1.0
herg_blockade,c1ccc(CN2C3CCC2CC(Oc2ccccn2)C3)cc1,3,3,1.0
herg_blockade,c1ccc(CN2CCC(CNCCCCCC(c3ccccc3)c3ccccc3)C2)cc1,3,3,1.0
herg_blockade,c1ccc(CN2CCN(c3ccc4nncn4n3)CC2)cc1,3,1,0.3333333333333333
herg_blockade,c1ccc(CNC2CCNC2)cc1,3,1,0.3333333333333333
herg_blockade,c1ccc(CNCC2CCN(CCCCCC(c3ccccc3)c3ccccc3)C2)cc1,3,3,1.0
herg_blockade,c1ccc(CNc2ccnc(-c3ccccn3)n2)cc1,3,0,0.0
herg_blockade,c1ccc(CNc2ccnc3ccccc23)cc1,3,3,1.0
herg_blockade,c1ccc(COC(Cn2ccnc2)c2ccccc2)cc1,3,3,1.0
herg_blockade,c1ccc(Cn2c(N3CCC(n4cccn4)CC3)nc3ccccc32)cc1,3,3,1.0
herg_blockade,c1ccc(Nc2ccnc(NC3CCOCC3)n2)cc1,3,1,0.3333333333333333
herg_blockade,c1ccc(Nc2ccnc3ccc(N4CCCNCC4)cc23)cc1,3,3,1.0
herg_blockade,c1ccc(Nc2cncc3cncn23)cc1,3,2,0.6666666666666666
herg_blockade,c1ccc(Nc2nc3ccc(N4CCNCC4)cc3[nH]2)nc1,3,2,0.6666666666666666
herg_blockade,c1ccc(Nc2nccc3ccccc23)cc1,3,0,0.0
herg_blockade,c1ccc(OC2CC3CCC(C2)N3CCC2CCCCC2)cc1,3,0,0.0
herg_blockade,c1ccc(OCCCCN2CCCCC2)cc1,3,0,0.0
herg_blockade,c1ccc(OCCCN2CCCCC2)cc1,3,0,0.0
herg_blockade,c1ccc(OCCN2CCCCC2)cc1,3,0,0.0
herg_blockade,c1ccc(Oc2ccnc3cc(-c4cnn(C5CCNCC5)c4)ccc23)cc1,3,3,1.0
herg_blockade,c1ccc2[nH]c(-c3ccc(N4CCC5(CCCCO5)CC4)nc3)nc2c1,3,2,0.6666666666666666
herg_blockade,c1ccc2[nH]ccc2c1,3,0,0.0
herg_blockade,c1ccc2c(-c3[nH]c4ccccc4c3C3CCCNC3)cccc2c1,3,3,1.0
herg_blockade,c1ccc2c(c1)CC(CNC1CCC(n3cnc4ccccc43)CC1)C2,3,3,1.0
herg_blockade,c1ccc2c(c1)CCC1C2CCC2CCCC21,3,0,0.0
herg_blockade,c1ccc2c(c1)CCc1ccccc1N2,3,2,0.6666666666666666
herg_blockade,c1ccc2c(c1)CN(CCc1c[nH]c3ccccc13)C2,3,1,0.3333333333333333
herg_blockade,c1ccc2c(c1)Nc1cccc3c1c-2[nH+]c1ccccc13,3,2,0.6666666666666666
herg_blockade,c1ccc2c(c1)Sc1ccccc1N2CCCN1CCNCC1,3,3,1.0
herg_blockade,c1ccc2c(c1)c(-c1nc(CN3CCCC3)cs1)cn2CC1CCOCC1,3,3,1.0
herg_blockade,c1ccc2c(c1)ncn1nc(CN3CCN(c4cn[nH]c4)CC3)nc21,3,0,0.0
herg_blockade,c1ccc2c3c([nH]c2c1)CCCC3,3,3,1.0
herg_blockade,c1ccc2cc(-c3[nH]c4ccccc4c3C3CCCNC3)ccc2c1,3,3,1.0
herg_blockade,c1ccc2cc(-n3ccc(OCCN4CCOCC4)n3)ccc2c1,3,1,0.3333333333333333
herg_blockade,c1ccc2cc(CNC3CCNCC3)ccc2c1,3,1,0.3333333333333333
herg_blockade,c1ccc2cc(CNc3ccc(OC4CCNCC4)cc3)ccc2c1,3,2,0.6666666666666666
herg_blockade,c1ccncc1,3,0,0.0
herg_blockade,c1cnc(Nc2ccc(-c3cn[nH]c3)cn2)cn1,3,2,0.6666666666666666
herg_blockade,c1cnc2c(N3CCC3)ncnc2c1,3,0,0.0
herg_blockade,c1cnc2c(c1)cc(C1CC1)n2C1CCCNC1,3,3,1.0
herg_blockade,c1cncc(-c2ccc(C3CCNC3)cc2)c1,3,2,0.6666666666666666
herg_blockade,c1csc(SCCN2CCC(CCCc3ccnc4ccccc34)CC2)c1,3,0,0.0
herg_blockade,c1nc(Nc2cnc3[nH]ccc3c2)c2cc(-c3nnco3)cn2n1,3,3,1.0
herg_blockade,C(#Cc1cc(-c2[nH]nc3c2Cc2cc(CN4CCNCC4)ccc2-3)cs1)COc1ccccc1,2,2,1.0
herg_blockade,C(#Cc1cc(-c2[nH]nc3c2Cc2ccccc2-3)cs1)COc1ccccc1,2,0,0.0
herg_blockade,C(#Cc1ccc2ccccc2n1)c1ccccn1,2,0,0.0
herg_blockade,C(#Cc1cccc(C#CCOc2ccccc2)[nH+]1)COc1ccccc1,2,0,0.0
herg_blockade,C(#Cc1cccc(CCCOc2ccccc2)[nH+]1)COc1ccccc1,2,2,1.0
herg_blockade,C(#Cc1cccs1)c1ncc2ncn(C3CCC4CC43)c2n1,2,0,0.0
herg_blockade,C(=C(c1ccccc1)c1ncno1)c1cccc(-c2cccc3cccnc23)c1,2,0,0.0
herg_blockade,C(=Cc1ccccn1)c1ccccc1,2,0,0.0
herg_blockade,C(=Cc1nc(N2CCCCC2)c2ccccc2n1)c1cccnc1,2,2,1.0
herg_blockade,C(=Cc1nc(NCc2ccccc2)c2c3c(sc2n1)CCC3)c1ccc(-n2ccnc2)cc1,2,2,1.0
herg_blockade,C(=Cc1nc2ccccc2[nH]1)c1ccc(-n2ccnc2)cc1,2,2,1.0
herg_blockade,C(=Cc1ncc2c(n1)oc1ccccc12)c1ccc(-n2ccnc2)cc1,2,2,1.0
herg_blockade,C(=Cc1ncc2c3c(sc2n1)CCCCC3)c1ccc(-n2ccnc2)cc1,2,2,1.0
herg_blockade,C(=Cc1ncc2ccccc2n1)c1ccc(-n2ccnc2)cc1,2,2,1.0
herg_blockade,C(=Cc1ncc2ccsc2n1)c1ccc(-n2ccnc2)cc1,2,2,1.0
herg_blockade,C(=Cc1ncnc(Nc2ccccc2)n1)c1ccc(-n2ccnc2)cc1,2,2,1.0
herg_blockade,C(CC(CC1CC1)c1nc(-c2ccccc2)no1)=C1CCCC1,2,2,1.0
herg_blockade,C(CCc1cc2ccccc2c2ccccc12)=NN=Cc1ccccc1,2,2,1.0
herg_blockade,C1=C(CN2CCCC2)NC(c2nccs2)=NC1c1ccccc1,2,0,0.0
herg_blockade,C1=C(Cc2cccnn2)c2ccccc2C1,2,2,1.0
herg_blockade,C1=C(c2ccccc2)NCCN=C1NCCc1ccccc1,2,2,1.0
herg_blockade,C1=C(c2ccccc2)c2ccccc2OC12CCCNC2,2,0,0.0
herg_blockade,C1=CC(C(c2cc[nH+]cc2)c2cccc(OC3CCC3)c2)=CNC1,2,0,0.0
herg_blockade,C1=CC(Cc2ccccc2)NC=C1C(c1ccccc1)c1cc[nH+]cc1,2,2,1.0
herg_blockade,C1=CC2C3CCCC3CCC2C2Cc3cnn(-c4ccccc4)c3C=C12,2,0,0.0
herg_blockade,C1=CC2C3Cc4cccc5c4C2(CC[NH+]3)C(C1)O5,2,0,0.0
herg_blockade,C1=CC2CCC(C1)N2,2,0,0.0
herg_blockade,C1=CCC(c2cc3ccccc3o2)CNC1,2,0,0.0
herg_blockade,C1=CCN(C2CCC3(Cc4ccccc4Cc4ccccc43)C2)CC1,2,0,0.0
herg_blockade,C1=CCOCc2cc(ccc2OCCN2CCCC2)Nc2nccc(n2)-c2ccc(o2)COC1,2,0,0.0
herg_blockade,C1=CCOCc2cc(ccc2OCCN2CCCC2)Nc2nccc(n2)-c2ccc(s2)COC1,2,2,1.0
herg_blockade,C1=CCOCc2cc(ccc2OCCN2CCCC2)Nc2nccc(n2)-c2ccnc(c2)OCC1,2,2,1.0
herg_blockade,C1=Cn2c3c(c4ccccc42)CCN2CCCC1C32,2,2,1.0
herg_blockade,C1=NC(Cc2ccccc2)(c2cccc(-c3cncnc3)c2)N=C1,2,0,0.0
herg_blockade,C1=NC(c2cccc(-c3ccccc3)c2)NC1,2,0,0.0
herg_blockade,C1=NC(c2cccc(-c3cccnc3)c2)N=C1,2,0,0.0
herg_blockade,C1=NC(c2ccccc2)(c2cccc(-c3cncnc3)c2)c2ccccc21,2,2,1.0
herg_blockade,C1=NC(c2ccccc2)(c2cccc(-c3cncnc3)c2)c2ccnn21,2,2,1.0
herg_blockade,C1=NC(c2ccccc2)(c2cccc(-c3cncnc3)c2)c2scnc21,2,2,1.0
herg_blockade,C1=NC2(CO1)c1cc(-c3ccccn3)ccc1OCC21COC1,2,1,0.5
herg_blockade,C1=NC2(CO1)c1cc(-c3cccnc3)ccc1Oc1ncc(-c3ccccc3)cc12,2,2,1.0
herg_blockade,C1=NC2(CO1)c1cc(-c3cccnc3)ccc1Oc1ncc(C3=CCOCC3)cc12,2,0,0.0
herg_blockade,C1=NC2(CO1)c1cc(-c3cnc4[nH]ccc4c3)ccc1OCC21CC1,2,2,1.0
herg_blockade,C1=NC2(CO1)c1cc(-c3cncnc3)ccc1CC21CCCCC1,2,0,0.0
herg_blockade,C1=NC2(CO1)c1cc(-c3cncnc3)ccc1OC1(CCC1)C21COC1,2,0,0.0
herg_blockade,C1=NC2(CO1)c1cc(-c3cncnc3)ccc1OCC21CC1,2,0,0.0
herg_blockade,C1=NC2(CO1)c1cc(-c3cncnc3)ccc1Oc1ccc(N3CCOCC3)cc12,2,0,0.0
herg_blockade,C1=NC2(CO1)c1ccccc1OCC21COC1,2,0,0.0
herg_blockade,C1=NCC2c3ccccc3Cc3ccccc3N12,2,0,0.0
herg_blockade,C1=NN(c2ccccc2)C(c2ccc(-c3ccccc3)cc2)C1,2,1,0.5
herg_blockade,C1CCC(C(CC2CCCCN2)C2CCCCC2)CC1,2,2,1.0
herg_blockade,C1CCC2(CC1)C1CNCC2CNC1,2,0,0.0
herg_blockade,C=C1CCCCC1=CC=C1CCCC2CCCC12,2,0,0.0
herg_blockade,C=C1COc2cc3c(cc2N1)CCN(CCCSc1nnc(-c2cccc4ncccc24)[nH]1)CC3,2,2,1.0
herg_blockade,C=C1c2ccccc2CCc2ccccc21,2,1,0.5
herg_blockade,N=C(NS(=O)(=O)c1ccccc1)N1CCC=N1,2,0,0.0
herg_blockade,N=C(Nc1ccc2c(c1)N(C1CCCCC1)CC2)c1cccs1,2,0,0.0
herg_blockade,N=C(c1ccccc1)c1ccc(CN2CCC3(CC2)OCc2c[nH]c(=O)cc23)cn1,2,2,1.0
herg_blockade,N=C(c1ccccc1)c1ccc(CN2CCC3(CC2)OCc2cc(=O)[nH]cc23)cn1,2,0,0.0
herg_blockade,N=C(c1ccccc1)c1ccc(CN2CCC3(CC2)OCc2ccncc23)cn1,2,2,1.0
herg_blockade,N=C1CCN(c2ccc3c(=O)ccn(C4CC4)c3n2)C1,2,0,0.0
herg_blockade,N=C1CN(c2ccc3c(n2)N(C2CC2)CCC3=O)CC12CNC2,2,0,0.0
herg_blockade,N=C1NC2(CO1)c1cc(-c3cccnc3)ccc1OCC21COC1,2,0,0.0
herg_blockade,O=C(C(=O)N1CCN(C(=O)c2ccccc2)CC1)c1c[nH]c2ccccc12,2,0,0.0
herg_blockade,O=C(C(=O)N1CCN(C(=O)c2ccccc2)CC1)c1c[nH]c2cccnc12,2,0,0.0
herg_blockade,O=C(C(=O)N1CCN(C(=O)c2ccccc2)CC1)c1c[nH]c2ccncc12,2,0,0.0
herg_blockade,O=C(C1C=C2c3cccc4[nH]cc(c34)CC2N(C(=O)Nc2ccccc2)C1)N1CCCC1,2,0,0.0
herg_blockade,O=C(C1CC(N2CCN(c3ncccn3)CC2)CN1)N1CCC1,2,0,0.0
herg_blockade,O=C(C1CC1)N1CCc2c(sc3c2c2ncnn2c(=O)n3Cc2ccccc2)C1,2,2,1.0
herg_blockade,O=C(C1CC1)N1Cc2ccccc2C1,2,0,0.0
herg_blockade,O=C(C1CC1c1ccccc1)N1CCN(S(=O)(=O)c2cccc(-c3cc[nH]n3)c2)CC1,2,2,1.0
herg_blockade,O=C(C1CC1c1ccccc1)N1CCN(S(=O)(=O)c2cccc(-c3ncon3)c2)CC1,2,2,1.0
herg_blockade,O=C(C1CC2CCC1O2)N1CCC(CN2CCCN(c3cccn4ccnc34)CC2)CC1,2,2,1.0
herg_blockade,O=C(C1CCC(N2CCC3COCCC32)C1)N1CCN(c2ccccn2)CC1,2,2,1.0
herg_blockade,O=C(C1CCC(NC2C3CCCC2COC3)C1)N1CCN(c2ccccn2)CC1,2,2,1.0
herg_blockade,O=C(C1CCC(NC2CCOCC2)C1)N1CCN(c2cccnc2)CC1,2,2,1.0
herg_blockade,O=C(C1CCC(NC2CCOCC2)C1)N1CCN(c2ccncc2)CC1,2,0,0.0
herg_blockade,O=C(C1CCC(NC2CCOCC2)C1)N1CCN(c2cnccn2)CC1,2,2,1.0
herg_blockade,O=C(C1CCC(NC2CCOCC2)C1)N1CCN(c2ncccn2)CC1,2,2,1.0
herg_blockade,O=C(C1CCC(NC2CCOCC2)C1)N1CCN(c2nccnn2)CC1,2,2,1.0
herg_blockade,O=C(C1CCC(NC2CCOCC2)C1)N1CCN(c2nccs2)CC1,2,0,0.0
herg_blockade,O=C(C1CCC(NCc2ccccc2)CC1)C1CCC(c2ccccc2)CC1,2,0,0.0
herg_blockade,O=C(C1CCC(NCc2ccccc2)CC1)N1CCC(c2ccccc2)(c2nnco2)CC1,2,0,0.0
herg_blockade,O=C(C1CCC1)N1CCC(CCN2C3CCC2CC(n2cnc4ccccc42)C3)(c2ccccc2)CC1,2,0,0.0
herg_blockade,O=C(C1CCCC1)N1Cc2ccccc2C1,2,0,0.0
herg_blockade,O=C(C1CCCCC1)N1Cc2ccccc2C1,2,0,0.0
herg_blockade,O=C(C1CCCCN1)N1CCN(c2nc(NCc3ccccc3)c3cccnc3n2)CC1,2,0,0.0
herg_blockade,O=C(C1CCCO1)N1CCN(c2ncc3ccccc3n2)CC1,2,0,0.0
herg_blockade,O=C(C1CCN(Cc2ccc(-c3nnco3)cc2)C1)N1CCCC1,2,0,0.0
herg_blockade,O=C(C1CCN(Cc2ccc(-n3cncn3)cc2)C1)N1CCCC1,2,2,1.0
herg_blockade,O=C(C1CCN(c2ccccc2)CC1)N1CCC(NC2CCC(c3ccc(-c4ncccn4)cn3)CC2)C1,2,2,1.0
herg_blockade,O=C(C1CCN(c2ccncn2)CC1)N1CCC(NC2CCC(c3ccc(-c4ncccn4)cn3)CC2)C1,2,0,0.0
herg_blockade,O=C(C1CCN(c2ncccn2)CC1)N1CCC(NC2CCC(c3ccc(-c4ncccn4)cn3)CC2)C1,2,0,0.0
herg_blockade,O=C(C1CCOC1)N1CC2C(CNc3nc(-c4ccccn4)cs3)C2C1,2,2,1.0
herg_blockade,O=C(C1CN(S(=O)(=O)c2cccc3ccccc23)c2ccccc21)N1CCCNCC1,2,2,1.0
herg_blockade,O=C(C1CNCCC1c1cc(=O)[nH]c2ccccc12)N(Cc1ccccc1)C1CC1,2,1,0.5
herg_blockade,O=C(C1CNCCC1c1ccccc1)N(Cc1cn(Cc2cccnc2)c2ccccc12)C1CC1,2,2,1.0
herg_blockade,O=C(C1CNCCC1c1ccccc1)N(Cc1cn(Cc2ccncc2)c2ccccc12)C1CC1,2,2,1.0
herg_blockade,O=C(C1CNCCC1c1ccccc1)N(Cc1cn(Cc2ccon2)c2ccccc12)C1CC1,2,2,1.0
herg_blockade,O=C(C1CNCCC1c1ccccc1)N(Cc1cn(Cc2cnoc2)c2ccccc12)C1CC1,2,2,1.0
herg_blockade,O=C(C=Cc1ccccc1)NC1N=C(c2ccccc2)c2ccccc2NC1=O,2,2,1.0
herg_blockade,O=C(C=Cc1ccccc1)Nc1ccc2nc(N3CCC(C4CC4)CC3)ncc2c1,2,2,1.0
herg_blockade,O=C(C=Cc1ccccc1)Nc1ccc2nc(N3CCCCC3)ncc2c1,2,2,1.0
herg_blockade,O=C(C=Cc1ccccn1)NCc1ccccc1,2,0,0.0
herg_blockade,O=C(CC(C(=O)n1cnnn1)c1ccc(-c2ccccc2)cc1)N1CCCC1,2,0,0.0
herg_blockade,O=C(CC(c1ccccc1)c1ccccc1)N1CCN(Cc2nc3ccccc3o2)CC1,2,2,1.0
herg_blockade,O=C(CC(c1ccccc1)c1ccccc1)N1CCN(Cc2ncco2)CC1,2,2,1.0
herg_blockade,O=C(CC1CCCCC1)N1CCSC1,2,0,0.0
herg_blockade,O=C(CC1CCN(Cc2ccn(-c3ccccc3)c2)CC1)NC(c1ccccc1)c1ccc(=O)[nH]c1,2,0,0.0
herg_blockade,O=C(CC1CCN(Cc2ccn(-c3ccccc3)c2)CC1)NC(c1ccccc1)c1cccnc1,2,2,1.0
herg_blockade,O=C(CC1CCN(Cc2ccn(-c3ccccc3)c2)CC1)NCc1ccc(=O)[nH]c1,2,0,0.0
herg_blockade,O=C(CC1CCNCC1)Nc1cc(-n2cccn2)nc(-c2ccco2)n1,2,2,1.0
herg_blockade,O=C(CC1CN(CCC2CCS(=O)(=O)CC2)CC1c1ccccc1)Nc1ccccc1,2,2,1.0
herg_blockade,O=C(CC1CN(CCCC2CCOCC2)CC1c1ccccc1)Nc1ccccc1,2,2,1.0
herg_blockade,O=C(CC1CN(CCCN2CCCC2=O)CC1c1ccccc1)Nc1ccccc1,2,2,1.0
herg_blockade,O=C(CC1CN(CCCNS(=O)(=O)c2ccccc2)CC1c1ccccc1)Nc1ccccc1,2,2,1.0
herg_blockade,O=C(CC1CN(CCc2ccccc2)CC1c1ccccc1)NCc1ccccc1,2,2,1.0
herg_blockade,O=C(CC1CN(S(=O)(=O)c2cc3ccccc3s2)CCN1C(=O)c1ccc(C2=NCCN2)cc1)N1CCCCC1,2,0,0.0
herg_blockade,O=C(CC1CN(S(=O)(=O)c2cc3ccccc3s2)CCN1C(=O)c1ccc(C2=NCCN2)cc1)N1CCOCC1,2,2,1.0
herg_blockade,O=C(CC1CNCC1c1ccccc1)Nc1ccccc1,2,2,1.0
herg_blockade,O=C(CCC1CCCCC1)NC1CC2CCC1C2,2,0,0.0
herg_blockade,O=C(CCC1CCCCC1)NC1N=C(c2ccccc2)c2ccccc2NC1=O,2,2,1.0
herg_blockade,O=C(CCCCC(c1ccccc1)c1ccccc1)NCC1CCN(C(=O)c2ccccc2)C1,2,2,1.0
herg_blockade,O=C(CCCCCN1CCC(NC(=O)c2ccccc2)CC1)OC1CN2CCC1CC2,2,0,0.0
herg_blockade,O=C(CCCN1CCC(c2ccccc2)CC1)c1ccccc1,2,2,1.0
herg_blockade,O=C(CCCc1ccccc1)N1CCC2CCCC21,2,0,0.0
herg_blockade,O=C(CCCc1ccccc1)N1CCCC1,2,0,0.0
herg_blockade,O=C(CCOc1ccccc1)Nc1ccccc1,2,0,0.0
herg_blockade,O=C(CCc1ccc(-c2cccc(-c3nnn[nH]3)c2)cc1)N1CCCC1,2,0,0.0
herg_blockade,O=C(CCc1ccc(-c2ccn3nccc3n2)cc1)N1CCCC1,2,0,0.0
herg_blockade,O=C(CCc1ccc(-c2ccn3ncnc3c2)cc1)N1CCCC1,2,0,0.0
herg_blockade,O=C(CCc1ccccc1)NC1CCC(c2ccccn2)CC1,2,0,0.0
herg_blockade,O=C(CCc1ccccc1)NC1CCc2ccc(CCN3CCN(c4nsc5ccccc45)CC3)cc21,2,2,1.0
herg_blockade,O=C(CCc1ccccc1)c1cc2ccccc2n1-c1ccccc1,2,2,1.0
herg_blockade,O=C(CCc1ccccc1)c1ccccc1OCCCN1CCN(C(c2ccccc2)c2ccccc2)CC1,2,2,1.0
herg_blockade,O=C(CCc1ccccn1)NC1CCC(c2ccccc2)CC1,2,0,0.0
herg_blockade,O=C(CCc1cccnc1)NC1CCC(c2ccccc2)CC1,2,0,0.0
herg_blockade,O=C(CCc1nccs1)NC1CCC(c2ccccc2)CC1,2,0,0.0
herg_blockade,O=C(CCn1cnc2ccccc21)NCC1CCCCC1,2,2,1.0
herg_blockade,O=C(CN(Cc1ccccc1)c1ccccc1)N1CCCCC1,2,0,0.0
herg_blockade,O=C(CN1C2CCC1CC(Oc1ccccc1)C2)N1CCCC1,2,1,0.5
herg_blockade,O=C(CN1C2CCC1CC(Oc1ccccc1)C2)Nc1ccccc1,2,2,1.0
herg_blockade,O=C(CN1CCC(S(=O)(=O)c2ccccc2)CC1)c1ccccc1,2,2,1.0
herg_blockade,O=C(CN1CCC(c2ccc3ncc(Nc4nc(-c5ccccc5)cs4)n3c2)CC1)N1CCC1,2,2,1.0
herg_blockade,O=C(CN1CCCCC(NC=Nc2ccc3occc3c2)C1=O)N1CCCC1,2,0,0.0
herg_blockade,O=C(CN1CCCCC1)Nc1cc(-n2cccn2)nc(-c2ccco2)n1,2,2,1.0
herg_blockade,O=C(CN1CCCN(c2ccccc2)S1(=O)=O)NC1C2CC3CC(C2)CC1C3,2,0,0.0
herg_blockade,O=C(CN1CCCNCC1)Nc1cc(-n2cccn2)nc(-c2ccco2)n1,2,2,1.0
herg_blockade,O=C(CN1CCN(C(=O)c2cc[nH]n2)CC1)c1ccccc1,2,0,0.0
herg_blockade,O=C(CN1CCN(CCCOc2ccccc2)CC1)Nc1ccccc1,2,0,0.0
herg_blockade,O=C(CNC(=O)c1ccc2ccccc2n1)NC(CCN1CCC2CCCCC2C1)Cc1ccccc1,2,0,0.0
herg_blockade,O=C(CNC(=O)c1ccccc1)NC1CCN(C2CCC(c3ccc4c(c3)OCO4)CC2)C1,2,0,0.0
herg_blockade,O=C(CNC(=O)c1ccccc1)NC1CCN(C2CCC(c3ccccn3)CC2)C1,2,1,0.5
herg_blockade,O=C(CNC(=O)c1ccccc1)NC1CCN(C2CCC(c3cccnn3)CC2)C1,2,1,0.5
herg_blockade,O=C(CNC(=O)c1ccccc1)NC1CCN(C2CCC(c3ccncc3)CC2)C1,2,1,0.5
herg_blockade,O=C(CNC(=O)c1ccccc1)NC1CCN(C2CCC(c3ccncn3)CC2)C1,2,1,0.5
herg_blockade,O=C(CNC(=O)c1ccccc1)NC1CCN(C2CCC(c3ccnnc3)CC2)C1,2,1,0.5
herg_blockade,O=C(CNC(=O)c1ccccc1)NC1CCN(C2CCC(c3cnccn3)CC2)C1,2,1,0.5
herg_blockade,O=C(CNC(=O)c1ccccc1)NC1CCN(C2CCC(c3ncccn3)CC2)C1,2,1,0.5
herg_blockade,O=C(CNC(=O)c1ccccc1)NC1CN(C2CCC(c3ccc(N4CCCC4)cc3)CC2)C1,2,2,1.0
herg_blockade,O=C(CNC(=O)c1ccccc1)NC1CN(C2CCC(c3cnccn3)CC2)C1,2,1,0.5
herg_blockade,O=C(CNC(=O)c1ccccc1)NC1CN(C2CCC(c3cncnc3)CC2)C1,2,1,0.5
herg_blockade,O=C(CNC(=O)c1ccccc1)NC1CN(C2CCC(c3nccs3)CC2)C1,2,0,0.0
herg_blockade,O=C(CNCC1CCCCC1)N1CCc2ccccc2C1,2,0,0.0
herg_blockade,O=C(CNCCc1ccccc1)N1CCc2ccccc2C1C1CCCCC1,2,1,0.5
herg_blockade,O=C(CNc1n[nH]c2ccccc12)NC1CN(C2CCC(C3CCCCC3)CC2)C1,2,2,1.0
herg_blockade,O=C(CNc1n[nH]c2ccccc12)NC1CN(C2CCC(n3ccccc3=O)CC2)C1,2,0,0.0
herg_blockade,O=C(CNc1nccc2ccccc12)NC1CN(C2CCC(c3cncs3)CC2)C1,2,0,0.0
herg_blockade,O=C(CNc1nccc2ncccc12)NC1CN(C2CCC(c3cncs3)CC2)C1,2,0,0.0
herg_blockade,O=C(CNc1ncnc2ccccc12)NC1CN(C2CCC(c3ccns3)CC2)C1,2,0,0.0
herg_blockade,O=C(CNc1ncnc2ccccc12)NC1CN(C2CCC(c3nccs3)CC2)C1,2,0,0.0
herg_blockade,O=C(CNc1nn(C2CCCC2)c2ccccc12)NC1CN(C2CCCCC2)C1,2,2,1.0
herg_blockade,O=C(CNc1noc2ccccc12)NC1CN(C2CCC(c3ccc4c(c3)OCO4)CC2)C1,2,2,1.0
herg_blockade,O=C(CNc1noc2ccccc12)NC1CN(C2CCC(c3cccnc3)CC2)C1,2,2,1.0
herg_blockade,O=C(CNc1noc2ccccc12)NC1CN(C2CCCCC2)C1,2,2,1.0
herg_blockade,O=C(COc1ccccc1)NC1CCN(Cc2ccn(-c3ccccc3)c2)CC1,2,2,1.0
herg_blockade,O=C(COc1ccccn1)NCC(Cc1ccccc1)c1ccccc1,2,0,0.0
herg_blockade,O=C(COc1ncnc2c1cnn2-c1ccccn1)Nc1cnccn1,2,0,0.0
herg_blockade,O=C(Cc1c[nH]c2ccccc12)N1Cc2ccccc2C1,2,0,0.0
herg_blockade,O=C(Cc1cc(Nc2ncnc3cc(OCCCN4CCCC4)ccc23)[nH]n1)Nc1ccccc1,2,0,0.0
herg_blockade,O=C(Cc1cc(Nc2ncnc3cc(OCCCN4CCCC4)ccc23)n[nH]1)Nc1ccccc1,2,0,0.0
herg_blockade,O=C(Cc1cc(Nc2ncnc3ccccc23)[nH]n1)Nc1ccccc1,2,0,0.0
herg_blockade,O=C(Cc1ccc(-n2cnnn2)cc1)NC1CCN(Cc2cccnc2)CC1,2,0,0.0
herg_blockade,O=C(Cc1ccc(-n2cnnn2)cc1)NC1CCN(Cc2nc3ccccc3s2)CC1,2,2,1.0
herg_blockade,O=C(Cc1ccc(-n2cnnn2)cn1)N1CCN2CC(c3ccccc3)OCC2C1,2,0,0.0
herg_blockade,O=C(Cc1ccc(C2CC2)cc1)NCc1ccccn1,2,0,0.0
herg_blockade,O=C(Cc1ccc(CN2CCNCC2)cc1)N1CCC(Nc2ccccc2)CC1,2,0,0.0
herg_blockade,O=C(Cc1ccccc1)N1Cc2ccccc2C1,2,0,0.0
herg_blockade,O=C(Cc1ccccc1)NC(Cc1ccccc1)C(=O)NC1CC2CCC(C1)N2,2,2,1.0
herg_blockade,O=C(Cc1ccccc1)NC1(c2ccccc2)CCC(N2CCC(c3ccccc3)CC2)CC1,2,2,1.0
herg_blockade,O=C(Cc1ccccc1)NC1(c2ccccc2)CCC(N2CCC3(CC2)OCCO3)CC1,2,2,1.0
herg_blockade,O=C(Cc1ccccc1)NC1(c2ccccc2)CCC(N2CCC3(CCC(=O)O3)CC2)CC1,2,2,1.0
herg_blockade,O=C(Cc1ccccc1)NC1(c2ccccc2)CCC(N2CCC3(CCOC3=O)CC2)CC1,2,2,1.0
herg_blockade,O=C(Cc1ccccc1)NC1(c2ccccc2)CCC(N2CCNCC2)CC1,2,2,1.0
herg_blockade,O=C(Cc1ccccc1)NC1C(=O)N2CCSC12,2,0,0.0
herg_blockade,O=C(Cc1ccccc1)NC1CC2CCC(C1)N2CCC(NC(=O)C1CCC1)c1ccccc1,2,2,1.0
herg_blockade,O=C(Cc1ccccc1)NC1CCN(CCC(c2ccccc2)N2CCN(c3ccccc3)CC2)CC1,2,1,0.5
herg_blockade,O=C(Cc1ccccc1)NC1CCc2ccc(CCN3CCN(c4nsc5ccccc45)CC3)cc21,2,2,1.0
herg_blockade,O=C(Cc1ccccc1)NCC(=O)NC1C(=O)Nc2ccccc2-c2ccccc21,2,0,0.0
herg_blockade,O=C(Cc1ccccc1)NCc1ccccn1,2,0,0.0
herg_blockade,O=C(Cc1ccccc1)Nc1ccc2c(c1)C(NC1CC1)CCO2,2,0,0.0
herg_blockade,O=C(Cc1ccccc1)OC1CC2CCC(C1)N2,2,2,1.0
herg_blockade,O=C(Cc1ccccc1)OC1CC2CCC(C1)[NH2+]2,2,0,0.0
herg_blockade,O=C(Cc1ccccc1)OC1CC2[NH2+]C(C1)C1OC21,2,0,0.0
herg_blockade,O=C(Cc1cnc(-n2cnnn2)cn1)N1CCN2CC(c3ccccc3)OCC2C1,2,0,0.0
herg_blockade,O=C(Cc1cnc(-n2cnnn2)nc1)N1CCN2CC(c3ccccc3)OCC2C1,2,1,0.5
herg_blockade,O=C(Cc1cscn1)Nc1ccc(CC2CCC(Cc3ccccc3)N2)cc1,2,0,0.0
herg_blockade,O=C(Cn1c(=O)[nH]c2cc(N3CCCCC3)n(Cc3ccccc3)c2c1=O)c1ccccc1,2,2,1.0
herg_blockade,O=C(Cn1c(Cc2ccccc2)nc2ccccc21)Nc1ccccc1,2,1,0.5
herg_blockade,O=C(Cn1cc(-c2ccc(-n3ccnc3)cc2)nn1)Nc1ccc2c(c1)OCO2,2,1,0.5
herg_blockade,O=C(Cn1cc(-c2ccc(-n3ccnc3)cc2)nn1)Nc1cccc2ccccc12,2,1,0.5
herg_blockade,O=C(Cn1cc(-c2ccc(-n3ccnc3)cc2)nn1)Nc1ccccc1,2,2,1.0
herg_blockade,O=C(Cn1cc(CCNS(=O)(=O)c2ccccc2)c2ccccc21)Nc1ccccc1,2,0,0.0
herg_blockade,O=C(Cn1cc(Nc2ncnc3cc(OCCCN4CCCC4)ccc23)cn1)Nc1ccccc1,2,0,0.0
herg_blockade,O=C(Cn1ncc(OCc2ccccn2)cc1=O)c1ccccc1,2,1,0.5
herg_blockade,O=C(Cn1ncccc1=O)Nc1ccc(CC2CCC(Cc3ccccc3)N2)cc1,2,0,0.0
herg_blockade,O=C(N1CCCCC1)N1CC(OC(c2ccccc2)c2cccnc2)C1,2,0,0.0
herg_blockade,O=C(N1CCCCC1)N1CCNCC1,2,0,0.0
herg_blockade,O=C(N1CCN(Cc2ccc3c(c2)OCO3)CC1)N1CCSc2ccccc2C1,2,2,1.0
herg_blockade,O=C(N1CCNCC1)N1CCc2ccccc2C1,2,0,0.0
herg_blockade,O=C(N1CCc2ncccc2C1)C12CCCCC1CC(NC1CCOCC1)C2,2,0,0.0
herg_blockade,O=C(N1CCc2ncccc2C1)C12CCOC1CC(N1CCC(c3ccccc3)CC1)C2,2,1,0.5
herg_blockade,O=C(N1COc2ccccc2C1)C12CCOC1CC(N1CCC(c3ccccc3)CC1)C2,2,1,0.5
herg_blockade,O=C(NC(CCN1C2CCC1CC(n1cnc3ccccc31)C2)c1ccccc1)C1CCSCC1,2,2,1.0
herg_blockade,O=C(NC(CCN1C2CCC1CC(n1cnc3ccncc31)C2)c1ccccc1)c1ccccc1,2,1,0.5
herg_blockade,O=C(NC(CCN1C2CCC1CC(n1cncn1)C2)c1ccccc1)C1CCCCC1,2,2,1.0
herg_blockade,O=C(NC(CCN1CCC(c2[nH]ncc2-c2ccncc2)CC1)c1ccccc1)C1CCC1,2,2,1.0
herg_blockade,O=C(NC(CCN1CCC(c2ncno2)CC1)c1ccccc1)C1CCC1,2,2,1.0
herg_blockade,O=C(NC(CCN1CCC(n2cc(-c3ccccc3)[nH]c2=O)CC1)c1ccccc1)C1CCC1,2,2,1.0
herg_blockade,O=C(NC(CCN1CCC2CCCCC2C1)CSc1ccccc1)c1ccccc1,2,0,0.0
herg_blockade,O=C(NC1(c2ccccc2)CCN(c2ccccn2)CC1)c1ccccc1,2,2,1.0
herg_blockade,O=C(NC1(c2ncccn2)CC1)c1cccc(-c2ccc3oc(-c4ccccc4)cc3c2)c1,2,1,0.5
herg_blockade,O=C(NC1C2CC3CC(C2)CC1C3)C1SCCN1S(=O)(=O)c1ccccc1,2,0,0.0
herg_blockade,O=C(NC1C2CC3CC(C2)CC1C3)c1cnc(N2CCOCC2)nc1C1CC1,2,0,0.0
herg_blockade,O=C(NC1CC1)C1CCCCC1C(=O)N1CCN(c2nc3c(s2)COCC3)CC1,2,0,0.0
herg_blockade,O=C(NC1CC1)C1CCCCC1C(=O)N1CCN(c2nc3ccccc3s2)CC1,2,1,0.5
herg_blockade,O=C(NC1CC1)c1ccccc1OCCCN1CCC2(CC1)Cc1ccccc1O2,2,2,1.0
herg_blockade,O=C(NC1CC1)c1cn(-c2cccc(C#Cc3ccc[nH+]c3)c2)c2ncccc2c1=O,2,0,0.0
herg_blockade,O=C(NC1CC1c1ccccc1)N1CCC(c2nc(-c3ccccn3)no2)CC1,2,0,0.0
herg_blockade,O=C(NC1CC2CCC(C1)N2)C(Cc1ccccc1)NC(=O)C1(c2ccccc2)CC1,2,2,1.0
herg_blockade,O=C(NC1CCC(CC(=O)N2CCCC2)CC1)c1cccc2ccccc12,2,0,0.0
herg_blockade,O=C(NC1CCC(CC(=O)N2CCSC2)CC1)c1cccc2ccccc12,2,0,0.0
herg_blockade,O=C(NC1CCC(CCC(=O)N2CCCC2)CC1)C1CC1,2,0,0.0
herg_blockade,O=C(NC1CCC(CCN2CCc3ccccc3CC2)CC1)c1cccc(-c2ncon2)c1,2,2,1.0
herg_blockade,O=C(NC1CCC(c2ccccc2)CC1)C1Cc2ccccc2CN1,2,0,0.0
herg_blockade,O=C(NC1CCC1)c1c[nH]c2ncc(-c3n[nH]c4ccccc34)nc12,2,1,0.5
herg_blockade,O=C(NC1CCCCC1)C(C1CCCCC1)n1c(-c2cccnc2)nc2ccccc21,2,0,0.0
herg_blockade,O=C(NC1CCCCC1)NS(=O)(=O)c1ccc(CCNC(=O)N2CC=CC2=O)cc1,2,0,0.0
herg_blockade,O=C(NC1CCCNC1)c1ccc(-c2ccccc2)s1,2,0,0.0
herg_blockade,O=C(NC1CCCNC1)c1csc(-c2ccccc2)c1,2,0,0.0
herg_blockade,O=C(NC1CCCS(=O)(=O)C1)c1ccc(Oc2ccc(C#CC3CN4CCC3CC4)cc2)cc1,2,0,0.0
herg_blockade,O=C(NC1CCCc2c1[nH]c1ccccc21)c1ccccc1,2,0,0.0
herg_blockade,O=C(NC1CCCc2c1[nH]c1ccccc21)c1ccccn1,2,0,0.0
herg_blockade,O=C(NC1CCN(C(=O)N2CCC(NCCCc3ccccc3)C2)C1)c1ccc(-c2ccccc2)cc1,2,2,1.0
herg_blockade,O=C(NC1CCN(C(=O)NC2CCN(CCCc3ccccc3)C2)C1)c1ccc(-c2ccccc2)cc1,2,2,1.0
herg_blockade,O=C(NC1CCN(C2CCC2)C1)c1ccc(-n2cccn2)cc1,2,0,0.0
herg_blockade,O=C(NC1CCN(C2CCC2)C1)c1ccc(-n2cnc3ccccc32)cc1,2,0,0.0
herg_blockade,O=C(NC1CCN(C2CCC2)C1)c1ccc(Cn2cnc3ccccc32)cc1,2,0,0.0
herg_blockade,O=C(NC1CCN(C2CCCC2)C1)c1ccc(-n2cnc3ccccc32)cc1,2,2,1.0
herg_blockade,O=C(NC1CCN(C2CCCCC2)C1)c1ccc(-n2cnc3ccccc32)cc1,2,2,1.0
herg_blockade,O=C(NC1CCN(C2CCCCC2)C1=O)c1ccccn1,2,0,0.0
herg_blockade,O=C(NC1CCN(C2CCc3ccccc32)CC1)c1cc(=O)c2ccccc2o1,2,0,0.0
herg_blockade,O=C(NC1CCN(Cc2ccc3ccc(=O)[nH]c3c2)CC1)c1cc(=O)c2ccccc2o1,2,0,0.0
herg_blockade,O=C(NC1CCN(Cc2ccc3ncoc3c2)CC1)c1cc(=O)c2ccccc2o1,2,0,0.0
herg_blockade,O=C(NC1CCN(Cc2ccccc2)CC1)c1ccccc1,2,2,1.0
herg_blockade,O=C(NC1CCN(Cc2ccn(-c3ccccc3)c2)CC1)N1CCCCC1,2,2,1.0
herg_blockade,O=C(NC1CCN(Cc2ccn(-c3ccccc3)c2)CC1)N1CCn2cccc2C1c1ccccc1,2,2,1.0
herg_blockade,O=C(NC1CCN(Cc2ccn(-c3ccccc3)c2)CC1)NC(Cn1cccn1)c1ccccc1,2,2,1.0
herg_blockade,O=C(NC1CCN(Cc2ccn(-c3ccccc3)c2)CC1)NC(Cn1ccnc1)c1ccccc1,2,0,0.0
herg_blockade,O=C(NC1CCNC1)c1ccc(-n2cnc3ccccc32)cc1,2,0,0.0
herg_blockade,O=C(NC1CCNC1)c1ccc(Cn2cnc3ccccc32)cc1,2,0,0.0
herg_blockade,O=C(NC1CCNC1)c1ccccc1-c1ccccc1,2,2,1.0
herg_blockade,O=C(NC1CCNCC1)c1ccc(Oc2ccc(C#CC3CN4CCC3CC4)cc2)cc1,2,0,0.0
herg_blockade,O=C(NC1CCOc2nc(-c3ccccc3)c(-c3ccccc3)cc21)c1ccn[nH]1,2,2,1.0
herg_blockade,O=C(NC1CCOc2nc(-c3ccccc3)c(-c3ccccc3)cc21)c1n[nH]c2c1CCC2,2,0,0.0
herg_blockade,O=C(NC1CCOc2nc(-c3ccccc3)c(-c3ccccc3)cc21)c1n[nH]c2ccccc12,2,2,1.0
herg_blockade,O=C(NC1CCc2cc(CCN3CCN(c4nsc5ccccc45)CC3)ccc21)C1CC1,2,2,1.0
herg_blockade,O=C(NC1CCc2cc(CCN3CCN(c4nsc5ccccc45)CC3)ccc21)c1ccccc1,2,2,1.0
herg_blockade,O=C(NC1CCc2cc(CCN3CCN(c4nsc5ccccc45)CC3)ccc21)c1cccnc1,2,2,1.0
herg_blockade,O=C(NC1CCc2cc(CN3CCNCC3)ccc2C1)c1ccc(-c2ccccc2)cc1,2,1,0.5
herg_blockade,O=C(NC1CCc2ccc(CCN3CCN(c4nsc5ccccc45)CC3)cc21)C1CC1,2,2,1.0
herg_blockade,O=C(NC1CCc2ccc(CCN3CCN(c4nsc5ccccc45)CC3)cc21)c1cccnc1,2,2,1.0
herg_blockade,O=C(NC1CCc2ccc(CCN3CCN(c4nsc5ccccc45)CC3)cc21)c1ccco1,2,2,1.0
herg_blockade,O=C(NC1CCc2ccc(CCN3CCN(c4nsc5ccccc45)CC3)cc21)c1ccno1,2,2,1.0
herg_blockade,O=C(NC1CCc2ccccc2C1)c1ccc(-c2ccccc2)cc1,2,2,1.0
herg_blockade,O=C(NC1CCc2ccccc2C1)c1ccc(-c2ccccc2)cn1,2,1,0.5
herg_blockade,O=C(NC1CCc2ccccc2C1)c1ccc(-c2ccccn2)cc1,2,0,0.0
herg_blockade,O=C(NC1CN2CCC1CC2)c1cccc2oc(-c3ccccc3)nc12,2,2,1.0
herg_blockade,O=C(NC1CN2CCC1CC2)c1cccc2oc(C3CC3)nc12,2,2,1.0
herg_blockade,O=C(NC1CN2CCC1CC2)c1cccc2oc(N3CCOCC3)nc12,2,2,1.0
herg_blockade,O=C(NC1COc2cccc(-c3ccncc3)c2C1)c1ccccc1,2,2,1.0
herg_blockade,O=C(NC1COc2cccc(-c3ccncc3)c2C1)c1cnn(-c2ccccc2)n1,2,2,1.0
herg_blockade,O=C(NCC(=O)N1CCC(NC2CCC(c3ccc(-c4cccnc4)cn3)CC2)C1)c1ccccc1,2,0,0.0
herg_blockade,O=C(NCC(=O)N1CCC(NC2CCC(c3ccc(-c4ccncc4)cn3)CC2)C1)c1ccccc1,2,0,0.0
herg_blockade,O=C(NCC(=O)N1CCC(NC2CCC(c3ccc(-c4ncccn4)cn3)CC2)C1)c1ccccc1,2,0,0.0
herg_blockade,O=C(NCC(=O)N1CCC(NC2CCC(c3ccc(-c4nccs4)cn3)CC2)C1)c1ccccc1,2,0,0.0
herg_blockade,O=C(NCC(CCN1C2CCC1CC(n1cnnc1)C2)c1ccccc1)C1CCC1,2,0,0.0
herg_blockade,O=C(NCC(CCN1C2CCC1CC(n1cnnc1)C2)c1ccccc1)C1CCCCC1,2,0,0.0
herg_blockade,O=C(NCC(CCN1C2CCC1CC(n1cnnc1)C2)c1ccccc1)c1ccccc1,2,0,0.0
herg_blockade,O=C(NCC1CCC(CCOc2ccccc2)CC1)c1cn[nH]c1,2,0,0.0
herg_blockade,O=C(NCC1CCCCC1)c1cc(N2CCC(CCN3CCC3)CC2)nc2ccccc12,2,0,0.0
herg_blockade,O=C(NCC1CCCN1)c1ccccc1,2,0,0.0
herg_blockade,O=C(NCC1CCN(CCc2ccccc2)CC1)c1ccccc1,2,2,1.0
herg_blockade,O=C(NCC1CCN(CCc2ccccc2)CC1)c1n[nH]c2ccccc12,2,0,0.0
herg_blockade,O=C(NCC1CCOCC1)c1ncccc1NC(=O)c1cccc2ccccc12,2,0,0.0
herg_blockade,O=C(NCC1CN(CCC2CCOCC2)CC1c1ccccc1)c1ccccc1,2,2,1.0
herg_blockade,O=C(NCC1CN(CCCC2CCNCC2)CC1c1ccccc1)c1ccccc1,2,0,0.0
herg_blockade,O=C(NCC1CN(CCCC2CCOCC2)CC1c1ccccc1)c1ccccc1,2,2,1.0
herg_blockade,O=C(NCC1CN(CCCc2ccccc2)CC1c1ccccc1)c1ccccc1,2,2,1.0
herg_blockade,O=C(NCC1CN(Cc2ccccc2)CC1c1ccccc1)c1ccccc1,2,2,1.0
herg_blockade,O=C(NCC1CN(Cc2ccccc2)CCO1)c1ccccc1,2,2,1.0
herg_blockade,O=C(NCC1CN(c2ccccn2)C(=O)O1)c1ccc(-c2nc3ccccc3o2)cc1,2,0,0.0
herg_blockade,O=C(NCCC1CN(CCc2ccccc2)CC1c1ccccc1)c1ccccc1,2,2,1.0
herg_blockade,O=C(NCCCCCCc1ccccc1)Oc1cccc(-c2ccco2)c1,2,0,0.0
herg_blockade,O=C(NCCCCCCc1ccccc1)Oc1cccc(-c2cccs2)c1,2,0,0.0
herg_blockade,O=C(NCCCCN1CCN(c2ccccc2)CC1)c1cc2ccccc2cn1,2,2,1.0
herg_blockade,O=C(NCCCCN1CCN(c2ccccc2)CC1)c1cc2ccccc2o1,2,2,1.0
herg_blockade,O=C(NCCCN1CCC(N(Cc2cccnc2)c2ccccc2)CC1)c1cccnc1,2,2,1.0
herg_blockade,O=C(NCCCN1CCC(Oc2ccccc2)CC1)c1c[nH]c(=O)c2cc(S(=O)(=O)N3CCC3)ccc12,2,2,1.0
herg_blockade,O=C(NCCCN1CCCCC1)Nc1ccc(S(=O)(=O)Nc2ccccc2C(=O)c2ccccc2)cc1,2,2,1.0
herg_blockade,O=C(NCCCNc1nc2ccccc2[nH]1)c1ccccc1,2,1,0.5
herg_blockade,O=C(NCCN1CCC2(CC1)C(=O)NCN2c1ccccc1)c1ccccc1,2,0,0.0
herg_blockade,O=C(NCCN1CCCCC1)c1ccc(CN2CCC(NC(=O)c3cc(=O)c4ccccc4o3)CC2)cc1,2,1,0.5
herg_blockade,O=C(NCCN1CCN(c2ccccc2)CC1)c1cc[nH]c1,2,1,0.5
herg_blockade,O=C(NCCNCC(=O)N1CCCC1)c1cnc2ccnn2c1,2,0,0.0
herg_blockade,O=C(NCCc1ccc(-c2ccccc2)cc1)C1CCCCC1,2,2,1.0
herg_blockade,O=C(NCCc1ccccc1-c1cccnc1)c1cccnc1,2,1,0.5
herg_blockade,O=C(NCCn1ccnc1)NC1CCN(Cc2ccn(-c3ccccc3)c2)CC1,2,0,0.0
herg_blockade,O=C(NCc1ccccc1)C1CCC(N2CCC(c3cccnc3)CC2)C1,2,2,1.0
herg_blockade,O=C(NCc1ccccc1)C1CCCN1C(=O)CC1CCCCC1,2,0,0.0
herg_blockade,O=C(NCc1ccccc1)C1c2ccccc2C(=O)N1C1CCCCC1,2,0,0.0
herg_blockade,O=C(NCc1ccccc1)N(c1ccccc1)C1CCN(Cc2ccnnc2)CC1,2,0,0.0
herg_blockade,O=C(NCc1ccccc1)c1cc(-c2ccccc2)nc2ccccc12,2,0,0.0
herg_blockade,O=C(NCc1ccccc1)c1cc(=O)n2c(n1)CCCC2,2,0,0.0
herg_blockade,O=C(NCc1ccccc1)c1cc(C(=O)NCc2ccccc2)n2c1COCC2,2,1,0.5
herg_blockade,O=C(NCc1ccccc1)c1cccc(-c2ccncn2)c1,2,2,1.0
herg_blockade,O=C(NCc1ccccc1)c1ccn2c1COCC2,2,0,0.0
herg_blockade,O=C(NCc1cccnc1)C1c2ccccc2C(=O)N1CCc1ccccn1,2,0,0.0
herg_blockade,O=C(NCc1ccncn1)c1ccc(Oc2ccc(C#CC3CN4CCC3CC4)cc2)cc1,2,0,0.0
herg_blockade,O=C(NN=C1CCCc2[nH]ccc21)Nc1ccccc1,2,0,0.0
herg_blockade,O=C(NNc1ccccc1)c1c(CN2CCN(C3CCCCC3)CC2)c(-c2ccccc2)nc2ccccc12,2,2,1.0
herg_blockade,O=C(NNc1ccccc1)c1cc(-c2ccccc2)nc2ccccc12,2,2,1.0
herg_blockade,O=C(NS(=O)(=O)N1CCC(N2CCC(Oc3ccccc3)CC2)CC1)c1ccccc1,2,2,1.0
herg_blockade,O=C(Nc1cc(C2CC2)[nH]n1)n1ccc2cc(Oc3ncnc4c3CCNC4)ccc21,2,0,0.0
herg_blockade,O=C(Nc1cc[nH]n1)c1cccc(Oc2ccccc2)c1,2,0,0.0
herg_blockade,O=C(Nc1ccc(-c2ccccc2CN2CCCCC2)cc1)c1ccnn1-c1ccc2ccccc2c1,2,1,0.5
herg_blockade,O=C(Nc1ccc(-c2nnc(NCCCN3CC4CCC3C4)o2)cc1)c1ccccc1,2,2,1.0
herg_blockade,O=C(Nc1ccc(-c2nnc(NCCCN3CCOCC3)o2)cc1)c1ccccc1,2,0,0.0
herg_blockade,O=C(Nc1ccc(-c2nnco2)cc1)c1ccccc1,2,0,0.0
herg_blockade,O=C(Nc1ccc(-c2nnn[nH]2)cc1)C(C1CCCCC1)n1c(-c2ccccc2)nc2ccccc21,2,0,0.0
herg_blockade,O=C(Nc1ccc(C2CCCCC2)cc1)c1nnc(Nc2ccccc2)o1,2,0,0.0
herg_blockade,O=C(Nc1ccc(CCC(=O)N2CCCC2)cc1)c1ccccc1,2,0,0.0
herg_blockade,O=C(Nc1ccc(N2CCCC2)nc1)c1ccc(-c2ccccc2)cc1,2,2,1.0
herg_blockade,O=C(Nc1ccc(N2CCOCC2)cc1)C1CCc2cccc(N3CCNCC3)c2O1,2,0,0.0
herg_blockade,O=C(Nc1ccc(OC2CC2)cc1)C(C1CCCCC1)n1c(-c2ccccc2)nc2ccccc21,2,0,0.0
herg_blockade,O=C(Nc1ccc2c(c1)C1(COC=N1)C1(COC1)CO2)c1cnccn1,2,0,0.0
herg_blockade,O=C(Nc1cccc(-c2ccccc2)c1)c1ccc(CN2CCC3(CCCN3)CC2)cc1,2,2,1.0
herg_blockade,O=C(Nc1cccc(-c2nc3ccccc3[nH]2)c1)c1ccccc1,2,0,0.0
herg_blockade,O=C(Nc1cccc(C(c2ccccc2)N2CCN(Cc3ccccc3)CC2)c1)C1CC1,2,0,0.0
herg_blockade,O=C(Nc1cccc(C(c2ccccc2)N2CCNCC2)c1)C1CC1,2,0,0.0
herg_blockade,O=C(Nc1cccc(C2(c3ccc(=O)[nH]c3)N=Cc3ccccc32)c1)c1ccccn1,2,2,1.0
herg_blockade,O=C(Nc1cccc(C23COCCC2CSC=N3)c1)c1ccccn1,2,2,1.0
herg_blockade,O=C(Nc1cccc2c1[nH]c1cnccc12)c1cccnc1,2,0,0.0
herg_blockade,O=C(Nc1ccccc1)C1CCCCN1CC1CC1,2,0,0.0
herg_blockade,O=C(Nc1ccccc1)N(CCCN1CCNCC1)C1CCC2(c3ccc4cnoc4c3)CC12,2,2,1.0
herg_blockade,O=C(Nc1ccccc1)N1CCC=C2c3cccc4[nH]cc(c34)CC21,2,0,0.0
herg_blockade,O=C(Nc1ccccc1)N1CCN(CC2CNCCN2)CC1,2,2,1.0
herg_blockade,O=C(Nc1ccccc1)N1CCN(CC2CNCCO2)CC1,2,2,1.0
herg_blockade,O=C(Nc1ccccc1)N1CCN(c2cccnn2)CC1,2,2,1.0
herg_blockade,O=C(Nc1ccccc1)N1CCc2nc(-c3cncnc3)nc(-c3ccccc3)c2C1,2,2,1.0
herg_blockade,O=C(Nc1ccccc1)N1N=C(c2ccccc2)CC1c1ccccc1,2,0,0.0
herg_blockade,O=C(Nc1ccccc1)NC1CCCCC1CN1CCCC(Cc2ccccc2)C1,2,2,1.0
herg_blockade,O=C(Nc1ccccc1)Nc1cc2c(s1)CNCC2,2,1,0.5
herg_blockade,O=C(Nc1ccccc1)Nc1ccc(-c2cccc3oncc23)cc1,2,0,0.0
herg_blockade,O=C(Nc1ccccc1)Nc1cccnc1Oc1ccccc1C1CCNCC1,2,2,1.0
herg_blockade,O=C(Nc1ccccc1)c1cc(NCc2ccccc2)ncn1,2,2,1.0
herg_blockade,O=C(Nc1ccccc1)c1ccc(N2CCN(C(=O)OCc3ccccc3)CC2)nc1,2,0,0.0
herg_blockade,O=C(Nc1ccccc1)c1cccc(-c2nn(C3CCCNC3)c3ncncc23)c1,2,2,1.0
herg_blockade,O=C(Nc1ccccc1)c1cccc(NC(=O)C2CCCC2)c1,2,1,0.5
herg_blockade,O=C(Nc1ccccc1)c1conc1-c1ccccc1,2,0,0.0
herg_blockade,O=C(Nc1ccccc1)n1ccc2cc(Oc3ncnc4c3CCNC4)ccc21,2,1,0.5
herg_blockade,O=C(Nc1ccccc1-n1cncn1)C1(c2ccccc2)CC1,2,0,0.0
herg_blockade,O=C(Nc1ccccn1)C(CN1CCC1)Oc1ncnc2c1cnn2-c1ccccn1,2,0,0.0
herg_blockade,O=C(Nc1ccccn1)c1ccc(-c2nc(C3CCCC3)n3ccncc23)cc1,2,0,0.0
herg_blockade,O=C(Nc1ccccn1)c1ccc2[nH]c(CNc3ccccc3)nc2c1,2,1,0.5
herg_blockade,O=C(Nc1ccnc2ccccc12)C1CCC(NCc2ccc3c(c2)OCCO3)CC1,2,0,0.0
herg_blockade,O=C(Nc1ccnc2cccnc12)C1CCC(NCc2ccc3c(c2)OCCO3)CC1,2,0,0.0
herg_blockade,O=C(Nc1ccnc2cccnc12)C1CCC(NCc2cnc3c(c2)OCCO3)CC1,2,0,0.0
herg_blockade,O=C(Nc1ccncc1)c1cn(-c2cccc(C=C(c3ccccc3)c3ncno3)c2)c2ncccc2c1=O,2,2,1.0
herg_blockade,O=C(Nc1ccon1)n1ccc2cc(Oc3ncnc4c3CCNC4)ccc21,2,1,0.5
herg_blockade,O=C(Nc1ccon1)n1ccc2ccc(Oc3ncnc4c3CNC4)cc21,2,0,0.0
herg_blockade,O=C(Nc1cnccn1)C(CC1CCCC1)c1ccccc1,2,1,0.5
herg_blockade,O=C(Nc1cnccn1)c1cccc(Oc2ccc(C(=O)N3CCC3)cc2)c1,2,0,0.0
herg_blockade,O=C(Nc1csc(C23COCCC2CSC=N3)n1)c1ccccn1,2,2,1.0
herg_blockade,O=C(Nc1nc(-c2ccc(Oc3ccccc3)cc2)cs1)c1ccncc1,2,0,0.0
herg_blockade,O=C(Nc1ncc(Sc2cccc(C(=O)N3CCNCC3)c2)s1)c1ccccc1,2,0,0.0
herg_blockade,O=C(OC1CC2CC3CC(C1)N2CC3=O)c1c[nH]c2ccccc12,2,1,0.5
herg_blockade,O=C(OC1CC2CC3CCN2C(C3)C1)c1c[nH]c2ccccc12,2,0,0.0
herg_blockade,O=C(OC1CN2CCC1CC2)N1CCc2ccccc2C1c1ccccc1,2,2,1.0
herg_blockade,O=C(OC1COc2nccn2C1)N1CCN(c2ccccc2)CC1,2,0,0.0
herg_blockade,O=C(OC1Cc2ccccc2OC1c1ccccc1)c1ccccc1,2,2,1.0
herg_blockade,O=C(OCC12CCN(CC1)CC2)c1c[nH]c2ccccc12,2,1,0.5
herg_blockade,O=C(OCC1CCCCC1)N(c1ccccc1)c1ccccc1,2,0,0.0
herg_blockade,O=C(OCC1CCN(Cc2ccc(-c3ccccc3)cc2)CC1)c1c2n(c3ccccc13)CCCO2,2,1,0.5
herg_blockade,O=C(OCC1CCN(Cc2ccccc2)CC1)c1c2n(c3ccccc13)CCCO2,2,0,0.0
herg_blockade,O=C(c1c[nH]cn1)N(Cc1ccccc1)C1CCCCC1,2,0,0.0
herg_blockade,O=C(c1c[nH]cn1)N(Cc1ccccc1)CC1C2CN(CC3CC3)CC21,2,2,1.0
herg_blockade,O=C(c1c[nH]cn1)N(Cc1ccccc1)CC1C2CN(CC3CCCC3)CC21,2,2,1.0
herg_blockade,O=C(c1cc2ccccc2[nH]1)N1CCc2ccccc2C1,2,1,0.5
herg_blockade,O=C(c1cc2ccccc2s1)N(Cc1cccc(-c2ccncc2)c1)C1CCCCC1,2,0,0.0
herg_blockade,O=C(c1cc2ccccn2c1-c1ccccc1)N1CCCCC1,2,0,0.0
herg_blockade,O=C(c1ccc(-c2ccccc2)cc1)N1CCN(C(=O)c2ccc3cc[nH]c3c2)CC1,2,0,0.0
herg_blockade,O=C(c1ccc(-c2cccs2)cc1)N1CCn2c(nnc2-c2ccccn2)C1,2,1,0.5
herg_blockade,O=C(c1ccc(-c2cccs2)cc1)N1CCn2c(nnc2-c2cocn2)C1,2,1,0.5
herg_blockade,O=C(c1ccc(-c2cccs2)cc1)N1CCn2c(nnc2-c2nccs2)C1,2,0,0.0
herg_blockade,O=C(c1ccc(-c2cccs2)cc1)N1CCn2c(nnc2-c2ncno2)C1,2,1,0.5
herg_blockade,O=C(c1ccc(-c2cncc(-c3ccccc3)c2)cc1)N1CCNCC1,2,1,0.5
herg_blockade,O=C(c1ccc(-c2cncc(-c3cccnc3)c2)cc1)N1CCOCC1,2,0,0.0
herg_blockade,O=C(c1ccc(CC2CCC(Cc3ccccc3)N2)cc1)N1CC2C(C1)C2c1nnco1,2,0,0.0
herg_blockade,O=C(c1ccc(CC2CCC(Cc3ccccc3)N2)cc1)N1CC2CC2C1,2,1,0.5
herg_blockade,O=C(c1ccc(CC2CCC(Cc3ccccc3)N2)cc1)N1CCC2(CCOC2=O)CC1,2,0,0.0
herg_blockade,O=C(c1ccc(CC2CCC(Cc3ccccc3)N2)cc1)N1CCCCC1,2,1,0.5
herg_blockade,O=C(c1ccc(CC2CCC(Cc3ccccc3)N2)cc1)N1CCN(Cc2nc[nH]n2)CC1,2,0,0.0
herg_blockade,O=C(c1ccc(CN2CCCCC2)cc1)N1CCNCC1,2,0,0.0
herg_blockade,O=C(c1ccc(Nc2nccc(-c3cnc[nH]3)n2)cc1)N1CCCC1,2,0,0.0
herg_blockade,O=C(c1ccc(OCCCN2CCOCC2)cc1)N1C=Cc2[nH]c3ccccc3c2CC1,2,1,0.5
herg_blockade,O=C(c1ccc(OCc2ccccc2)cc1)N1CCN(C(=O)C2CCCO2)CC1,2,0,0.0
herg_blockade,O=C(c1ccc2[nH]c3c(c2c1)CN(C1CCOC1)CC3)N1CCCCC1,2,0,0.0
herg_blockade,O=C(c1ccc2[nH]ccc2c1)C1CCCN1,2,1,0.5
herg_blockade,O=C(c1ccc[nH+]c1)N1CCC(N2CCC(N(Cc3ccccc3)c3ccccc3)CC2)CC1,2,2,1.0
herg_blockade,O=C(c1cccc(-c2nnn[nH]2)c1)N1CCC(CCN2C3CCC2CC(n2cnc4ccccc42)C3)(c2ccccc2)CC1,2,0,0.0
herg_blockade,O=C(c1cccc(-c2noc(=S)[nH]2)c1)N1CCC(CCN2C3CCC2CC(n2cnc4ccccc42)C3)(c2ccccc2)CC1,2,0,0.0
herg_blockade,O=C(c1cccc(S(=O)(=O)NC2CC2)c1)N1CCC(CCN2C3CCC2CC(n2cnc4ccccc42)C3)(c2ccccc2)CC1,2,0,0.0
herg_blockade,O=C(c1ccccc1)C1CCN(CCc2ccccn2)CC1,2,2,1.0
herg_blockade,O=C(c1ccccc1)C1CCNCC1,2,2,1.0
herg_blockade,O=C(c1ccccc1)C1CC[NH+](CCc2ccccc2)CC1,2,2,1.0
herg_blockade,O=C(c1ccccc1)N(C1CCCCC1)C1CCNC1,2,2,1.0
herg_blockade,O=C(c1ccccc1)N(CCC1CC1)C1CCNC1,2,2,1.0
herg_blockade,O=C(c1ccccc1)N(CCCNCCc1ccccc1)c1ccccc1,2,2,1.0
herg_blockade,O=C(c1ccccc1)N1CCC(CN2CCC(Oc3ccccc3)CC2)CC1,2,0,0.0
herg_blockade,O=C(c1ccccc1)N1CCC(CS(=O)(=O)c2ccccc2)CC1,2,0,0.0
herg_blockade,O=C(c1ccccc1)N1CCC(N2CCC(N(Cc3ccccc3)C(=O)C3CC3)C2)CC1,2,2,1.0
herg_blockade,O=C(c1ccccc1)N1CCC(NCc2cncn2Cc2ccccc2)C1,2,2,1.0
herg_blockade,O=C(c1ccccc1)N1CCC(NCc2cncn2Cc2ccccc2)C1=O,2,2,1.0
herg_blockade,O=C(c1ccccc1)N1CCC(c2ccccc2)CC1,2,1,0.5
herg_blockade,O=C(c1ccccc1)N1CCC2(CCN(Cc3cccc(Oc4ccccc4)c3)CC2)CC1,2,2,1.0
herg_blockade,O=C(c1ccccc1)N1CCN(CCCCCC(c2ccccc2)c2ccccc2)CC1,2,2,1.0
herg_blockade,O=C(c1ccccc1)N1CCc2c(ncn2-c2ccccn2)C1,2,0,0.0
herg_blockade,O=C(c1ccccc1)N1CCn2c(nnc2-c2ccccc2)C1,2,0,0.0
herg_blockade,O=C(c1ccccc1)N1CCn2c(nnc2-c2ncno2)C1,2,1,0.5
herg_blockade,O=C(c1ccccc1)N1Cc2ccccc2C1,2,0,0.0
herg_blockade,O=C(c1ccccc1)c1ccccc1NS(=O)(=O)c1ccccc1,2,0,0.0
herg_blockade,O=C(c1ccccc1)c1cn(Cc2ccccc2)c2ccccc12,2,2,1.0
herg_blockade,O=C(c1ccccc1)n1cnc(Nc2ccccc2)n1,2,0,0.0
herg_blockade,O=C(c1ccccc1-n1nccn1)N1CC2CN(c3nc4ccccc4o3)CC2C1,2,0,0.0
herg_blockade,O=C(c1ccccc1C1CCCC1)N(CC1CCC1)C1CCNC1,2,2,1.0
herg_blockade,O=C(c1ccccc1OCc1csc(-c2ccccc2)n1)N1CCCC1,2,2,1.0
herg_blockade,O=C(c1ccccc1Oc1ccccc1)N(C1CCC1)C1CCNC1,2,2,1.0
herg_blockade,O=C(c1ccccc1Oc1ccccc1)N(CC1CCC1)C1CCNC1,2,2,1.0
herg_blockade,O=C(c1ccccc1Oc1ccccc1)N(c1ccccc1)C1CCNC1,2,2,1.0
herg_blockade,O=C(c1ccccn1)N1CCC2(CCN(Cc3cccc4c3OCC4)CC2)CC1,2,0,0.0
herg_blockade,O=C(c1cccnc1)N1Cc2ccccc2C1,2,0,0.0
herg_blockade,O=C(c1ccncc1)N1CCC2(CCN(Cc3cccc4c3OCC4)CC2)CC1,2,1,0.5
herg_blockade,O=C(c1ccncc1)N1CCC2(CCN(Cc3ccccc3)CC2)CC1,2,2,1.0
herg_blockade,O=C(c1ccncn1)N1CCC2(CCN(Cc3cccc(Oc4ccccc4)c3)CC2)CC1,2,2,1.0
herg_blockade,O=C(c1ccncn1)N1CCC2(CCN(Cc3ccccc3Oc3ccccc3)CC2)CC1,2,2,1.0
herg_blockade,O=C(c1cnc2ccccc2n1)N1CCC(C(=O)N2CCCC2)C1,2,0,0.0
herg_blockade,O=C(c1cnc2ccnn2c1)N1CCC(CCc2ccccc2)CC1,2,0,0.0
herg_blockade,O=C(c1cncnc1)N1CC2CN(CCC(c3ccccc3)C3CCNCC3)CC2C1,2,0,0.0
herg_blockade,O=C(c1cncnc1)N1CCC(N2CCN(C3CCc4ccccc43)CC2)CC1,2,2,1.0
herg_blockade,O=C(c1cnn(-c2ccc3[nH]cnc3c2)c1)c1cc2ccccc2[nH]1,2,0,0.0
herg_blockade,O=C(c1cnn(-c2ccc3nc[nH]c3c2)c1)c1cc2ccccc2[nH]1,2,2,1.0
herg_blockade,O=C(c1ncccc1-c1ccc(CN2CCNCC2)cc1)N1CCC(Nc2ccccc2)CC1,2,0,0.0
herg_blockade,O=C(c1nccn1-c1ccc(CN2CCNCC2)cc1)N1CCC(Nc2ccccc2)CC1,2,0,0.0
herg_blockade,O=C(c1nnc(-c2ccccc2)o1)N1CC(Oc2ccc(CN3CC4(CCCO4)C3)cc2)C1,2,1,0.5
herg_blockade,O=C(c1nnc(-c2ccccc2)o1)N1CC(Oc2ccc(CN3CC4(CCOC4)C3)cc2)C1,2,0,0.0
herg_blockade,O=C(c1nnc(-c2ccccc2)o1)N1CC(Oc2ccc(CN3CC4(COC4)C3)cc2)C1,2,0,0.0
herg_blockade,O=C(c1nnc(-c2ccccc2)o1)N1CC(Oc2ccc(CN3CCNCC3)cc2)C1,2,0,0.0
herg_blockade,O=C(c1nnc(-c2ccccc2)o1)N1CC(Oc2ccc(CNCC3COC3)cc2)C1,2,0,0.0
herg_blockade,O=C1C(=C2SC=NN2c2ccccc2)SC(=Nc2cc(-c3ccccc3)cc(-c3ccccc3)n2)N1c1ccccc1,2,2,1.0
herg_blockade,O=C1C(CCN2CCC(c3noc4ccccc34)CC2)C=NC2=[N+]1CCCC2,2,2,1.0
herg_blockade,O=C1C(Cc2ccc(OCCc3coc(-c4ccccc4)n3)cc2)CN1c1ccccc1,2,0,0.0
herg_blockade,O=C1C(N(Cc2cccnc2)Cc2cncn2Cc2ccccc2)CCN1Cc1ccccc1,2,2,1.0
herg_blockade,O=C1C(NCc2cncn2Cc2ccccc2)CCN1c1cccc2ncccc12,2,2,1.0
herg_blockade,O=C1C(NCc2cncn2Cc2ccccc2)CCN1c1ccncc1,2,2,1.0
herg_blockade,O=C1C([N+]Cc2cncn2Cc2ccccc2)CCN1Cc1ccccc1,2,2,1.0
herg_blockade,O=C1C(c2ccccc2)CCCN1C1(c2ccccc2)CCC(N2CCC3(CCOC3)CC2)CC1,2,2,1.0
herg_blockade,O=C1C(c2ccccc2)CCN1C1(c2ccccc2)CCCCC1,2,2,1.0
herg_blockade,O=C1C(n2cc(-c3ccc(-n4ccnc4)cc3)nn2)CCC(c2ccccc2)CN1Cc1ccccc1,2,2,1.0
herg_blockade,O=C1C(n2cc(-c3ccc(-n4ccnc4)cc3)nn2)CCCCN1CC12CC3CC(CC(C3)C1)C2,2,2,1.0
herg_blockade,O=C1C2CCN1C(c1ccccc1)c1cccc(c1)Oc1cccc(c1)Cn1cncc1CN2,2,2,1.0
herg_blockade,O=C1C2CCN1C1CCCc3ccc(cc31)Oc1cccc(c1)Cn1cncc1CN2,2,1,0.5
herg_blockade,O=C1C2CCN1C1CCOc3ccc(cc31)Oc1cccc(c1)Cn1cncc1CN2,2,2,1.0
herg_blockade,O=C1C=C2CCCCCCC=CCCC=CC=CC(=O)NC(=C1)C2=O,2,0,0.0
herg_blockade,O=C1C=CC2C3=CC(=O)C45C(CCC6(CCCCC64)C(=O)N5C4CCCCC4)C3CCC2C1,2,0,0.0
herg_blockade,O=C1CC(=O)NC(=O)N1,2,0,0.0
herg_blockade,O=C1CC(N(Cc2ccccc2)c2ccccc2)CN1,2,2,1.0
herg_blockade,O=C1CC(Oc2ccc3nccc(CCC45CCC(NCc6ccc7c(n6)NC(=O)CO7)(CC4)CO5)c3n2)CN1,2,0,0.0
herg_blockade,O=C1CC(c2nc(-c3ccccc3)no2)CN1c1ccccc1,2,2,1.0
herg_blockade,O=C1CC(c2nnc(SCCCN3CCC4(CC4c4ccccc4)C3)[nH]2)CCN1,2,0,0.0
herg_blockade,O=C1CC2(CCN(C(=O)c3ccc4[nH]ncc4c3)CC2)Cc2cn[nH]c21,2,0,0.0
herg_blockade,O=C1CC2(CCN(C3CCc4ccccc4C3)CC2)Oc2ccccc21,2,2,1.0
herg_blockade,O=C1CC2(CCN(Cc3ccccc3)CC2)Oc2ccccc21,2,2,1.0
herg_blockade,O=C1CC2CCC1(CS(=O)(=O)N1CCN(c3ccccn3)CC1)C2,2,0,0.0
herg_blockade,O=C1CC=C(C(C2=CNCC=C2)c2ccccc2)C=N1,2,0,0.0
herg_blockade,O=C1CCC(=O)N1CCOc1ccc(CN(Cc2ccccc2)CC2CC2)cc1,2,0,0.0
herg_blockade,O=C1CCC(c2ccc(OC3CCN(C4CCC4)CC3)cc2)=NN1,2,0,0.0
herg_blockade,O=C1CCC(c2ccc(OCCCN3CCCC3)cc2)=NN1,2,0,0.0
herg_blockade,O=C1CCC2=C1C(c1ccccc1)NC(=O)N2c1ccncc1,2,0,0.0
herg_blockade,O=C1CCCN1C1CCC(Sc2nc3ccc(N4CCNCC4)cc3[nH]2)CC1,2,0,0.0
herg_blockade,O=C1CCCc2c1cc1n2-c2cccc(c2)NC2CCCN(CCC1)C2,2,2,1.0
herg_blockade,O=C1CCCc2c1cc1n2-c2cccc(c2)NCC2CCN(CCC1)C2,2,2,1.0
herg_blockade,O=C1CCCc2c1cc1n2-c2cccc(c2)NCC2CNCCN2CCC1,2,0,0.0
herg_blockade,O=C1CCCc2c1cc1n2-c2cccc(c2)NCC2COCCN2CCC1,2,0,0.0
herg_blockade,O=C1CCCc2c1cc1n2-c2cccc(c2)NCCCNCC1,2,0,0.0
herg_blockade,O=C1CCCc2c1cc1n2-c2cccc(c2)NCCNCCC1,2,2,1.0
herg_blockade,O=C1CCCc2c1cnn2-c1cccc(NC2CCCCC2)c1,2,0,0.0
herg_blockade,O=C1CCN(C2CCC(NC(=O)Cc3ccccc3)(c3ccccc3)CC2)CC1,2,2,1.0
herg_blockade,O=C1CCNc2ccccc2N1Cc1cccc2ccccc12,2,0,0.0
herg_blockade,O=C1CCc2c(Oc3ccc4c(c3)CC(NC(=O)c3cccc(-c5cn[nH]c5)c3)CC4)ccnc2N1,2,0,0.0
herg_blockade,O=C1CN(C(=O)CCCc2ccccc2)CCN1,2,0,0.0
herg_blockade,O=C1CN(CCC2CCCCC2)CCN1C1CCc2ccccc2C1,2,2,1.0
herg_blockade,O=C1CN(CCc2ccccc2)CCN1C1CCc2cc(CN3CCOCC3)ccc2C1,2,0,0.0
herg_blockade,O=C1CN(CCc2ccccc2)CCN1C1CCc2cc(CN3CCS(=O)(=O)CC3)ccc2C1,2,0,0.0
herg_blockade,O=C1CN(CCc2ccccc2)CCN1C1CCc2cc(Cn3ccnc3)ccc2C1,2,2,1.0
herg_blockade,O=C1CN(CCc2cccs2)CCN1C1CCc2ccccc2C1,2,0,0.0
herg_blockade,O=C1CN(Cc2ccc(-c3cccc(CN4CCCCC4)n3)cc2)C(=O)N1,2,2,1.0
herg_blockade,O=C1CN(Cc2ccc(-c3cccc(CN4CCCCC4)n3)cc2)C(=O)N1CC1CC1,2,2,1.0
herg_blockade,O=C1CN(N=Cc2ccc(-c3ccccc3)o2)C(=O)N1CCCCN1CCNCC1,2,2,1.0
herg_blockade,O=C1CN2C(=NN1)COc1ccc(NC3CNC3)cc12,2,0,0.0
herg_blockade,O=C1CN2C3CC(OC(=O)C4CNc5ccccc54)CC2CC1C3,2,2,1.0
herg_blockade,O=C1CNCC=CCOc2ccc(cc2)N2CCCC2C(=O)N=CNCc2ccc(cc2)N1,2,0,0.0
herg_blockade,O=C1CNCCC=CCOc2ccc(cc2)N2CCCC2C(=O)N=CNCc2ccc(cc2)N1,2,0,0.0
herg_blockade,O=C1CNCCCC=CCOc2ccc(cc2)N2CCCC2C(=O)N=CNCc2ccc(cc2)N1,2,0,0.0
herg_blockade,O=C1COc2cc(CCN3CCN(c4cccc5ncccc45)CC3)ccc2N1,2,2,1.0
herg_blockade,O=C1COc2cc3c(cc2N1)CCN(CCCSc1nnc(-c2cccc4ncccc24)[nH]1)CC3,2,2,1.0
herg_blockade,O=C1COc2cc3c(cc2N1)CCN(CCCSc1nnc(-c2cnco2)[nH]1)CC3,2,1,0.5
herg_blockade,O=C1COc2ccc(C(=O)NC34CCC(CCc5ccnc6cccnc56)(CC3)OC4)nc2N1,2,0,0.0
herg_blockade,O=C1COc2ccc(CCN3CCN(c4cccc5ncccc45)CC3)cc2N1,2,2,1.0
herg_blockade,O=C1COc2ccc(CNC34CCC(C5OC(=O)OC5c5ccnc6cccnc56)(CC3)OC4)nc2N1,2,1,0.5
herg_blockade,O=C1COc2ccc(CNC34CCC(CC5Cn6c(=O)ccc7nccc5c76)(CC3)OC4)cc2N1,2,2,1.0
herg_blockade,O=C1COc2ccc(CNC34CCC(CCc5ccnc6ccc(OCC7CC(=O)N7)nc56)(CC3)OC4)nc2N1,2,0,0.0
herg_blockade,O=C1COc2ccc(CNC34CCC(CCc5ccnc6ccc(OCCc7cc(=O)cc[nH]7)nc56)(CC3)OC4)nc2N1,2,2,1.0
herg_blockade,O=C1COc2ccc(CNC34CCC(CCc5ccnc6ccc(OCc7cc(=O)cc[nH]7)nc56)(CC3)OC4)nc2N1,2,2,1.0
herg_blockade,O=C1COc2ccc(CNC3CCC(CCc4ccnc5cccnc45)OC3)nc2N1,2,2,1.0
herg_blockade,O=C1COc2ccc(CNC3CCC(CCn4c(=O)ccc5ccccc54)CC3)nc2N1,2,0,0.0
herg_blockade,O=C1COc2ccc(CNC3CCC(CCn4c(=O)ccc5cccnc54)OC3)nc2N1,2,0,0.0
herg_blockade,O=C1COc2ccc(CNC3CCN(CCn4c(=O)ccc5ncc(OC6CCOC6)cc54)CC3)nc2N1,2,0,0.0
herg_blockade,O=C1COc2ccc(Nc3ccnc(Nc4ccccc4)n3)nc2N1,2,1,0.5
herg_blockade,O=C1COc2cccc(OCCCN3CCC4(CC3)Cc3ccccc3O4)c2N1,2,2,1.0
herg_blockade,O=C1COc2ccccc2N1CCN1CCC(NCc2cc3c(cn2)OCCO3)CC1,2,0,0.0
herg_blockade,O=C1COc2cnc(CNC34CCC(CC5Cn6c(=O)ccc7nccc5c76)(CC3)OC4)cc2N1,2,0,0.0
herg_blockade,O=C1COc2cnc(CNC34CCC(CC5Cn6c(=O)ccc7nccc5c76)(CC3)OC4)nc2N1,2,0,0.0
herg_blockade,O=C1CSC(c2cccc(S(=O)(=O)N3CCN(C(=O)C4CC4c4ccccc4)CC3)c2)=N1,2,2,1.0
herg_blockade,O=C1CSc2ccc(CNC34CCC(CC5Cn6c(=O)ccc7nccc5c76)(CC3)OC4)nc2N1,2,0,0.0
herg_blockade,O=C1CSc2ccc(CNC3CCC(CCc4ccnc5cccnc45)OC3)nc2N1,2,2,1.0
herg_blockade,O=C1Cc2cc(C(=O)N3CCC(CCN4C5CCC4CC(n4cnc6ccccc64)C5)(c4ccccc4)CC3)ccc2S(=O)(=O)N1,2,0,0.0
herg_blockade,O=C1Cc2ccccc2C(c2ccccc2)N1c1ccc(NCC2CCCCC2)cc1,2,1,0.5
herg_blockade,O=C1N(CCN2C3CCCC2CC3)CCN1c1ccccc1,2,2,1.0
herg_blockade,O=C1N(CCN2CC3CC(c4ccccc4)CC2C3)CCN1c1ccccc1,2,2,1.0
herg_blockade,O=C1N(CCN2CC3CCC(CC3)C2)CCN1c1ccccc1,2,2,1.0
herg_blockade,O=C1N(CCN2CC3CCC2C3)CCN1c1ccccc1,2,0,0.0
herg_blockade,O=C1N(CCN2CC3CCC2Cc2ccccc2C3)CCN1c1ccccc1,2,2,1.0
herg_blockade,O=C1N(CCN2CC3CCCC2C3)CCN1c1ccccc1,2,2,1.0
herg_blockade,O=C1N(CCN2CCC34CCC(CC23)C4)CCN1c1ccccc1,2,2,1.0
herg_blockade,O=C1N(CCNCC23CCC(CC2)C3)CCN1C1COOC1,2,2,1.0
herg_blockade,O=C1N(CCNCC23CCC(CC2)C3)CCN1c1ccc2c(c1)OCO2,2,2,1.0
herg_blockade,O=C1N(CCNCCc2ccccc2)CCN1c1ccccc1,2,2,1.0
herg_blockade,O=C1N(NS(=O)(=O)Cc2ccccc2)CC(c2ccccc2)N1CCc1ccccc1,2,2,1.0
herg_blockade,O=C1N(c2ccc(-c3ccccc3)cc2)C(=O)C2(CCN(Cc3ccccn3)CC2)N1c1ncccn1,2,0,0.0
herg_blockade,O=C1N(c2ccc(-c3ccccc3)nc2)C(=O)C2(CCN(Cc3ccccn3)CC2)N1c1ccncn1,2,1,0.5
herg_blockade,O=C1N(c2ccccc2)CCN1N1CCCC1,2,2,1.0
herg_blockade,O=C1NC(=O)C(=Cc2ccc(-c3ccccc3)o2)S1,2,0,0.0
herg_blockade,O=C1NC(=O)C(=Cc2cccc(-c3ccccc3)c2N2CCCCC2)S1,2,0,0.0
herg_blockade,O=C1NC(=O)C(=Cc2cccc(-c3ccncc3)c2N2CCCCC2)S1,2,0,0.0
herg_blockade,O=C1NC(=O)C(Cc2ccc(Oc3ccccc3)cc2)O1,2,2,1.0
herg_blockade,O=C1NC(=O)C(c2c[nH]c3ccccc23)=C1c1c[nH]c2ccccc12,2,0,0.0
herg_blockade,O=C1NC(C(=O)NCc2ccccc2)c2ccccc21,2,0,0.0
herg_blockade,O=C1NC2CCCCC2CCC1n1cc(-c2ccc(-n3ccnc3)cc2)nn1,2,0,0.0
herg_blockade,O=C1NCC(c2ccc(-c3ccc4c(c3)OCC3COC(=O)N43)cn2)O1,2,0,0.0
herg_blockade,O=C1NCC(c2ccccc2)C12CCN(C1(c3ccccc3)CCCCC1)CC2,2,2,1.0
herg_blockade,O=C1NCCC(c2ccccc2)CC1n1cc(-c2ccc(-n3ccnc3)cc2)nn1,2,2,1.0
herg_blockade,O=C1NCc2c(-c3ccccc3)nc(N3CCOCC3)nc2N1c1ccccc1,2,2,1.0
herg_blockade,O=C1NCc2c(-c3ccccc3)nc(NC3CCNCC3)nc2N1c1ccccc1,2,2,1.0
herg_blockade,O=C1NCc2cc(-c3cc(-c4cccnc4)no3)ccc21,2,0,0.0
herg_blockade,O=C1NCc2cc(-c3ccc(CCNC(=O)C4CCCCN4)cc3)ccc21,2,0,0.0
herg_blockade,O=C1NCc2cc3c(cc21)CCN(CCCCSc1nnc(-c2cccc4ncccc24)[nH]1)CC3,2,1,0.5
herg_blockade,O=C1NN=C(c2ccc(OC3CCN(C4CCC4)CC3)cc2)C2CC12,2,1,0.5
herg_blockade,O=C1NN=C(c2ccc(OCCCN3CCCC3)cc2)C2CC12,2,1,0.5
herg_blockade,O=C1Nc2ccccc2C12CCN1CCCCC12,2,0,0.0
herg_blockade,O=C1Nc2ccccc2C12NCCCc1c2[nH]c2ccccc12,2,0,0.0
herg_blockade,O=C1Nc2ncccc2C2(CCN(CC3CCNCC3)CC2)O1,2,2,1.0
herg_blockade,O=C1OC(c2ccccc2)CCN1Cc1ccc(-c2ccccc2)cc1,2,0,0.0
herg_blockade,O=C1OC(c2ccccc2)CCN1Cc1ccccc1,2,2,1.0
herg_blockade,O=C1OC(c2ccnc3ccccc23)CN1C1CCN(Cc2ccccc2)CC1,2,2,1.0
herg_blockade,O=C1OC2(CCN(c3nc4ccccc4[nH]3)CC2)CN1c1ccccc1,2,2,1.0
herg_blockade,O=C1OC2(CCN1CC1CCOCC1)CCN(C1CCN(C(=O)c3cncnc3)CC1)CC2,2,0,0.0
herg_blockade,O=C1OC2(CCNCC2C(=O)N(Cc2ccccc2)C2CC2)c2ccccc21,2,0,0.0
herg_blockade,O=C1OC2(CCNCC2c2ccc(-c3ccccc3)cc2)c2ccccc21,2,0,0.0
herg_blockade,O=C1OCC2C(C=Cc3ccc(-c4ccccc4)cn3)CCCC12N1CCC1,2,1,0.5
herg_blockade,O=C1OCCc2cc(C3CN4CCN(C(=O)Cc5ccc(-n6cnnn6)nc5)CC4CO3)ccc21,2,0,0.0
herg_blockade,O=C1OCc2cc(CCC3C4CN(C(=O)Cc5ccc(-n6cnnn6)cc5)CC34)ccc21,2,2,1.0
herg_blockade,O=C1OCc2cc(CCN3CCC4(CC3)CC(=O)N(c3ccccn3)C4)ccc21,2,1,0.5
herg_blockade,O=C1OCc2cc(CCN3CCC4(CC3)CC(=O)N(c3cccnc3)C4)ccc21,2,1,0.5
herg_blockade,O=C1OCc2cc(CCN3CCC4(CC3)CC(=O)N(c3cnccn3)C4)ccc21,2,1,0.5
herg_blockade,O=C1OCc2cc(CCN3CCC4(CC3)CCN(c3ccncc3)C4=O)ccc21,2,1,0.5
herg_blockade,O=C1c2ccc(C3CCN(CC4CCOCC4)CC3)cc2Cc2[nH]c3ccccc3c21,2,1,0.5
herg_blockade,O=C1c2cccc3c2C(CCC3)CN1C1CN2CCC1CC2,2,1,0.5
herg_blockade,O=C1c2ccccc2C(=O)c2cc3c(cc21)CCCC3OC1CCCCO1,2,0,0.0
herg_blockade,O=C1c2ccccc2CC1CC1CCN(Cc2ccccc2)CC1,2,2,1.0
herg_blockade,O=C1c2nccc(-c3ccccc3)c2CN1c1ccccc1,2,2,1.0
herg_blockade,O=C1c2nn(-c3ccccc3)cc2CN1c1ccc(N2CCCC2)cc1,2,0,0.0
herg_blockade,O=S(=O)(C1CC1)N1Cc2ccccc2C1,2,0,0.0
herg_blockade,O=S(=O)(C=Cc1ccccc1)Cc1ccccn1,2,0,0.0
herg_blockade,O=S(=O)(C=Cc1ccccc1)Cc1cccnc1,2,0,0.0
herg_blockade,O=S(=O)(CC1CCCCC1)NCCCCN1CCN(c2ccccc2)CC1,2,2,1.0
herg_blockade,O=S(=O)(CCCCN1CCCCC1)c1ccccc1,2,2,1.0
herg_blockade,O=S(=O)(CCCCc1ncccn1)N1CCC(CCc2cnoc2)CC1,2,0,0.0
herg_blockade,O=S(=O)(Cc1ccc(C23CNCC2C3)cc1)c1ccccc1,2,2,1.0
herg_blockade,O=S(=O)(Cc1ccccc1)N1Cc2ccccc2C1,2,0,0.0
herg_blockade,O=S(=O)(Cc1ccccc1)NCCN1CC2CN(Cc3ccccc3)CC(C1)O2,2,0,0.0
herg_blockade,O=S(=O)(Cc1ccccc1)c1ccc(C23CNCC2C3)cc1,2,2,1.0
herg_blockade,O=S(=O)(NC1CCC1)c1ccc(-c2ccc(CCN3CCCC3)cc2)cc1,2,2,1.0
herg_blockade,O=S(=O)(NC1CCOCC1)c1ccc(-c2ccc(CCN3CCCC3)cc2)cc1,2,0,0.0
herg_blockade,O=S(=O)(NCC(CCN1C2CCC1CC(n1cnnc1)C2)c1ccccc1)c1ccccc1,2,0,0.0
herg_blockade,O=S(=O)(NCC1CC1)c1ccc(-c2ccc(CCN3CCCC3)cc2)cc1,2,2,1.0
herg_blockade,O=S(=O)(NCC1CCC(c2nc(-c3ccccc3)c[nH]2)CC1)c1ccccc1,2,2,1.0
herg_blockade,O=S(=O)(NCC1COc2ccccc21)c1ccc2c(c1)CCNCC2,2,2,1.0
herg_blockade,O=S(=O)(NCCCCN1CCN(c2ccccc2)CC1)c1ccccc1,2,2,1.0
herg_blockade,O=S(=O)(NCCCCN1CCN(c2nsc3ccccc23)CC1)c1cc2ccccc2s1,2,0,0.0
herg_blockade,O=S(=O)(NCCCN1CC2CN(CCCOc3ccccc3)CC(C1)O2)c1ccccc1,2,0,0.0
herg_blockade,O=S(=O)(NCCN1CC2CN(CCCOc3ccccc3)CC(C1)O2)c1cnoc1,2,0,0.0
herg_blockade,O=S(=O)(NCCc1c[nH]c2ccccc12)c1ccccc1,2,2,1.0
herg_blockade,O=S(=O)(NCc1ccccc1)c1ccc(-c2ccc(CCN3CCCC3)cc2)cc1,2,2,1.0
herg_blockade,O=S(=O)(NCc1ccn(-c2ccccc2)n1)c1cccc2cccnc12,2,2,1.0
herg_blockade,O=S(=O)(NCc1ccn(-c2ccccc2)n1)c1ccccc1,2,0,0.0
herg_blockade,O=S(=O)(NCc1ccncc1)c1ccc(-c2ccc(CCN3CCCC3)cc2)cc1,2,2,1.0
herg_blockade,O=S(=O)(Nc1ccccc1)c1ccc(-c2ccc(CCN3CCCC3)cc2)cc1,2,2,1.0
herg_blockade,O=S(=O)(Nc1ccccn1)c1ccc(Oc2ccccc2)cc1,2,0,0.0
herg_blockade,O=S(=O)(Nc1cccnc1)c1ccccc1,2,0,0.0
herg_blockade,O=S(=O)(Nc1cccnc1Oc1ccccc1)c1ccccc1,2,0,0.0
herg_blockade,O=S(=O)(c1c[nH]cn1)N1Cc2ccccc2C1,2,0,0.0
herg_blockade,O=S(=O)(c1ccc(OCc2ccccc2)cc1)C1CCC2(CCNCC2)C1,2,0,0.0
herg_blockade,O=S(=O)(c1cccc(-c2ccc3ncc(-c4ccccc4)n3n2)c1)C1CC1,2,2,1.0
herg_blockade,O=S(=O)(c1cccc(NC2CCNCC2)c1)n1ccc2ccccc21,2,2,1.0
herg_blockade,O=S(=O)(c1cccc2cnccc12)N1CCCNCC1,2,0,0.0
herg_blockade,O=S(=O)(c1ccccc1)N1CCC(CCc2ccccc2)CC1,2,2,1.0
herg_blockade,O=S(=O)(c1ccccc1)N1CCC(CN2CCC(c3noc4ccccc34)CC2)CC1,2,2,1.0
herg_blockade,O=S(=O)(c1ccccc1)N1CCN(CC2(c3ccccc3)CC2)CC1,2,2,1.0
herg_blockade,O=S(=O)(c1ccccc1)N1CCN(CC2(c3ccncc3)CC2)CC1,2,2,1.0
herg_blockade,O=S(=O)(c1ccccc1)N1CCN(CC2CCC2)CC1,2,0,0.0
herg_blockade,O=S(=O)(c1ccccc1)c1ccc(C=Cc2ccccc2)cn1,2,2,1.0
herg_blockade,O=S(=O)(c1ccccc1)c1ccc(C=Cc2ccncc2)nc1,2,2,1.0
herg_blockade,O=S(=O)(c1ccccc1)c1ccc2c(c1)OC1CNCCC21,2,2,1.0
herg_blockade,O=S(=O)(c1cccnc1)N1Cc2ccccc2C1,2,0,0.0
herg_blockade,O=S(=O)(c1cccs1)N1Cc2ccccc2C1,2,0,0.0
herg_blockade,O=S(=O)(c1ccncc1)N1Cc2ccccc2C1,2,0,0.0
herg_blockade,O=S1(=O)CCC(C2NC(c3nc(-c4ccccc4)c[nH]3)Cc3c2[nH]c2ccccc32)CC1,2,2,1.0
herg_blockade,O=S1(=O)CCCC(Nc2cncc(Nc3ccccn3)c2)C1,2,0,0.0
herg_blockade,O=S1(=O)CCCN1c1ccc(Oc2ccccc2)cc1,2,2,1.0
herg_blockade,O=S1(=O)CCN(S(=O)(=O)c2ccc(-c3ccc(CCN4CCCC4)cc3)cc2)CC1,2,2,1.0
herg_blockade,O=c1[nH]c(=O)c2[nH]cnc2[nH]1,2,0,0.0
herg_blockade,O=c1[nH]c(C2CCCN2)nc2c1oc1ccccc12,2,0,0.0
herg_blockade,O=c1[nH]c(C=Cc2ccc(-n3ccnc3)cc2)nc2sc3c(c12)CCC3,2,2,1.0
herg_blockade,O=c1[nH]c2cc(C3CCCCC3)c(C3CCCCC3)cc2c2n[nH]cc12,2,1,0.5
herg_blockade,O=c1[nH]c2cc(N3CCCCC3)[nH]c2c(=O)n1Cc1ccccn1,2,0,0.0
herg_blockade,O=c1[nH]c2cc(N3CCCCC3)[nH]c2c(=O)n1Cc1cnc2ccccc2n1,2,2,1.0
herg_blockade,O=c1[nH]c2cc(N3CCCCC3)n(Cc3ccccc3)c2c(=O)n1Cc1nccc2ccccc12,2,2,1.0
herg_blockade,O=c1[nH]c2cc(N3CCCNCC3)[nH]c2c(=O)n1Cc1cc2ccccc2cn1,2,1,0.5
herg_blockade,O=c1[nH]c2cc(N3CCCNCC3)[nH]c2c(=O)n1Cc1ccnc2ccccc12,2,2,1.0
herg_blockade,O=c1[nH]c2cc(N3CCCNCC3)[nH]c2c(=O)n1Cc1ncc2ccccc2n1,2,1,0.5
herg_blockade,O=c1[nH]c2ccc(CCN3CCC(c4ccccc4)CC3)cc2o1,2,2,1.0
herg_blockade,O=c1[nH]c2ccccc2n1C1CCN(C2CCCCC2)CC1,2,1,0.5
herg_blockade,O=c1[nH]c2ccccc2n1C1CCN(CC2C3CCC(C3)C23CC3)CC1,2,0,0.0
herg_blockade,O=c1[nH]c2ccccc2n1C1CCN(CCCOc2ccccc2)CC1,2,2,1.0
herg_blockade,O=c1[nH]ccc2cc(NC3CCCCC3)nc(Nc3cccc4cc[nH]c34)c12,2,2,1.0
herg_blockade,O=c1[nH]ccc2cc(NC3CCOCC3)nc(Nc3cccc4cc[nH]c34)c12,2,0,0.0
herg_blockade,O=c1[nH]ccc2ncc3ccccc3c12,2,2,1.0
herg_blockade,O=c1[nH]ccc2ncc3ccncc3c12,2,2,1.0
herg_blockade,O=c1[nH]cnc2cc(NC3CCOCC3)nc(Nc3cccc4cc[nH]c34)c12,2,0,0.0
herg_blockade,O=c1[nH]nc(C2CC3(c4ccccc4)NC2CCC3NCc2ccccc2OC2CC2)[nH]1,2,2,1.0
herg_blockade,O=c1[nH]ncn1-c1ccc(N2CCN(c3ccc(OCC4COC(Cn5cncn5)(c5ccccc5)O4)cc3)CC2)cc1,2,0,0.0
herg_blockade,O=c1c2[nH]c(N3CCCCC3)cc2ncn1Cc1ccnc2ccccc12,2,2,1.0
herg_blockade,O=c1c2[nH]ccc2nc(N2CCCCC2)n1Cc1ccccc1,2,0,0.0
herg_blockade,O=c1c2cc(-c3cccnc3)[nH]c2nc(N2CCCCC2)n1Cc1ccccc1,2,0,0.0
herg_blockade,O=c1c2cc(NS(=O)(=O)N3CCC3)ccc2ccc2ncc(-c3cn[nH]c3)cc12,2,0,0.0
herg_blockade,O=c1c2cc(Oc3ccc4ncsc4c3)ncc2ncn1CC1CCCNC1,2,2,1.0
herg_blockade,O=c1c2cc(Oc3ccccc3)ccc2ncn1CC1CCCNC1,2,2,1.0
herg_blockade,O=c1c2ccccc2c(Cc2ccccc2)nn1C1CCCNCC1,2,2,1.0
herg_blockade,O=c1c2ccccc2c(Cc2ccccc2)nn1CC1CCCN1CCCCc1ccc(OCCCN2CCCCCC2)cc1,2,2,1.0
herg_blockade,O=c1c2ccccc2nc(C=Cc2ccc(-n3ccnc3)cc2)n1-c1ccccc1,2,2,1.0
herg_blockade,O=c1c2ccccc2ncn1-c1ccc(OC2CCC(N3CCCC3)CC2)cc1,2,2,1.0
herg_blockade,O=c1c2ccccc2oc2ccc(N3CC4CNCC4C3)cc12,2,2,1.0
herg_blockade,O=c1c2ccncc2c(Cc2ccccc2)nn1CC1CCCN1CCCCc1ccc(OCCCN2CCCCCC2)cc1,2,2,1.0
herg_blockade,O=c1c2cnccc2c(Cc2ccccc2)nn1CC1CCCN1,2,2,1.0
herg_blockade,O=c1c2nc(Oc3ccc4c(c3)OCO4)ccc2ncn1CC1CCCNC1,2,0,0.0
herg_blockade,O=c1c2nc(Oc3cccc4cccnc34)cnc2ncn1CC1CCCNC1,2,0,0.0
herg_blockade,O=c1c2nccnc2c(Cc2ccccc2)nn1CC1CCCN1,2,2,1.0
herg_blockade,O=c1c2nn(-c3ccccc3)cc2ncn1CC1CCCN(CC2CCCO2)C1,2,2,1.0
herg_blockade,O=c1c2sc(-c3ccccc3)cc2cnn1-c1ccc(N2CCCC2)nc1,2,2,1.0
herg_blockade,O=c1c2sc(-c3ccccc3)cc2nc(-c2ccccc2)n1CC1CCCNC1,2,2,1.0
herg_blockade,O=c1c2sc(-c3ccccc3)cc2ncn1-c1ccc(N2CCCC2)cc1,2,1,0.5
herg_blockade,O=c1c2sc(-c3ccccc3)cc2ncn1-c1ccc(OCCN2CCCC2)cc1,2,2,1.0
herg_blockade,O=c1cc(-c2ccc(OC3CCN(C4CCC4)CC3)cc2)cn[nH]1,2,2,1.0
herg_blockade,O=c1cc(Cn2c(C3CCC3)nc3nccnc32)c2ccccc2[nH]1,2,0,0.0
herg_blockade,O=c1cc(N2CCOCC2)nc2c(CNc3ccccc3)cccn12,2,0,0.0
herg_blockade,O=c1cc(NC2CCN(CC=Cc3ccccc3)CC2)c2ccccc2[nH]1,2,2,1.0
herg_blockade,O=c1cc(NC2CCN(Cc3ccc4ccccc4c3)CC2)c2ccccc2[nH]1,2,2,1.0
herg_blockade,O=c1cc(OCc2ccccc2)ccn1-c1ccc2c(cnn2CC2=NCCN2)c1,2,2,1.0
herg_blockade,O=c1cc(OCc2ccccc2)ccn1-c1ccc2c(cnn2CC2CCCN2)c1,2,1,0.5
herg_blockade,O=c1cc2n(c3cc(N4CCNCC4)ccc13)CS2,2,0,0.0
herg_blockade,O=c1ccc(-c2ccc(OCCCN3CCCC3)cc2)nn1-c1ncccn1,2,0,0.0
herg_blockade,O=c1ccc(-c2ccncc2)c[nH]1,2,0,0.0
herg_blockade,O=c1ccc(-c2nnc(SCCCN3CC4CCN(c5ccccc5)C4C3)[nH]2)c[nH]1,2,2,1.0
herg_blockade,O=c1ccc(C2(c3cccc(-c4cncnc4)c3)N=Cc3ccccc32)c[nH]1,2,0,0.0
herg_blockade,O=c1ccc(C2(c3cccc(C#CC4CC4)c3)N=Cc3ccccc32)c[nH]1,2,2,1.0
herg_blockade,O=c1ccc(C2=NC(c3ccccc3)(c3cccnc3)CN2)c[nH]1,2,2,1.0
herg_blockade,O=c1ccc(C2=NCC(c3ccccc3)(c3cccnc3)N2)c[nH]1,2,0,0.0
herg_blockade,O=c1ccc(N2CCNCC2)nn1CCOc1ccccc1,2,2,1.0
herg_blockade,O=c1ccc2cc(OCCCNCc3ccccc3)ccc2[nH]1,2,1,0.5
herg_blockade,O=c1ccc2cccc(OCCCN3CCC4(CC3)Cc3ccccc3O4)c2[nH]1,2,2,1.0
herg_blockade,O=c1ccc2ccccc2[nH]1,2,0,0.0
herg_blockade,O=c1ccc2ncc(Oc3ccccc3)cc2n1CCN1CCC(NCc2cccnc2)CC1,2,0,0.0
herg_blockade,O=c1ccc2nccc3c2n1CC3CC12CCC(NCOc3ccccc3)(CC1)CO2,2,2,1.0
herg_blockade,O=c1ccc2nccc3c2n1CC3CC12CCC(NCc3cc(-c4cccs4)on3)(CC1)CO2,2,2,1.0
herg_blockade,O=c1ccc2nccc3c2n1CC3CC12CCC(NCc3cc4c(cn3)OCCS4(=O)=O)(CC1)CO2,2,0,0.0
herg_blockade,O=c1ccc2nccc3c2n1CC3CC12CCC(NCc3cc4c(cn3)OCS4)(CC1)CO2,2,0,0.0
herg_blockade,O=c1ccc2nccc3c2n1CC3CC12CCC(NCc3cc4c(cn3)S(=O)(=O)CCO4)(CC1)CO2,2,0,0.0
herg_blockade,O=c1ccc2nccc3c2n1CC3CC12CCC(NCc3cc4c(cn3)SCCO4)(CC1)CO2,2,0,0.0
herg_blockade,O=c1ccc2nccc3c2n1CC3CC12CCC(NCc3cc4c(nn3)OCCO4)(CC1)CO2,2,0,0.0
herg_blockade,O=c1ccc2nccc3c2n1CC3CC12CCC(NCc3ccc4c(n3)OCCO4)(CC1)CO2,2,0,0.0
herg_blockade,O=c1ccc2ncccc2n1CCN1CCC(c2c[nH]c3ccccc23)CC1,2,2,1.0
herg_blockade,O=c1ccn2c(-c3ccccc3)cccc2c1-c1cccc(-c2nnco2)c1,2,0,0.0
herg_blockade,O=c1ccn2c3c(c(N4CC[NH+]CC4)ccc13)OCC2,2,0,0.0
herg_blockade,O=c1ccn2nc(N3CCC(c4ccccc4)CC3)ccc2n1,2,0,0.0
herg_blockade,O=c1ccnc(SCc2ccccc2)[nH]1,2,0,0.0
herg_blockade,O=c1ccnc2ccc(N3CCC(c4ccccc4)CC3)nn12,2,0,0.0
herg_blockade,O=c1n(-c2ccccc2)c2cccnc2n1C1CCN(c2ccccn2)CC1,2,2,1.0
herg_blockade,O=c1nc(NC2CC3CCC(C2)N3Cc2ccc3c(c2)OCO3)c2ccccc2[nH]1,2,2,1.0
herg_blockade,O=c1nc(NC2CCN(Cc3ccc4ccccc4c3)CC2)c2ccccc2[nH]1,2,2,1.0
herg_blockade,O=c1ncn(Cc2ccccc2)c2ccc(Oc3ccccn3)cc12,2,0,0.0
herg_blockade,O=c1occ(CN2CCN(c3ccc4c(=O)cc5n(c4c3)CS5)CC2)o1,2,0,0.0
herg_blockade,S=C1NCCN1CCN1CCC(c2cn(-c3ccccc3)c3ccccc23)CC1,2,2,1.0
herg_blockade,c1c(NCCN2CCOCC2)nnn1C12CC3CC(CC(C3)C1)C2,2,0,0.0
herg_blockade,c1c[se]c(SCCN2CCC(CCCc3ccnc4ccccc34)CC2)c1,2,0,0.0
herg_blockade,c1cc(-c2cc3sc(N4CCC(N5CCCCC5)CC4)nc3cn2)ccn1,2,2,1.0
herg_blockade,c1cc(-c2cc[nH]n2)cc(-c2nc(NC3CCNC3)c3ccccc3n2)c1,2,0,0.0
herg_blockade,c1cc(-c2ccc(C3CCOC3)cc2)cs1,2,0,0.0
herg_blockade,c1cc(-c2ccc3c(N4CCOCC4)nncc3c2)c2oncc2c1,2,0,0.0
herg_blockade,c1cc(-c2ccc3cc(CCN4CCCC4)ccc3n2)co1,2,2,1.0
herg_blockade,c1cc(-c2ccc3cc(CCN4CCCC4)ccc3n2)cs1,2,2,1.0
herg_blockade,c1cc(-c2ccc3ccccc3c2)cc(C23CC4CC(CC(C4)C2)C3)c1,2,0,0.0
herg_blockade,c1cc(-c2cnc(N3CC4CC3CN4)nc2)c2cc[nH]c2c1,2,0,0.0
herg_blockade,c1cc(-c2cnc3nc(N4CCC(N5CCCCC5)CC4)sc3c2)ccn1,2,2,1.0
herg_blockade,c1cc(-c2n[nH]c3c2Cc2cc(CN4CCNCC4)ccc2-3)cs1,2,1,0.5
herg_blockade,c1cc(-c2nc(C3CC3)cc(N3CCOCC3)n2)c2cc[nH]c2c1,2,0,0.0
herg_blockade,c1cc(-c2ncc(-c3ccc4cc(CCN5CCCC5)ccc4n3)s2)ccn1,2,2,1.0
herg_blockade,c1cc(-c2nccc(N3CCOCC3)n2)c2cc[nH]c2c1,2,0,0.0
herg_blockade,c1cc(-c2nnc(SCCCN3CCc4cc5c(cc4CC3)OCCN5)[nH]2)c2cccnc2c1,2,2,1.0
herg_blockade,c1cc(-c2nnc(SCCCN3CCc4cc5cnoc5cc4CC3)[nH]2)c2cccnc2c1,2,2,1.0
herg_blockade,c1cc(-c2nnc(SCCCN3CCc4cc5ncsc5cc4CC3)[nH]2)c2cccnc2c1,2,2,1.0
herg_blockade,c1cc(-c2nnc(SCCCN3CCc4ccc(-c5ccn[nH]5)cc4CC3)[nH]2)c2cccnc2c1,2,2,1.0
herg_blockade,c1cc(-c2nnc(SCCCN3CCc4ccc5ncoc5c4CC3)[nH]2)c2cccnc2c1,2,2,1.0
herg_blockade,c1cc(-c2nnc(SCCCN3CCc4ccc5ncsc5c4CC3)[nH]2)c2cccnc2c1,2,2,1.0
herg_blockade,c1cc(-n2cc(CN3CCC3)cn2)nc(Nc2ccc3[nH]ccc3c2)n1,2,0,0.0
herg_blockade,c1cc(C2CCCCC2)ccc1OCCCN1CCCCC1,2,2,1.0
herg_blockade,c1cc(C2CCCO2)ccc1OCCCN1CCCCC1,2,2,1.0
herg_blockade,c1cc(C2N=NC3=C2Cc2cc(CN4CCNCC4)ccc23)cs1,2,1,0.5
herg_blockade,c1cc(CCN2CCN(c3cccc4ncccc34)CC2)c2c(c1)-n1cccc1CO2,2,1,0.5
herg_blockade,c1cc(CNCCCN2CCCCC2)ccc1CNCCCN1CCCCC1,2,0,0.0
herg_blockade,c1cc(COc2cnc(N3CCN(c4ncno4)CC3)nc2)ccn1,2,1,0.5
herg_blockade,c1cc(COc2cnc(N3CCN(c4nnco4)CC3)nc2)ccn1,2,0,0.0
herg_blockade,c1cc(COc2cnc(N3CCNCC3)nc2)ccn1,2,0,0.0
herg_blockade,c1cc(N2CCC(C3CCN(c4cnccn4)CC3)CC2)ncn1,2,1,0.5
herg_blockade,c1cc(N2CCN(Cc3ccon3)CC2)c2[nH]c(-c3ccc(N4CCNCC4)cc3)nc2n1,2,2,1.0
herg_blockade,c1cc(N2CCN(Cc3ncon3)CC2)c2nc(-c3cn[nH]c3)[nH]c2n1,2,1,0.5
herg_blockade,c1cc(N2CCOCC2)cc(CSc2ncco2)n1,2,1,0.5
herg_blockade,c1cc(N2CCOCC2)ncn1,2,0,0.0
herg_blockade,c1cc(N2CCn3ncc(C4CCNCC4)c3C2)c2cc[nH]c2n1,2,0,0.0
herg_blockade,c1cc(NC2CNC2)nc(-c2cnc3ccccn23)c1,2,0,0.0
herg_blockade,c1cc(Nc2nccc(-c3cnc4ccccn34)n2)cc(N2CCNCC2)c1,2,2,1.0
herg_blockade,c1cc(OC2CCC2)cc(C(Cc2cc[nH+]cc2)c2cncs2)c1,2,0,0.0
herg_blockade,c1cc2[nH]c3cc(-c4cn[nH]c4)ccc3c2c(NC(C2CC2)C2CC2)n1,2,2,1.0
herg_blockade,c1cc2[nH]c3cc(-c4cn[nH]c4)ccc3c2c(NCC2CC2)n1,2,2,1.0
herg_blockade,c1cc2c3c(c[nH]c3c1)CC1NCCCC21,2,2,1.0
herg_blockade,c1cc2c3cnc(Nc4ccc(N5CCNCC5)cn4)nc3n(C3CCCC3)c2cn1,2,2,1.0
herg_blockade,c1cc2cc(-c3ccc(N4CC5CNC5C4)cn3)ccc2[nH]1,2,2,1.0
herg_blockade,c1cc2cc(OC3CCCNC3)ccc2cn1,2,0,0.0
herg_blockade,c1cc2ccc(-c3ccc(N4CC5CC4CN5)nn3)cc2[nH]1,2,0,0.0
herg_blockade,c1cc2nc(C3CC3)ccc2cc1CCN1CCCC1,2,0,0.0
herg_blockade,c1cc2nc(Nc3ccc(C4CC4)cc3)cc(NC3COC3)n2n1,2,0,0.0
herg_blockade,c1cc2nc(SC3CCC(c4nn[nH]n4)CC3)[nH]c2cc1N1CCNCC1,2,2,1.0
herg_blockade,c1cc2nc(SC3CCC(c4nnn[nH]4)CC3)[nH]c2cc1N1CCNCC1,2,2,1.0
herg_blockade,c1cc2nc(SC3CCCC3)[nH]c2cc1N1CCNCC1,2,2,1.0
herg_blockade,c1ccc(-c2[nH]c3ccccc3c2C2CC3CCC(C2)N3c2ccccc2)cc1,2,2,1.0
herg_blockade,c1ccc(-c2c(Cn3cncn3)c(-c3nncs3)nn2-c2ccccc2)cc1,2,0,0.0
herg_blockade,c1ccc(-c2c[nH]c(C3Cc4c([nH]c5ccccc45)C(C4CCCCC4)N3)n2)cc1,2,2,1.0
herg_blockade,c1ccc(-c2c[nH]c(C3Cc4c([nH]c5ccccc45)C(C4CCCCC4)N3)n2)nc1,2,2,1.0
herg_blockade,c1ccc(-c2c[nH]c(C3Cc4c([nH]c5ccccc45)C(C4CCOC4)N3)n2)cc1,2,2,1.0
herg_blockade,c1ccc(-c2c[nH]c(C3Cc4c([nH]c5ccccc45)C(C4CCSCC4)N3)n2)cc1,2,2,1.0
herg_blockade,c1ccc(-c2c[nH]c(C3Cc4c([nH]c5ccccc45)C(C4CC[SH+]CC4)N3)n2)cc1,2,2,1.0
herg_blockade,c1ccc(-c2cc(CCCN3CCCCC3)ncn2)cc1,2,2,1.0
herg_blockade,c1ccc(-c2cc(CCCN3CCOCC3)ncn2)cc1,2,1,0.5
herg_blockade,c1ccc(-c2cc(CNC3CCCC3)n[nH]2)cc1,2,2,1.0
herg_blockade,c1ccc(-c2cc(Cn3cc4nc(-c5ccccc5)nc-4cn3)on2)cc1,2,0,0.0
herg_blockade,c1ccc(-c2cc(N3CCNCC3)nc3[nH]ccc23)cc1,2,2,1.0
herg_blockade,c1ccc(-c2cc(OCC3CCNC3)cnc2-c2ccccc2)cc1,2,2,1.0
herg_blockade,c1ccc(-c2cc3c(ccn4cnnc34)nc2-c2ccc(CN3CCC(c4nnc(-c5ccccn5)[nH]4)CC3)cc2)cc1,2,2,1.0
herg_blockade,c1ccc(-c2cc3c(nc2-c2ccccc2)NCCC3)cc1,2,2,1.0
herg_blockade,c1ccc(-c2cc3ccnc(NC4CCCNC4)c3s2)cc1,2,0,0.0
herg_blockade,c1ccc(-c2cc3cnc(N4CCNCC4)nc3nc2-c2ccc(CN3CCC(c4nnc(-c5cc[nH+]cc5)[nH]4)CC3)cc2)cc1,2,1,0.5
herg_blockade,c1ccc(-c2cc3cnc(N4CCNCC4)nc3nc2-c2ccc(CN3CCC(c4nnc(-c5cccnc5)[nH]4)CC3)cc2)cc1,2,2,1.0
herg_blockade,c1ccc(-c2cc3cnc(N4CCNCC4)nc3nc2-c2ccc(CN3CCC(c4nnc(-c5ncccn5)[nH]4)CC3)cc2)cc1,2,0,0.0
herg_blockade,c1ccc(-c2ccc(C3CC(N4CCCC4)C3)cc2)cc1,2,2,1.0
herg_blockade,c1ccc(-c2ccc(C3CCN(c4ccccc4)C3)cc2)cc1,2,2,1.0
herg_blockade,c1ccc(-c2ccc(C3CCOC3)cc2)nc1,2,0,0.0
herg_blockade,c1ccc(-c2ccc(C3CNCCC34OCc3ccccc34)cc2)cc1,2,2,1.0
herg_blockade,c1ccc(-c2ccc(COc3ccc4c(c3)C(CCCN3CCCCC3)CCC4)nc2)cc1,2,2,1.0
herg_blockade,c1ccc(-c2ccc(Cc3cc(C4CCN(CC5CN(CC6CCCCC6)CC5c5ccccc5)CC4)[nH]n3)cc2)cc1,2,2,1.0
herg_blockade,c1ccc(-c2ccc(Nc3cccc(CN4CCOCC4)n3)s2)cc1,2,2,1.0
herg_blockade,c1ccc(-c2ccc3c(N4CCOCC4)nc(-n4ccnc4)nc3n2)cc1,2,0,0.0
herg_blockade,c1ccc(-c2ccc3c(N4CCOCC4)nc(N4CCCC4)nc3n2)cc1,2,2,1.0
herg_blockade,c1ccc(-c2ccc3c(N4CCOCC4)nc(N4CCNCC4)nc3n2)cc1,2,0,0.0
herg_blockade,c1ccc(-c2ccc3c(N4CCOCC4)ncnc3n2)cc1,2,0,0.0
herg_blockade,c1ccc(-c2ccc3c(Nc4cccnc4)ncnc3c2)nc1,2,2,1.0
herg_blockade,c1ccc(-c2ccc3cccnn23)cc1,2,0,0.0
herg_blockade,c1ccc(-c2ccc3cnc(Nc4ccc(C5CCNCC5)cc4)nn23)cc1,2,1,0.5
herg_blockade,c1ccc(-c2ccc3cnc(Nc4ccc(N5CCNCC5)cc4)nn23)cc1,2,2,1.0
herg_blockade,c1ccc(-c2cccc(OC3CC4CCC(C3)N4)c2)nc1,2,2,1.0
herg_blockade,c1ccc(-c2cccnc2)cc1,2,1,0.5
herg_blockade,c1ccc(-c2cccs2)cc1,2,1,0.5
herg_blockade,c1ccc(-c2ccnc(NCc3cc(-c4ccccn4)n[nH]3)c2)cc1,2,1,0.5
herg_blockade,c1ccc(-c2cnc(N3CC4CC3CN4)cn2)cc1,2,0,0.0
herg_blockade,c1ccc(-c2cnc(N3CC4CC3CN4)nc2)cc1,2,0,0.0
herg_blockade,c1ccc(-c2cnc(Nc3cc(CN4CCNCC4)ccn3)s2)cc1,2,2,1.0
herg_blockade,c1ccc(-c2cnc(Nc3cnccn3)cc2NCC2CNCCO2)cc1,2,2,1.0
herg_blockade,c1ccc(-c2cnc3c(N4CCOCC4)nc(N4CCOCC4)nc3n2)cc1,2,0,0.0
herg_blockade,c1ccc(-c2cnc3nc(N4CCC(N5CCCCC5)CC4)sc3c2)cc1,2,2,1.0
herg_blockade,c1ccc(-c2nc(-c3ccc4c(c3)CCN4)no2)cc1,2,0,0.0
herg_blockade,c1ccc(-c2nc(-c3ccccc3)c(-c3ccncc3)[nH]2)cc1,2,0,0.0
herg_blockade,c1ccc(-c2nc(COc3ccc4c(c3)C(CCCNC3CCCC3)CC4)no2)cc1,2,2,1.0
herg_blockade,c1ccc(-c2nc(COc3ccc4c(c3)C(N3CCNCC3)CC4)no2)cc1,2,2,1.0
herg_blockade,c1ccc(-c2nc(COc3cccc(CNC4CCN(C5CCCC5)C4)c3)no2)cc1,2,2,1.0
herg_blockade,c1ccc(-c2nc3c(N4CCNCC4)ncnc3n2-c2ccccc2)cc1,2,2,1.0
herg_blockade,c1ccc(-c2nc3c(Nc4ccc(-n5ccnc5)cc4)cccc3[nH]2)cc1,2,1,0.5
herg_blockade,c1ccc(-c2nc3c(Nc4ccc(-n5ccnc5)cn4)cccc3[nH]2)cc1,2,2,1.0
herg_blockade,c1ccc(-c2nc3c(Nc4ccc(-n5ccnc5)nc4)cccc3[nH]2)cc1,2,1,0.5
herg_blockade,c1ccc(-c2nc3ccc(N4CCNCC4)nc3nc2-c2ccc(CN3CCC(c4nnc(-c5ccccn5)[nH]4)CC3)cc2)cc1,2,1,0.5
herg_blockade,c1ccc(-c2nc3ccc(N4CCNCC4)nc3nc2-c2ccc(CN3CCC(c4nnc(-c5cccnc5)[nH]4)CC3)cc2)cc1,2,1,0.5
herg_blockade,c1ccc(-c2ncn(C3CCCCC3)c2-c2ccncn2)cc1,2,0,0.0
herg_blockade,c1ccc(-c2nn(CC3CCCCC3)c3ncncc23)cc1,2,2,1.0
herg_blockade,c1ccc(-c2nnc(CN3CCNCC3)o2)cc1,2,0,0.0
herg_blockade,c1ccc(-c2nnc(SCCCN3CC4CC4(c4ccccc4)C3)[nH]2)cc1,2,2,1.0
herg_blockade,c1ccc(-c2nnc(SCCCN3CCc4ccc(-c5ccn[nH]5)cc4CC3)[nH]2)cc1,2,2,1.0
herg_blockade,c1ccc(-c2noc(CSc3nncn3-c3ccccc3)n2)cc1,2,0,0.0
herg_blockade,c1ccc(-c2nocc2-c2ccc3cc(CCN4CCCC4)ccc3n2)cc1,2,2,1.0
herg_blockade,c1ccc(-c2oncc2CCN2Cc3ccccc3C2)cc1,2,0,0.0
herg_blockade,c1ccc(-n2cc(-c3ccnc4ccccc34)cn2)cc1,2,2,1.0
herg_blockade,c1ccc(-n2cc(CN3CCC4(CC3)OCc3ccccc34)cn2)cc1,2,1,0.5
herg_blockade,c1ccc(-n2cc(CN3CCC4(CC3)OCc3ccccc34)cn2)nc1,2,1,0.5
herg_blockade,c1ccc(-n2cc3cnnc(N4CCC4)c3n2)cc1,2,2,1.0
herg_blockade,c1ccc(-n2cc3cnnc(N4CCCC4)c3n2)cc1,2,2,1.0
herg_blockade,c1ccc(-n2ccc(OCCN3CCNCC3)n2)cc1,2,2,1.0
herg_blockade,c1ccc(-n2ccc(OCCN3CCOCC3)n2)cc1,2,1,0.5
herg_blockade,c1ccc(-n2cccc2)cc1,2,0,0.0
herg_blockade,c1ccc(-n2cnc(CNC3CCCC3)c2)cc1,2,0,0.0
herg_blockade,c1ccc(-n2ncc3c2CCC3CCN2CCCCC2)cc1,2,2,1.0
herg_blockade,c1ccc(-n2ncc3c2CCC3CCN2CCOCC2)cc1,2,2,1.0
herg_blockade,c1ccc(-n2ncc3c2CCCC3CCN2CCCCC2)cc1,2,2,1.0
herg_blockade,c1ccc(-n2ncc3c2CCCC3CCN2Cc3ccccc3C2)cc1,2,2,1.0
herg_blockade,c1ccc(C(=C2CCN(Cc3cscn3)CC2)c2ccccn2)cc1,2,0,0.0
herg_blockade,c1ccc(C(C(c2ccccc2)N2CCCC2)N2CCCC2)cc1,2,0,0.0
herg_blockade,c1ccc(C(C(c2ccccc2)N2CCCCC2)N2CCCCC2)cc1,2,0,0.0
herg_blockade,c1ccc(C(CN2CCn3nc(-c4cccnc4)nc3C2)Cn2cncn2)cc1,2,0,0.0
herg_blockade,c1ccc(C(OC2CC3CCC(C2)N3)c2ccccc2)cc1,2,2,1.0
herg_blockade,c1ccc(C2(CCNCc3cccs3)CCOC3(CCCC3)C2)nc1,2,2,1.0
herg_blockade,c1ccc(C2(COCc3cccnc3)CCNCC2)cc1,2,0,0.0
herg_blockade,c1ccc(C23CC(NCCCSc4nnc(-c5cnco5)[nH]4)CC2C3)cc1,2,2,1.0
herg_blockade,c1ccc(C23CC2CN(CCCSc2nnc(-c4ccco4)[nH]2)C3)cc1,2,2,1.0
herg_blockade,c1ccc(C23CC2CN(CCCSc2nnc(-c4ccnnc4)[nH]2)C3)cc1,2,2,1.0
herg_blockade,c1ccc(C23CC2CN(CCCSc2nnc(-c4cnccn4)[nH]2)C3)cc1,2,2,1.0
herg_blockade,c1ccc(C23CC2CN(CCCSc2nnc(-c4cncnc4)[nH]2)C3)cc1,2,2,1.0
herg_blockade,c1ccc(C23CC2CN(CCCSc2nnc(-c4cncs4)[nH]2)C3)cc1,2,2,1.0
herg_blockade,c1ccc(C23CCN(CCCSc4nnc(-c5ccnnc5)[nH]4)CCC2C3)cc1,2,2,1.0
herg_blockade,c1ccc(C23CCN(CCCSc4nnc(-c5cncs5)[nH]4)CCC2C3)cc1,2,2,1.0
herg_blockade,c1ccc(C23CNCC2C3)cc1,2,0,0.0
herg_blockade,c1ccc(C2=NC(c3ccccc3)(c3cccnc3)CN2)cc1,2,1,0.5
herg_blockade,c1ccc(C2=NNC(CCCN3CCNCC3)(c3ccccc3)C2)cc1,2,0,0.0
herg_blockade,c1ccc(C2CC23CCN(CCCSc2nnc(-c4ccncc4)[nH]2)C3)cc1,2,2,1.0
herg_blockade,c1ccc(C2CC23CCN(CCCSc2nnc(-c4csnn4)[nH]2)C3)cc1,2,1,0.5
herg_blockade,c1ccc(C2CC23CCN(CCCSc2nnc(C4CCCCC4)[nH]2)C3)cc1,2,2,1.0
herg_blockade,c1ccc(C2CC3(CCNCC3)Oc3ccccc32)cc1,2,2,1.0
herg_blockade,c1ccc(C2CCC(N3Cc4c[nH]nc4C3)CO2)cc1,2,0,0.0
herg_blockade,c1ccc(C2CCC(N3Cc4nn5cccnc5c4C3)CO2)cc1,2,0,0.0
herg_blockade,c1ccc(C2CCC2)cc1,2,1,0.5
herg_blockade,c1ccc(C2CCCCC2)cc1,2,0,0.0
herg_blockade,c1ccc(C2CCCNC2)cc1,2,0,0.0
herg_blockade,c1ccc(C2CCN(CC3CCc4ccccc4CC3)CC2)cc1,2,2,1.0
herg_blockade,c1ccc(C2CCN(CCC3CCCc4c3cnn4-c3ccccc3)CC2)cc1,2,2,1.0
herg_blockade,c1ccc(C2CCN(CCNCc3ccno3)CC2)cc1,2,2,1.0
herg_blockade,c1ccc(C2CCN(c3ccc4ncnn4n3)CC2)cc1,2,2,1.0
herg_blockade,c1ccc(C2CCN(c3ccn4cnnc4n3)CC2)cc1,2,0,0.0
herg_blockade,c1ccc(C2CCN(c3ccncn3)CC2)cc1,2,0,0.0
herg_blockade,c1ccc(C2CCN(c3cnc4nccnc4n3)CC2)cc1,2,2,1.0
herg_blockade,c1ccc(C2CCn3c(nc4ncccc43)C2)cc1,2,0,0.0
herg_blockade,c1ccc(C2CNCc3ccccc32)cc1,2,0,0.0
herg_blockade,c1ccc(C2COc3cc4c(cc3O2)OCC4)cc1,2,0,0.0
herg_blockade,c1ccc(C2NCCc3ccccc32)cc1,2,0,0.0
herg_blockade,c1ccc(C2OCc3ccccc32)cc1,2,2,1.0
herg_blockade,c1ccc(C2Sc3ccccc3OC2c2ccc(OCCCN3CCCC3)cc2)cc1,2,2,1.0
herg_blockade,c1ccc(CC2CC3CCC(C2)N3Cc2ccccc2)cc1,2,2,1.0
herg_blockade,c1ccc(CC2CCN(Cc3nc4ccccc4[nH]3)CC2)cc1,2,2,1.0
herg_blockade,c1ccc(CC2c3ccccc3CC3c4ccccc4CCN23)cc1,2,1,0.5
herg_blockade,c1ccc(CCC2NCCc3ccccc32)cc1,2,2,1.0
herg_blockade,c1ccc(CCCCCCCNCc2ccccc2)cc1,2,1,0.5
herg_blockade,c1ccc(CCCCCCNCc2ccccc2)cc1,2,1,0.5
herg_blockade,c1ccc(CCCCN2CCN(c3ccccc3)CC2)cc1,2,2,1.0
herg_blockade,c1ccc(CCCCNCCCc2nc3ccccc3[nH]2)cc1,2,2,1.0
herg_blockade,c1ccc(CCCN2C3CCC2CC(Oc2ccccc2)C3)cc1,2,2,1.0
herg_blockade,c1ccc(CCCN2C3CCC2CC(n2cnc4c2CCN(c2ccncn2)C4)C3)cc1,2,2,1.0
herg_blockade,c1ccc(CCCN2C3CCC2CC(n2cnc4c2CCN(c2cnccn2)C4)C3)cc1,2,2,1.0
herg_blockade,c1ccc(CCCN2C3CCC2CC(n2cnc4ccccc42)C3)cc1,2,2,1.0
herg_blockade,c1ccc(CCCNCCN(c2ccccc2)c2ccccc2)cc1,2,2,1.0
herg_blockade,c1ccc(CCN2C3CCC2CC(Oc2ccccc2)C3)cc1,2,2,1.0
herg_blockade,c1ccc(CCN2CC(CCc3cc4ccccc4[nH]3)C(c3ccccc3)C2)cc1,2,2,1.0
herg_blockade,c1ccc(CCN2CC(CCc3nc4ccccc4[nH]3)C(c3ccccc3)C2)cc1,2,2,1.0
herg_blockade,c1ccc(CCN2CC(Cc3nc4ccccc4[nH]3)C(c3ccccc3)C2)cc1,2,2,1.0
herg_blockade,c1ccc(CCN2CCC(Nc3nc4ccccc4n3Cc3ccccc3)CC2)cc1,2,2,1.0
herg_blockade,c1ccc(CCN2CCC(Nc3nc4ccccc4o3)CC2)cc1,2,2,1.0
herg_blockade,c1ccc(CCN2CCC3(CCc4ccccc4O3)CC2)cc1,2,2,1.0
herg_blockade,c1ccc(CCN2CCCC(c3c(-c4ccccc4)[nH]c4ccccc34)C2)cc1,2,2,1.0
herg_blockade,c1ccc(CCN2CCN(CCc3ccc4nonc4c3)CC2)cc1,2,2,1.0
herg_blockade,c1ccc(CCNCCN(c2ccccc2)c2ccccc2)cc1,2,2,1.0
herg_blockade,c1ccc(CCc2cccc(CCc3ccccc3)[nH+]2)cc1,2,2,1.0
herg_blockade,c1ccc(CN(C2CC2)C2CNC2)cc1,2,2,1.0
herg_blockade,c1ccc(CN(CCN2CCCC2)c2ccccc2)cc1,2,2,1.0
herg_blockade,c1ccc(CN2CCC3(CC2)OCc2c3cnn2-c2ccccc2)cc1,2,2,1.0
herg_blockade,c1ccc(CN2CCCC(Oc3ccc4cnccc4c3)C2)cc1,2,2,1.0
herg_blockade,c1ccc(CN2CCOCC2)cc1,2,0,0.0
herg_blockade,c1ccc(CN2Cc3ccccc3C2)cc1,2,0,0.0
herg_blockade,c1ccc(CNC2CCCc3c2[nH]c2ccccc32)cc1,2,2,1.0
herg_blockade,c1ccc(CNCCC2CCCc3c2cnn3-c2ccccc2)cc1,2,2,1.0
herg_blockade,c1ccc(CNCCCCCNc2ccccc2)cc1,2,2,1.0
herg_blockade,c1ccc(CNCCCCCOc2ccccc2)cc1,2,2,1.0
herg_blockade,c1ccc(CNCCc2c(-c3ccccc3)[nH]c3ccccc23)cc1,2,2,1.0
herg_blockade,c1ccc(CNCCc2c(-c3ccccn3)[nH]c3ccccc23)cc1,2,2,1.0
herg_blockade,c1ccc(CNCCc2c(-c3cccnc3)[nH]c3ccccc23)cc1,2,2,1.0
herg_blockade,c1ccc(CNCCc2c(-c3cccs3)[nH]c3ccccc23)cc1,2,2,1.0
herg_blockade,c1ccc(CNCCc2c(-c3cnoc3)[nH]c3ccccc23)cc1,2,0,0.0
herg_blockade,c1ccc(CNCCc2c[nH]c3ncccc23)cc1,2,0,0.0
herg_blockade,c1ccc(CNc2ccc3ncn(-c4cc[nH]n4)c3n2)nc1,2,0,0.0
herg_blockade,c1ccc(CNc2ccnc3ccnn23)cc1,2,0,0.0
herg_blockade,c1ccc(CNc2ccncn2)cc1,2,2,1.0
herg_blockade,c1ccc(CNc2nc(Nc3nccs3)cc(N3CCOCC3)n2)nc1,2,0,0.0
herg_blockade,c1ccc(COC(C[n+]2ccn(C(c3ccccc3)c3ccccc3)c2)c2ccccc2)cc1,2,2,1.0
herg_blockade,c1ccc(COC2CCC3NC2(c2ccccc2)CC3c2nnn[nH]2)cc1,2,2,1.0
herg_blockade,c1ccc(COC2CCc3ccc(N4CCNCC4)nc32)cc1,2,2,1.0
herg_blockade,c1ccc(COC2COc3nccn3C2)cc1,2,0,0.0
herg_blockade,c1ccc(COc2ccc(C3(c4cccnc4)CCCO3)cc2)nc1,2,0,0.0
herg_blockade,c1ccc(COc2csc(-n3cnc4ccccc43)c2)cc1,2,0,0.0
herg_blockade,c1ccc(Cc2c(CCN3CCC3)sc3ccccc23)nc1,2,2,1.0
herg_blockade,c1ccc(Cn2c(C3CCCN(C4CCCCC4)C3)nc3ccccc32)cc1,2,2,1.0
herg_blockade,c1ccc(Cn2c(C3CCCNC3)nc3ccccc32)nc1,2,0,0.0
herg_blockade,c1ccc(Cn2c(CC3CCNCC3)nc3ccccc32)cc1,2,2,1.0
herg_blockade,c1ccc(Cn2cc(CN3CCCC3)c3ccncc32)cc1,2,1,0.5
herg_blockade,c1ccc(Cn2cc(NCCN3CCCCCC3)nn2)cc1,2,1,0.5
herg_blockade,c1ccc(Cn2ccc3ncnc(OCc4ncco4)c32)nc1,2,1,0.5
herg_blockade,c1ccc(Cn2cnc3ccc(Nc4ccn[nH]4)nc32)nc1,2,0,0.0
herg_blockade,c1ccc(N2CCC3(CCc4ccccc43)CC2)nc1,2,2,1.0
herg_blockade,c1ccc(N2CCC3CN(CCCSc4nnc(-c5ccccn5)[nH]4)CC32)cc1,2,2,1.0
herg_blockade,c1ccc(N2CCC3CN(CCCSc4nnc(-c5cccnc5)[nH]4)CC32)cc1,2,2,1.0
herg_blockade,c1ccc(N2CCC3CN(CCCSc4nnc(-c5ccncc5)[nH]4)CC32)cc1,2,2,1.0
herg_blockade,c1ccc(N2CCC3CN(CCCSc4nnc(C5CCCCC5)[nH]4)CC32)cc1,2,2,1.0
herg_blockade,c1ccc(N2CCC3CN(CCCSc4nnc(C5CCOCC5)[nH]4)CC32)cc1,2,2,1.0
herg_blockade,c1ccc(N2CCN(CCCCCCN3CCN(c4ccnc5ccccc45)CC3)CC2)cc1,2,2,1.0
herg_blockade,c1ccc(N2CCN(Cc3nc4c5ccccc5ncn4n3)CC2)nc1,2,0,0.0
herg_blockade,c1ccc(N2CCNCC2)cc1,2,2,1.0
herg_blockade,c1ccc(N=C(c2ccccc2)c2c[nH]c3ccccc23)cc1,2,0,0.0
herg_blockade,c1ccc(Nc2cc(NC3CCC3)n3nccc3n2)cc1,2,0,0.0
herg_blockade,c1ccc(Nc2cc(NC3COC3)n3nccc3n2)cc1,2,0,0.0
herg_blockade,c1ccc(Nc2cc3nc(C4CC4)ccn3n2)cc1,2,2,1.0
herg_blockade,c1ccc(Nc2ccc(CN3CCC4(CC3)OCc3ccncc34)cc2)cc1,2,2,1.0
herg_blockade,c1ccc(Nc2ccc3[nH]cnc3c2)cc1,2,0,0.0
herg_blockade,c1ccc(Nc2ccccc2)cc1,2,0,0.0
herg_blockade,c1ccc(Nc2ccn(C3CCCCC3)n2)cc1,2,0,0.0
herg_blockade,c1ccc(Nc2ccnc(NC3CCCNC3)n2)cc1,2,2,1.0
herg_blockade,c1ccc(Nc2ccnc(NC3CCNC3)n2)cc1,2,2,1.0
herg_blockade,c1ccc(Nc2ccnc(NCC3CCCN3)n2)cc1,2,2,1.0
herg_blockade,c1ccc(Nc2ccnc(NCc3ccc4c(c3)OCO4)n2)cc1,2,1,0.5
herg_blockade,c1ccc(Nc2ccnc(NCc3ccccn3)n2)cc1,2,0,0.0
herg_blockade,c1ccc(Nc2ccnc3ccc(C4CCNCC4)cc23)cc1,2,1,0.5
herg_blockade,c1ccc(Nc2ccnc3ccc(N4CCOCC4)cc23)cc1,2,1,0.5
herg_blockade,c1ccc(Nc2cncc(OC3CCNC3)n2)nc1,2,0,0.0
herg_blockade,c1ccc(Nc2cnnc(NC3CCOCC3)c2)nc1,2,1,0.5
herg_blockade,c1ccc(Nc2cnnc3ccc(C4CCNCC4)cc23)cc1,2,0,0.0
herg_blockade,c1ccc(Nc2cnnc3ccc(N4CCCCC4)cc23)cc1,2,0,0.0
herg_blockade,c1ccc(Nc2cnnc3ccc(N4CCCNCC4)cc23)cc1,2,1,0.5
herg_blockade,c1ccc(Nc2nc(CCCN3CCOCC3)nc3cc(-c4ccccn4)ccc23)cc1,2,2,1.0
herg_blockade,c1ccc(Nc2nc(CN3CCOCC3)nc3cc(-c4ccccn4)ccc23)cc1,2,2,1.0
herg_blockade,c1ccc(Nc2nc3cc(Oc4ccnc(-c5ncc[nH]5)c4)ccc3[nH]2)cc1,2,0,0.0
herg_blockade,c1ccc(Nc2ncc3c(n2)-c2ccccc2C(c2ccccc2)=NC3)cc1,2,0,0.0
herg_blockade,c1ccc(Nc2nccc(-c3cnn4ccccc34)n2)cc1,2,2,1.0
herg_blockade,c1ccc(Nc2ncnc(N3CCC(Oc4ccccc4)CC3)n2)cc1,2,2,1.0
herg_blockade,c1ccc(Nc2ncnc3[nH]cnc23)cc1,2,0,0.0
herg_blockade,c1ccc(OC(CC2CNC2)c2ccccc2)cc1,2,2,1.0
herg_blockade,c1ccc(OC(c2ccc3ccccc3c2)C2CNC2)cc1,2,2,1.0
herg_blockade,c1ccc(OC(c2cccnc2)C2CCCNC2)cc1,2,2,1.0
herg_blockade,c1ccc(OC2CC3CCC(C2)N3)cc1,2,1,0.5
herg_blockade,c1ccc(OC2CC3CCC(C2)N3C2(c3ccccc3)CC2)cc1,2,2,1.0
herg_blockade,c1ccc(OC2CC3CCC(C2)N3C2CCCCC2)cc1,2,2,1.0
herg_blockade,c1ccc(OC2CC3CCC(C2)N3C2CCCc3ccccc32)cc1,2,2,1.0
herg_blockade,c1ccc(OC2CC3CCC(C2)N3CC2CC2)cc1,2,2,1.0
herg_blockade,c1ccc(OC2CC3CCC(C2)N3Cc2ccc3c(c2)OCO3)cc1,2,2,1.0
herg_blockade,c1ccc(OC2CC3CCC(C2)N3Cc2ccccn2)cc1,2,2,1.0
herg_blockade,c1ccc(OC2CC3CCC(C2)N3Cc2ccco2)cc1,2,2,1.0
herg_blockade,c1ccc(OC2CC3CCC(C2)N3Cc2cn[nH]c2)cc1,2,1,0.5
herg_blockade,c1ccc(OC2CCN(CC3CCN(c4ccccn4)CC3)CC2)cc1,2,0,0.0
herg_blockade,c1ccc(OCCC2CC2C2CCN(c3ncccn3)CC2)nc1,2,0,0.0
herg_blockade,c1ccc(OCCCCN2CCC(c3noc4ccccc34)CC2)cc1,2,2,1.0
herg_blockade,c1ccc(OCCCCN2CCCC2)cc1,2,0,0.0
herg_blockade,c1ccc(OCCCN2CC3CNCC(C3)C2)cc1,2,2,1.0
herg_blockade,c1ccc(OCCCc2cccc(CCCOc3ccccc3)n2)cc1,2,2,1.0
herg_blockade,c1ccc(OCCN2CCCC2)cc1,2,0,0.0
herg_blockade,c1ccc(OCCn2c(C3CCCNC3)nc3ccccc32)cc1,2,2,1.0
herg_blockade,c1ccc(OCc2cccc(COc3ccccc3)[nH+]2)cc1,2,2,1.0
herg_blockade,c1ccc(OCc2ccno2)nc1,2,0,0.0
herg_blockade,c1ccc(OCc2coc(-c3ccccc3)n2)cc1,2,0,0.0
herg_blockade,c1ccc(Oc2ccc(NCCN3CCOCC3)cc2)cc1,2,2,1.0
herg_blockade,c1ccc(Oc2ccncc2)cc1,2,1,0.5
herg_blockade,c1ccc(SCCCN2CCC(c3c[nH]c4ccccc34)CC2)cc1,2,2,1.0
herg_blockade,c1ccc(SCc2cnc(-c3ccccc3)s2)cc1,2,0,0.0
herg_blockade,c1ccc2[nH]c(C3CCCN(C4CCOCC4)C3)nc2c1,2,2,1.0
herg_blockade,c1ccc2[nH]cnc2c1,2,1,0.5
herg_blockade,c1ccc2c(C3CCCNC3)c(-c3ccsc3)[nH]c2c1,2,2,1.0
herg_blockade,c1ccc2c(C3CCCNC3)c(C3CCCCC3)[nH]c2c1,2,2,1.0
herg_blockade,c1ccc2c(C3CCCNC3)c[nH]c2c1,2,2,1.0
herg_blockade,c1ccc2c(CC3CCCCN3)ccnc2c1,2,2,1.0
herg_blockade,c1ccc2c(CCCOc3cnc(-c4ccoc4)c(-c4cnc5cn[nH]c5n4)c3)c[nH]c2c1,2,1,0.5
herg_blockade,c1ccc2c(CCN3CCC(NCc4ccc5c(c4)OCCO5)CC3)ccnc2c1,2,0,0.0
herg_blockade,c1ccc2c(Cc3cscn3)csc2c1,2,2,1.0
herg_blockade,c1ccc2c(Cn3cccn3)csc2c1,2,2,1.0
herg_blockade,c1ccc2c(N3CCN(CCCCOc4ccc5c(c4)CNC5)CC3)cccc2c1,2,2,1.0
herg_blockade,c1ccc2c(N3CCN(CCCOc4ccc5c(c4)CNC5)CC3)cccc2c1,2,2,1.0
herg_blockade,c1ccc2c(NCCCNCC34CC5CC(CC(C5)C3)C4)ccnc2c1,2,2,1.0
herg_blockade,c1ccc2c(c1)CC1NCCc3cccc-2c31,2,2,1.0
herg_blockade,c1ccc2c(c1)CCC(CCNCCC1CCc3ccccc3O1)O2,2,2,1.0
herg_blockade,c1ccc2c(c1)CCC(N1CCC3(CCc4ccccc4O3)CC1)C2,2,2,1.0
herg_blockade,c1ccc2c(c1)CCC2,2,2,1.0
herg_blockade,c1ccc2c(c1)CCN(CCc1c[nH]c3ccccc13)C2,2,1,0.5
herg_blockade,c1ccc2c(c1)CCN2C1CCN(c2ccc(-n3ccnc3)nn2)CC1,2,2,1.0
herg_blockade,c1ccc2c(c1)CCNC2CC1CCN2CCc3ccccc3C2C1,2,1,0.5
herg_blockade,c1ccc2c(c1)CN(CCC1CCCCC1)C2,2,0,0.0
herg_blockade,c1ccc2c(c1)CN(CCc1cnn3ccccc13)C2,2,2,1.0
herg_blockade,c1ccc2c(c1)Cc1ccccc1C1(CCC(N3CC4CC4C3)C1)C2,2,0,0.0
herg_blockade,c1ccc2c(c1)Cc1ccccc1C1(CCC(N3CCC3)C1)C2,2,0,0.0
herg_blockade,c1ccc2c(c1)Cc1ccccc1N1CCNCC21,2,1,0.5
herg_blockade,c1ccc2c(c1)N=C(N1CCNCC1)c1ccccc1N2,2,2,1.0
herg_blockade,c1ccc2c(c1)N=C(N1CCNCC1)c1ccsc1N2,2,0,0.0
herg_blockade,c1ccc2c(c1)N=c1ccccc1=C(N1CCNCC1)N2,2,2,1.0
herg_blockade,c1ccc2c(c1)SCCc1sc(NC3CCCCC3)nc1-2,2,0,0.0
herg_blockade,c1ccc2c(c1)Sc1ccccc1N2CCC[N+]1CC[NH+]CC1,2,1,0.5
herg_blockade,c1ccc2c(c1)c(-c1nc(CN3CCCCC3)cs1)cn2CC1CCOCC1,2,2,1.0
herg_blockade,c1ccc2c(c1)c(-c1nccs1)cn2CC1CCCCC1,2,2,1.0
herg_blockade,c1ccc2c(c1)nc(C1CCCN(C3CCCCC3)C1)n2Cc1nccs1,2,2,1.0
herg_blockade,c1ccc2c(c1)ncn1nc(CN3CCN(c4cncs4)CC3)nc21,2,0,0.0
herg_blockade,c1ccc2c3c([nH]c2c1)CC1CCN(CCCC2CCOCC2)CC1C3,2,2,1.0
herg_blockade,c1ccc2c3c([nH]c2c1)CN1CCc2cc4c(cc2C1C3)OCO4,2,0,0.0
herg_blockade,c1ccc2cc(CCN3CCNCC3)ccc2c1,2,1,0.5
herg_blockade,c1ccc2cc(CNC3CCNC3)ccc2c1,2,2,1.0
herg_blockade,c1ccc2cc(OCC3CCNCC3)ccc2c1,2,2,1.0
herg_blockade,c1ccc2oc(Cc3ccc(OCCCN4CCC(c5noc6ccccc56)CC4)cc3)nc2c1,2,2,1.0
herg_blockade,c1ccc2sc(Oc3ccc(OCCN4CCCCC4)cc3)nc2c1,2,1,0.5
herg_blockade,c1ccn2c(-c3ccnc(Nc4ccc(C5CCNCC5)cc4)n3)cnc2c1,2,1,0.5
herg_blockade,c1ccn2c(-c3ccnc(Nc4ccc(N5CC6CNCC(C5)O6)cc4)n3)cnc2c1,2,2,1.0
herg_blockade,c1ccn2c(-c3ccnc(Nc4ccc(OC5CNC5)cc4)n3)cnc2c1,2,1,0.5
herg_blockade,c1ccn2c3c(nc2c1)CCN(CCCSc1nnc(-c2cnco2)[nH]1)CC3,2,2,1.0
herg_blockade,c1ccn2ncc(-c3ccnc(Nc4ccc(N5CCNCC5)cc4)n3)c2c1,2,1,0.5
herg_blockade,c1ccsc1,2,0,0.0
herg_blockade,c1cn(-c2cc(N3CCCCC3)ncn2)cn1,2,0,0.0
herg_blockade,c1cnc(N2CCC(C3CC3CCOc3ccc(-n4ccnn4)cc3)CC2)nc1,2,0,0.0
herg_blockade,c1cnc(N2CCC(C3CC3CCOc3ccc(-n4ccnn4)cn3)CC2)nc1,2,0,0.0
herg_blockade,c1cnc(N2CCC(C3CCN(c4ccncn4)CC3)CC2)nc1,2,2,1.0
herg_blockade,c1cnc(Nc2cc(NCC3CNCCO3)c(-c3cn[nH]c3)cn2)cn1,2,1,0.5
herg_blockade,c1cnc(OCCC2CC2C2CCN(c3ncccn3)CC2)nc1,2,2,1.0
herg_blockade,c1cnc2c(N3CCCC3)ncnc2c1,2,0,0.0
herg_blockade,c1cnc2c(c1)CC1CNCCN21,2,0,0.0
herg_blockade,c1cnc2c(c1)CCCC2NCc1nccc2c1[nH]c1ccccc12,2,2,1.0
herg_blockade,c1cnc2nc(Oc3ccc(CCN4CCCCC4)cc3)sc2c1,2,0,0.0
herg_blockade,c1cnc2nc(Oc3ccc(OCCN4CCCCC4)cc3)sc2c1,2,0,0.0
herg_blockade,c1cnc2oc3c(N4CCCC4)ncnc3c2c1,2,0,0.0
herg_blockade,c1cncc(-c2[nH]c3ccccc3c2C2CCCNC2)c1,2,2,1.0
herg_blockade,c1cncc(-c2nnc(SCCCN3CCc4cc5ncoc5cc4CC3)[nH]2)c1,2,0,0.0
herg_blockade,c1cncc(-c2nnc(SCCCN3CCc4ccc(-c5ccon5)cc4CC3)[nH]2)c1,2,2,1.0
herg_blockade,c1cncc(-c2nnc(SCCCN3CCc4ccc5ocnc5c4CC3)[nH]2)c1,2,2,1.0
herg_blockade,c1cncc(C2CCCN2)c1,2,0,0.0
herg_blockade,c1cncc(CN2CCN(c3ccnc4[nH]c(-c5cn[nH]c5)nc34)CC2)c1,2,1,0.5
herg_blockade,c1cncc(COc2ccc(Nc3ncnc4ccccc34)cc2)c1,2,1,0.5
herg_blockade,c1coc(-c2nccc(-n3cccn3)n2)c1,2,2,1.0
herg_blockade,c1coc(SCCN2CCC(CCCc3ccnc4ccccc34)CC2)c1,2,0,0.0
herg_blockade,c1csc(-c2ccc(C3CCOC3)cc2)c1,2,0,0.0
herg_blockade,c1ncc(-c2nc(N3CCOCC3)c3sc(CN4CCNCC4)cc3n2)cn1,2,0,0.0
herg_blockade,c1ncc(-c2nc(N3CCOCC3)c3sccc3n2)cn1,2,0,0.0
herg_blockade,c1ncc(-c2nnc(SCCCN3CCc4cc5ncsc5cc4CC3)[nH]2)o1,2,2,1.0
herg_blockade,c1ncc(-c2nnc(SCCCN3CCc4ccc5ncoc5c4CC3)[nH]2)o1,2,2,1.0
herg_blockade,c1ncc(-c2nnc(SCCCN3CCc4ccc5ncsc5c4CC3)[nH]2)o1,2,1,0.5
herg_blockade,c1ncc2nc[nH]c2n1,2,0,0.0
herg_blockade,c1ncn(Cc2ccc3c(c2)-c2[nH]nc(-c4ccsc4)c2C3)n1,2,0,0.0
herg_blockade,c1ncn(Cc2ccc3c(c2)Cc2c(-c4ccsc4)n[nH]c2-3)n1,2,0,0.0
herg_blockade,c1noc(C2CCC(Sc3nc4ccc(N5CCNCC5)cc4[nH]3)CC2)n1,2,2,1.0
herg_blockade,C(#CC1CC1)c1cc2cccnc2n1C1CCCNC1,1,1,1.0
herg_blockade,C(#CC1CCCC1)c1cnc(Nc2cnccn2)cc1NCC1CNCCO1,1,0,0.0
herg_blockade,C(#CC1CCCCC1)c1cccc(C#CC2CCCCC2)[nH+]1,1,1,1.0
herg_blockade,C(#CC1COC1)c1cnc2c(c1)C1(COC=N1)c1cc(-c3cccnc3)ccc1O2,1,0,0.0
herg_blockade,C(#Cc1cc(-c2[nH]nc3c2Cc2cc(CN4CCCCC4)ccc2-3)cs1)COc1ccccc1,1,1,1.0
herg_blockade,C(#Cc1cc(-c2[nH]nc3c2Cc2cc(CN4CCNCC4)ccc2-3)cs1)CCc1ccccc1,1,1,1.0
herg_blockade,C(#Cc1cc(-c2[nH]nc3c2Cc2cc(CN4CCNCC4)ccc2-3)cs1)COc1cccnc1,1,1,1.0
herg_blockade,C(#Cc1cc(-c2[nH]nc3c2Cc2cc(CN4CCSC4)ccc2-3)cs1)COc1ccccc1,1,0,0.0
herg_blockade,C(#Cc1cc(-c2[nH]nc3c2Cc2cc(Cn4cccn4)ccc2-3)cs1)COc1ccccc1,1,0,0.0
herg_blockade,C(#Cc1cc(-c2[nH]nc3c2Cc2cc(Cn4ccnn4)ccc2-3)cs1)COc1ccccc1,1,0,0.0
herg_blockade,C(#Cc1cc(-c2[nH]nc3c2Cc2cc(Cn4cncn4)ccc2-3)cs1)COc1ccccc1,1,1,1.0
herg_blockade,C(#Cc1cc(-c2[nH]nc3c2Cc2cc(N4CCNCC4)ccc2-3)cs1)COc1ccccc1,1,1,1.0
herg_blockade,C(#Cc1cc(-c2n[nH]c3c2Cc2cc(-n4cccn4)ccc2-3)cs1)COc1ccccc1,1,0,0.0
herg_blockade,C(#Cc1cc(-c2n[nH]c3c2Cc2cc(-n4ccnc4)ccc2-3)cs1)COc1ccccc1,1,1,1.0
herg_blockade,C(#Cc1cc(-c2n[nH]c3c2Cc2cc(-n4ccnn4)ccc2-3)cs1)COc1ccccc1,1,0,0.0
herg_blockade,C(#Cc1cc(-c2n[nH]c3c2Cc2cc(-n4cncn4)ccc2-3)cs1)COc1ccccc1,1,0,0.0
herg_blockade,C(#Cc1cc(-c2n[nH]c3c2Cc2cc(CC4CCNCC4)ccc2-3)cs1)COc1ccccc1,1,1,1.0
herg_blockade,C(#Cc1cc(-c2n[nH]c3c2Cc2cc(CCN4CCNCC4)ccc2-3)cs1)COc1ccccc1,1,1,1.0
herg_blockade,C(#Cc1cc(-c2n[nH]c3c2Cc2cc(CN4CCNCC4)ccc2-3)cs1)CCOc1ccccc1,1,1,1.0
herg_blockade,C(#Cc1cc(-c2n[nH]c3c2Cc2cc(CN4CCNCC4)ccc2-3)cs1)CNc1ccccc1,1,1,1.0
herg_blockade,C(#Cc1cc(-c2n[nH]c3c2Cc2cc(CN4CCNCC4)ccc2-3)cs1)COc1ccc(CN2CCOCC2)cc1,1,1,1.0
herg_blockade,C(#Cc1cc(-c2n[nH]c3c2Cc2cc(Cn4ccnc4)ccc2-3)cs1)COc1ccccc1,1,1,1.0
herg_blockade,C(#Cc1cc(-c2n[nH]c3c2Cc2ccccc2-3)cs1)COc1ccccc1,1,0,0.0
herg_blockade,C(#Cc1ccc2c(Nc3ccccc3)ncnc2c1)CN1CCNCC1,1,0,0.0
herg_blockade,C(#Cc1ccc2c(c1)N(c1ccncn1)CC2)Cc1nccs1,1,0,0.0
herg_blockade,C(#Cc1ccc2ccccc2n1)c1ccccc1,1,0,0.0
herg_blockade,C(#Cc1ccc2ccccc2n1)c1cccnc1,1,0,0.0
herg_blockade,C(#Cc1ccc2ncc3ncn(-c4ccccc4)c3c2c1)c1cccnc1,1,0,0.0
herg_blockade,C(#Cc1cccc(C#CCOCCc2ccccc2)[nH+]1)COCCc1ccccc1,1,0,0.0
herg_blockade,C(#Cc1cccc(C#CCOc2ccccc2)n1)COc1ccccc1,1,0,0.0
herg_blockade,C(#Cc1cccc(C#Cc2ccccc2)c1)c1ccccc1,1,0,0.0
herg_blockade,C(#Cc1cccc(C#Cc2ccccc2)n1)c1ccccc1,1,0,0.0
herg_blockade,C(#Cc1ccccc1)COCc1cccc(COC#Cc2ccccc2)[nH+]1,1,1,1.0
herg_blockade,C(#Cc1ccccc1)COCc1cccc(COCC#Cc2ccccc2)[nH+]1,1,1,1.0
herg_blockade,C(#Cc1nc(NCc2ccccc2)c2ncn(C3CCC4CC43)c2n1)c1ccccc1,1,0,0.0
herg_blockade,C(#Cc1ncc2ncn(C3CCC4CC43)c2n1)c1ccccc1,1,0,0.0
herg_blockade,C(#Cc1ncn2c1COc1ccccc1-2)c1ccccc1,1,1,1.0
herg_blockade,C(=C1CCCN2C1=NOCC2c1ccccc1)c1ccc(-n2ccnc2)cc1,1,1,1.0
herg_blockade,C(=C1Nc2ccccc2S1)c1ccnc(OCc2ccc(CN3CCOCC3)cc2)n1,1,0,0.0
herg_blockade,C(=CC1CCCC1)CCOc1ccccc1,1,0,0.0
herg_blockade,C(=CC1CCCN1)c1nc2ccccc2n1Cc1ccccc1,1,1,1.0
herg_blockade,C(=CC1CCN(CC2CCCCC2)C1)c1nc2ccccc2n1Cc1ccccc1,1,1,1.0
herg_blockade,C(=CC1CCNC1)c1nc2ccccc2n1Cc1ccccc1,1,1,1.0
herg_blockade,C(=CC=CC=CC=CC=CC1=CCCCC1)C=CC=CC=CC=CC1=CCCCC1,1,0,0.0
herg_blockade,C(=CN1CCc2cc(OC3CCCCO3)ccc21)C1=CC=NCC1,1,0,0.0
herg_blockade,C(=Cc1ccc(-c2ccccc2)cc1)CNCc1ccc2c(c1)CCO2,1,0,0.0
herg_blockade,C(=Cc1ccc(-c2ccccc2)cc1)CNCc1ccc2c(c1)OCCC2,1,0,0.0
herg_blockade,C(=Cc1ccc(-c2ccccc2)cc1)CNCc1cccc2cc[nH]c12,1,0,0.0
herg_blockade,C(=Cc1ccc(-c2ccccc2)cc1)CNCc1coc2ccccc12,1,0,0.0
herg_blockade,C(=Cc1ccc(Cn2cnc3cccnc32)cc1)CN1CCNCC1,1,1,1.0
herg_blockade,C(=Cc1ccc2ccccc2c1)CNCc1ccc2c(c1)CCO2,1,1,1.0
herg_blockade,C(=Cc1ccc2ccccc2c1)CNCc1ccc2c(c1)OCCC2,1,0,0.0
herg_blockade,C(=Cc1ccccc1)CN1CCN(C(c2ccccc2)c2ccccc2)CC1,1,1,1.0
herg_blockade,C(=Cc1ccccc1)CNCc1ccc2c(c1)CCCC2,1,1,1.0
herg_blockade,C(=Cc1ccccc1)CNCc1ccc2c(c1)CCCCC2,1,1,1.0
herg_blockade,C(=Cc1ccccc1)CNCc1cccc2ccoc12,1,1,1.0
herg_blockade,C(=Cc1ccccc1)Sc1ccccc1,1,0,0.0
herg_blockade,C(=Cc1cncnc1)c1ccccc1,1,0,0.0
herg_blockade,C(=Cc1n[nH]c2cc(Sc3ccccc3)ccc12)c1ccccn1,1,0,0.0
herg_blockade,C(=Cc1n[nH]c2ccc(OCc3ccncc3)cc12)c1cn[nH]c1,1,0,0.0
herg_blockade,C(=Cc1nc(COc2ccc(CCCCn3ccnn3)cc2)co1)c1ccccc1,1,0,0.0
herg_blockade,C(=Cc1nc(Nc2cc[nH]n2)cc(N2CCNCC2)n1)c1ccccc1,1,0,0.0
herg_blockade,C(=Cc1nc2ccccc2n1Cc1ccccc1)c1ccccc1,1,1,1.0
herg_blockade,C(=Cc1nc2ccccc2n1Cc1ccccc1)c1cccnc1,1,0,0.0
herg_blockade,C(=Cc1nc2ccccc2n1Cc1ccccc1)c1ccco1,1,0,0.0
herg_blockade,C(=Cc1nc2ccccc2n1Cc1ccccc1)c1cccs1,1,0,0.0
herg_blockade,C(=NNc1cc(N2CCOCC2)nc(OCCc2ccccn2)n1)c1ccccc1,1,0,0.0
herg_blockade,C(=NOCc1ccccc1)c1c(-c2ccccc2)nc2sccn12,1,0,0.0
herg_blockade,C(=Nc1ccc2c(c1)CCCN2CCC1CCCN1)c1cccs1,1,1,1.0
herg_blockade,C(=Nc1cccc2ccccc12)NCc1ccccc1,1,0,0.0
herg_blockade,C(=Nc1ccccc1)c1ccc(-c2ccccc2)o1,1,1,1.0
herg_blockade,C(=Nc1ccncc1)NCCCCCCOc1ccccc1,1,0,0.0
herg_blockade,C(C=CSc1ccccc1)=CSc1ccccc1,1,0,0.0
herg_blockade,C(C=Cc1ccc(-c2ccccc2)cc1)=CCNCc1ccc2c(c1)OCCC2,1,0,0.0
herg_blockade,C(CN1CCC(c2ccccc2)C1)=C1CCCc2c1cnn2-c1ccccc1,1,1,1.0
herg_blockade,C(CN1CCC(c2ccccc2)CC1)=C1CCCc2c1cnn2-c1ccccc1,1,1,1.0
herg_blockade,C(CN1CCC2(CC1)OCc1ccccc12)=C1CCCc2c1cnn2-c1ccccc1,1,1,1.0
herg_blockade,C(CN1CCCC(c2ccccc2)C1)=C1CCCc2c1cnn2-c1ccccc1,1,1,1.0
herg_blockade,C(CN1CCCCCC1)=C1CCCc2c1cnn2-c1ccccc1,1,1,1.0
herg_blockade,C(CN1CCN(C2CCCCC2)CC1)=C1CCCc2c1cnn2-c1ccccc1,1,1,1.0
herg_blockade,C(CN1CCN(c2ccccc2)CC1)=C1CCCc2c1cnn2-c1ccccc1,1,1,1.0
herg_blockade,C(CN1CCc2ccccc2C1)=C1CCCc2c1cnn2-c1ccccc1,1,1,1.0
herg_blockade,C(CN1Cc2ccccc2C1)=C1CCCc2c1cnn2-c1ccccc1,1,1,1.0
herg_blockade,C(CNCc1ccccc1)=C1CCCc2c1cnn2-c1ccccc1,1,1,1.0
herg_blockade,C(C[N+]1CCCC1)=C(c1ccccc1)c1ccccn1,1,0,0.0
herg_blockade,C1=C(CN2CCCCC2)NC(c2nccs2)=NC1c1ccccc1,1,0,0.0
herg_blockade,C1=C(CN2CCNCC2)NC(c2nccs2)=NC1c1ccccc1,1,0,0.0
herg_blockade,C1=C(CN2CCOCC2)NC(c2ccccn2)=NC1c1ccccc1,1,1,1.0
herg_blockade,C1=C(CN2CCOCC2)NC(c2cccs2)=NC1c1ccccc1,1,1,1.0
herg_blockade,C1=C(CN2CCOCC2)NC(c2ncc[nH]2)=NC1c1ccccc1,1,1,1.0
herg_blockade,C1=C(CN2CCOCC2)NC(c2nccs2)=NC1c1ccccc1-c1ccccc1,1,1,1.0
herg_blockade,C1=C(CN2CCOCC2)NC(c2nncs2)=NC1c1ccccc1,1,1,1.0
herg_blockade,C1=C(CN2CCOCC2)NC(n2cncn2)=NC1c1ccccc1,1,1,1.0
herg_blockade,C1=C(CN2CCOCC2)NC(n2ncnn2)=NC1c1ccccc1,1,0,0.0
herg_blockade,C1=C(CN2CC[SH+]CC2)NC(c2nccs2)=NC1c1ccccc1,1,1,1.0
herg_blockade,C1=C(CNCCc2ccccc2)NC(c2nccs2)=NC1c1ccccc1,1,1,1.0
herg_blockade,C1=C(CSC(=NC2CCCCC2)NC2CCCCC2)N2CCN=C2S1,1,0,0.0
herg_blockade,C1=C(Cc2ccccn2)c2ccccc2C1,1,1,1.0
herg_blockade,C1=C(Cc2cnc[nH]2)c2ccccc2C(N2CCNCC2)c2ncccc21,1,1,1.0
herg_blockade,C1=C(c2ccc(OCCCN3CCCC3)cc2)Oc2ccccc2S1,1,1,1.0
herg_blockade,C1=C(c2ccc(OCCCN3CCCCC3)cc2)CCC1,1,1,1.0
herg_blockade,C1=C(c2ccccc2)CCN(CCCCc2ccccc2)C1,1,1,1.0
herg_blockade,C1=C(c2ccccc2)COc2ccccc21,1,0,0.0
herg_blockade,C1=C(c2ccccc2)NNC1c1ccccc1,1,0,0.0
herg_blockade,C1=C(c2ccccc2)c2ccccc2OC12CCCNCC2,1,0,0.0
herg_blockade,C1=C(c2ccccc2)c2ccccc2OC12CCNC2,1,1,1.0
herg_blockade,C1=C(c2ccccn2)c2ccccc2OC12CCNCC2,1,0,0.0
herg_blockade,C1=C(c2cccnc2)c2ccccc2OC12CCNCC2,1,0,0.0
herg_blockade,C1=C(c2ccco2)c2ccccc2OC12CCNCC2,1,1,1.0
herg_blockade,C1=C(c2cccs2)c2ccccc2OC12CCNCC2,1,1,1.0
herg_blockade,C1=C(c2ccsc2)c2ccccc2OC12CCNCC2,1,1,1.0
herg_blockade,C1=C(c2cncnc2)c2ccccc2OC12CCNCC2,1,0,0.0
herg_blockade,C1=C(c2nc(-c3cc[nH]n3)no2)c2ccccc2C12CCN(CC1CCCO1)CC2,1,1,1.0
herg_blockade,C1=C(c2nc(-c3ccccc3)no2)c2ccccc2C12CCN(Cc1ncno1)CC2,1,0,0.0
herg_blockade,C1=C(c2nc(-c3ccccn3)no2)c2ccccc2C12CCN(CC1CCCO1)CC2,1,1,1.0
herg_blockade,C1=C(c2nc(-c3ccncc3)no2)c2ccccc2C12CCN(CC1CCCO1)CC2,1,1,1.0
herg_blockade,C1=C(c2nc(Cc3ccccc3)no2)c2ccccc2C12CCN(CC1CCCO1)CC2,1,1,1.0
herg_blockade,C1=C(c2ncno2)c2ccccc2C12CCN(CC1CCCO1)CC2,1,1,1.0
herg_blockade,C1=C2C3CCCCC3CCC2C2CCC3CCCCC3C2C1,1,0,0.0
herg_blockade,C1=C2CC3C4CCCCC4=CCC3C2CCC12CC1NCCCC1O2,1,0,0.0
herg_blockade,C1=C2CCCCC2C2CCC3C(c4cccnc4)=CCC3C2C1,1,0,0.0
herg_blockade,C1=C2CCCCC2C2CCC3C(n4cnc5ccccc54)=CCC3C2C1,1,0,0.0
herg_blockade,C1=C2CCCNC2C2CC1C1CCCCN1C2,1,0,0.0
herg_blockade,C1=CC(c2cc3c(cn2)Oc2ccc(-c4cccnc4)cc2C32COC=N2)COC1,1,0,0.0
herg_blockade,C1=CC(c2cc3ccccc3[nH]2)=NC1=Cc1ccc[nH]1,1,0,0.0
herg_blockade,C1=CC(c2cccc(-c3cccnc3)c2)c2c[nH]nc2O1,1,0,0.0
herg_blockade,C1=CC(c2cccc3c2NON3)C=CN1,1,0,0.0
herg_blockade,C1=CC(c2cccc3c2NON3)CC=N1,1,0,0.0
herg_blockade,C1=CC(c2cccc3nonc23)C=CN1,1,0,0.0
herg_blockade,C1=CC(c2ccccc2)N=C(c2nccs2)N1,1,0,0.0
herg_blockade,C1=CC(c2ccsc2)NC=N1,1,0,0.0
herg_blockade,C1=CC23CCNCc4cccc(c42)OC3CC1,1,0,0.0
herg_blockade,C1=CC2=NC(CCCNCCC3CCc4ccccc4C3)=NC2C=C1,1,1,1.0
herg_blockade,C1=CC2=Nc3cccc(OCCCNCCOc4ccccc4)c3C2C=C1,1,0,0.0
herg_blockade,C1=CC2=Nc3ccccc3C2C(OCCCNCCOc2ccccc2)=C1,1,0,0.0
herg_blockade,C1=CC2=Nc3ccccc3C2C(OCCC[N+]CCOc2ccccc2)=C1,1,0,0.0
herg_blockade,C1=CC2C(C=COC2OC2CCCCO2)C1,1,0,0.0
herg_blockade,C1=CC2CC(C1)C2,1,1,1.0
herg_blockade,C1=CC2CC1CC2C(CCN1CCCCC1)c1ccccc1,1,0,0.0
herg_blockade,C1=CC2CC1CC2Nc1ccnc(Nc2ccc3c(c2)CCC(N2CCOCC2)CC3)n1,1,0,0.0
herg_blockade,C1=CC2CC1CC2Nc1ccnc2[nH]c(-c3ccc(N4CCC(N5CCNCC5)CC4)cc3)nc12,1,0,0.0
herg_blockade,C1=CC2CC1CC2Nc1ccnc2[nH]c(-c3ccc(N4CCC(N5CCOCC5)CC4)cc3)nc12,1,0,0.0
herg_blockade,C1=CC2CC1CC2Nc1ccnc2[nH]c(-c3ccc(N4CCNCC4)cc3)nc12,1,0,0.0
herg_blockade,C1=CC2CCC(C1)[NH+]2,1,0,0.0
herg_blockade,C1=CCC(c2ccc3ccccc3c2)CNC1,1,0,0.0
herg_blockade,C1=CCN(c2cccc(COCC3(c4ccccc4)CCNCC3)n2)C1,1,1,1.0
herg_blockade,C1=CCNCC1,1,0,0.0
herg_blockade,C1=CNC=C(c2[nH]c3ccccc3c2C2CCCNC2)C1,1,1,1.0
herg_blockade,C1=CNC=C(c2[nH]c3ccccc3c2C2CCC[N+]C2)C1,1,1,1.0
herg_blockade,C1=COc2ccccc2C1,1,0,0.0
herg_blockade,C1=Cc2ccccc2C(=C2CCNCC2)c2ccccc21,1,0,0.0
herg_blockade,C1=Cc2ccccc2Cc2ccccc21,1,1,1.0
herg_blockade,C1=Cc2ccccc2Nc2ccccc21,1,0,0.0
herg_blockade,C1=Cc2ccccc2Oc2ccccc21,1,0,0.0
herg_blockade,C1=Cc2ccccc2Sc2ccccc21,1,1,1.0
herg_blockade,C1=Cn2c3c(c4ccccc42)CC[N+]2CCCC1C32,1,1,1.0
herg_blockade,C1=NC(C2CCCCC2)N=C1c1ccccc1,1,1,1.0
herg_blockade,C1=NC(c2cccc(-c3ccccc3)c2)(C2CCNCC2)N=C1,1,0,0.0
herg_blockade,C1=NC(c2cccc(-c3ccccc3)c2)(C2CCOCC2)N=C1,1,0,0.0
herg_blockade,C1=NC(c2cccc(-c3ccccc3)c2)CCS1,1,1,1.0
herg_blockade,C1=NC(c2cccc(-c3ccccc3)c2)COC1,1,1,1.0
herg_blockade,C1=NC(c2cccc(-c3ccccc3)c2)CSC1,1,1,1.0
herg_blockade,C1=NC(c2cccc(-c3ccccc3)c2)N=C1,1,0,0.0
herg_blockade,C1=NC(c2cccc(-c3ccccc3)c2)OCC1,1,1,1.0
herg_blockade,C1=NC(c2cccc(-c3ccccc3)c2)SC1,1,1,1.0
herg_blockade,C1=NC(c2cccc(-c3ccccc3)c2)SCC1,1,0,0.0
herg_blockade,C1=NC(c2cccc(-c3cccnc3)c2)(C2CCCCC2)N=C1,1,0,0.0
herg_blockade,C1=NC(c2cccc(-c3cccnc3)c2)N=C1c1ccccc1,1,0,0.0
herg_blockade,C1=NC(c2cccc(-c3cccnc3)c2)Oc2ccccc21,1,1,1.0
herg_blockade,C1=NC(c2cccc(-c3cncnc3)c2)(c2ccccn2)c2ccccc21,1,1,1.0
herg_blockade,C1=NC(c2cccc(-c3cncnc3)c2)(c2ccnc(C3CC3)c2)c2ccccc21,1,1,1.0
herg_blockade,C1=NC(c2cccc(-c3cncnc3)c2)CCS1,1,0,0.0
herg_blockade,C1=NC(c2cccc(-c3cncnc3)c2)SCC1,1,0,0.0
herg_blockade,C1=NC(c2cccc(-c3cncnc3)c2)Sc2ccccc21,1,1,1.0
herg_blockade,C1=NC(c2cccc(CNC3COC3)c2)CCS1,1,0,0.0
herg_blockade,C1=NC(c2cccc(CNCC3CC3)c2)CCS1,1,0,0.0
herg_blockade,C1=NC(c2ccccc2)(c2cccc(-c3cccnc3)c2)CC1,1,1,1.0
herg_blockade,C1=NC(c2ccccc2)(c2cccc(-c3cncnc3)c2)CC1,1,0,0.0
herg_blockade,C1=NC(c2ccncc2)(c2cccc(-c3ccccc3)c2)SC1,1,0,0.0
herg_blockade,C1=NC2(CCCCC2)NC(Nc2ccccc2)=N1,1,1,1.0
herg_blockade,C1=NC2(CCO1)c1cc(-c3cncnc3)ccc1OCC21CC1,1,0,0.0
herg_blockade,C1=NC2(CCS1)c1cc(-c3cncnc3)ccc1OCC21CC1,1,1,1.0
herg_blockade,C1=NC2(CO1)c1cc(-c3ccc4n[nH]cc4c3)ccc1OCC21CC1,1,0,0.0
herg_blockade,C1=NC2(CO1)c1cc(-c3ccc4nccn4c3)ccc1OC1(CCC1)C21COC1,1,0,0.0
herg_blockade,C1=NC2(CO1)c1cc(-c3ccccc3)ccc1OCC21COC1,1,1,1.0
herg_blockade,C1=NC2(CO1)c1cc(-c3ccccn3)ccc1Oc1cnc(C3=CCCOC3)cc12,1,0,0.0
herg_blockade,C1=NC2(CO1)c1cc(-c3cccnc3)ccc1OC(CC1CC1)C21COC1,1,1,1.0
herg_blockade,C1=NC2(CO1)c1cc(-c3cccnc3)ccc1Oc1ccc(-c3ccccn3)cc12,1,1,1.0
herg_blockade,C1=NC2(CO1)c1cc(-c3cccnc3)ccc1Oc1ccc(-c3cn[nH]c3)cc12,1,0,0.0
herg_blockade,C1=NC2(CO1)c1cc(-c3cccnc3)ccc1Oc1ccc(N3CCCC3)cc12,1,0,0.0
herg_blockade,C1=NC2(CO1)c1cc(-c3cccnc3)ccc1Oc1ccc(N3CCOCC3)cc12,1,0,0.0
herg_blockade,C1=NC2(CO1)c1cc(-c3cccnc3)ccc1Oc1cnc(-c3ccccc3)cc12,1,0,0.0
herg_blockade,C1=NC2(CO1)c1cc(-c3cccnc3)ccc1Oc1cnc(-c3ccno3)cc12,1,0,0.0
herg_blockade,C1=NC2(CO1)c1cc(-c3cccnc3)ccc1Oc1cnc(C3=CCCCO3)cc12,1,0,0.0
herg_blockade,C1=NC2(CO1)c1cc(-c3cccnc3)ccc1Oc1cnc(C3=CCOCC3)cc12,1,0,0.0
herg_blockade,C1=NC2(CO1)c1cc(-c3cccnc3)ccc1Oc1cnc(C3=COCCC3)cc12,1,0,0.0
herg_blockade,C1=NC2(CO1)c1cc(-c3cccnc3)ccc1Oc1cnc(C3CCCOC3)cc12,1,0,0.0
herg_blockade,C1=NC2(CO1)c1cc(-c3cccnc3)ccc1Oc1cnc(C3CCOCC3)cc12,1,0,0.0
herg_blockade,C1=NC2(CO1)c1cc(-c3cccnc3)ccc1Oc1cnc(N3CCCCC3)cc12,1,1,1.0
herg_blockade,C1=NC2(CO1)c1cc(-c3cccnc3)ccc1Oc1cnc(N3CCOCC3)cc12,1,0,0.0
herg_blockade,C1=NC2(CO1)c1cc(-c3cccnc3)ccc1Oc1ncc(-c3ccncc3)cc12,1,0,0.0
herg_blockade,C1=NC2(CO1)c1cc(-c3cccnc3)ccc1Oc1ncc(C3=CCCOC3)cc12,1,0,0.0
herg_blockade,C1=NC2(CO1)c1cc(-c3cccnc3)ccc1Oc1ncc(C3CCOCC3)cc12,1,0,0.0
herg_blockade,C1=NC2(CO1)c1cc(-c3cccnc3)ccc1Oc1ncc(N3CCOCC3)cc12,1,0,0.0
herg_blockade,C1=NC2(CO1)c1cc(-c3cccnn3)ccc1OC1(CCC1)C21COC1,1,0,0.0
herg_blockade,C1=NC2(CO1)c1cc(-c3ccn4ccnc4c3)ccc1OC1(CCC1)C21COC1,1,0,0.0
herg_blockade,C1=NC2(CO1)c1cc(-c3cncc(C4CC4)c3)ccc1OCC21CC1,1,1,1.0
herg_blockade,C1=NC2(CO1)c1cc(-c3cncc4ccccc34)ccc1OC1(CCC1)C21COC1,1,1,1.0
herg_blockade,C1=NC2(CO1)c1cc(-c3cncnc3)ccc1OC(C1CC1)C21COC1,1,0,0.0
herg_blockade,C1=NC2(CO1)c1cc(-c3cncnc3)ccc1OC(CC1CC1)C21COC1,1,0,0.0
herg_blockade,C1=NC2(CO1)c1cc(-c3cncnc3)ccc1OC1(CCCC1)C21COC1,1,0,0.0
herg_blockade,C1=NC2(CO1)c1cc(-c3cncnc3)ccc1OCC21CCCO1,1,0,0.0
herg_blockade,C1=NC2(CO1)c1cc(-c3cncnc3)ccc1Oc1ncccc12,1,0,0.0
herg_blockade,C1=NC2(CO1)c1cc(-n3cccn3)ccc1OC1(CCC1)C21COC1,1,0,0.0
herg_blockade,C1=NC2(CO1)c1cc(C3=CCCOC3)ccc1Oc1ccc(-c3cccnc3)cc12,1,0,0.0
herg_blockade,C1=NC2(CO1)c1cc(C3=CCOCC3)ccc1Oc1ccc(-c3cccnc3)cc12,1,1,1.0
herg_blockade,C1=NC2(CO1)c1cc(Nc3ccccn3)ccc1OC1(CCC1)C21COC1,1,0,0.0
herg_blockade,C1=NC2(CO1)c1cc(Nc3ccccn3)ccc1OCC21COC1,1,0,0.0
herg_blockade,C1=NC2(CO1)c1cc(OCC3CCCCC3)ccc1Oc1ccc(-c3cncnc3)cc12,1,1,1.0
herg_blockade,C1=NC2(CO1)c1cc(OCC3COC3)ccc1Oc1ccc(-c3cccnc3)cc12,1,0,0.0
herg_blockade,C1=NC2(CO1)c1cc(OCC3COC3)ccc1Oc1ccc(-c3cncnc3)cc12,1,0,0.0
herg_blockade,C1=NC2(CO1)c1ccccc1OC(CC1CC1)C21COC1,1,0,0.0
herg_blockade,C1=NC2(CO1)c1ccccc1OC1(CCC1)C21COC1,1,0,0.0
herg_blockade,C1=NC2(CO1)c1ccccc1OC1(CCCC1)C21COC1,1,0,0.0
herg_blockade,C1=NC2(CO1)c1ccccc1OCC21CC1,1,0,0.0
herg_blockade,C1=NC2(CO1)c1ccccc1OCC21CCC1,1,0,0.0
herg_blockade,C1=NC2(CO1)c1ccccc1Oc1ccc(-c3ccccn3)cc12,1,1,1.0
herg_blockade,C1=NC2(CO1)c1ccccc1Oc1ccc(-c3ccncc3)cc12,1,1,1.0
herg_blockade,C1=NC2(COC1)c1cc(-c3cncnc3)ccc1OCC21CC1,1,0,0.0
herg_blockade,C1=NC2(CS1)c1cc(-c3cccnc3)ccc1OCC21COC1,1,1,1.0
herg_blockade,C1=NC2(CS1)c1cc(-c3cncnc3)ccc1OCC21COC1,1,0,0.0
herg_blockade,C1=NC2(CS1)c1ccccc1OCC21COC1,1,0,0.0
herg_blockade,C1=NC2(c3ccccc3)COCCC2CS1,1,1,1.0
herg_blockade,C1=NC2(c3ccccc31)c1cc(-c3cncnc3)ccc1OCC21CC1,1,1,1.0
herg_blockade,C1=NC2C=C3CCN(CCCSc4nnc(-c5cccc6ncccc56)[nH]4)CCC3=CC2O1,1,0,0.0
herg_blockade,C1=NCCN1CCN1CCC(c2cn(-c3ccccc3)c3ccccc23)CC1,1,1,1.0
herg_blockade,C1=NN(c2ccccc2)CC1c1ccccc1,1,1,1.0
herg_blockade,C1=NNc2ncnc3c2c1cn3C1CCCO1,1,0,0.0
herg_blockade,C1=Nc2cccc3c2C1CC1NCCCC31,1,1,1.0
herg_blockade,C1=Nc2cccc3c2C1CC1[NH+]CCCC31,1,1,1.0
herg_blockade,C1=c2ccc3ccccc3c2=CCC1,1,1,1.0
herg_blockade,C1CC2CCC(C1)[NH+]2,1,0,0.0
herg_blockade,C1CC2CCC34CC35CCCCC5CCC4C2C1,1,0,0.0
herg_blockade,C1CCC(C2CCCCC2)CC1,1,0,0.0
herg_blockade,C1CCC2(C1)C1CN(CC3CC3)CC2CN(CC2CC2)C1,1,1,1.0
herg_blockade,C1CCC2(C1)C1C[N+](CC3CC3)CC2C[N+](CC2CC2)C1,1,1,1.0
herg_blockade,C1CCC2C(C1)CCC1C3CCCC3CCC21,1,0,0.0
herg_blockade,C1CCNC1,1,0,0.0
herg_blockade,C1CCOCC1,1,0,0.0
herg_blockade,C1CC[NH2+]CC1,1,0,0.0
herg_blockade,C1CO1,1,0,0.0
herg_blockade,C=C(NCc1ccc(-c2ccccc2)cc1)N1CCNCC1,1,1,1.0
herg_blockade,C=C(c1ccccc1)C1CCNCC1,1,1,1.0
herg_blockade,C=C1C(=O)C23CC1CCC2C12CCCCC1CC3OC2,1,0,0.0
herg_blockade,C=C1C(=O)OC2C1CCC=CCCC1OC12,1,0,0.0
herg_blockade,C=C1CC2CCC3C4C=CC(=O)NC4CCC3C2C1,1,1,1.0
herg_blockade,C=C1CCCN(c2ccc3c(=O)ccn(C4CC4)c3c2)C1,1,0,0.0
herg_blockade,C=C1CCCc2c1cnn2-c1ccccc1,1,1,1.0
herg_blockade,C=C1CN2CCC1CC2Cc1ccnc2ccccc12,1,0,0.0
herg_blockade,C=C1NC(=O)C2CSSCCC=CC(CC(=O)NCC(=O)N2)OC(=O)CNC1=O,1,0,0.0
herg_blockade,N=C(NCc1ccccc1)NN1CCC(CNc2ncccn2)CC1,1,0,0.0
herg_blockade,N=C(NS(=O)(=O)c1ccccc1)N1CC2(C=N1)CCNCC2,1,1,1.0
herg_blockade,N=C(Nc1ccc(OCCCCCOc2ccc(NC(=N)c3ccccc3)cc2)cc1)c1ccccc1,1,0,0.0
herg_blockade,N=C(Nc1ccc2c(c1)CCCCN2)c1cccs1,1,0,0.0
herg_blockade,N=C(Nc1ccc2c(c1)CCCN2C1CCNC1)c1cccs1,1,0,0.0
herg_blockade,N=C(Nc1ccc2c(c1)CCN2C1CCNCC1)c1cccs1,1,0,0.0
herg_blockade,N=C(Nc1ccc2c(c1)N(C1CCNC1)CC2)c1cccs1,1,0,0.0
herg_blockade,N=C(Nc1ccccc1)N1CCN(c2ccccn2)CC1,1,1,1.0
herg_blockade,N=C(Nc1ccccc1)NC12CC3CC(CC(C3)C1)C2,1,1,1.0
herg_blockade,N=C(Nc1ccccc1)Nc1ccccc1,1,0,0.0
herg_blockade,N=C(Nc1ccccc1)c1ccc(-c2ccccc2)o1,1,0,0.0
herg_blockade,N=C(c1ccccc1)C1CCN(C2CCN(C(=O)c3ccc[nH+]c3)CC2)CC1,1,1,1.0
herg_blockade,N=C(c1ccccc1)N1CCCc2cc(C3=NN=CSC3)ccc21,1,1,1.0
herg_blockade,N=C1CCCCOC(=O)CC(OC2CCCCO2)CC(OC2CCCCO2)CCC1,1,0,0.0
herg_blockade,N=C1CCc2cc(-c3c[nH]nc3-c3ccncc3)ccc21,1,0,0.0
herg_blockade,N=C1CCc2cc(-c3nc(-c4ccccc4)[nH]c3-c3ccncc3)ccc21,1,0,0.0
herg_blockade,N=C1CN(c2ccc3c(=O)ccn(C4CC4)c3n2)CC12CNC2,1,0,0.0
herg_blockade,N=C1CNc2nc(Nc3ccccc3)ncc2N1,1,0,0.0
herg_blockade,N=C1NC(=O)C2CN(c3ncccn3)CC2(c2ccccc2)N1,1,1,1.0
herg_blockade,N=C1NC2(CCN(C(=O)c3cccnc3)CC2)Nc2ccccc21,1,1,1.0
herg_blockade,N=C1NC2(CO1)c1cc(-c3cncnc3)ccc1OCC21COC1,1,0,0.0
herg_blockade,N=C1NC2CNC(=N)N3CCCC23N1,1,1,1.0
herg_blockade,N=C1NCCC(=O)N1Cc1cccc(C(=O)NCc2ccccc2)c1,1,1,1.0
herg_blockade,N=C1SC(=Cc2ccc(-c3ccc4c(c3)C(=O)NC4=O)o2)C(=O)N1c1ccccc1,1,0,0.0
herg_blockade,N=C1[N]CC2c3ccccc3Cc3ccccc3N12,1,0,0.0
herg_blockade,N=C1c2ccccc2CN1CC(=O)c1cccc(N2CCOCC2)c1,1,0,0.0
herg_blockade,N=c1c2c(-c3ccccc3)c(-c3ccccc3)n(Cc3ccccc3)c2ncn1C1CCCCC1,1,0,0.0
herg_blockade,O=C(C#CC1CC1)N1CC2CC(NC3CCOCC3)CC2(C(=O)N2CCc3ncccc3C2)C1,1,0,0.0
herg_blockade,O=C(C1=CNc2ccnn2C1c1cc2ccccc2[nH]1)N1CCCC1c1ccno1,1,0,0.0
herg_blockade,O=C(C1C=Nc2ccnn2C1c1cc2ccccc2[nH]1)N1CCCC1c1ccno1,1,0,0.0
herg_blockade,O=C(C1CC(N2CCN(c3ccccn3)CC2)CN1)N1CCCC1,1,0,0.0
herg_blockade,O=C(C1CC1)C(c1ccccc1)N1CCc2sccc2C1,1,0,0.0
herg_blockade,O=C(C1CC1)N(c1ccccn1)C1CCN(c2ccccn2)CC1,1,0,0.0
herg_blockade,O=C(C1CC12CCN(C1CCCCC1)CC2)N1CCN(C2CCCCC2)CC1,1,0,0.0
herg_blockade,O=C(C1CC12CCN(C1CCOCC1)CC2)N1CCN(C2CC2)CC1,1,0,0.0
herg_blockade,O=C(C1CC12CCN(C1CCOCC1)CC2)N1CCN(C2CCC2)CC1,1,0,0.0
herg_blockade,O=C(C1CC12CCN(C1CCOCC1)CC2)N1CCN(C2CCCC2)CC1,1,0,0.0
herg_blockade,O=C(C1CC12CCN(C1CCOCC1)CC2)N1CCN(C2CCCCC2)CC1,1,0,0.0
herg_blockade,O=C(C1CC12CCNCC2)N1CCN(C2CCCCC2)CC1,1,0,0.0
herg_blockade,O=C(C1CC1c1ccccc1)N1CCN(S(=O)(=O)c2cccc(-c3c[nH]nn3)c2)CC1,1,1,1.0
herg_blockade,O=C(C1CC1c1ccccc1)N1CCN(S(=O)(=O)c2cccc(-c3cn[nH]n3)c2)CC1,1,1,1.0
herg_blockade,O=C(C1CC1c1ccccc1)N1CCN(S(=O)(=O)c2cccc(-c3nccs3)c2)CC1,1,1,1.0
herg_blockade,O=C(C1CC2(CCN(C3CCOCC3)CC2)C1)N1CCN(C2CCC2)CC1,1,0,0.0
herg_blockade,O=C(C1CC2(CCN(C3CCOCC3)CC2)C1)N1CCN2CCCCC2C1,1,0,0.0
herg_blockade,O=C(C1CC2(CCN(C3CCOCC3)CC2)C1)N1CCNCC1,1,0,0.0
herg_blockade,O=C(C1CC2(CCN(c3ccccc3)CC2)C1)N1CCN(C2CCC2)CC1,1,0,0.0
herg_blockade,O=C(C1CC2(CCNCC2)C1)N1CCN(C2CCC2)CC1,1,0,0.0
herg_blockade,O=C(C1CCC(N2CCOCC2)CC1c1ccccc1)N1CC(c2ccccc2)(c2ccccc2)C1,1,1,1.0
herg_blockade,O=C(C1CCC(NCc2ccccc2)CC1)C1CCC(c2ccccc2)(c2nncs2)CC1,1,0,0.0
herg_blockade,O=C(C1CCC(NCc2ccccc2)CC1)N1CCC(C(=O)N2CCCCC2)(c2ccccc2)CC1,1,1,1.0
herg_blockade,O=C(C1CCC(NCc2ccccc2)CC1)N1CCC(c2ccccc2)(N2CCCCC2)CC1,1,1,1.0
herg_blockade,O=C(C1CCC(NCc2ccccc2)CC1)N1CCC(c2ccccc2)(N2CCCCC2=O)CC1,1,0,0.0
herg_blockade,O=C(C1CCC(NCc2ccccc2)CC1)N1CCC(c2ccccc2)(N2CCCNC2=O)CC1,1,0,0.0
herg_blockade,O=C(C1CCC(NCc2ccccc2)CC1)N1CCC(c2ccccc2)(N2CCCOC2=O)CC1,1,0,0.0
herg_blockade,O=C(C1CCC(NCc2ccccc2)CC1)N1CCC(c2ccccc2)(c2ccccc2)CC1,1,1,1.0
herg_blockade,O=C(C1CCC(NCc2ccccc2)CC1)N1CCC(c2ccccc2)(c2nncs2)CC1,1,0,0.0
herg_blockade,O=C(C1CCC(NCc2ccccc2)CC1c1ccccc1)N1CC(c2ccccc2)(c2ccccc2)C1,1,1,1.0
herg_blockade,O=C(C1CCC1)N(Cc1ccccc1)C1CCNC1,1,1,1.0
herg_blockade,O=C(C1CCCCC1)N(CCN1CCN(c2ccccc2)CC1)c1ccccn1,1,1,1.0
herg_blockade,O=C(C1CCCCC1)N(c1ccccn1)C1CCN(c2ccccn2)CC1,1,0,0.0
herg_blockade,O=C(C1CCCCC1)N1CC(c2ccccc2)C(c2ccccc2)C1,1,0,0.0
herg_blockade,O=C(C1CCCN1)N1CCC2(C=C(c3nc(-c4ccccc4)no3)c3ccccc32)CC1,1,0,0.0
herg_blockade,O=C(C1CCCNC1)N(c1ccccc1)C1CC1,1,1,1.0
herg_blockade,O=C(C1CCCO1)N1CCC2(C=C(c3nc(-c4ccccc4)no3)c3ccccc32)CC1,1,0,0.0
herg_blockade,O=C(C1CCN(C(=O)N2CCNCC2)CC1)N1CC2CCC(CC2)C1,1,0,0.0
herg_blockade,O=C(C1CCN(C(=O)Nc2ccccc2)CC1)C1CNCCN1,1,0,0.0
herg_blockade,O=C(C1CCN(C(=O)c2cnc3ccccc3n2)C1=O)N1CCCC1,1,0,0.0
herg_blockade,O=C(C1CCNCC1)N(CCCN1CCN(Cc2ccccc2)CC1)c1ccccc1,1,1,1.0
herg_blockade,O=C(C1CCNCC1)N1Cc2cn[nH]c2C1,1,0,0.0
herg_blockade,O=C(C1CN(C2CCC2)CC1c1ccccc1)N1CCC(c2ccccc2)CC1,1,1,1.0
herg_blockade,O=C(C1CN(c2ccccn2)CC1c1ccccc1)N1CCC(c2ccccc2)CC1,1,1,1.0
herg_blockade,O=C(C1CN(c2cccnc2)CC1c1ccccc1)N1CCC(c2ccccc2)CC1,1,1,1.0
herg_blockade,O=C(C1CN(c2cccnn2)CC1c1ccccc1)N1CCC(C2CC2)CC1,1,0,0.0
herg_blockade,O=C(C1CN(c2cccnn2)CC1c1ccccc1)N1CCC(c2ccccc2)CC1,1,0,0.0
herg_blockade,O=C(C1CN(c2cccnn2)CC1c1ccccc1)N1CCCCC1,1,0,0.0
herg_blockade,O=C(C1CN(c2ccncn2)CC1c1ccccc1)N1CCC(c2ccccc2)CC1,1,0,0.0
herg_blockade,O=C(C1CNCC1c1ccccc1)N1CCC(c2ccccn2)CC1,1,1,1.0
herg_blockade,O=C(C1CNCCC12OC=Cc1ccccc12)N(Cc1ccccc1)C1CC1,1,1,1.0
herg_blockade,O=C(C1CNCCC12OCCc1ccccc12)N(Cc1ccccc1)C1CC1,1,0,0.0
herg_blockade,O=C(C1CNCCC12OCc1ccccc12)N(Cc1cccc(CCCN2CCOCC2)c1)C1CC1,1,0,0.0
herg_blockade,O=C(C1CNCCC12OCc1ccccc12)N(Cc1cccc(CCCN2CCS(=O)(=O)CC2)c1)C1CC1,1,1,1.0
herg_blockade,O=C(C1CNCCC12OCc1ccccc12)N(Cc1cccc2cccnc12)C1CC1,1,0,0.0
herg_blockade,O=C(C1CNCCC12OCc1ccccc12)N(Cc1ccnc2ccccc12)C1CC1,1,0,0.0
herg_blockade,O=C(C1CNCCC12OCc1ccccc12)N(Cc1nccc2ccccc12)C1CC1,1,0,0.0
herg_blockade,O=C(C1CNCCC1c1cc[nH]c(=O)c1)N(Cc1cccc(-c2ccccc2)c1)C1CC1,1,1,1.0
herg_blockade,O=C(C1CNCCC1c1cc[nH]c(=O)c1)N(Cc1cccc2ccccc12)C1CC1,1,0,0.0
herg_blockade,O=C(C1CNCCC1c1cc[nH]c(=O)c1)N(Cc1cccc2cccnc12)C1CC1,1,0,0.0
herg_blockade,O=C(C1CNCCC1c1cc[nH]c(=O)c1)N(Cc1ccnc2ccccc12)C1CC1,1,0,0.0
herg_blockade,O=C(C1CNCCC1c1cc[nH]c(=O)c1)N(Cc1cn(Cc2cccnc2)c2ccccc12)C1CC1,1,0,0.0
herg_blockade,O=C(C1CNCCC1c1cc[nH]c(=O)c1)N(Cc1cn(Cc2ccncc2)c2ccccc12)C1CC1,1,0,0.0
herg_blockade,O=C(C1CNCCC1c1ccc(OCCOc2ccccc2)nc1)N(Cc1ccccc1)C1CC1,1,1,1.0
herg_blockade,O=C(C1CNCCC1c1ccccc1)N(Cc1c[nH]c2c(CN3CCOCC3)cccc12)C1CC1,1,1,1.0
herg_blockade,O=C(C1CNCCC1c1ccccc1)N(Cc1c[nH]c2c(Cn3ccnc3)cccc12)C1CC1,1,1,1.0
herg_blockade,O=C(C1CNCCC1c1ccccc1)N(Cc1cn(Cc2ncco2)c2ccccc12)C1CC1,1,1,1.0
herg_blockade,O=C(C1CNCCC1c1ccccc1)N(Cc1cn(Cc2ncn[nH]2)c2ccccc12)C1CC1,1,1,1.0
herg_blockade,O=C(C1CNCCC1c1ccccc1)N(Cc1cn(Cc2ncno2)c2ccccc12)C1CC1,1,1,1.0
herg_blockade,O=C(C1CNCCC1c1cccnc1)N(Cc1ccccc1)C1CC1,1,0,0.0
herg_blockade,O=C(C1COc2ccccc2O1)N1CCN(c2ncc3ccccc3n2)CC1,1,1,1.0
herg_blockade,O=C(C=CC1CCCN1)N1CCN(c2cnc3cccc(NCc4ccccc4)c3c2)CC1,1,0,0.0
herg_blockade,O=C(C=CCN1CCCCC1)Nc1ccc2ncnc(Nc3ccccc3)c2c1,1,0,0.0
herg_blockade,O=C(C=CNCCc1ccc(OCCc2coc(-c3ccccc3)n2)cc1)c1ccccc1,1,0,0.0
herg_blockade,O=C(C=Cc1cc[nH]c1)c1ccccc1,1,0,0.0
herg_blockade,O=C(C=Cc1ccccc1)CC(=O)C=Cc1ccccc1,1,1,1.0
herg_blockade,O=C(C=Cc1ccccc1)N1CC2CC(NC3CCOCC3)CC2(C(=O)N2CCc3ncccc3C2)C1,1,0,0.0
herg_blockade,O=C(C=Cc1ccccc1)N1CCCC1CN1CCCC1,1,1,1.0
herg_blockade,O=C(C=Cc1ccccc1)NCCCc1ccccc1,1,0,0.0
herg_blockade,O=C(C=Cc1ccccc1)OC1C2CCC(O2)C2CCCC21,1,0,0.0
herg_blockade,O=C(C=Cc1ccccc1)OCCc1ccccc1,1,0,0.0
herg_blockade,O=C(C=Cc1ccccc1)c1cc(Cc2ccccc2)cc2c1OCC=C2,1,1,1.0
herg_blockade,O=C(C=Cc1ccccc1)c1ccccc1,1,0,0.0
herg_blockade,O=C(C=Cc1cccnc1)NCc1ccc(C(=O)Nc2ccccc2)cc1,1,0,0.0
herg_blockade,O=C(CC(C(=O)N1CCCC1)c1ccc(-c2ccccc2)cc1)N1CCCC1,1,1,1.0
herg_blockade,O=C(CC(c1ccccc1)c1cccc2ccccc12)N1CCC(c2ccccc2)CC1,1,0,0.0
herg_blockade,O=C(CC(c1ccccc1)c1ccccc1)N1CCN(C(c2ccccc2)c2ccccc2)CC1,1,1,1.0
herg_blockade,O=C(CC12CC3CC(CC(C3)C1)C2)N1CCC2CC21,1,0,0.0
herg_blockade,O=C(CC12CC3CC(CC(C3)C1)C2)Nc1cccc2ncccc12,1,0,0.0
herg_blockade,O=C(CC12CCCN1CCC2)Nc1ccccc1,1,0,0.0
herg_blockade,O=C(CC12CCC[N+]1CCC2)Nc1ccccc1,1,0,0.0
herg_blockade,O=C(CC1C(=O)Nc2ccccc21)c1ccccc1,1,0,0.0
herg_blockade,O=C(CC1CC2CCCC3CCC4OOC32C(O1)O4)Nc1cccc(-c2ccccn2)c1,1,0,0.0
herg_blockade,O=C(CC1CC=CCCC(=O)OC(c2ccccc2)CNC1=O)NCc1ccccc1,1,0,0.0
herg_blockade,O=C(CC1CCC(NS(=O)(=O)c2ccccc2)CC1)N1CCSC1,1,1,1.0
herg_blockade,O=C(CC1CCCC(CCc2ccccc2)N1)c1ccccc1,1,1,1.0
herg_blockade,O=C(CC1CCCCC1)Nc1cc2c3c(c(-c4cn[nH]c4)[nH]c3c1)C=NNC2=O,1,0,0.0
herg_blockade,O=C(CC1CCCc2ccc(CN3CCOCC3)nc21)Nc1cccc(-c2ccccn2)c1,1,1,1.0
herg_blockade,O=C(CC1CCCc2cccnc21)Nc1cccc(-c2ccccn2)c1,1,0,0.0
herg_blockade,O=C(CC1CCCc2cccnc21)Nc1cccc(-c2nc3ccccc3[nH]2)c1,1,0,0.0
herg_blockade,O=C(CC1CCN(Cc2ccc(-c3ccccc3)o2)CC1)N1CCCCC1,1,1,1.0
herg_blockade,O=C(CC1CCN(Cc2ccc(-c3ccccc3)o2)CC1)NCc1ccccc1,1,1,1.0
herg_blockade,O=C(CC1CCN(Cc2ccn(-c3ccccc3)c2)CC1)N1CCCC(C(=O)N2CCCC2)C1,1,0,0.0
herg_blockade,O=C(CC1CCN(Cc2ccn(-c3ccccc3)c2)CC1)N1CCCCC1,1,0,0.0
herg_blockade,O=C(CC1CCN(Cc2ccn(-c3ccccc3)c2)CC1)N1CCN(C(=O)N2CCCC2)CC1,1,0,0.0
herg_blockade,O=C(CC1CCN(Cc2ccn(-c3ccccc3)c2)CC1)N1CCOC(C(=O)N2CCCC2)C1,1,0,0.0
herg_blockade,O=C(CC1CCN(Cc2ccn(-c3ccccc3)c2)CC1)NC(Cn1ccnc1)c1ccccc1,1,0,0.0
herg_blockade,O=C(CC1CCN(Cc2ccn(-c3ccccc3)c2)CC1)NC(c1ccccc1)c1ccc[nH+]c1,1,0,0.0
herg_blockade,O=C(CC1CCN(Cc2ccn(-c3ccccc3)c2)CC1)NC(c1ccccc1)c1ccccn1,1,1,1.0
herg_blockade,O=C(CC1CCN(Cc2ccn(-c3ccccc3)c2)CC1)NC(c1ccccc1)c1ccncc1,1,1,1.0
herg_blockade,O=C(CC1CCN(Cc2ccn(-c3ccccc3)c2)CC1)NC(c1ccccc1)c1cnc[nH]1,1,0,0.0
herg_blockade,O=C(CC1CCN(Cc2ccn(-c3ccccc3)c2)CC1)NCC1CCCCC1,1,1,1.0
herg_blockade,O=C(CC1CCN(Cc2ccn(-c3ccccc3)c2)CC1)NCCC(=O)N1CCCC1,1,0,0.0
herg_blockade,O=C(CC1CCN(Cc2ccn(-c3ccccc3)c2)CC1)NCc1ccc[nH]1,1,1,1.0
herg_blockade,O=C(CC1CCN(Cc2ccn(-c3ccccc3)c2)CC1)NCc1ccccc1,1,1,1.0
herg_blockade,O=C(CC1CCN(Cc2ccn(-c3ccccc3)c2)CC1)NCc1cccnc1,1,1,1.0
herg_blockade,O=C(CC1CCN(Cc2ccn(-c3ccccn3)c2)CC1)NC(c1ccccc1)c1ccccc1,1,1,1.0
herg_blockade,O=C(CC1CCNCC1)N1CCC(C2c3ccccc3CCc3cccnc32)CC1,1,0,0.0
herg_blockade,O=C(CCC(C1CCCCC1)N1C=Nc2ccc(Oc3ccccc3)cc2C1)NC1CCCCC1,1,1,1.0
herg_blockade,O=C(CCC1CCC(NS(=O)(=O)c2ccccc2)CC1)N1CCCC1,1,0,0.0
herg_blockade,O=C(CCC1CCc2ccccc21)N1CCn2cnnc2C1,1,0,0.0
herg_blockade,O=C(CCCC#Cc1cccc2nc(C3CCCN3c3ccncn3)n(-c3ccccc3)c(=O)c12)N1CCOCC1,1,0,0.0
herg_blockade,O=C(CCCC#Cc1cccc2nc(CNc3ccncn3)n(-c3ccccc3)c(=O)c12)N1CCCC1,1,0,0.0
herg_blockade,O=C(CCCC#Cc1cccc2nc(CNc3ccncn3)n(-c3ccccc3)c(=O)c12)N1CCOCC1,1,0,0.0
herg_blockade,O=C(CCCCC(c1ccccc1)c1ccccc1)N1CCN(Cc2ccccc2)CC1,1,1,1.0
herg_blockade,O=C(CCCCCN1CCN(c2ccccc2)CC1)n1c2ccccc2c2ccccc21,1,1,1.0
herg_blockade,O=C(CCCCN1CCCNCC1)Nc1cc(-c2ccccc2)n[nH]1,1,0,0.0
herg_blockade,O=C(CCCN1CC=C([N+]2=c3ccccc3=NC2=O)CC1)c1ccccc1,1,1,1.0
herg_blockade,O=C(CCCN1CC=C(n2c(=O)[nH]c3ccccc32)CC1)c1ccccc1,1,1,1.0
herg_blockade,O=C(CCCN1CCC(OC(c2ccccc2)c2ccccc2)CC1)c1ccccc1,1,1,1.0
herg_blockade,O=C(CCCN1CCC(OCc2ccccc2)CC1)c1ccccc1,1,1,1.0
herg_blockade,O=C(CCCN1CCC(n2c(=O)[nH]c3ccccc32)CC1)c1ccccc1,1,1,1.0
herg_blockade,O=C(CCCN1CCCCC1)Nc1cc(-c2cccnc2)n[nH]1,1,0,0.0
herg_blockade,O=C(CCCN1CCN(c2ccccc2)CC1)NC1c2ccccc2CSc2ccccc21,1,1,1.0
herg_blockade,O=C(CCCNC(=O)c1ccc2[nH]c3c(c2c1)CC(C1CCOCC1)CC3)NC1COC1,1,0,0.0
herg_blockade,O=C(CCCSc1cccs1)NCCc1ccccc1,1,0,0.0
herg_blockade,O=C(CCC[N+]1CCC(OC(c2ccccc2)c2ccccc2)CC1)c1ccccc1,1,1,1.0
herg_blockade,O=C(CCC[N+]1CCC(c2ccccc2)CC1)c1ccccc1,1,1,1.0
herg_blockade,O=C(CCCc1ccccc1)N1CCC(C(c2ccccc2)c2ccccc2)CC1,1,0,0.0
herg_blockade,O=C(CCCc1ccccc1)N1CCN(c2ccccc2)CC1,1,0,0.0
herg_blockade,O=C(CCCc1ccccc1)N1CCn2cnnc2C1,1,0,0.0
herg_blockade,O=C(CCCc1ccccc1)NCCCc1nc2ccccc2[nH]1,1,0,0.0
herg_blockade,O=C(CCN1CCC(Cc2ccccc2)CC1)N1CCSc2ccccc2C1,1,1,1.0
herg_blockade,O=C(CCN1CCCC1)Nc1cc(-n2cccn2)nc(-c2ccco2)n1,1,1,1.0
herg_blockade,O=C(CCN1CCCCC1)Nc1ccc(CN2CCC(NC(=O)c3cc(=O)c4ccccc4o3)CC2)cc1,1,1,1.0
herg_blockade,O=C(CCN1CCNCC1)Nc1c[nH]c(C=C2C(=O)Nc3ccccc32)c1,1,0,0.0
herg_blockade,O=C(CCNC(=O)c1ccc2[nH]c3c(c2c1)CC(C1CCOCC1)CC3)NC1CC1,1,0,0.0
herg_blockade,O=C(CCOc1ccccc1)N1CCc2ccccc21,1,0,0.0
herg_blockade,O=C(CCc1c[nH]c2ccccc12)NCCCN1CCc2cc(NC(=O)Nc3ccccc3)sc2C1,1,0,0.0
herg_blockade,O=C(CCc1c[nH]c2ccccc12)NCc1ccccc1,1,0,0.0
herg_blockade,O=C(CCc1ccc(-c2cccc(-c3nc(=O)o[nH]3)c2)cc1)N1CCCC1,1,0,0.0
herg_blockade,O=C(CCc1ccc(-c2cccc(-n3cnnn3)c2)cc1)N1CCCC1,1,0,0.0
herg_blockade,O=C(CCc1ccc(-c2cccnc2)cc1)N1CCCC1,1,1,1.0
herg_blockade,O=C(CCc1ccc(C2=CN3N=CNC3C=C2)cc1)N1CCCC1,1,0,0.0
herg_blockade,O=C(CCc1ccc2c(c1)OCO2)N1CCCC1,1,0,0.0
herg_blockade,O=C(CCc1cccc(CN(C(=O)C2CNCCC23OCc2ccccc23)C2CC2)c1)N1CCOCC1,1,0,0.0
herg_blockade,O=C(CCc1ccccc1)N(Cc1ccccc1)Cc1nc(-c2ccccc2)c[nH]1,1,0,0.0
herg_blockade,O=C(CCc1ccccc1)N1CC2CC(NC3CCOCC3)CC2(C(=O)N2CCc3ncccc3C2)C1,1,0,0.0
herg_blockade,O=C(CCc1ccccc1)N1CCC(CNc2ncccn2)CC1,1,0,0.0
herg_blockade,O=C(CCc1ccccc1)N1CCc2ncncc2C1,1,1,1.0
herg_blockade,O=C(CCc1ccccc1)NCC(=O)NCCc1ccccc1,1,0,0.0
herg_blockade,O=C(CCc1ccccc1)NCC(=O)OCc1ccccc1,1,0,0.0
herg_blockade,O=C(CCc1ccccc1)NCCN(c1ccccc1)c1ccccc1,1,1,1.0
herg_blockade,O=C(CCc1ccccc1)NCCNc1ccccc1,1,1,1.0
herg_blockade,O=C(CCc1ccccc1)Nc1cc(-c2ccncc2)n[nH]1,1,0,0.0
herg_blockade,O=C(CCc1ccccc1)Nc1nc2ccccc2s1,1,0,0.0
herg_blockade,O=C(CCc1ccccc1)c1ccccc1OCCCN1CCC(c2ccccc2)CC1,1,1,1.0
herg_blockade,O=C(CCc1ccccc1)c1ccccc1OCCCN1CCN(C(c2ccccc2)(c2ccccc2)c2ccccc2)CC1,1,0,0.0
herg_blockade,O=C(CCc1ccccc1)c1ccccc1OCCCN1CCN(c2ccccc2)CC1,1,1,1.0
herg_blockade,O=C(CCc1cccnc1)NCc1ccc(C(=O)Nc2cccc(-c3ccccc3)c2)cc1,1,1,1.0
herg_blockade,O=C(CCc1cscn1)N1CCCC1,1,0,0.0
herg_blockade,O=C(CN(Cc1ccccc1)C(=O)c1ccccc1)NC1CCCCC1,1,0,0.0
herg_blockade,O=C(CN(Cc1ccccc1)c1ccccc1)N1CCC2(CC1)CNC2,1,0,0.0
herg_blockade,O=C(CN1C(=O)C2(CCCC2)OC1c1ccccc1)Nc1ccc2c(c1)CC1(C2)NC(=O)NC1=O,1,0,0.0
herg_blockade,O=C(CN1C(=O)C2(CCCCC2)OC1c1ccccc1)Nc1ccc2c(c1)CC1(C2)C(=O)Nc2ncccc21,1,0,0.0
herg_blockade,O=C(CN1C(=O)C2(CCOCC2)OC1c1ccccc1)Nc1cc2c(cn1)CC1(C2)C(=O)Nc2ncccc21,1,0,0.0
herg_blockade,O=C(CN1C(=O)C2(CCOCC2)OC1c1ccccc1)Nc1ccc2c(c1)CC1(C2)NC(=O)NC1=O,1,0,0.0
herg_blockade,O=C(CN1C(C(=O)c2ccccc2)=Cc2ccccc2S1(=O)=O)c1ccccc1,1,0,0.0
herg_blockade,O=C(CN1CC(NC(=O)Nc2ccccc2)N(c2ccccc2)C1=O)NN=CC=Cc1ccco1,1,0,0.0
herg_blockade,O=C(CN1CC2CCCC(C1)N2)c1n[nH]c2ccccc12,1,1,1.0
herg_blockade,O=C(CN1CCCC2=C1C(=O)N(C1CC1)C2=O)Nc1ccc(-c2cccnc2)nn1,1,0,0.0
herg_blockade,O=C(CN1CCCN(Cc2nc3ccccc3[nH]2)CC1)Nc1ccccc1,1,1,1.0
herg_blockade,O=C(CN1CCN(CCCC(c2ccccc2)c2ccccc2)CC1)Nc1ccccc1,1,1,1.0
herg_blockade,O=C(CN1CCN(Cc2ccn(-c3ccccn3)c2)CC1)NC(c1ccccc1)c1ccccc1,1,1,1.0
herg_blockade,O=C(CN1CCN(c2ccnc3[nH]c(-c4ccccc4)nc23)CC1)Nc1nccs1,1,0,0.0
herg_blockade,O=C(CN1CCNCC1)NC12CC3CC(CC(C3)C1)C2,1,0,0.0
herg_blockade,O=C(CN1CCNCC1)Nc1cc(-n2cccn2)nc(-c2ccco2)n1,1,1,1.0
herg_blockade,O=C(CN1CCNCC1)Nc1ccc(N=C(c2ccccc2)c2c[nH]c3ccccc23)cc1,1,0,0.0
herg_blockade,O=C(CN1CCNCC1)Nc1ccccc1,1,1,1.0
herg_blockade,O=C(CN1CCOCC1)Nc1ccc2c(c1)Cc1cccc(-c3cc(=O)cc(N4CCOCC4)o3)c1S2,1,0,0.0
herg_blockade,O=C(CN1Cc2c(-c3ccccc3)ccnc2C1=O)N1CCCC1,1,0,0.0
herg_blockade,O=C(CN1Cc2c(-c3ccccc3)ccnc2C1=O)N1CCCCC1,1,0,0.0
herg_blockade,O=C(CN1Cc2c(-c3ccccc3)ccnc2C1=O)N1CCOCC1,1,0,0.0
herg_blockade,O=C(CN1Cc2c(-c3ccccc3)ccnc2C1=O)NCc1cccnc1,1,0,0.0
herg_blockade,O=C(CN1Cc2c(-c3ccccc3)ccnc2C1=O)Nc1ccn[nH]1,1,0,0.0
herg_blockade,O=C(CN=C1NC(Cc2ccccc2)c2ccccc21)NC1CN(C2CCCCC2)C1,1,1,1.0
herg_blockade,O=C(CNC(=O)Cc1ccccc1)NCc1ccccc1,1,0,0.0
herg_blockade,O=C(CNC(=O)NCc1cscn1)NC(CCC(Cc1ccccc1)NC(=O)OCc1cncs1)Cc1ccccc1,1,1,1.0
herg_blockade,O=C(CNC(=O)c1ccc2ccccc2c1)NCc1ccccc1,1,0,0.0
herg_blockade,O=C(CNC(=O)c1ccccc1)NC1CCCCC1CCc1ccccc1,1,1,1.0
herg_blockade,O=C(CNC(=O)c1ccccc1)NC1CCCCC1COc1ccccc1,1,1,1.0
herg_blockade,O=C(CNC(=O)c1ccccc1)NC1CCCCC1CS(=O)(=O)c1ccccc1,1,0,0.0
herg_blockade,O=C(CNC(=O)c1ccccc1)NC1CN(C2CCC(c3c[nH]c4ccccc34)CC2)C1,1,1,1.0
herg_blockade,O=C(CNC(=O)c1ccccc1)NC1CN(C2CCC(c3cc[nH]n3)CC2)C1,1,0,0.0
herg_blockade,O=C(CNC(=O)c1ccccc1)NC1CN(C2CCC(c3ccc(OC4CCC4)nc3)CC2)C1,1,1,1.0
herg_blockade,O=C(CNC(=O)c1ccccc1)NC1CN(C2CCC(c3ccc4[nH]cnc4c3)CC2)C1,1,1,1.0
herg_blockade,O=C(CNC(=O)c1ccccc1)NC1CN(C2CCC(c3ccc4c(c3)OCC4)CC2)C1,1,0,0.0
herg_blockade,O=C(CNC(=O)c1ccccc1)NC1CN(C2CCC(c3ccc4nc[nH]c4c3)CC2)C1,1,1,1.0
herg_blockade,O=C(CNC(=O)c1ccccc1)NC1CN(C2CCC(c3cccs3)CC2)C1,1,0,0.0
herg_blockade,O=C(CNC(=O)c1ccccc1)NC1CN(C2CCC(c3ccns3)CC2)C1,1,0,0.0
herg_blockade,O=C(CNC(=O)c1ccccc1)NC1CN(C2CCC(c3nc4ccccc4s3)CC2)C1,1,1,1.0
herg_blockade,O=C(CNC(=O)c1ccccc1)NC1CN(C2CCC(c3ncc[nH]3)CC2)C1,1,0,0.0
herg_blockade,O=C(CNC(=O)c1ccccc1)NC1CN(C2CCC(c3ncco3)CC2)C1,1,0,0.0
herg_blockade,O=C(CNC(=O)c1ccccc1)NC1CN(C2CCC(c3nncs3)CC2)C1,1,0,0.0
herg_blockade,O=C(CNC(=O)c1ccccc1)NCB1OCCC(=O)O1,1,0,0.0
herg_blockade,O=C(CNC(=O)c1ccccc1)NCc1ccccc1,1,0,0.0
herg_blockade,O=C(CNC(=O)c1cncs1)NCC(=O)NC(Cc1ccccc1)C(=O)C1CO1,1,0,0.0
herg_blockade,O=C(CNC1CCN(c2ccccn2)CC1)N1CCCC1,1,0,0.0
herg_blockade,O=C(CNCC(=O)N1CCN(C(c2ccccc2)c2ccccc2)CC1)NCc1ccccc1,1,0,0.0
herg_blockade,O=C(CNCC1CCCC1)N1CCc2ccccc2C1C1CCCCC1,1,0,0.0
herg_blockade,O=C(CNCC1CCCCCC1)N1CCc2ccccc2C1C1CCCCC1,1,0,0.0
herg_blockade,O=C(CNS(=O)(=O)c1cccc2c1NCCC2)N1CCCCC1,1,0,0.0
herg_blockade,O=C(CNS(=O)(=O)c1ccccc1)N(Cc1ccc(C2CCCCC2)cc1)c1ccccc1,1,0,0.0
herg_blockade,O=C(CNc1ccccc1)N1CCCN(Cc2nc3ccccc3[nH]2)CC1,1,1,1.0
herg_blockade,O=C(CNc1ccccc1)NCC1CC1,1,0,0.0
herg_blockade,O=C(CNc1ccccc1)Nc1cccc(CN2CCNCC2)c1,1,0,0.0
herg_blockade,O=C(CNc1n[nH]c2ccccc12)NC1CN(C2CCC(c3cc[nH]n3)CC2)C1,1,1,1.0
herg_blockade,O=C(CNc1n[nH]c2ccccc12)NC1CN(C2CCC(c3ccn[nH]3)CC2)C1,1,0,0.0
herg_blockade,O=C(CNc1noc2ccccc12)NC1CN(C2CCC(c3cncs3)CC2)C1,1,1,1.0
herg_blockade,O=C(CNc1noc2ccccc12)NC1CN(C2CCC(c3nccs3)CC2)C1,1,1,1.0
herg_blockade,O=C(COS(=O)(=O)c1ccccc1)Nc1ccccc1,1,0,0.0
herg_blockade,O=C(COc1c(C(=O)NCc2ccccc2)ccc2ccccc12)Nc1ccccc1N1CCCC1=O,1,0,0.0
herg_blockade,O=C(COc1ccc(-n2cnc3cc(-c4ccccc4)sc3c2=O)cc1)N1CCCC1,1,0,0.0
herg_blockade,O=C(COc1ccc2c(-c3ccccc3)n[nH]c2n1)NCc1ccccc1,1,0,0.0
herg_blockade,O=C(COc1ccc2c(-c3ccccc3)n[nH]c2n1)NCc1cn[nH]c1,1,0,0.0
herg_blockade,O=C(COc1cccc2ncnc(Nc3ccc4c(cnn4Cc4nccs4)c3)c12)N1CCOCC1,1,0,0.0
herg_blockade,O=C(COc1ccccc1)NCCCc1ccccc1,1,0,0.0
herg_blockade,O=C(COc1ccccc1)Nc1cc(-n2cccn2)nc(-c2ccco2)n1,1,1,1.0
herg_blockade,O=C(COc1ccccc1)Nc1ccc2nc(N3CCC(N4CCCC4)CC3)ccc2c1,1,1,1.0
herg_blockade,O=C(COc1ccccc1)Nc1ccc2nc(N3CCC(N4CCCC4)CC3)ncc2c1,1,1,1.0
herg_blockade,O=C(COc1ccccc1)Nc1ccc2nc(N3CCC(N4CCCC4=O)CC3)ccc2c1,1,1,1.0
herg_blockade,O=C(COc1ccccc1)Nc1ccc2nc(N3CCC(N4CCCC4=O)CC3)ncc2c1,1,1,1.0
herg_blockade,O=C(COc1ccccc1CCN1CCOCC1)Nc1cc(-n2cccn2)nc(-c2ccco2)n1,1,1,1.0
herg_blockade,O=C(CSc1nc2c(c(=O)n1-c1ccccc1)SCC2)Nc1nc2ccccc2s1,1,0,0.0
herg_blockade,O=C(CSc1nnc(N2CCOCC2)n1-c1ccccc1)NCc1cccc(NC(=O)C2CC2)c1,1,0,0.0
herg_blockade,O=C(C[N+]1CC[N+](CCCC(c2ccccc2)c2ccccc2)CC1)Nc1ccccc1,1,1,1.0
herg_blockade,O=C(C[N+]1CC[N+](CCCOc2ccccc2)CC1)Nc1ccccc1,1,0,0.0
herg_blockade,O=C(Cc1cc(Nc2ncnc3ccccc23)n[nH]1)Nc1ccccc1,1,0,0.0
herg_blockade,O=C(Cc1ccc(-c2ccc(OCCN3CCOCC3)cc2)cn1)NCc1ccccc1,1,0,0.0
herg_blockade,O=C(Cc1ccc(-c2ccncc2)cc1)Nc1ccc(-c2cccnc2)cc1,1,0,0.0
herg_blockade,O=C(Cc1ccc(-c2ccncc2)nc1)Nc1ccc(-c2cnccn2)cn1,1,0,0.0
herg_blockade,O=C(Cc1ccc(-c2cnccn2)cc1)NCc1ccccn1,1,0,0.0
herg_blockade,O=C(Cc1ccc(-c2cnco2)cc1)NCc1ccccn1,1,0,0.0
herg_blockade,O=C(Cc1ccc(-c2cnn3ncccc23)cc1)NCc1ccccn1,1,0,0.0
herg_blockade,O=C(Cc1ccc(-n2cnnn2)cc1)N1CCN(CCc2ccc3c(c2)COC3)CC1,1,1,1.0
herg_blockade,O=C(Cc1ccc(-n2cnnn2)cc1)N1CCN(CCc2ccc3nonc3c2)CC1,1,1,1.0
herg_blockade,O=C(Cc1ccc(-n2cnnn2)cc1)NC1CCN(Cc2ccc(-c3ncon3)cc2)CC1,1,1,1.0
herg_blockade,O=C(Cc1ccc(-n2cnnn2)cc1)NC1CCN(Cc2ccccn2)CC1,1,1,1.0
herg_blockade,O=C(Cc1ccc(-n2cnnn2)cc1)NC1CCN(Cc2nc3c(s2)CCCC3)CC1,1,1,1.0
herg_blockade,O=C(Cc1ccc(-n2cnnn2)nn1)N1CCN2CC(c3ccccc3)OCC2C1,1,0,0.0
herg_blockade,O=C(Cc1ccc(N2CCCC2)cc1)NCc1ccccn1,1,0,0.0
herg_blockade,O=C(Cc1ccc(Nc2nccc(-c3cnc4ccccn34)n2)cc1)N1CCOCC1,1,1,1.0
herg_blockade,O=C(Cc1ccc(OCCC2CC2C2CCN(c3ncccn3)CC2)cc1)N1CCCCC1,1,1,1.0
herg_blockade,O=C(Cc1ccc(OCCC2CC2C2CCN(c3ncccn3)CC2)cc1)NC1CC1,1,0,0.0
herg_blockade,O=C(Cc1ccc(OCCC2CC2C2CCN(c3ncccn3)CC2)nc1)N1CCC1,1,1,1.0
herg_blockade,O=C(Cc1ccc(OCCC2CC2C2CCN(c3ncno3)CC2)cc1)N1CCC1,1,1,1.0
herg_blockade,O=C(Cc1ccc(OCc2ccccc2)cc1)NCCCC[NH2+]CCNC(=O)c1cnccn1,1,1,1.0
herg_blockade,O=C(Cc1ccc(Oc2ccnc3ccccc23)cc1)Nc1cn[nH]c1,1,0,0.0
herg_blockade,O=C(Cc1ccc(Oc2ccnc3ccccc23)cn1)Nc1cc[nH]n1,1,0,0.0
herg_blockade,O=C(Cc1ccc(Oc2ncnc3ccccc23)cc1)Nc1cn[nH]c1,1,0,0.0
herg_blockade,O=C(Cc1cccc(CCNCCc2ccccc2)c1)NCc1cccc(-c2ccccc2)c1,1,0,0.0
herg_blockade,O=C(Cc1ccccc1)N1CCC(CCNc2ncccn2)CC1,1,1,1.0
herg_blockade,O=C(Cc1ccccc1)N1CCC2(CC1)CN(C1CCc3cc(-c4ccncn4)ccc31)C2,1,0,0.0
herg_blockade,O=C(Cc1ccccc1)N1CCC2(CC1)CN(C1CCc3cc(-c4ncccn4)ccc31)C2,1,1,1.0
herg_blockade,O=C(Cc1ccccc1)N1CCN(C(=O)c2cccc(S(=O)(=O)Nc3ccccc3)c2)CC1,1,1,1.0
herg_blockade,O=C(Cc1ccccc1)N1CCN(CCc2ccccc2)CC1,1,1,1.0
herg_blockade,O=C(Cc1ccccc1)N1CCN(c2ncnc3c2CCC3)CC1,1,0,0.0
herg_blockade,O=C(Cc1ccccc1)NC(=S)Nc1ccc(Oc2ccnc3cc(-c4c[nH]cn4)sc23)cc1,1,0,0.0
herg_blockade,O=C(Cc1ccccc1)NC(CN1CCCC1)c1ccccc1,1,1,1.0
herg_blockade,O=C(Cc1ccccc1)NC1(c2ccccc2)CCC(N2CCC(Cc3ccccc3)CC2)CC1,1,1,1.0
herg_blockade,O=C(Cc1ccccc1)NC1(c2ccccc2)CCC(N2CCN(c3ccccc3)C(=O)C2)CC1,1,1,1.0
herg_blockade,O=C(Cc1ccccc1)NC1(c2ccccc2)CCCCC1,1,1,1.0
herg_blockade,O=C(Cc1ccccc1)NC1CCN(CCC(NC(=O)C2CCC2)c2ccccc2)CC1,1,1,1.0
herg_blockade,O=C(Cc1ccccc1)NC1CCN(CCC(c2ccccc2)c2ccccc2)CC1,1,1,1.0
herg_blockade,O=C(Cc1ccccc1)NC1CCN(CCCN2C(=O)COc3ccccc32)CC1,1,0,0.0
herg_blockade,O=C(Cc1ccccc1)NC1CCN(Cc2nc3ccccc3s2)CC1,1,0,0.0
herg_blockade,O=C(Cc1ccccc1)NCC1CCNCC1,1,1,1.0
herg_blockade,O=C(Cc1ccccc1)NCCCN1CCCC1,1,1,1.0
herg_blockade,O=C(Cc1ccccc1)NCCN(c1ccccc1)c1ccccc1,1,1,1.0
herg_blockade,O=C(Cc1ccccc1)NCCN1CCCC1,1,1,1.0
herg_blockade,O=C(Cc1ccccc1)NCNC=Nc1cccc2ccccc12,1,0,0.0
herg_blockade,O=C(Cc1ccccc1)NCc1ccccc1-c1ccccc1C(=O)NCc1ccccc1,1,0,0.0
herg_blockade,O=C(Cc1ccccc1)NCc1ccccc1N1CCCCC1,1,0,0.0
herg_blockade,O=C(Cc1ccccc1)NS(=O)(=O)Oc1ccccc1,1,0,0.0
herg_blockade,O=C(Cc1ccccc1)NS(=O)(=O)c1ccccc1,1,0,0.0
herg_blockade,O=C(Cc1ccccc1)Nc1cc(-n2cccn2)nc(-c2ccccn2)n1,1,1,1.0
herg_blockade,O=C(Cc1ccccc1)Nc1cc(-n2cccn2)nc(-c2ccco2)n1,1,1,1.0
herg_blockade,O=C(Cc1ccccc1)Nc1ccc(N2CCN(C(=O)c3ccccn3)CC2)cc1,1,0,0.0
herg_blockade,O=C(Cc1ccccc1)Nc1ccccc1,1,0,0.0
herg_blockade,O=C(Cc1ccccc1)Nc1nccs1,1,0,0.0
herg_blockade,O=C(Cc1ccccc1)OC1CC2CCC(C1)[NH+]2,1,1,1.0
herg_blockade,O=C(Cc1ccccc1)OC1CC2NC(C1)C1OC21,1,0,0.0
herg_blockade,O=C(Cc1ccccc1)OC1CCCC1,1,0,0.0
herg_blockade,O=C(Cc1cn2ccsc2n1)N1CCC2(CC1)CN(C1CCc3cc(-c4ccncn4)ccc31)C2,1,1,1.0
herg_blockade,O=C(Cc1cnc(Nc2ncnc3cc(OCCCN4CCCCC4)ccc23)s1)Nc1ccccc1,1,0,0.0
herg_blockade,O=C(Cc1conc1-c1ccccc1)NCc1cccnc1,1,0,0.0
herg_blockade,O=C(Cc1nnn[nH]1)N1CCC(CCN2C3CCC2CC(n2cnc4ccccc42)C3)(c2ccccc2)CC1,1,0,0.0
herg_blockade,O=C(Cc1nnn[nH]1)c1cccc(C(=O)N2CCC(CCN3C4CCC3CC(n3cnc5ccccc53)C4)(c3ccccc3)CC2)c1,1,0,0.0
herg_blockade,O=C(Cn1c(=O)[nH]c2cc(N3CCCNCC3)[nH]c2c1=O)c1ccccc1,1,1,1.0
herg_blockade,O=C(Cn1cc(-c2ccc(-n3ccnc3)cc2)nn1)N(C1CCCCC1)C1CCCCC1,1,1,1.0
herg_blockade,O=C(Cn1cc(-c2ccc(-n3ccnc3)cc2)nn1)N(Cc1ccccc1)C1C2CC3CC(C2)CC1C3,1,1,1.0
herg_blockade,O=C(Cn1cc(-c2ccc(-n3ccnc3)cc2)nn1)N(c1ccccc1)C1CCCCC1,1,1,1.0
herg_blockade,O=C(Cn1cc(-c2ccc(-n3ccnc3)cc2)nn1)N(c1ccccc1)c1ccccc1,1,1,1.0
herg_blockade,O=C(Cn1cc(-c2ccc(-n3ccnc3)cc2)nn1)N1CCC(c2nc3ccccc3o2)CC1,1,0,0.0
herg_blockade,O=C(Cn1cc(-c2ccc(-n3ccnc3)cc2)nn1)NC1C2CC3CC(C2)CC1C3,1,1,1.0
herg_blockade,O=C(Cn1cc(-c2ccc(-n3ccnc3)cc2)nn1)NCc1ccccc1,1,1,1.0
herg_blockade,O=C(Cn1cc(-c2ccc(-n3ccnc3)cc2)nn1)Nc1ccc2c(c1)CCC2,1,1,1.0
herg_blockade,O=C(Cn1cc(-c2ccc(-n3ccnc3)cc2)nn1)Nc1ccc2ccccc2c1,1,1,1.0
herg_blockade,O=C(Cn1cc(-c2ccc(-n3ccnc3)nc2)nn1)Nc1ccccc1,1,1,1.0
herg_blockade,O=C(Cn1ccc2ccccc2c1=O)Nc1ccc2c(c1)OCCO2,1,0,0.0
herg_blockade,O=C(Cn1ccccc1=O)Nc1ccc(CC2CCC(Cc3ccccc3)N2)cc1,1,0,0.0
herg_blockade,O=C(Cn1cccn1)C1CCC2C1CCC1C3CCCCC3CCC12,1,0,0.0
herg_blockade,O=C(Cn1cccn1)N1CCN(c2ccccc2)CC1,1,0,0.0
herg_blockade,O=C(Cn1cccnc1=O)Nc1ccc(CC2CCC(Cc3ccccc3)N2)cc1,1,0,0.0
herg_blockade,O=C(Cn1cnc2ccccc2c1=O)Nc1ccc(CC2CCC(Cc3ccccc3)N2)cc1,1,1,1.0
herg_blockade,O=C(Cn1cnccc1=O)Nc1ccc(CC2CCC(Cc3ccccc3)N2)cc1,1,0,0.0
herg_blockade,O=C(Cn1ncc(OCc2ccccc2)cc1=O)c1ccccc1,1,1,1.0
herg_blockade,O=C(Cn1ncccc1=O)Nc1ccc(CC2CCC(Cc3cccnc3)N2)cc1,1,0,0.0
herg_blockade,O=C(N1CC=C(c2ccccc2)CC1)N1CCNCC1,1,0,0.0
herg_blockade,O=C(N1CCCN(C2CCC2)CC1)N1CCC2(CCCN(C3CCOCC3)C2)C1,1,0,0.0
herg_blockade,O=C(N1CCCN(C2CCC2)CC1)N1CCC2(CCCN(S(=O)(=O)c3ccccc3)C2)C1,1,0,0.0
herg_blockade,O=C(N1CCCN(C2CCC2)CC1)N1CCC2(CCN(S(=O)(=O)c3ccccc3)CC2)C1,1,0,0.0
herg_blockade,O=C(N1CCCN(C2CCC2)CC1)N1CCC2(CCNCC2)C1,1,0,0.0
herg_blockade,O=C(N1CCN(C2CC2)CC1)N1Cc2ccccc2C1,1,0,0.0
herg_blockade,O=C(N1CCN(C2CCCC2)CC1)N1Cc2ccccc2C1,1,0,0.0
herg_blockade,O=C(N1CCNCC1)C1(c2ccccc2)CCN(c2ccccn2)CC1,1,1,1.0
herg_blockade,O=C(N1CCNCC1)N1CCC(Cc2ccccc2)CC1,1,0,0.0
herg_blockade,O=C(N1CCNCC1)N1CCC(c2ccccc2)CC1,1,0,0.0
herg_blockade,O=C(N1CCNCC1)N1CCC2(CCCN(C3CCOCC3)C2)C1,1,0,0.0
herg_blockade,O=C(N1CCNCC1)N1CCC2(CCN(C3CCOCC3)CC2)C1,1,0,0.0
herg_blockade,O=C(N1CCNCC1)N1Cc2ccccc2C1,1,0,0.0
herg_blockade,O=C(N1CCOCC1)N1CCN(c2cnc3cccc(NCc4ccccc4)c3c2)CC1,1,1,1.0
herg_blockade,O=C(N1CCOCC1)N1CCc2nc(-c3ccc(OC4CC(N5CCCCC5)C4)cc3)sc2C1,1,1,1.0
herg_blockade,O=C(N1CCc2ccccc2C1)C1(c2ccccc2)CCN(c2ccccn2)CC1,1,1,1.0
herg_blockade,O=C(N1CCc2ncccc2C1)C12CC(NC3CCOCC3)CC1CN(C1CC1)C2,1,0,0.0
herg_blockade,O=C(N1CCc2ncccc2C1)C12CC(NC3CCOCC3)CC1CN(C1COC1)C2,1,0,0.0
herg_blockade,O=C(N1CCc2ncccc2C1)C12CC(NC3CCOCC3)CC1CN(c1ccccc1)C2,1,0,0.0
herg_blockade,O=C(N1CCc2ncccc2C1)C12CC(NC3CCOCC3)CC1CN(c1ncccn1)C2,1,0,0.0
herg_blockade,O=C(N1CCc2ncccc2C1)C12CC(NC3CCOCC3)CC1CN(c1nccs1)C2,1,0,0.0
herg_blockade,O=C(N1CCc2ncccc2C1)C12CCCC1CC(NC1CCCC1)C2,1,0,0.0
herg_blockade,O=C(N1CCc2ncccc2C1)C12CCCC1CC(NC1CCCCC1)C2,1,0,0.0
herg_blockade,O=C(N1CCc2ncccc2C1)C12CCCC1CC(NC1CCCCCC1)C2,1,0,0.0
herg_blockade,O=C(N1CCc2ncccc2C1)C12CCCC1CC(NC1CCS(=O)(=O)CC1)C2,1,0,0.0
herg_blockade,O=C(N1CCc2ncccc2C1)C12CCCC1CC(NC1CCSCC1)C2,1,0,0.0
herg_blockade,O=C(N1CCc2ncccc2C1)C12CCCC1CC(NCC1CCOCC1)C2,1,0,0.0
herg_blockade,O=C(N1CCc2ncccc2C1)C12CCCC1CCC2,1,0,0.0
herg_blockade,O=C(N1Cc2ccccc2C1)N1CCCC1CN1CCCC1,1,0,0.0
herg_blockade,O=C(N=[SH](=O)c1ccc(CCNC(=O)N2CC=CC2=O)cc1)NC1CCCCC1,1,0,0.0
herg_blockade,O=C(N=[SH](=O)c1ccc(CCNC(=O)c2ccccc2)cc1)NC1CCCCC1,1,0,0.0
herg_blockade,O=C(N=c1nc2cc(OCCCN3CCOCC3)ccc2c2n1CCN2)c1cncnc1,1,0,0.0
herg_blockade,O=C(N=c1nc2ccccc2c2n1CCN2)c1cccnc1,1,0,0.0
herg_blockade,O=C(NC(=O)c1ccccc1)Nc1ccc2c(c1)NC(=O)C2=Cc1cc(C(=O)NCCN2CCCC2)c[nH]1,1,1,1.0
herg_blockade,O=C(NC(=O)c1cccnc1)Nc1ccc(-c2ccccc2)cc1,1,0,0.0
herg_blockade,O=C(NC(=S)Nc1cc2c(s1)COCC2)c1ccccc1,1,0,0.0
herg_blockade,O=C(NC(CCCN1CCCC1)c1ccccc1)C1CCCN(c2ncnc3[nH]ccc23)C1,1,0,0.0
herg_blockade,O=C(NC(CCCN1CCCC1)c1ccccc1)C1CCN(c2ncnc3[nH]ccc23)CC1,1,0,0.0
herg_blockade,O=C(NC(CCCN1CCCCC1)c1ccccc1)C1CCCN(c2ncnc3[nH]ccc23)C1,1,0,0.0
herg_blockade,O=C(NC(CCCN1CCCCC1)c1ccccc1)C1CCN(c2ncnc3[nH]ccc23)CC1,1,0,0.0
herg_blockade,O=C(NC(CCCN1CCOCC1)c1ccccc1)C1CCCN(c2ncnc3[nH]ccc23)C1,1,0,0.0
herg_blockade,O=C(NC(CCCN1CCOCC1)c1ccccc1)C1CCN(c2ncnc3[nH]ccc23)CC1,1,0,0.0
herg_blockade,O=C(NC(CCN1C2CCC1CC(n1cnc3ccncc31)C2)c1ccccc1)C1CCS(=O)(=O)CC1,1,0,0.0
herg_blockade,O=C(NC(CCN1C2CCC1CC(n1cnc3ccncc31)C2)c1ccccc1)C1CC[SH+]CC1,1,0,0.0
herg_blockade,O=C(NC(CCN1C2CCC1CC(n1cnc3ccncc31)C2)c1ccccc1)c1cc[nH+]cc1,1,1,1.0
herg_blockade,O=C(NC(CCN1CCC(c2noc(Cc3ccccc3)n2)CC1)c1ccccc1)C1CCC1,1,1,1.0
herg_blockade,O=C(NC(CCN1CCC(n2cnc(Cc3ccccc3)n2)CC1)c1ccccc1)C1CCC1,1,1,1.0
herg_blockade,O=C(NC(CCN1CCCC1)c1ccccc1)C1CCCN(c2ncnc3[nH]ccc23)C1,1,0,0.0
herg_blockade,O=C(NC(CCN1CCCC1)c1ccccc1)C1CCN(c2ncnc3[nH]ccc23)CC1,1,0,0.0
herg_blockade,O=C(NC(CCN1CCCCC1)c1ccccc1)C1CCCN(c2ncnc3[nH]ccc23)C1,1,0,0.0
herg_blockade,O=C(NC(CCN1CCCCC1)c1ccccc1)C1CCN(c2ncnc3[nH]ccc23)CC1,1,0,0.0
herg_blockade,O=C(NC(CCNS(=O)(=O)c1ccccc1)Cc1ccccc1)OC1COC2OCCC12,1,0,0.0
herg_blockade,O=C(NC(COc1ccc2[nH]c(=O)[nH]c2c1)c1ccccc1)c1cccn(Cc2ccccc2)c1=O,1,0,0.0
herg_blockade,O=C(NC(Cc1ccc2[nH]ncc2c1)C(=O)N1CCC(N2CCCCC2)CC1)N1CCC(N2Cc3ccccc3NC2=O)CC1,1,1,1.0
herg_blockade,O=C(NC(Cc1ccccc1)CC1CC(Oc2ccccc2)CN1)c1cccc(C(=O)N2CCCC2)c1,1,1,1.0
herg_blockade,O=C(NC(Cc1ccccc1)c1ccccc1)C1CCN(c2ncnc3[nH]ccc23)CC1,1,1,1.0
herg_blockade,O=C(NC(Cc1ccccc1)c1cccnc1)c1ccccc1NS(=O)(=O)c1ccccc1,1,1,1.0
herg_blockade,O=C(NC(c1ccccc1)C1CC1)C1CCCN(c2ncnc3[nH]ccc23)C1,1,1,1.0
herg_blockade,O=C(NC(c1ccccc1)C1CC1)C1CCN(c2ncnc3[nH]ccc23)CC1,1,1,1.0
herg_blockade,O=C(NC(c1ccccc1)C1CC1)c1cc(C(=O)N2CCCC2)n2c1COCC2,1,0,0.0
herg_blockade,O=C(NC(c1ccccc1)c1ccccc1)C1CCC2CCNCCC(=O)N21,1,0,0.0
herg_blockade,O=C(NC(c1ccccc1)c1ccccc1)C1CCCCC1c1ccccc1,1,1,1.0
herg_blockade,O=C(NC(c1ccccc1)c1ccccc1)C1CCCN(c2ncnc3[nH]ccc23)C1,1,1,1.0
herg_blockade,O=C(NC(c1ccccc1)c1ccccc1)C1CCN(c2ncnc3[nH]ccc23)CC1,1,1,1.0
herg_blockade,O=C(NC(c1ccccc1)c1ccccc1)NS(=O)(=O)c1ccc(OCCCN2CCCCC2)cc1,1,0,0.0
herg_blockade,O=C(NC(c1ccccc1)c1ccccn1)C1CCC(N2CCOCC2)CC1c1ccccc1,1,1,1.0
herg_blockade,O=C(NC(c1ccccc1)c1cnccn1)C1CCC(N2CCOCC2)CC1c1ccccc1,1,1,1.0
herg_blockade,O=C(NC(c1ccccc1)c1ncccn1)C1CCC(N2CCOCC2)CC1c1ccccc1,1,1,1.0
herg_blockade,O=C(NC1(C(=O)Nc2ccccn2)CCC1)c1ccc2c(C3CCCC3)c(-c3ccccn3)[nH]c2c1,1,1,1.0
herg_blockade,O=C(NC1(C(=O)Nc2ccccn2)CCC1)c1ccc2c(c1)cc(-c1ccccn1)n2C1CCCCC1,1,1,1.0
herg_blockade,O=C(NC1(c2ccccc2)CCN(c2ccccn2)CC1)C1CCCO1,1,0,0.0
herg_blockade,O=C(NC1(c2ccccc2)CCN(c2ccccn2)CC1)c1ccccn1,1,1,1.0
herg_blockade,O=C(NC1(c2ccccn2)CC1)c1cccc(-c2ccc3oc(-c4ccccc4)cc3c2)c1,1,1,1.0
herg_blockade,O=C(NC1(c2ncon2)CC1)c1cc(-c2ccccc2)n(-c2ccccc2)n1,1,0,0.0
herg_blockade,O=C(NC12CC3CC(CC(C3)C1)C2)c1ccc(N2CC3CC3C2)nc1,1,0,0.0
herg_blockade,O=C(NC1C2CC3CC(C2)CC1C3)N1CCN(c2ccc(N3CCNCC3)cn2)c2ccccc21,1,0,0.0
herg_blockade,O=C(NC1C2CC3CC(C2)CC1C3)c1cnn(-c2ccccc2)c1,1,0,0.0
herg_blockade,O=C(NC1C2CCC1N(c1nccc3cnoc13)C2)c1ccc(-n2cncn2)cc1,1,0,0.0
herg_blockade,O=C(NC1C2CCN(CC2)C1Cc1cccnc1)c1cc2ccccc2o1,1,0,0.0
herg_blockade,O=C(NC1CC1)C1(c2cccs2)CC1,1,0,0.0
herg_blockade,O=C(NC1CC1)C1CCCCC1C(=O)N1CCN(c2ccccc2)CC1,1,0,0.0
herg_blockade,O=C(NC1CC1)C1CCCCC1C(=O)N1CCN(c2nc(-c3ccccc3)cs2)CC1,1,0,0.0
herg_blockade,O=C(NC1CC1)C1CCCCC1C(=O)N1CCN(c2nc(C3CC3)cs2)CC1,1,0,0.0
herg_blockade,O=C(NC1CC1)C1CCCCC1C(=O)N1CCN(c2nc3cccnc3s2)CC1,1,0,0.0
herg_blockade,O=C(NC1CC1)C1CCCCC1C(=O)N1CCN(c2nc3ccncc3s2)CC1,1,0,0.0
herg_blockade,O=C(NC1CC1)C1CCCCC1C(=O)N1CCN(c2nc3cnccc3s2)CC1,1,0,0.0
herg_blockade,O=C(NC1CC1)C1CCCCC1C(=O)N1CCN(c2nc3ncccc3s2)CC1,1,0,0.0
herg_blockade,O=C(NC1CC1)c1ccc(-c2ccc3c(c2)CCN(CCN2CCCC2)C3=O)cc1,1,0,0.0
herg_blockade,O=C(NC1CC1)c1ccc(Nc2nccc(-c3cnc[nH]3)n2)cc1,1,1,1.0
herg_blockade,O=C(NC1CC1)c1ccc(OCC2CC2C2CCN(c3ncccn3)CC2)cc1,1,1,1.0
herg_blockade,O=C(NC1CC1)c1ccc(OCCCC2CC2CCCC2CCN(c3ncccn3)CC2)cc1,1,0,0.0
herg_blockade,O=C(NC1CC1)c1cccc(-c2cc3cnn(-c4ccccc4)c3[nH]c2=O)c1,1,0,0.0
herg_blockade,O=C(NC1CC1)c1cccc(-c2ccc3c(NC(=O)C4CC4)n[nH]c3c2)c1,1,0,0.0
herg_blockade,O=C(NC1CC1)c1cccc(-n2cnc3ccc(N4CCNCC4)cc3c2=O)c1,1,0,0.0
herg_blockade,O=C(NC1CC1)c1cccc(NCc2cnc(Nc3ccccn3)s2)c1,1,0,0.0
herg_blockade,O=C(NC1CC1)c1cn(-c2cccc(-c3ccc[nH+]c3)c2)c2ncccc2c1=O,1,0,0.0
herg_blockade,O=C(NC1CC1)c1cn(-c2cccc(-c3ccncc3)c2)c2ncccc2c1=O,1,0,0.0
herg_blockade,O=C(NC1CC1)c1cn(-c2cccc(C#Cc3cccnc3)c2)c2ncccc2c1=O,1,0,0.0
herg_blockade,O=C(NC1CC1)c1ncn2c1COc1c(CCN3CCN(c4cccc5ncccc45)CC3)cccc1-2,1,1,1.0
herg_blockade,O=C(NC1CC1c1ccccc1)N1CCC(c2c[nH]nn2)CC1,1,0,0.0
herg_blockade,O=C(NC1CC1c1ccccc1)N1CCC(c2cc(=O)[nH]o2)CC1,1,0,0.0
herg_blockade,O=C(NC1CC1c1ccccc1)N1CCC(c2nc(-c3ccc4ccccc4n3)no2)CC1,1,1,1.0
herg_blockade,O=C(NC1CC1c1ccccc1)N1CCC(c2nc(-c3cccnc3)no2)CC1,1,1,1.0
herg_blockade,O=C(NC1CC1c1ccccc1)N1CCC(c2nc(-c3cnccn3)no2)CC1,1,0,0.0
herg_blockade,O=C(NC1CC1c1ccccc1)N1CCC(c2nc(-c3nccc4ccccc34)no2)CC1,1,1,1.0
herg_blockade,O=C(NC1CC1c1ccccc1)N1CCC(c2nc(-c3ncccn3)no2)CC1,1,0,0.0
herg_blockade,O=C(NC1CC1c1ccccc1)N1CCC(c2nc3ccccc3o2)CC1,1,1,1.0
herg_blockade,O=C(NC1CC1c1ccccc1)N1CCC(c2ncno2)CC1,1,0,0.0
herg_blockade,O=C(NC1CC1c1ccccc1)N1CCC(c2ncon2)CC1,1,0,0.0
herg_blockade,O=C(NC1CC1c1ccccc1)N1CCC(c2nnc[nH]2)CC1,1,0,0.0
herg_blockade,O=C(NC1CC1c1ccccc1)N1CCC(c2nnco2)CC1,1,0,0.0
herg_blockade,O=C(NC1CC1c1ccccc1)N1CCC(n2cccn2)CC1,1,0,0.0
herg_blockade,O=C(NC1CC1c1ccccc1)N1CCC(n2ccnn2)CC1,1,0,0.0
herg_blockade,O=C(NC1CC1c1ccccc1)N1CCC(n2cncn2)CC1,1,0,0.0
herg_blockade,O=C(NC1CC2CCCC2(C(=O)N2CCc3ncccc3C2)C1)C1CCOCC1,1,0,0.0
herg_blockade,O=C(NC1CC2CCN(C2)C1)c1cc2ccoc2cn1,1,1,1.0
herg_blockade,O=C(NC1CC2OC(C1)n1c3ccccc3c3c4c(c5c6ccccc6n2c5c31)CNC4=O)c1ccccc1,1,0,0.0
herg_blockade,O=C(NC1CCC(CCCOc2ccccc2)CC1)c1ccccc1,1,1,1.0
herg_blockade,O=C(NC1CCC(CCN2CCN(c3nsc4ccccc34)CC2)CC1)c1ccco1,1,1,1.0
herg_blockade,O=C(NC1CCC(CCN2CCc3ccccc3C2)CC1)c1ccnc2ccccc12,1,1,1.0
herg_blockade,O=C(NC1CCC(NC(=O)c2cccnc2Oc2cccc(-c3ccccc3CN3CCOCC3)c2)CC1)c1cc[nH]n1,1,0,0.0
herg_blockade,O=C(NC1CCC(c2ccccc2)Cn2c(C3CC3)cnc21)N1CCC2(CC1)C(=O)Nc1ncccc12,1,1,1.0
herg_blockade,O=C(NC1CCC(c2ccccc2)Cn2cnnc21)N1CCC2(CC1)C(=O)Nc1ncccc12,1,0,0.0
herg_blockade,O=C(NC1CCC1)c1ccc(-c2ccc3c(c2)CCN(CCN2CCCC2)C3=O)cc1,1,1,1.0
herg_blockade,O=C(NC1CCC1)c1ncn2c1COc1c(CCN3CCN(c4cccc5ncccc45)CC3)cccc1-2,1,1,1.0
herg_blockade,O=C(NC1CCCC1)C(c1ccccc1)N(C(=O)Cn1cnc2ccccc21)c1ccccc1,1,0,0.0
herg_blockade,O=C(NC1CCCC1)c1ccc(-c2ccc3c(c2)CCN(CCN2CCCC2)C3=O)cc1,1,1,1.0
herg_blockade,O=C(NC1CCCC1)c1ncn2c1COc1c(CCN3CCN(c4cccc5ncccc45)CC3)cccc1-2,1,1,1.0
herg_blockade,O=C(NC1CCCCC1)C1CCCN(c2cc(-c3ccc4cn[nH]c4c3)ncn2)C1,1,0,0.0
herg_blockade,O=C(NC1CCCCC1)NS(=O)(=O)c1ccc(CCNC(=O)C2CC=CC2=O)cc1,1,0,0.0
herg_blockade,O=C(NC1CCCCC1)NS(=O)(=O)c1ccc(CCNC(=O)c2ccccc2)cc1,1,0,0.0
herg_blockade,O=C(NC1CCCCC1)NS(=O)(=O)c1ccc(OCCCCN2CCCC2)cc1,1,0,0.0
herg_blockade,O=C(NC1CCCCC1)NS(=O)(=O)c1ccc(OCCCCN2CCCCC2)cc1,1,0,0.0
herg_blockade,O=C(NC1CCCCC1)NS(=O)(=O)c1ccc(OCCCN2CCCC2)cc1,1,0,0.0
herg_blockade,O=C(NC1CCCCC1)NS(=O)(=O)c1ccc(OCCN2CCCC2)cc1,1,0,0.0
herg_blockade,O=C(NC1CCCCC1)NS(=O)(=O)c1ccc(OCCN2CCCCC2)cc1,1,0,0.0
herg_blockade,O=C(NC1CCCCC1)c1cc(-c2ccccc2)on1,1,1,1.0
herg_blockade,O=C(NC1CCCCC1)c1cc(CN2CCC(c3ccccc3)CC2)c2ccccn2c1=O,1,1,1.0
herg_blockade,O=C(NC1CCCCC1)c1cc(CN2CCC(c3ccccn3)CC2)c2ccccn2c1=O,1,0,0.0
herg_blockade,O=C(NC1CCCCC1)c1cc(CN2CCN(c3cc4ccccc4cn3)CC2)c2ccccn2c1=O,1,1,1.0
herg_blockade,O=C(NC1CCCCC1)c1cc(CN2CCN(c3cc4scnc4cn3)CC2)c2ccccn2c1=O,1,0,0.0
herg_blockade,O=C(NC1CCCCC1)c1cc(CN2CCN(c3ccccc3)CC2)c2ccccn2c1=O,1,1,1.0
herg_blockade,O=C(NC1CCCCC1)c1cc(CN2CCN(c3ccccn3)CC2)c2ccccn2c1=O,1,0,0.0
herg_blockade,O=C(NC1CCCCC1)c1cc2ccccc2[nH]1,1,0,0.0
herg_blockade,O=C(NC1CCCCC1)c1ccc(N2CCCCC2)nc1,1,0,0.0
herg_blockade,O=C(NC1CCCCC1)c1noc(-c2ccccc2)c1CNCC1CC1,1,1,1.0
herg_blockade,O=C(NC1CCCCC1)c1noc(-c2ccccc2)c1CNCC1CCC1,1,1,1.0
herg_blockade,O=C(NC1CCCCC1NCc1cccc2ccccc12)c1ccccc1,1,1,1.0
herg_blockade,O=C(NC1CCCNC1)c1ccccc1,1,1,1.0
herg_blockade,O=C(NC1CCN(C(=O)N2CCNCC2)CC1)C1CCCC1,1,0,0.0
herg_blockade,O=C(NC1CCN(C(=O)c2coc3ccccc23)C1)c1ccn[nH]1,1,0,0.0
herg_blockade,O=C(NC1CCN(C2CC2)CC1)N1CC(c2ccccc2)=CC1c1ccccc1,1,0,0.0
herg_blockade,O=C(NC1CCN(C2CCCCC2)C1=O)c1cccc(-c2ccccc2)c1,1,0,0.0
herg_blockade,O=C(NC1CCN(C2CCc3c2ccc2c3OCO2)CC1)c1cc(=O)c2ccccc2o1,1,1,1.0
herg_blockade,O=C(NC1CCN(C2CCc3cc4[nH]c(=O)oc4cc32)CC1)c1cc(=O)c2ccccc2o1,1,0,0.0
herg_blockade,O=C(NC1CCN(C2CCc3cc4oc(=O)[nH]c4cc32)CC1)c1cc(=O)c2ccccc2o1,1,0,0.0
herg_blockade,O=C(NC1CCN(C2CCc3ccc4c(c32)OCO4)CC1)c1cc(=O)c2ccccc2o1,1,1,1.0
herg_blockade,O=C(NC1CCN(CC2CCCNC2)CC1)c1ccccc1,1,0,0.0
herg_blockade,O=C(NC1CCN(CCC(=O)N2CCC(Cc3ccccc3)CC2)CC1)c1ccccc1,1,1,1.0
herg_blockade,O=C(NC1CCN(CCC(=O)N2CCCC2)CC1)c1ccccc1,1,0,0.0
herg_blockade,O=C(NC1CCN(CCC(=O)N2CCCCC2)CC1)c1ccccc1,1,0,0.0
herg_blockade,O=C(NC1CCN(CCC(=O)N2CCOCC2)CC1)c1ccccc1,1,0,0.0
herg_blockade,O=C(NC1CCN(CCC2CCNCC2)CC1)c1ccccc1,1,0,0.0
herg_blockade,O=C(NC1CCN(CCCn2cccc2)CC1)c1ccccc1,1,1,1.0
herg_blockade,O=C(NC1CCN(CCCn2ccnc2)CC1)c1ccccc1,1,1,1.0
herg_blockade,O=C(NC1CCN(CCCn2cncn2)CC1)c1ccccc1,1,1,1.0
herg_blockade,O=C(NC1CCN(CCCn2ncnn2)CC1)c1ccccc1,1,0,0.0
herg_blockade,O=C(NC1CCN(CCn2c(=O)ccc3ncccc32)CC1)c1cccnc1,1,0,0.0
herg_blockade,O=C(NC1CCN(CCn2cccc2)CC1)c1ccccc1,1,0,0.0
herg_blockade,O=C(NC1CCN(Cc2ccc(OCCCN(C3CC3)C3CC3)cc2)CC1)c1cc(=O)c2ccccc2o1,1,1,1.0
herg_blockade,O=C(NC1CCN(Cc2ccc(OCCCN3C(=O)CSC3=O)cc2)CC1)c1cc(=O)c2ccccc2o1,1,1,1.0
herg_blockade,O=C(NC1CCN(Cc2ccc(OCCCN3CCCCC3)cc2)CC1)c1cc(=O)c2ccccc2o1,1,0,0.0
herg_blockade,O=C(NC1CCN(Cc2ccc(OCCCN3CCOCC3)cc2)CC1)c1cc(=O)c2ccccc2o1,1,0,0.0
herg_blockade,O=C(NC1CCN(Cc2ccc(OCCCn3ccsc3=O)cc2)CC1)c1cc(=O)c2ccccc2o1,1,1,1.0
herg_blockade,O=C(NC1CCN(Cc2ccc3[nH]ccc3c2)CC1)c1cc(=O)c2ccccc2o1,1,1,1.0
herg_blockade,O=C(NC1CCN(Cc2ccc3c(c2)OCCO3)CC1)C1=CC(=O)c2ccccc2C1,1,0,0.0
herg_blockade,O=C(NC1CCN(Cc2ccc3cc[nH]c3c2)CC1)c1cc(=O)c2ccccc2o1,1,1,1.0
herg_blockade,O=C(NC1CCN(Cc2ccc3ccc(=O)oc3c2)CC1)c1cc(=O)c2ccccc2o1,1,0,0.0
herg_blockade,O=C(NC1CCN(Cc2ccc3oc(=O)[nH]c3c2)CC1)c1cc(=O)c2ccccc2o1,1,0,0.0
herg_blockade,O=C(NC1CCN(Cc2ccc3oc(=O)oc3c2)CC1)c1cc(=O)c2ccccc2o1,1,0,0.0
herg_blockade,O=C(NC1CCN(Cc2ccc3occc3c2)CC1)c1cc(=O)c2ccccc2o1,1,1,1.0
herg_blockade,O=C(NC1CCN(Cc2ccc3ocnc3c2)CC1)c1cc(=O)c2ccccc2o1,1,0,0.0
herg_blockade,O=C(NC1CCN(Cc2ccc3sccc3c2)CC1)c1cc(=O)c2ccccc2o1,1,1,1.0
herg_blockade,O=C(NC1CCN(Cc2cccc(Oc3ccccc3)c2)CC1)C1(c2ccccc2)CCNC1,1,0,0.0
herg_blockade,O=C(NC1CCN(Cc2ccn(-c3ccccc3)c2)CC1)N1CC(N2CCCCC2)C1,1,1,1.0
herg_blockade,O=C(NC1CCN(Cc2ccn(-c3ccccc3)c2)CC1)N1CC(N2CCCOCC2)C1,1,1,1.0
herg_blockade,O=C(NC1CCN(Cc2ccn(-c3ccccc3)c2)CC1)N1CC(N2CCS(=O)(=O)CC2)C1,1,0,0.0
herg_blockade,O=C(NC1CCN(Cc2ccn(-c3ccccc3)c2)CC1)N1CC(Oc2ccccc2)C1,1,1,1.0
herg_blockade,O=C(NC1CCN(Cc2ccn(-c3ccccc3)c2)CC1)N1CCC(Cc2ccccc2)CC1,1,1,1.0
herg_blockade,O=C(NC1CCN(Cc2ccn(-c3ccccc3)c2)CC1)N1CCC(c2ccccc2)CC1,1,1,1.0
herg_blockade,O=C(NC1CCN(Cc2ccn(-c3ccccc3)c2)CC1)N1CCCC(C(=O)N2CCCC2)C1,1,0,0.0
herg_blockade,O=C(NC1CCN(Cc2ccn(-c3ccccc3)c2)CC1)N1CCCC1Cc1cccnc1,1,1,1.0
herg_blockade,O=C(NC1CCN(Cc2ccn(-c3ccccc3)c2)CC1)N1CCCC1c1ccccc1,1,1,1.0
herg_blockade,O=C(NC1CCN(Cc2ccn(-c3ccccc3)c2)CC1)N1CCCC1c1cccnc1,1,1,1.0
herg_blockade,O=C(NC1CCN(Cc2ccn(-c3ccccc3)c2)CC1)N1CCNCC1c1ccccc1,1,1,1.0
herg_blockade,O=C(NC1CCN(Cc2ccn(-c3ccccc3)c2)CC1)NC(CN1CCOCC1)c1ccccc1,1,1,1.0
herg_blockade,O=C(NC1CCN(Cc2ccn(-c3ccccc3)c2)CC1)NC(Cc1cnccn1)c1ccccc1,1,1,1.0
herg_blockade,O=C(NC1CCN(Cc2ccn(-c3ccccc3)c2)CC1)NC(Cn1cncn1)c1ccccc1,1,0,0.0
herg_blockade,O=C(NC1CCN(Cc2ccn(-c3ccccc3)c2)CC1)NC(c1ccccc1)c1ccccc1,1,1,1.0
herg_blockade,O=C(NC1CCN(Cc2ccn(-c3ccccc3)c2)CC1)NC(c1ccccc1)c1ncc[nH]1,1,0,0.0
herg_blockade,O=C(NC1CCN(Cc2ccn(-c3ccccc3)c2)CC1)NC12CC3CC(CC(C3)C1)C2,1,0,0.0
herg_blockade,O=C(NC1CCN(Cc2ccn(-c3ccccc3)c2)CC1)NS(=O)(=O)c1ccccc1,1,0,0.0
herg_blockade,O=C(NC1CCN(Cc2ccn(-c3ccccc3)c2)CC1)c1ccc(=O)[nH]c1,1,0,0.0
herg_blockade,O=C(NC1CCN(c2nnc(-c3ccn[nH]3)c3ccccc23)CC1)c1ccccc1,1,0,0.0
herg_blockade,O=C(NC1CCNC1)c1ccc2ccccc2c1,1,1,1.0
herg_blockade,O=C(NC1CCNCC1)c1cc(-c2ccccc2)c2c(c1)[nH]c1ncccc12,1,0,0.0
herg_blockade,O=C(NC1CCNCC1)c1ccc(Nc2nccc(-c3cnc[nH]3)n2)cc1,1,0,0.0
herg_blockade,O=C(NC1CCNCC1)c1ccc2ccccc2c1,1,0,0.0
herg_blockade,O=C(NC1CCNCC1)c1cccc2c1OCC2,1,1,1.0
herg_blockade,O=C(NC1CCOCC1)c1ccc(-c2cc(-c3c[nH]nc3-c3ccccn3)ccn2)cc1,1,0,0.0
herg_blockade,O=C(NC1CCOc2nc(-c3ccccc3)c(-c3ccccc3)cc21)C1CC1,1,1,1.0
herg_blockade,O=C(NC1CCOc2nc(-c3ccccc3)c(-c3ccccc3)cc21)c1ccc2[nH]ncc2c1,1,1,1.0
herg_blockade,O=C(NC1CCOc2nc(-c3ccccc3)c(-c3ccccc3)cc21)c1ccc2cn[nH]c2c1,1,1,1.0
herg_blockade,O=C(NC1CCOc2nc(-c3ccccc3)c(-c3ccccc3)cc21)c1cccc2[nH]ncc12,1,0,0.0
herg_blockade,O=C(NC1CCOc2nc(-c3ccccc3)c(-c3ccccc3)cc21)c1cccc2cn[nH]c12,1,0,0.0
herg_blockade,O=C(NC1CCOc2nc(-c3ccccc3)c(-c3ccccc3)cc21)c1nc[nH]n1,1,1,1.0
herg_blockade,O=C(NC1CCOc2nc(-c3ccccc3)c(-c3ccccc3)cc21)c1nnc[nH]1,1,1,1.0
herg_blockade,O=C(NC1CC[NH+]CC1)c1cccc2c1OCC2,1,1,1.0
herg_blockade,O=C(NC1CCc2cc(CN3CCCC3)ccc2C1)c1ccc(-c2ccccc2)cc1,1,1,1.0
herg_blockade,O=C(NC1CCc2cc(CN3CCNCC3)ccc2C1)c1ccc(-c2ccccc2)cn1,1,0,0.0
herg_blockade,O=C(NC1CCc2cc(CN3CCNCC3)ccc2C1)c1ccc(-c2ccccn2)cc1,1,0,0.0
herg_blockade,O=C(NC1CCc2cc(CN3CCS(=O)(=O)CC3)ccc2C1)c1ccc(-c2ccccc2)cc1,1,1,1.0
herg_blockade,O=C(NC1CCc2cc(CN3CCS(=O)(=O)CC3)ccc2C1)c1ccc(-c2ccccn2)cc1,1,0,0.0
herg_blockade,O=C(NC1CCc2ccccc2C1)N1CCC(c2nc(-c3ccccn3)no2)CC1,1,1,1.0
herg_blockade,O=C(NC1CCc2ccccc2C1)c1ccc(-c2ccccc2)nc1,1,1,1.0
herg_blockade,O=C(NC1CCc2ccccc2C1)c1ccc(-c2cccnc2)cc1,1,0,0.0
herg_blockade,O=C(NC1CCc2ccccc2C1)c1ccc(-c2ccncc2)cc1,1,0,0.0
herg_blockade,O=C(NC1CCc2ccccc2CC1)N1CCC(c2nc(-c3ccccn3)no2)CC1,1,0,0.0
herg_blockade,O=C(NC1CN2CCC1CC2)c1cc2ccoc2cn1,1,1,1.0
herg_blockade,O=C(NC1CNC1)c1ccccc1,1,0,0.0
herg_blockade,O=C(NC1COc2ccccc2NC1=O)c1n[nH]c(Cc2ccccc2)n1,1,0,0.0
herg_blockade,O=C(NCC#Cc1cc(-c2[nH]nc3c2Cc2cc(CN4CCNCC4)ccc2-3)cs1)Nc1ccccc1,1,1,1.0
herg_blockade,O=C(NCC#Cc1cc(-c2[nH]nc3c2Cc2cc(CN4CCNCC4)ccc2-3)cs1)c1ccccc1,1,1,1.0
herg_blockade,O=C(NCC#Cc1cc(-c2n[nH]c3c2Cc2cc(CN4CCNCC4)ccc2-3)cs1)Oc1ccccc1,1,1,1.0
herg_blockade,O=C(NCC(=O)N(C1CCCCC1)C1CCCCC1)c1ccccc1,1,1,1.0
herg_blockade,O=C(NCC(=O)N1CCC(NC2CCC(c3ccc(-c4cnccn4)cn3)CC2)C1)c1ccccc1,1,0,0.0
herg_blockade,O=C(NCC(=O)N1CCC(NC2CCC(c3ccc(-c4ncco4)cn3)CC2)C1)c1ccccc1,1,0,0.0
herg_blockade,O=C(NCC(=O)N1CCC(c2ccccc2)CC1)c1ccccc1,1,1,1.0
herg_blockade,O=C(NCC(=O)N1CCN(C(=O)CNS(=O)(=O)c2ccccc2)CC1)c1cc2ccccc2s1,1,0,0.0
herg_blockade,O=C(NCC(=O)N1CCN(CCCOc2ccc(C(=O)C3CC3)cc2)CC1)c1ccc(-c2ccccc2)o1,1,1,1.0
herg_blockade,O=C(NCC(=O)c1noc(CN2CCN(C(=O)CCCc3ccccc3)CC2)n1)OCc1ccccc1,1,1,1.0
herg_blockade,O=C(NCC(=O)c1noc(Cc2ccc(C(=O)NCCc3cccs3)cc2)n1)OCc1ccccc1,1,1,1.0
herg_blockade,O=C(NCC(=O)c1noc(Cc2ccc(OCCc3ccccc3)cc2)n1)OCc1ccccc1,1,1,1.0
herg_blockade,O=C(NCC(=O)c1noc(Cc2ccccc2)n1)OCc1ccccc1,1,1,1.0
herg_blockade,O=C(NCC(c1ccccc1)c1ccc2[nH]cnc2c1)c1ccc(-n2cncn2)cc1,1,0,0.0
herg_blockade,O=C(NCC(c1ccccc1)c1nc2ccccc2c(=O)[nH]1)c1ccc(-n2cncn2)cc1,1,0,0.0
herg_blockade,O=C(NCC1(N2CCCC2)CCCC1)N1CCC(c2nc(-c3ccc4ccccc4n3)no2)CC1,1,1,1.0
herg_blockade,O=C(NCC1(N2CCCCC2)CCCC1)N1CCC(c2nc(-c3ccc4ccccc4n3)no2)CC1,1,1,1.0
herg_blockade,O=C(NCC1(N2CCNCC2)CCCCC1)c1ccccc1,1,0,0.0
herg_blockade,O=C(NCC1(N2CCOCC2)CCCCC1)N1CCC(c2nc(-c3ccc4ccccc4n3)no2)CC1,1,1,1.0
herg_blockade,O=C(NCC1(c2ccccc2)CCNCC1)Nc1ccccc1,1,1,1.0
herg_blockade,O=C(NCC1(c2nc(-c3ccccc3)cs2)CCOCC1)c1ccc(Cn2cccn2)cc1,1,0,0.0
herg_blockade,O=C(NCC1C2CNCC21)c1ncn2ccccc12,1,1,1.0
herg_blockade,O=C(NCC1CC1)c1ncn2c1COc1c(CCN3CCN(c4cccc5ncccc45)CC3)cccc1-2,1,1,1.0
herg_blockade,O=C(NCC1CCC(CC2CCC2)CC1)n1c(=O)[nH]c2ccccc21,1,0,0.0
herg_blockade,O=C(NCC1CCC1)c1nccnc1NC(=O)c1cccc2ccccc12,1,0,0.0
herg_blockade,O=C(NCC1CCCCC1)C1CCN(Cc2ccn(-c3ccccc3)c2)CC1,1,0,0.0
herg_blockade,O=C(NCC1CCCC[N+]1)c1ccccc1,1,0,0.0
herg_blockade,O=C(NCC1CCCN1)N1CCC(c2nc(-c3ccc4ccccc4n3)no2)CC1,1,0,0.0
herg_blockade,O=C(NCC1CCCN1)c1ccc(Cn2c(Cc3ccccc3)nc3ccccc32)cc1,1,1,1.0
herg_blockade,O=C(NCC1CCCNC1)C1=CC=CN2C=CNC12,1,1,1.0
herg_blockade,O=C(NCC1CCCNC1)c1ccccc1,1,1,1.0
herg_blockade,O=C(NCC1CCN(CC2=Cc3ccccc3OC2)CC1)c1ccn(-c2ccccc2)n1,1,1,1.0
herg_blockade,O=C(NCC1CCN(CC2CCNCC2)CC1)c1cccc2[nH]cnc12,1,0,0.0
herg_blockade,O=C(NCC1CCN(CCCn2ccnn2)CC1)c1ccccc1,1,0,0.0
herg_blockade,O=C(NCC1CCN(CCN2CCOCC2)CC1)c1n[nH]c2ccccc12,1,0,0.0
herg_blockade,O=C(NCC1CCN(CCc2ccccc2)CC1)c1ccn(-c2ccccc2)n1,1,1,1.0
herg_blockade,O=C(NCC1CCN(Cc2cccnc2)CC1)c1ccccc1,1,1,1.0
herg_blockade,O=C(NCC1CCN(c2ccc(-c3ccccc3)cn2)CC1)c1ccc(-c2nc3ccccc3o2)cc1,1,1,1.0
herg_blockade,O=C(NCC1CCNC1)c1ccccc1,1,1,1.0
herg_blockade,O=C(NCC1CCNCC1)C1(c2ccccc2)CCCCC1,1,1,1.0
herg_blockade,O=C(NCC1CCNCC1)c1cccn2ccnc12,1,1,1.0
herg_blockade,O=C(NCC1CCNCC1)c1n[nH]c2ccccc12,1,1,1.0
herg_blockade,O=C(NCC1CCOCC1)c1ncccc1NC(=O)c1ccc(Cn2ccnn2)c2ccccc12,1,0,0.0
herg_blockade,O=C(NCC1CN(c2ccc(-c3cccs3)cn2)C(=O)O1)c1ccc(-c2nc3ccccc3o2)cc1,1,0,0.0
herg_blockade,O=C(NCC1CN(c2ccc(N3CCOCC3=O)cc2)C(=O)O1)c1cccs1,1,1,1.0
herg_blockade,O=C(NCC1CNCC1Cc1ccccc1)c1ccccc1,1,0,0.0
herg_blockade,O=C(NCC1CNCCO1)c1ccccc1,1,0,0.0
herg_blockade,O=C(NCC1C[N+](Cc2ccccc2)CCO1)c1ccccc1,1,1,1.0
herg_blockade,O=C(NCC1OC(=O)N2c3ccc(N4CCOCC4=O)cc3OCC12)c1cccs1,1,0,0.0
herg_blockade,O=C(NCCC1CCCCC1)N1CCCC(Cc2ccccc2)C1,1,0,0.0
herg_blockade,O=C(NCCC1CCN(c2ncnc3ccsc23)CC1)c1cccs1,1,0,0.0
herg_blockade,O=C(NCCCCCCc1ccccc1)Oc1cccc(-n2cccc2)c1,1,0,0.0
herg_blockade,O=C(NCCCCN1CCC(Nc2nc3ccccc3n2Cc2ccccc2)CC1)c1cc2ccccc2oc1=O,1,1,1.0
herg_blockade,O=C(NCCCCN1CCCC1)Nc1cc(OCc2ccccc2)ns1,1,0,0.0
herg_blockade,O=C(NCCCCN1CCCCC1)Nc1ccc(-c2ccccc2)nc1,1,1,1.0
herg_blockade,O=C(NCCCCN1CCN(c2ccccc2)CC1)c1cc2ccccc2[nH]1,1,1,1.0
herg_blockade,O=C(NCCCCN1CCN(c2ccccc2)CC1)c1ccc2ncccc2c1,1,0,0.0
herg_blockade,O=C(NCCCCN1CCOCC1)c1cc2ccccc2o1,1,0,0.0
herg_blockade,O=C(NCCCCN1CCn2c(cc3ccccc32)C1)c1cc2ccccc2cn1,1,1,1.0
herg_blockade,O=C(NCCCN(Cc1cncn1Cc1ccccc1)C1CCN(Cc2ccccc2)C1=O)OCc1ccccc1,1,1,1.0
herg_blockade,O=C(NCCCN1CCC(N(Cc2ccsc2)C(=O)NCc2ccccc2)CC1)c1cccnc1,1,0,0.0
herg_blockade,O=C(NCCCN1CCC(Oc2ccccc2)CC1)c1c[nH]c(=O)c2cc(S(=O)(=O)NC3CC3)ccc12,1,1,1.0
herg_blockade,O=C(NCCCN1CCC(Oc2ccccc2)CC1)c1c[nH]c2ccccc12,1,1,1.0
herg_blockade,O=C(NCCCN1CCC(Oc2ccccc2)CC1)c1cc(=O)[nH]c2ccccc12,1,0,0.0
herg_blockade,O=C(NCCCN1CCC(Oc2ccccc2)CC1)c1ccccc1,1,1,1.0
herg_blockade,O=C(NCCCN1CCC(Oc2ccccc2)CC1)c1cn[nH]c1C1CC1,1,1,1.0
herg_blockade,O=C(NCCCN1CCC(Oc2ccccc2)CC1)c1cnnc2ccccc12,1,1,1.0
herg_blockade,O=C(NCCCN1CCC(Oc2ccccc2)CC1)c1n[nH]c(=O)c2ccccc12,1,1,1.0
herg_blockade,O=C(NCCCN1CCC(Oc2ccccc2)CC1)c1n[nH]c2ccccc12,1,1,1.0
herg_blockade,O=C(NCCCN1CCC(Oc2ccccc2)CC1)n1c(=O)[nH]c2ccccc21,1,1,1.0
herg_blockade,O=C(NCCCN1CCN(c2ccccc2)CC1)c1c[nH]c(-c2cccnc2)c1,1,1,1.0
herg_blockade,O=C(NCCCN1CCN(c2ccccc2)CC1)c1cn(-c2ccc3c(c2)OCCO3)cn1,1,1,1.0
herg_blockade,O=C(NCCCN1CCN(c2ccccc2)CC1)c1cn(-c2ccccc2)c(-c2ccccc2)n1,1,1,1.0
herg_blockade,O=C(NCCCN1CCN(c2ccccc2)CC1)c1cn(-c2ccccc2)cn1,1,1,1.0
herg_blockade,O=C(NCCCN1CCN(c2ccccc2)CC1)c1nc(-c2ccccc2)n(-c2ccccc2)c1Cn1cncn1,1,1,1.0
herg_blockade,O=C(NCCCN1CCOCC1)Nc1ccc(S(=O)(=O)Nc2ccccc2C(=O)c2ccccc2)cc1,1,1,1.0
herg_blockade,O=C(NCCCN1CCOCC1)c1ccccc1,1,1,1.0
herg_blockade,O=C(NCCCN1c2ccccc2CCc2ccccc21)c1cc2ccccc2o1,1,0,0.0
herg_blockade,O=C(NCCCNCC1CCC(n2ccc3cncnc32)O1)Nc1ccccc1,1,1,1.0
herg_blockade,O=C(NCCCNc1ccnc(Nc2cccc(NC(=O)N3CCCC3)c2)n1)c1cccs1,1,1,1.0
herg_blockade,O=C(NCCCNc1nc2ccccc2[nH]1)C1CCNCC1,1,0,0.0
herg_blockade,O=C(NCCCNc1nc2ccccc2[nH]1)c1ccc(CN2CCCC2)cc1,1,0,0.0
herg_blockade,O=C(NCCCNc1nc2ccccc2[nH]1)c1ccncc1,1,0,0.0
herg_blockade,O=C(NCCCc1ccncc1)NCCC12CC3CC(CC(C3)C1)C2,1,0,0.0
herg_blockade,O=C(NCCN1CCC(Cc2ccccc2)CC1)Nc1ccnc2ccsc12,1,1,1.0
herg_blockade,O=C(NCCN1CCCC1)c1ccc(Oc2ccccc2NS(=O)(=O)c2ccccc2)cc1,1,0,0.0
herg_blockade,O=C(NCCN1CCCC1)c1cncc(NC(=O)c2cnn3cc(-c4cn[nH]c4)ccc23)c1,1,0,0.0
herg_blockade,O=C(NCCN1CCCCC1)c1ccc(Oc2ncccc2NS(=O)(=O)c2ccccc2)cc1,1,1,1.0
herg_blockade,O=C(NCCN1CCCCC1)c1ccc2c(c1)CCC2N1CCC(NC(=O)c2cc(=O)c3ccccc3o2)CC1,1,0,0.0
herg_blockade,O=C(NCCN1CCN(c2ccccc2)CC1)c1ccncn1,1,0,0.0
herg_blockade,O=C(NCCN1CCN(c2ccccc2)CC1)c1cn(-c2ccccc2)cn1,1,0,0.0
herg_blockade,O=C(NCCN1CCNCC1)Nc1ncccc1OCc1ccccc1,1,0,0.0
herg_blockade,O=C(NCCN1CCOCC1)N1CCC(c2nc(-c3ccc4ccccc4n3)no2)CC1,1,0,0.0
herg_blockade,O=C(NCCN1CCOCC1)c1ccccc1,1,0,0.0
herg_blockade,O=C(NCCNC(=O)c1ccc(-c2ccccc2)cc1)c1ccc(OC2C3CC4CC(C3)CC2C4)cc1,1,0,0.0
herg_blockade,O=C(NCCOCc1ccccc1)c1cccc(S(=O)(=O)N2CCc3ccccc3C2)c1,1,1,1.0
herg_blockade,O=C(NCCOc1ccccc1)c1cc2ccccc2o1,1,0,0.0
herg_blockade,O=C(NCCS(=O)(=O)c1ccccn1)c1ccccc1,1,0,0.0
herg_blockade,O=C(NCCc1ccc(-c2ccc3sc(=O)[nH]c3c2)cc1)C1CNCCCO1,1,0,0.0
herg_blockade,O=C(NCCc1ccc(-c2ccccc2)cc1)C1CCCCCC1,1,1,1.0
herg_blockade,O=C(NCCc1ccc(-c2ccccc2)cc1)C1CNCCCO1,1,0,0.0
herg_blockade,O=C(NCCc1ccccc1)c1cc2ccccc2[nH]1,1,0,0.0
herg_blockade,O=C(NCCc1ccccc1)c1ccc2c(c1)CCN(C(=O)c1ccc3ccoc3c1)C2,1,0,0.0
herg_blockade,O=C(NCCc1ccccc1)c1ncoc1Cc1ccc(-c2ccccc2)cc1,1,1,1.0
herg_blockade,O=C(NCCc1ccccn1)C1Cc2ccccc2CN1S(=O)(=O)c1ccc2ccccc2c1,1,0,0.0
herg_blockade,O=C(NCc1cc2cccc(C#Cc3cn[nH]c3)c2c(=O)n1-c1ccccc1)c1cnn2cccnc12,1,0,0.0
herg_blockade,O=C(NCc1cc2ccccc2o1)c1cc(S(=O)(=O)N2CCOCC2)ccc1N1CCCCC1,1,1,1.0
herg_blockade,O=C(NCc1ccc(-c2ccccc2)c2c1CNCC2)C1CC1c1ncno1,1,1,1.0
herg_blockade,O=C(NCc1ccc(-c2ccccc2)cc1)N1CCCC1CN1CCCC1,1,1,1.0
herg_blockade,O=C(NCc1ccc(-c2cccnc2)cc1)c1cc2ccnnc2s1,1,0,0.0
herg_blockade,O=C(NCc1ccc(C(=O)Nc2cccc(-c3ccccc3)c2)cc1)OCc1cccnc1,1,1,1.0
herg_blockade,O=C(NCc1ccc(C(=O)Nc2ccccc2)cc1)OCc1ccccc1,1,0,0.0
herg_blockade,O=C(NCc1ccc(C(=O)Nc2ccccc2)cc1)OCc1cccnc1,1,0,0.0
herg_blockade,O=C(NCc1ccc(N2CCNCC2)nc1)c1ccc2c(=O)c3ccccc3[nH]c2c1,1,0,0.0
herg_blockade,O=C(NCc1ccc(NC2=NCCN2)cc1)c1ccccc1,1,1,1.0
herg_blockade,O=C(NCc1ccc[nH]c1=O)c1cc(-c2ccc(N3CCNCC3)nc2)cc2[nH]ccc12,1,0,0.0
herg_blockade,O=C(NCc1cccc(C(=O)NCc2ccccc2)c1)c1ccccc1,1,0,0.0
herg_blockade,O=C(NCc1cccc(CN2CCCC2=O)c1)NCC(c1ccccc1)c1ccccc1,1,0,0.0
herg_blockade,O=C(NCc1cccc(OCc2cnc(-c3ccccc3)o2)c1)Oc1ccccc1,1,0,0.0
herg_blockade,O=C(NCc1cccc(OCc2cnc(-c3ccccc3)s2)c1)Oc1ccccc1,1,0,0.0
herg_blockade,O=C(NCc1ccccc1)C1(c2ccccc2)CCC(N2CCC(c3ccccc3)CC2)CC1,1,1,1.0
herg_blockade,O=C(NCc1ccccc1)C1(c2ccccc2)CCN(c2ccccn2)CC1,1,1,1.0
herg_blockade,O=C(NCc1ccccc1)C1CCC(N2CCC(c3cnccn3)CC2)C1,1,1,1.0
herg_blockade,O=C(NCc1ccccc1)C1CCC(N2CCOCC2)CC1c1ccccc1,1,1,1.0
herg_blockade,O=C(NCc1ccccc1)C1CCN(Cc2ccn(-c3ccccn3)c2)CC1,1,1,1.0
herg_blockade,O=C(NCc1ccccc1)C1CCN(c2ncncn2)CC1,1,0,0.0
herg_blockade,O=C(NCc1ccccc1)C1SCCN1C(=O)CCCc1ccccc1,1,0,0.0
herg_blockade,O=C(NCc1ccccc1)C1c2ccccc2C(=O)N1C1CCC1,1,0,0.0
herg_blockade,O=C(NCc1ccccc1)C1c2ccccc2C(=O)N1C1CCNCC1,1,0,0.0
herg_blockade,O=C(NCc1ccccc1)C1c2ccccc2C(=O)N1C1CCOCC1,1,0,0.0
herg_blockade,O=C(NCc1ccccc1)C1c2ccccc2C(=O)N1C1CNC1,1,0,0.0
herg_blockade,O=C(NCc1ccccc1)C1c2ccccc2C(=O)N1CC1CCCO1,1,0,0.0
herg_blockade,O=C(NCc1ccccc1)C1c2ccccc2C(=O)N1CCC1CCOCC1,1,0,0.0
herg_blockade,O=C(NCc1ccccc1)C1c2ccccc2C(=O)N1CCOc1ccccn1,1,1,1.0
herg_blockade,O=C(NCc1ccccc1)C1c2ccccc2C(=O)N1CCc1cccnc1,1,1,1.0
herg_blockade,O=C(NCc1ccccc1)C1c2ccccc2C(=O)N1CCc1ccncc1,1,1,1.0
herg_blockade,O=C(NCc1ccccc1)C1c2ccccc2C(=O)N1CCc1cnccn1,1,1,1.0
herg_blockade,O=C(NCc1ccccc1)C1c2ccccc2C(=O)N1Cc1ccccc1,1,0,0.0
herg_blockade,O=C(NCc1ccccc1)C1c2ccccc2C(=O)N1Cc1ccccn1,1,1,1.0
herg_blockade,O=C(NCc1ccccc1)N(c1ccccn1)C1CCNCC1,1,1,1.0
herg_blockade,O=C(NCc1ccccc1)N1CC2CC(NC3CCOCC3)CC2(C(=O)N2CCc3ncccc3C2)C1,1,0,0.0
herg_blockade,O=C(NCc1ccccc1)N1CCC(CNc2ncccn2)CC1,1,0,0.0
herg_blockade,O=C(NCc1ccccc1)N1CCCC1CN1CCCC1,1,0,0.0
herg_blockade,O=C(NCc1ccccc1)N1CCN(Cc2ccn(-c3ccccc3)c2)CC1,1,1,1.0
herg_blockade,O=C(NCc1ccccc1)N1Cc2[nH]nc(Nc3ncnc4ccsc34)c2C1,1,0,0.0
herg_blockade,O=C(NCc1ccccc1)OC1CNCC1CNC(=O)c1ccccc1,1,0,0.0
herg_blockade,O=C(NCc1ccccc1)c1c(CN2CCC(N3CCCCC3)CC2)c(-c2ccccc2)nc2ccccc12,1,1,1.0
herg_blockade,O=C(NCc1ccccc1)c1c[nH]c2cc(CCc3ccccn3)sc2c1=O,1,1,1.0
herg_blockade,O=C(NCc1ccccc1)c1c[nH]c2cc(CNCCc3ncccn3)sc2c1=O,1,1,1.0
herg_blockade,O=C(NCc1ccccc1)c1c[nH]c2sc(CCc3ccccn3)cc2c1=O,1,1,1.0
herg_blockade,O=C(NCc1ccccc1)c1cc(-c2ccccc2)cnc1-c1cccnc1,1,1,1.0
herg_blockade,O=C(NCc1ccccc1)c1cc(-c2ccnc(Nc3ccccc3)n2)c[nH]1,1,0,0.0
herg_blockade,O=C(NCc1ccccc1)c1cc(=O)[nH]c(C2COCCN2)n1,1,0,0.0
herg_blockade,O=C(NCc1ccccc1)c1cc(=O)[nH]c(CNC(=O)c2nnco2)n1,1,0,0.0
herg_blockade,O=C(NCc1ccccc1)c1cc(=O)[nH]cn1,1,0,0.0
herg_blockade,O=C(NCc1ccccc1)c1cc(=O)n2c(n1)CCCCC2,1,0,0.0
herg_blockade,O=C(NCc1ccccc1)c1cc(C(=O)NCc2cccnc2)n2c1COCC2,1,0,0.0
herg_blockade,O=C(NCc1ccccc1)c1cc2ccccc2o1,1,0,0.0
herg_blockade,O=C(NCc1ccccc1)c1ccc(C2=CC3(CCNCC3)Oc3ccccc32)cc1,1,1,1.0
herg_blockade,O=C(NCc1ccccc1)c1ccc2c(ccn2Cc2ccc(-c3ccccc3)cc2)c1,1,0,0.0
herg_blockade,O=C(NCc1ccccc1)c1cccc(-c2nn(C3CCCNC3)c3ncncc23)c1,1,1,1.0
herg_blockade,O=C(NCc1ccccc1)c1ccccc1,1,1,1.0
herg_blockade,O=C(NCc1ccccc1)c1ccccc1NS(=O)(=O)c1cccc2cccnc12,1,1,1.0
herg_blockade,O=C(NCc1ccccc1)c1ccccc1NS(=O)(=O)c1ccccc1,1,1,1.0
herg_blockade,O=C(NCc1ccccc1)c1ccccn1,1,0,0.0
herg_blockade,O=C(NCc1ccccc1)c1cnc(N2CCN(CC3CCCOC3)CC2)nc1,1,1,1.0
herg_blockade,O=C(NCc1ccccc1)c1csc(Nc2ccncn2)n1,1,0,0.0
herg_blockade,O=C(NCc1ccccc1)c1sccc1OCc1ccccc1,1,0,0.0
herg_blockade,O=C(NCc1ccccc1-c1ccccc1)OCc1ccccc1,1,0,0.0
herg_blockade,O=C(NCc1ccccc1N1CCNCC1)c1cccc(NC(=O)c2cnc3cc(-c4ccn[nH]4)ccn23)c1,1,1,1.0
herg_blockade,O=C(NCc1ccccn1)C1CCCN(c2ncnc3[nH]ccc23)C1,1,0,0.0
herg_blockade,O=C(NCc1ccccn1)C1CCN(c2ncnc3[nH]ccc23)CC1,1,0,0.0
herg_blockade,O=C(NCc1cccnc1)C1CCCN(c2ncnc3[nH]ccc23)C1,1,0,0.0
herg_blockade,O=C(NCc1cccnc1)C1CCN(c2ncnc3[nH]ccc23)CC1,1,0,0.0
herg_blockade,O=C(NCc1cccnc1)c1cc(C(=O)NCc2ccccc2)n2c1COCC2,1,0,0.0
herg_blockade,O=C(NCc1cccnc1)c1ccccn1,1,0,0.0
herg_blockade,O=C(NCc1cccnc1)c1cncc(-c2ccccc2)c1,1,0,0.0
herg_blockade,O=C(NCc1ccncc1)C12CC3CC(C1)CC(c1ccccc1)(C3)C2,1,0,0.0
herg_blockade,O=C(NCc1ccncc1)C1c2ccccc2C(=O)N1Cc1ccccc1-c1ccccc1,1,0,0.0
herg_blockade,O=C(NCc1ccncc1)c1ccc(Oc2ccc(OCc3ccccc3)cc2)nc1,1,0,0.0
herg_blockade,O=C(NCc1cncc(-c2ccccc2)c1)C1CC1,1,0,0.0
herg_blockade,O=C(NCc1cncc(-c2ccccc2)c1)C1CCC1,1,0,0.0
herg_blockade,O=C(NCc1cncc(-c2ccccc2)c1)c1ccccc1,1,0,0.0
herg_blockade,O=C(NCc1cncc(-c2ccccc2)c1)c1ccccn1,1,0,0.0
herg_blockade,O=C(NCc1cncc(-c2ccccc2)c1)c1cnccn1,1,1,1.0
herg_blockade,O=C(NCc1cscn1)c1ccc(CC2CCC(Cc3ccccc3)N2)cc1,1,0,0.0
herg_blockade,O=C(NCc1nc2ccccc2[nH]1)NC1CCN(Cc2ccn(-c3ccccc3)c2)CC1,1,0,0.0
herg_blockade,O=C(NCc1nc2ccccc2c(=O)n1Cc1ccccc1)c1ccccc1,1,1,1.0
herg_blockade,O=C(NCc1nc2ccccc2s1)c1cccc(S(=O)(=O)Nc2ccccc2)c1,1,1,1.0
herg_blockade,O=C(NCc1ncc(-c2ccc(-c3ccn[nH]3)cc2)[nH]1)c1cncs1,1,0,0.0
herg_blockade,O=C(NCc1ncc(C(=O)Nc2ccccn2)s1)c1ccncn1,1,0,0.0
herg_blockade,O=C(NCc1ncccn1)c1cc(C(=O)NCc2ccccc2)n2c1COCC2,1,0,0.0
herg_blockade,O=C(NCc1nccs1)C1(c2cccs2)CC1,1,0,0.0
herg_blockade,O=C(NCc1nccs1)Nc1ccc(Oc2ccnc3ccccc23)cc1,1,0,0.0
herg_blockade,O=C(NCc1ncon1)c1cc(-c2ccccc2)n(-c2ccccc2)n1,1,0,0.0
herg_blockade,O=C(NCc1nnn[nH]1)c1cc(-c2ccccc2)n(-c2ccccc2)n1,1,0,0.0
herg_blockade,O=C(NCc1oc2ccccc2c(=O)c1Cc1ccccc1)c1ccccc1,1,1,1.0
herg_blockade,O=C(NN1CCCCC1)c1cc(-c2ccccc2)n(-c2ccccc2)n1,1,1,1.0
herg_blockade,O=C(NN=Cc1ccccc1)c1cccc(S(=O)(=O)N2CCOCC2)c1,1,0,0.0
herg_blockade,O=C(NN=Cc1ccco1)c1ccccc1Oc1ccccc1,1,0,0.0
herg_blockade,O=C(NNC(=O)c1occc1-c1ccccc1)c1ccccc1,1,1,1.0
herg_blockade,O=C(NNc1ccccc1)c1c(CC2CCN(C3CCOCC3)CC2)c(-c2ccccc2)nc2ccccc12,1,1,1.0
herg_blockade,O=C(NNc1ccccc1)c1c(CC2CCNCC2)c(-c2ccccc2)nc2ccccc12,1,1,1.0
herg_blockade,O=C(NNc1ccccc1)c1c(CN2CCCCC2)c(-c2ccccc2)nc2ccccc12,1,1,1.0
herg_blockade,O=C(NNc1ccccc1)c1c(CN2CCN(C3CCSCC3)CC2)c(-c2ccccc2)nc2ccccc12,1,1,1.0
herg_blockade,O=C(NNc1ccccc1)c1c(CN2CCN(Cc3ccccc3)CC2)c(-c2ccccc2)nc2ccccc12,1,1,1.0
herg_blockade,O=C(NNc1ccccc1)c1c(CN2CCN(S(=O)(=O)c3ccccc3)CC2)c(-c2ccccc2)nc2ccccc12,1,1,1.0
herg_blockade,O=C(NNc1ccccc1)c1c(OC2CCN(C3CCOCC3)CC2)c(-c2ccccc2)nc2ccccc12,1,1,1.0
herg_blockade,O=C(NNc1ccccc1)c1c(OC2CCNCC2)c(-c2ccccc2)nc2ccccc12,1,1,1.0
herg_blockade,O=C(NOCC1CC1)c1ccccc1Nc1ccccc1,1,0,0.0
herg_blockade,O=C(NS(=O)(=O)C1CCC1)c1ccc2c(C3CCCCC3)c3n(c2c1)CC1(C(=O)N2C4CCC2CNC4)CC1c1ccccc1-3,1,0,0.0
herg_blockade,O=C(NS(=O)(=O)c1ccccc1)C1CC2(c3ccccc3)NC1CCC2NCc1ccccc1OC1CC1,1,1,1.0
herg_blockade,O=C(Nc1c[nH]c2ncc(-c3ccccc3)cc12)c1cnn2ccc(NCC3CCNCC3)nc12,1,1,1.0
herg_blockade,O=C(Nc1c[nH]nc1-c1nc2cc(CN3CCOCC3)ccc2[nH]1)NC1CC1,1,0,0.0
herg_blockade,O=C(Nc1c[nH]nc1C(=O)NC1CCNCC1)c1ccccc1,1,0,0.0
herg_blockade,O=C(Nc1cc(-c2scnc2-c2ccccc2)ccn1)c1ccccc1,1,0,0.0
herg_blockade,O=C(Nc1cc(C2CC2)[nH]n1)c1ccn2cc(Oc3ncnc4c3CNC4)ccc12,1,0,0.0
herg_blockade,O=C(Nc1cc(C2CC2)on1)n1ccc2cc(Oc3ncnc4c3CCNC4)ccc21,1,1,1.0
herg_blockade,O=C(Nc1cc(C2CC2)on1)n1ccc2cc(Oc3ncnc4c3CNC4)ccc21,1,0,0.0
herg_blockade,O=C(Nc1cc(CCc2ccccc2)[nH]n1)c1ccc(N2CCNCC2)cc1,1,0,0.0
herg_blockade,O=C(Nc1cc2c(Nc3ccc4c(cnn4Cc4ccccc4)c3)ncnn2c1)OCC1COCCN1,1,1,1.0
herg_blockade,O=C(Nc1cc2c(s1)CCCC2)c1cccc2ccccc12,1,0,0.0
herg_blockade,O=C(Nc1cc2cc[nH]c2cn1)c1ccccc1,1,0,0.0
herg_blockade,O=C(Nc1cc2ncncc2cc1OCc1ccccc1)Nc1cccc2ccccc12,1,0,0.0
herg_blockade,O=C(Nc1cc[nH]n1)c1cc(Oc2ccc(C(=O)N3CCC3)cc2)cc(OC2CCOC2)c1,1,0,0.0
herg_blockade,O=C(Nc1cc[nH]n1)c1cn(Cc2ccccc2)cn1,1,0,0.0
herg_blockade,O=C(Nc1ccc(-c2ccccc2)cc1)C1=CCCC1,1,0,0.0
herg_blockade,O=C(Nc1ccc(-c2ccccc2)cc1)Nc1cccnc1Oc1ccccc1,1,1,1.0
herg_blockade,O=C(Nc1ccc(-c2ccccc2)cn1)c1ccn[nH]1,1,0,0.0
herg_blockade,O=C(Nc1ccc(-c2ccccc2)cn1)c1cnoc1,1,0,0.0
herg_blockade,O=C(Nc1ccc(-c2ccnc3[nH]ncc23)cc1)Nc1ccc(N2CCOCC2)cc1,1,0,0.0
herg_blockade,O=C(Nc1ccc(-c2cn3c(n2)sc2cc(OCCN4CCOCC4)ccc23)cc1)Nc1ccon1,1,0,0.0
herg_blockade,O=C(Nc1ccc(-c2cn[nH]c2)cc1)C1COc2ccccc2O1,1,0,0.0
herg_blockade,O=C(Nc1ccc(-c2cn[nH]c2)cc1)Nc1nnc(-c2ccncc2)s1,1,0,0.0
herg_blockade,O=C(Nc1ccc(-c2nn(C3CCC(N4CCNCC4)CC3)c3ncncc23)cc1)c1cc2ccccc2[nH]1,1,0,0.0
herg_blockade,O=C(Nc1ccc(-c2nnc(NCCCCN3CCCC3)o2)cc1)c1ccccc1,1,0,0.0
herg_blockade,O=C(Nc1ccc(-c2nnc(NCCCCN3CCCCC3)o2)cc1)C1CCCCC1,1,0,0.0
herg_blockade,O=C(Nc1ccc(-c2nnc(NCCCCN3CCCOCC3)o2)cc1)c1ccccc1,1,0,0.0
herg_blockade,O=C(Nc1ccc(-c2nnc(NCCCN3CCCCC3)o2)cc1)C1CCCC1,1,0,0.0
herg_blockade,O=C(Nc1ccc(-c2nnc(NCCCN3CCCCC3)o2)cc1)C1CCCCC1,1,0,0.0
herg_blockade,O=C(Nc1ccc(-c2nnc(NCCCN3CCCCC3)o2)cc1)C1CCCCCC1,1,0,0.0
herg_blockade,O=C(Nc1ccc(-c2nnc(NCCCN3CCCCCC3)o2)cc1)c1ccccc1,1,1,1.0
herg_blockade,O=C(Nc1ccc(-c2nnc(NCCCN3CCCOCC3)o2)cc1)c1ccccc1,1,0,0.0
herg_blockade,O=C(Nc1ccc(-c2nnc(NCCCN3CCN4CCC3CC4)o2)cc1)c1ccccc1,1,0,0.0
herg_blockade,O=C(Nc1ccc(-c2nnc(NCCCN3CCNCC3)o2)cc1)c1ccccc1,1,0,0.0
herg_blockade,O=C(Nc1ccc(C(=O)N2CCCCC2)cc1)Nc1nc(N2CCOCC2)nc(N2CCOCC2)n1,1,0,0.0
herg_blockade,O=C(Nc1ccc(C(=O)N2CCCCc3ccccc32)cc1)c1ccccc1,1,0,0.0
herg_blockade,O=C(Nc1ccc(C(=O)N2CCNCC2)cc1)Nc1ccc(-c2nc(C3CCOCC3)nc(N3C4CCC3COC4)n2)cc1,1,0,0.0
herg_blockade,O=C(Nc1ccc(C(=O)N2CCNCC2)cc1)Nc1ccc(-c2nc(N3CCOCC3)c3nn[nH]c3n2)cc1,1,0,0.0
herg_blockade,O=C(Nc1ccc(C(=O)N2CCc3[nH]cnc3-c3ccccc32)cc1)c1ccccc1-c1ccccc1,1,1,1.0
herg_blockade,O=C(Nc1ccc(C2CCCC2)cc1)c1cccnc1NCc1ccncc1,1,0,0.0
herg_blockade,O=C(Nc1ccc(C2CCN(C(=O)CN3CCOCC3)CC2)cc1C1=CCCCC1)c1ncc[nH]1,1,0,0.0
herg_blockade,O=C(Nc1ccc(C2CCN(C(=O)Cc3c[nH]cn3)CC2)cc1C1=CCCCC1)c1ncc[nH]1,1,0,0.0
herg_blockade,O=C(Nc1ccc(C2CCN(C(=O)Cc3cccnc3)CC2)cc1C1=CCCCC1)c1ncc[nH]1,1,0,0.0
herg_blockade,O=C(Nc1ccc(C2CCN(C(=O)Cc3ccncc3)CC2)cc1C1=CCCCC1)c1ncc[nH]1,1,1,1.0
herg_blockade,O=C(Nc1ccc(C2CCN(C(=O)c3cccnc3)CC2)cc1C1=CCCCC1)c1ncc[nH]1,1,0,0.0
herg_blockade,O=C(Nc1ccc(C2CCN(CCN3CCOCC3)CC2)cc1C1=CCCCC1)c1ncc[nH]1,1,0,0.0
herg_blockade,O=C(Nc1ccc(C2CCN(Cc3ccccn3)CC2)cc1C1=CCCCC1)c1ncc[nH]1,1,1,1.0
herg_blockade,O=C(Nc1ccc(C2CCOCC2)nc1)c1cc(=O)c2cccc(-c3cn[nH]c3)c2o1,1,0,0.0
herg_blockade,O=C(Nc1ccc(CC2CCC(Cc3ccccc3)N2)cc1)C1CCc2cccc(=O)n21,1,0,0.0
herg_blockade,O=C(Nc1ccc(CC2CCC(Cc3ccccc3)N2)cc1)C1CCc2nccc(=O)n21,1,0,0.0
herg_blockade,O=C(Nc1ccc(CC2CCC(Cc3cccnc3)N2)cc1)C1CCc2ccnn21,1,0,0.0
herg_blockade,O=C(Nc1ccc(CCN2CCc3ccccc3C2)cc1)c1cccc2c(=O)c3ccccc3[nH]c12,1,0,0.0
herg_blockade,O=C(Nc1ccc(CN2CCNCC2)cc1)Nc1ccc(Oc2cc(NC(=O)C3CC3)ncn2)cc1,1,0,0.0
herg_blockade,O=C(Nc1ccc(CN2CCNCC2)cc1)c1cccc(C#Cc2cnc3cccnn23)c1,1,0,0.0
herg_blockade,O=C(Nc1ccc(Cc2ncccn2)cc1)c1ccc2ccccc2c1,1,0,0.0
herg_blockade,O=C(Nc1ccc(Cc2ncccn2)cc1)c1ccccc1,1,0,0.0
herg_blockade,O=C(Nc1ccc(N2CCC(N3CCCC3)C2)cc1)C1CCOCC1,1,0,0.0
herg_blockade,O=C(Nc1ccc(N2CCC(N3CCCC3)C2)cc1)c1cnoc1,1,0,0.0
herg_blockade,O=C(Nc1ccc(N2CCNCC2)cc1)c1cc(NCc2ccccc2)ncn1,1,1,1.0
herg_blockade,O=C(Nc1ccc(N2CCNCC2)cc1N1CCCCC1)c1ccc[nH]1,1,0,0.0
herg_blockade,O=C(Nc1ccc(N2CCOCC2)nc1)c1cccc(-c2ccccc2)c1,1,0,0.0
herg_blockade,O=C(Nc1ccc(Nc2ncnc3cc(OCCCN4CCOCC4)ccc23)cc1)c1ccccc1,1,0,0.0
herg_blockade,O=C(Nc1ccc(OC2CCCCC2)nc1)c1nnc(Nc2ccccc2)o1,1,0,0.0
herg_blockade,O=C(Nc1ccc(OCC2CCNCC2)cc1)Nc1cccnc1Oc1ccccc1,1,1,1.0
herg_blockade,O=C(Nc1ccc(OCCN2CCNCC2)c(-c2ccn[nH]2)c1)c1ccccc1,1,1,1.0
herg_blockade,O=C(Nc1ccc(OCCN2CCOCC2)c2ccccc12)Nc1ccnn1-c1ccccc1,1,0,0.0
herg_blockade,O=C(Nc1ccc(OCc2ccc3ccccc3n2)cc1)c1ccncc1,1,0,0.0
herg_blockade,O=C(Nc1ccc(Oc2ccnc3[nH]ccc23)cc1)c1cccn(-c2ccccc2)c1=O,1,0,0.0
herg_blockade,O=C(Nc1ccc(Oc2ccnc3ccccc23)cc1)NC1CC1,1,0,0.0
herg_blockade,O=C(Nc1ccc(Oc2ccnc3ccccc23)cc1)Nc1ccon1,1,0,0.0
herg_blockade,O=C(Nc1ccc(Oc2ccnc3ccccc23)cc1)c1c[nH]n(-c2ccccc2)c1=O,1,0,0.0
herg_blockade,O=C(Nc1ccc(Oc2ccnc3ccccc23)cn1)c1c[nH]n(-c2ccccc2)c1=O,1,0,0.0
herg_blockade,O=C(Nc1ccc(Oc2ccncc2)cc1)Nc1ccnn1-c1ccc2ncccc2c1,1,0,0.0
herg_blockade,O=C(Nc1ccc(Oc2ccncc2)cc1)c1c[nH]cc(-c2ccccc2)c1=O,1,0,0.0
herg_blockade,O=C(Nc1ccc(Oc2ccncc2)cc1)c1cccn(-c2ccccc2)c1=O,1,0,0.0
herg_blockade,O=C(Nc1ccc(S(=O)(=O)NC2CCNCC2)c2ccccc12)c1ccccc1,1,0,0.0
herg_blockade,O=C(Nc1ccc(S(=O)(=O)Nc2ccccc2C(=O)c2ccccc2)cc1)OCC1CCCO1,1,1,1.0
herg_blockade,O=C(Nc1ccc(S(=O)(=O)Nc2ccccc2C(=O)c2ccccn2)cc1)OCC1CCCO1,1,0,0.0
herg_blockade,O=C(Nc1ccc(S(=O)(=O)Nc2nc3ccccc3nc2Nc2ccccc2)cc1)c1ccccc1,1,0,0.0
herg_blockade,O=C(Nc1ccc(S(=O)(=O)c2ccccc2)cc1)c1cccc(Cc2ccccc2)c1,1,0,0.0
herg_blockade,O=C(Nc1ccc(Sc2nc(Nc3cc[nH]n3)cc(N3CCNCC3)n2)cc1)C1CC1,1,0,0.0
herg_blockade,O=C(Nc1ccc2[nH]c(-c3ccc(C4CCCCC4)cc3)nc2c1)c1coc(-c2ccccc2)n1,1,0,0.0
herg_blockade,O=C(Nc1ccc2[nH]cc(Cc3ccc(C(=O)N=[SH](=O)c4ccccc4)cc3)c2c1)OC1CCCC1,1,0,0.0
herg_blockade,O=C(Nc1ccc2[nH]cc(Cc3ccc(C(=O)NS(=O)(=O)c4ccccc4)cc3)c2c1)OC1CCCC1,1,0,0.0
herg_blockade,O=C(Nc1ccc2[nH]ncc2c1)C1=CN=C(c2ccncc2)NC1c1ccccc1,1,0,0.0
herg_blockade,O=C(Nc1ccc2[nH]ncc2c1)Nc1cccs1,1,0,0.0
herg_blockade,O=C(Nc1ccc2c(=O)[nH]ccc2c1)C(NC1CC1)c1ccccc1,1,0,0.0
herg_blockade,O=C(Nc1ccc2c(c1)-c1c(cnn1-c1ccccc1)CC2)c1ccnc(N2CCCC2)c1,1,0,0.0
herg_blockade,O=C(Nc1ccc2c(c1)-c1c(cnn1-c1ccccc1)CC2)c1ccnc(N2CCNCC2)c1,1,0,0.0
herg_blockade,O=C(Nc1ccc2c(c1)C(NS(=O)(=O)c1ccccc1)CC2)c1ccccc1,1,1,1.0
herg_blockade,O=C(Nc1ccc2c(c1)C1(COC=N1)C1(CC1)CO2)c1ncccn1,1,0,0.0
herg_blockade,O=C(Nc1ccc2c(c1)C1(COC=N1)C1(COC1)CO2)c1ncccn1,1,0,0.0
herg_blockade,O=C(Nc1ccc2c(c1)CCCC2)c1ccc(-c2ccccc2)cc1,1,1,1.0
herg_blockade,O=C(Nc1ccc2c(c1)CCCN2)c1ccc(-c2ccccc2)o1,1,1,1.0
herg_blockade,O=C(Nc1ccc2c(c1)NCC2)c1cccnc1NCc1ccncc1,1,0,0.0
herg_blockade,O=C(Nc1ccc2ccccc2n1)C1(c2ccccc2)CCN(c2ccccn2)CC1,1,1,1.0
herg_blockade,O=C(Nc1ccc2cnn(-c3ccccc3)c2c1)C1CCNCC1,1,1,1.0
herg_blockade,O=C(Nc1ccc[nH+]c1)c1ccccn1,1,0,0.0
herg_blockade,O=C(Nc1cccc(-c2c[nH]c(=O)c(Nc3ccc(C(=O)N4CCOCC4)cc3)n2)c1)c1ccccc1,1,0,0.0
herg_blockade,O=C(Nc1cccc(-c2c[nH]cn2)c1)c1ccc(N2CCC3(CCNC3)CC2)nc1,1,1,1.0
herg_blockade,O=C(Nc1cccc(-c2cc[nH]n2)c1)c1ccc(N2CCC3(CCNC3)CC2)nc1,1,0,0.0
herg_blockade,O=C(Nc1cccc(-c2ccccc2)c1)c1ccc(C(=O)N2CCC3(CCCN3)CC2)cc1,1,0,0.0
herg_blockade,O=C(Nc1cccc(-c2ccccc2)c1)c1ccc(CN2CCC3(CCNC3)CC2)cc1,1,1,1.0
herg_blockade,O=C(Nc1cccc(-c2ccccc2)c1)c1ccc(N2CCC3(CCNC3)CC2)nc1,1,1,1.0
herg_blockade,O=C(Nc1cccc(-c2ccccn2)c1)c1ccccc1,1,0,0.0
herg_blockade,O=C(Nc1cccc(-c2cccs2)c1)c1ccc(C(=O)N2CCC3(CCCN3)CC2)cc1,1,0,0.0
herg_blockade,O=C(Nc1cccc(-c2cccs2)c1)c1ccc(CN2CCC3(CCCN3)CC2)cc1,1,1,1.0
herg_blockade,O=C(Nc1cccc(-c2cccs2)c1)c1ccc(N2CCC3(CC2)C(=O)NCN3c2ccccc2)nc1,1,1,1.0
herg_blockade,O=C(Nc1cccc(-c2cccs2)c1)c1ccc(N2CCC3(CC2)CCN(c2ncccn2)C3)nc1,1,1,1.0
herg_blockade,O=C(Nc1cccc(-c2cccs2)c1)c1ccc(N2CCC3(CC2)CNC3=O)nc1,1,0,0.0
herg_blockade,O=C(Nc1cccc(-c2cccs2)c1)c1ccc(N2CCC3(CC2)CNc2ccccc23)nc1,1,0,0.0
herg_blockade,O=C(Nc1cccc(-c2cccs2)c1)c1ccc(N2CCC3(CC2)NCNC3=O)nc1,1,1,1.0
herg_blockade,O=C(Nc1cccc(-c2cccs2)c1)c1ccc(N2CCC3(CCCC3)CC2)nc1,1,1,1.0
herg_blockade,O=C(Nc1cccc(-c2cccs2)c1)c1ccc(N2CCC3(CCCC3=O)CC2)nc1,1,0,0.0
herg_blockade,O=C(Nc1cccc(-c2cccs2)c1)c1ccc(N2CCC3(CCCN3)CC2)nc1,1,0,0.0
herg_blockade,O=C(Nc1cccc(-c2cccs2)c1)c1ccc(N2CCC3(CCNC3=O)CC2)nc1,1,0,0.0
herg_blockade,O=C(Nc1cccc(-c2ccsc2)c1)c1ccc(CN2CCC3(CCCN3)CC2)cc1,1,1,1.0
herg_blockade,O=C(Nc1cccc(-c2ccsc2)c1)c1ccc(N2CCC3(CCNC3)CC2)nc1,1,1,1.0
herg_blockade,O=C(Nc1cccc(-c2cn[nH]c2)c1)c1ccc(N2CCC3(CCNC3)CC2)nc1,1,0,0.0
herg_blockade,O=C(Nc1cccc(-c2nc(N3CCOCC3)c3oc4ncccc4c3n2)c1)c1cccnc1,1,0,0.0
herg_blockade,O=C(Nc1cccc(-c2nc(Nc3ccc(C(=O)N4CCOCC4)cc3)c3nc[nH]c3n2)c1)c1ccccc1,1,0,0.0
herg_blockade,O=C(Nc1cccc(-c2nnn[nH]2)c1)NC1CNC(=O)OC1CN1CCCC(Cc2ccccc2)C1,1,0,0.0
herg_blockade,O=C(Nc1cccc(-n2ccnc2)c1)c1cccc(Nc2nccc(-c3cccnc3)n2)c1,1,0,0.0
herg_blockade,O=C(Nc1cccc(C(=O)NC2COC2)c1)Nc1ccc(Oc2ccnc(Nc3ccccc3)c2)c2ccccc12,1,1,1.0
herg_blockade,O=C(Nc1cccc(C(=O)Nc2ccon2)c1)c1cnn(-c2ccccc2)c1,1,0,0.0
herg_blockade,O=C(Nc1cccc(C(c2ccc(C(=O)N3CCC3)cc2)N2CCN(Cc3ccccc3)CC2)c1)C1CC1,1,1,1.0
herg_blockade,O=C(Nc1cccc(C(c2ccccc2)N2CCN(Cc3ccccn3)CC2)c1)C1CC1,1,0,0.0
herg_blockade,O=C(Nc1cccc(C(c2ccccc2)N2CCN(Cc3cccnc3)CC2)c1)C1CCC1,1,0,0.0
herg_blockade,O=C(Nc1cccc(C(c2ccccc2)N2CCN(Cc3nccs3)CC2)c1)C1CC1,1,0,0.0
herg_blockade,O=C(Nc1cccc(C23COCC2CSC=N3)c1)c1ccccn1,1,0,0.0
herg_blockade,O=C(Nc1cccc(C23COCCC2CSC=N3)n1)c1ccccn1,1,1,1.0
herg_blockade,O=C(Nc1cccc(C2CC(c3cnoc3)SC=N2)c1)c1cnccn1,1,1,1.0
herg_blockade,O=C(Nc1cccc(CCN2CCN(c3cccc4ncccc34)CC2)c1)c1ccccc1,1,1,1.0
herg_blockade,O=C(Nc1cccc(CCN2CCN(c3cccc4ncccc34)CC2)c1)c1cscn1,1,1,1.0
herg_blockade,O=C(Nc1cccc(CN2CCNCC2)c1)c1cccc(C#Cc2cnc3ccnn3c2)c1,1,0,0.0
herg_blockade,O=C(Nc1cccc(N2CCN(CCCCNS(=O)(=O)CC3CCCCC3)CC2)c1)C1CC1,1,1,1.0
herg_blockade,O=C(Nc1cccc(N2Cc3cnc(Nc4ccn[nH]4)nc3NC2=O)c1)c1ccccc1,1,0,0.0
herg_blockade,O=C(Nc1cccc(NC(=O)c2ccncc2)c1)c1ccccc1,1,0,0.0
herg_blockade,O=C(Nc1cccc(Nc2ccc3c(C=Cc4ccccn4)n[nH]c3c2)c1)c1ccn[nH]1,1,0,0.0
herg_blockade,O=C(Nc1cccc(Nc2ccc3nc[nH]c(=O)c3c2)c1)c1ccccc1,1,0,0.0
herg_blockade,O=C(Nc1cccc(Nc2ncc(-c3cncnc3)cn2)c1)c1ccc(CN2CCCC2)cc1,1,0,0.0
herg_blockade,O=C(Nc1cccc(Nc2nccc(-c3cccnc3)n2)c1)c1ccc(CN2CCNCC2)cc1,1,0,0.0
herg_blockade,O=C(Nc1cccc(Nc2nccc(NCCc3c[nH]cn3)n2)c1)N1CCCC1,1,0,0.0
herg_blockade,O=C(Nc1cccc(Oc2cc3[nH]c(-c4cnon4)nc3cn2)c1)c1ccc(OCCN2CCOCC2)cc1,1,0,0.0
herg_blockade,O=C(Nc1cccc(Oc2ccc3nc(NC(=O)C4CC4)sc3n2)c1)c1cccc(C2CC2)c1,1,0,0.0
herg_blockade,O=C(Nc1cccc2c1OC1CCN(S(=O)(=O)c3ccccc3)CC1CN(Cc1ccccc1)C2=O)C1CC1,1,0,0.0
herg_blockade,O=C(Nc1cccc2ccccc12)NS(=O)(=O)c1ccc(OCCCN2CCCC2)cc1,1,0,0.0
herg_blockade,O=C(Nc1cccc2cccnc12)C1CCC(NCc2cc3c(cn2)OCCO3)CC1,1,1,1.0
herg_blockade,O=C(Nc1ccccc1)C1(C(=O)Nc2ccc(Oc3ccnc4cc(OCCCN5CCOCC5)ccc34)cc2)CC1,1,0,0.0
herg_blockade,O=C(Nc1ccccc1)C1(C(=O)Nc2ccc(Oc3ccnc4ccccc34)cc2)CC1,1,0,0.0
herg_blockade,O=C(Nc1ccccc1)C1CCCC[N+]1CC1CC1,1,0,0.0
herg_blockade,O=C(Nc1ccccc1)C1CCCN1C(=O)Nc1c[nH]c2ccccc12,1,0,0.0
herg_blockade,O=C(Nc1ccccc1)C1CCN1C(=O)CC1CCCCC1,1,0,0.0
herg_blockade,O=C(Nc1ccccc1)N(CCCN1CCNCC1)C1CC(c2ccc3c(c2)CNO3)C2CC21,1,1,1.0
herg_blockade,O=C(Nc1ccccc1)N(CCCN1CCNCC1)C1CC(c2ccccc2)C2CC21,1,1,1.0
herg_blockade,O=C(Nc1ccccc1)N(c1ccccc1)C1CCN(C2CCCC2)CC1,1,1,1.0
herg_blockade,O=C(Nc1ccccc1)N1CCC(Oc2ccccc2)CC1,1,0,0.0
herg_blockade,O=C(Nc1ccccc1)N1CCC(c2nc(-c3ccccn3)no2)CC1,1,1,1.0
herg_blockade,O=C(Nc1ccccc1)N1CCN(C(=O)C2CCCNC2)CC1,1,1,1.0
herg_blockade,O=C(Nc1ccccc1)N1CCN(C(=O)C2CN(C3CC3)CCN2)CC1,1,0,0.0
herg_blockade,O=C(Nc1ccccc1)N1CCN(C(=O)C2CNCCO2)CC1,1,1,1.0
herg_blockade,O=C(Nc1ccccc1)N1CCN(CC2CCCN(CC3CC3)C2)CC1,1,1,1.0
herg_blockade,O=C(Nc1ccccc1)N1CCN(CC2CCCN(CCCc3ccccc3)C2)CC1,1,1,1.0
herg_blockade,O=C(Nc1ccccc1)N1CCN(CC2CCCN(CCc3ccccc3)C2)CC1,1,1,1.0
herg_blockade,O=C(Nc1ccccc1)N1CCN(CC2CCCN(Cc3ccccc3)C2)CC1,1,1,1.0
herg_blockade,O=C(Nc1ccccc1)N1CCN(CC2CN(C3CC3)CCO2)CC1,1,0,0.0
herg_blockade,O=C(Nc1ccccc1)N1CCN(c2ccccn2)CC1,1,1,1.0
herg_blockade,O=C(Nc1ccccc1)N1CCN(c2ncnc3cc(OCCCN4CCCCC4)ccc23)CC1,1,0,0.0
herg_blockade,O=C(Nc1ccccc1)N1CCNCC1COc1cccnc1,1,0,0.0
herg_blockade,O=C(Nc1ccccc1)N1CCc2nc(-c3ccc4c(c3)OCO4)nc(-c3ccccc3)c2C1,1,1,1.0
herg_blockade,O=C(Nc1ccccc1)N1CCc2nc(-c3cccnc3)nc(-c3ccccc3)c2C1,1,1,1.0
herg_blockade,O=C(Nc1ccccc1)N1CCc2nc(-c3cnoc3)nc(-c3ccccc3)c2C1,1,1,1.0
herg_blockade,O=C(Nc1ccccc1)NC1CCC(CC(=O)N2CCSC2)CC1,1,1,1.0
herg_blockade,O=C(Nc1ccccc1)NC1CCN(Cc2ccn(-c3ccccc3)c2)CC1,1,1,1.0
herg_blockade,O=C(Nc1ccccc1)NC1CCN(c2ccccn2)C1,1,0,0.0
herg_blockade,O=C(Nc1ccccc1)Nc1cc(Nc2ccc(N3CCNCC3)cc2)ncn1,1,0,0.0
herg_blockade,O=C(Nc1ccccc1)Nc1cc2c(s1)CC1CCC2N1,1,1,1.0
herg_blockade,O=C(Nc1ccccc1)Nc1cc2c(s1)C[N+]1(CCCC1)CC2,1,1,1.0
herg_blockade,O=C(Nc1ccccc1)Nc1cc2c(s1)C[N+]1(CCOCC1)CC2,1,0,0.0
herg_blockade,O=C(Nc1ccccc1)Nc1cc2c(s1)C[NH2+]C2,1,1,1.0
herg_blockade,O=C(Nc1ccccc1)Nc1cc2c(s1)C[NH2+]CC2,1,1,1.0
herg_blockade,O=C(Nc1ccccc1)Nc1ccc(-c2ccc(C(=O)C3CCCC3)cc2)cc1,1,0,0.0
herg_blockade,O=C(Nc1ccccc1)Nc1ccc(-c2cccc3[nH]ncc23)cc1,1,0,0.0
herg_blockade,O=C(Nc1ccccc1)Nc1ccc(-c2csc3c(-c4cn[nH]c4)cncc23)cc1,1,1,1.0
herg_blockade,O=C(Nc1ccccc1)Nc1ccc(-c2nc(N3CCOCC3)c3cc[nH]c3n2)cc1,1,0,0.0
herg_blockade,O=C(Nc1ccccc1)Nc1ccc(-c2nccc(N3CCOCC3)n2)cc1,1,0,0.0
herg_blockade,O=C(Nc1ccccc1)Nc1ccc(Oc2ccnc3ccccc23)cc1,1,0,0.0
herg_blockade,O=C(Nc1ccccc1)Nc1ccc(Oc2ccncc2)cc1,1,0,0.0
herg_blockade,O=C(Nc1ccccc1)Nc1cccc(CCN2CCN(c3cccc4ncccc34)CC2)c1,1,1,1.0
herg_blockade,O=C(Nc1ccccc1)Nc1cccc(Nc2ccc3c(c2)NC(=O)C3=Cc2ccc[nH]2)c1,1,0,0.0
herg_blockade,O=C(Nc1ccccc1)Nc1ccccc1-c1nnn[nH]1,1,0,0.0
herg_blockade,O=C(Nc1ccccc1)Nc1cccn(Cc2ccccc2)c1=O,1,0,0.0
herg_blockade,O=C(Nc1ccccc1)Nc1cccnc1Oc1cccc2c1CNC2,1,1,1.0
herg_blockade,O=C(Nc1ccccc1)Nc1n[nH]c2ccc(-c3ccccc3)cc12,1,0,0.0
herg_blockade,O=C(Nc1ccccc1)Nc1ncc(CCNc2ncnc3ccsc23)s1,1,0,0.0
herg_blockade,O=C(Nc1ccccc1)Nc1nnc(-c2ccncc2)s1,1,0,0.0
herg_blockade,O=C(Nc1ccccc1)OCc1ccc2ccccc2c1,1,0,0.0
herg_blockade,O=C(Nc1ccccc1)c1[nH]c2ccccc2c1C1CCC[N+]C1,1,1,1.0
herg_blockade,O=C(Nc1ccccc1)c1cc(-c2ccccc2)n(CCCN2CCOCC2)c1,1,1,1.0
herg_blockade,O=C(Nc1ccccc1)c1cc(NCc2cccnc2)ncn1,1,1,1.0
herg_blockade,O=C(Nc1ccccc1)c1cc2ccccc2[nH]c1=O,1,0,0.0
herg_blockade,O=C(Nc1ccccc1)c1ccc(-c2ccccn2)cc1,1,0,0.0
herg_blockade,O=C(Nc1ccccc1)c1ccc(CNc2nccc(-c3ccccc3)n2)cc1,1,0,0.0
herg_blockade,O=C(Nc1ccccc1)c1ccc(CNc2nccc(-c3cccnc3)n2)cc1,1,0,0.0
herg_blockade,O=C(Nc1ccccc1)c1ccc(N2CCC3(CC2)C(=O)NCN3c2ccccc2)nc1,1,0,0.0
herg_blockade,O=C(Nc1ccccc1)c1ccc(N2CCC3(CC2)CNCc2ccccc23)nc1,1,1,1.0
herg_blockade,O=C(Nc1ccccc1)c1ccc(N2CCC3(CC2)CNc2ccccc23)nc1,1,0,0.0
herg_blockade,O=C(Nc1ccccc1)c1ccc(N2CCC3(CCN(S(=O)(=O)c4ccccc4)C3)C2)nc1,1,0,0.0
herg_blockade,O=C(Nc1ccccc1)c1ccc(N2CCC3(CCNC3)CC2)nc1,1,0,0.0
herg_blockade,O=C(Nc1ccccc1)c1ccc(Nc2ccnc(Nc3ccc(CC(=O)N4CCNCC4)cc3)n2)cc1,1,0,0.0
herg_blockade,O=C(Nc1ccccc1)c1cccc(-c2ccc3nc(NCCN4CCOCC4)ncc3c2)c1,1,1,1.0
herg_blockade,O=C(Nc1ccccc1)c1cccc(NC(=O)c2ccno2)c1,1,0,0.0
herg_blockade,O=C(Nc1ccccc1)c1cccc(Nc2nc(-c3cccnc3)nc3[nH]ncc23)c1,1,0,0.0
herg_blockade,O=C(Nc1ccccc1)c1cccc(Oc2ncccc2-c2ccncn2)c1,1,0,0.0
herg_blockade,O=C(Nc1ccccc1)c1cccc(S(=O)(=O)N2CCCCCC2)c1,1,0,0.0
herg_blockade,O=C(Nc1ccccc1)c1ccccc1,1,0,0.0
herg_blockade,O=C(Nc1ccccc1)c1cnc(Nc2cc(N3CCNCC3)ncn2)s1,1,0,0.0
herg_blockade,O=C(Nc1ccccc1)c1cncc(-c2ccccc2)c1,1,0,0.0
herg_blockade,O=C(Nc1ccccc1)c1cncc(-c2ccccc2)n1,1,0,0.0
herg_blockade,O=C(Nc1ccccc1)c1cncs1,1,1,1.0
herg_blockade,O=C(Nc1ccccc1)c1nn(-c2ccccc2)c(=Nc2cc(-c3ccccc3)cc(-c3ccccc3)n2)s1,1,1,1.0
herg_blockade,O=C(Nc1ccccc1)c1sccc1NCc1ccnc2ccccc12,1,0,0.0
herg_blockade,O=C(Nc1ccccc1)n1ccc2cc(Oc3ccncn3)ccc21,1,1,1.0
herg_blockade,O=C(Nc1ccccc1)n1ccc2cc(Oc3ncnc4c3CNC4)ccc21,1,0,0.0
herg_blockade,O=C(Nc1ccccc1-c1cn2c(CN3CCNCC3)csc2n1)c1cnc2ccccc2n1,1,0,0.0
herg_blockade,O=C(Nc1ccccc1CCC1CCCCN1)c1ccccc1,1,1,1.0
herg_blockade,O=C(Nc1ccccc1N1CCN(Cc2ccccn2)CC1)c1ccc(-c2ccncc2)o1,1,1,1.0
herg_blockade,O=C(Nc1ccccc1N1CCNCC1)c1ccc(-c2ccncc2)o1,1,1,1.0
herg_blockade,O=C(Nc1ccccn1)C(COC1CCC1)Oc1ncnc2c1cnn2-c1ccccn1,1,0,0.0
herg_blockade,O=C(Nc1ccccn1)C1=Cc2sccc2S(=O)(=O)N1,1,0,0.0
herg_blockade,O=C(Nc1ccccn1)C1CC2CC2N1C(=O)Cn1ncc2ccccc21,1,0,0.0
herg_blockade,O=C(Nc1ccccn1)c1cc(Oc2cncnc2)ccn1,1,0,0.0
herg_blockade,O=C(Nc1ccccn1)c1ccc(-c2ccccc2)o1,1,0,0.0
herg_blockade,O=C(Nc1ccccn1)c1ccc(-c2nc(C34CCC(CC3)CC4)n3ccncc23)cc1,1,0,0.0
herg_blockade,O=C(Nc1ccccn1)c1ccc(-c2nc(C3CCCN(C(=O)C4CC4)C3)n3ccncc23)cc1,1,1,1.0
herg_blockade,O=C(Nc1ccccn1)c1ccc(-c2nc(C3CCCN(C(=O)C4COC4)C3)n3ccncc23)cc1,1,1,1.0
herg_blockade,O=C(Nc1ccccn1)c1ccc(-c2nc(C3CCCN(C4CCOCC4)C3)n3ccncc23)cc1,1,1,1.0
herg_blockade,O=C(Nc1ccccn1)c1ccc(-c2nc(C3CCN(C(=O)C4COC4)C3)n3ccncc23)cc1,1,1,1.0
herg_blockade,O=C(Nc1ccccn1)c1ccc(-c2nc(C3CN(C(=O)C4CCC4)CCO3)n3ccncc23)cc1,1,0,0.0
herg_blockade,O=C(Nc1ccccn1)c1ccc(-c2nc(C3CN(C(=O)C4COC4)C3)n3ccncc23)cc1,1,1,1.0
herg_blockade,O=C(Nc1ccccn1)c1ccc(-c2nc(C3CN(C(=O)C4COC4)CCO3)n3ccncc23)cc1,1,0,0.0
herg_blockade,O=C(Nc1ccccn1)c1ccc(-c2nc(C3CN(C4CCOCC4)CCO3)n3ccncc23)cc1,1,1,1.0
herg_blockade,O=C(Nc1ccccn1)c1ccc(-c2nc(C3CNCCS3)n3ccncc23)cc1,1,1,1.0
herg_blockade,O=C(Nc1ccccn1)c1cn(-c2cccc(-c3ccccc3)c2)c2ncccc2c1=O,1,1,1.0
herg_blockade,O=C(Nc1cccnc1)C1CCCN1c1nc(Nc2cc(C3CC3)[nH]n2)c2cccn2n1,1,0,0.0
herg_blockade,O=C(Nc1cccnc1)C1CCCN1c1nc(Nc2cc(C3CC3)n[nH]2)c2cccn2n1,1,0,0.0
herg_blockade,O=C(Nc1ccnc(Nc2ccncn2)c1)c1ccccc1,1,0,0.0
herg_blockade,O=C(Nc1ccnc2[nH]ccc12)c1ccccc1,1,0,0.0
herg_blockade,O=C(Nc1ccncc1)C1CCCCC1,1,0,0.0
herg_blockade,O=C(Nc1ccncc1)c1cn(-c2cccc(-c3ccccc3)c2)c2ncccc2c1=O,1,1,1.0
herg_blockade,O=C(Nc1ccncc1)c1cn(-c2ccccc2)c2ncccc2c1=O,1,1,1.0
herg_blockade,O=C(Nc1ccon1)c1cnc2cc(Oc3ncnc4c3CNC4)ccn12,1,1,1.0
herg_blockade,O=C(Nc1ccon1)n1ccc2cc(Oc3ncnc4c3CNC4)ccc21,1,0,0.0
herg_blockade,O=C(Nc1ccon1)n1ccc2cc(Oc3ncnc4c3CNC4)cnc21,1,1,1.0
herg_blockade,O=C(Nc1ccon1)n1ccc2nc(Oc3ncnc4c3CNC4)ccc21,1,0,0.0
herg_blockade,O=C(Nc1ccon1)n1ccc2ncc(OC3=NC=NC4CNCC34)cc21,1,0,0.0
herg_blockade,O=C(Nc1ccon1)n1ccc2ncc(Oc3ncnc4c3CNC4)cc21,1,0,0.0
herg_blockade,O=C(Nc1ccon1)n1ncc2cc(Oc3ncnc4c3CNC4)ccc21,1,1,1.0
herg_blockade,O=C(Nc1cnccc1C1CCCCC1)c1cccc(-c2ccccc2)n1,1,0,0.0
herg_blockade,O=C(Nc1cnccn1)C(CN1CCC1)Oc1ncnc2c1cnn2-c1ccccc1,1,0,0.0
herg_blockade,O=C(Nc1cnccn1)C(COC1CCC1)Oc1ncnc2c1cnn2-c1ccccc1,1,0,0.0
herg_blockade,O=C(Nc1cnccn1)C(COC1CCC1)Oc1ncnc2c1cnn2-c1ccccn1,1,0,0.0
herg_blockade,O=C(Nc1cnccn1)Nc1ccccc1OCC1CNCCO1,1,0,0.0
herg_blockade,O=C(Nc1cnccn1)c1cc(Oc2ccc(C(=O)N3CCC3)nc2)c2c[nH]nc2c1,1,0,0.0
herg_blockade,O=C(Nc1cnccn1)c1cccc(Oc2ccc(C(=O)N3CCC3)cn2)c1,1,0,0.0
herg_blockade,O=C(Nc1cnccn1)c1cccc(Oc2ccc(C(=O)N3CCC3)nc2)c1,1,0,0.0
herg_blockade,O=C(Nc1cnccn1)c1cccc(Oc2cnc(C(=O)N3CCC3)cn2)c1,1,0,0.0
herg_blockade,O=C(Nc1cncnc1)c1ccccc1,1,0,0.0
herg_blockade,O=C(Nc1cnoc1)Nc1ccc2c(c1)C(=O)NCCC(CNS(=O)(=O)c1ccccc1)OCCCCCO2,1,0,0.0
herg_blockade,O=C(Nc1conc1-c1ccccc1)OCc1ccccc1,1,0,0.0
herg_blockade,O=C(Nc1csc(C23COCCC2CSC=N3)c1)c1ccccn1,1,1,1.0
herg_blockade,O=C(Nc1n[nH]c2c1CN(C(=O)Cc1ccccc1)C2)c1ccc(N2CCNCC2)cc1,1,0,0.0
herg_blockade,O=C(Nc1n[nH]c2c1CN(C(=O)Nc1ccccc1)C2)c1ccc(N2CCNCC2)cc1,1,0,0.0
herg_blockade,O=C(Nc1nc(-c2ccccc2)cs1)C1CCCCC1S(=O)(=O)c1ccccc1,1,0,0.0
herg_blockade,O=C(Nc1nc(-c2ccccc2)cs1)C1CCCCN1S(=O)(=O)c1ccccc1,1,0,0.0
herg_blockade,O=C(Nc1nc(C(=O)NC(=O)c2cscn2)cs1)c1ccccc1,1,0,0.0
herg_blockade,O=C(Nc1nc2c(s1)-c1ncsc1CC2)N1CCCC1,1,1,1.0
herg_blockade,O=C(Nc1nc2cc(CN3CCOCC3)ccc2[nH]1)c1ccc(-c2cn[nH]c2)s1,1,0,0.0
herg_blockade,O=C(Nc1nc2ccc(NC(=O)C3C4CC5CC(C4)CC3C5)cc2s1)c1ccccc1,1,0,0.0
herg_blockade,O=C(Nc1nc2ccc(Oc3ccncc3)cc2s1)c1ccccc1,1,0,0.0
herg_blockade,O=C(Nc1nc2cccc(-c3ccc(CN4CCS(=O)(=O)CC4)cc3)n2n1)C1CC1,1,0,0.0
herg_blockade,O=C(Nc1nc2ccccc2[nH]1)c1ccc(-c2cn[nH]c2)s1,1,0,0.0
herg_blockade,O=C(Nc1nc2ccccc2[nH]1)c1ccccc1,1,0,0.0
herg_blockade,O=C(Nc1nc2ccccc2n1CCN1CCOCC1)c1ccccc1,1,0,0.0
herg_blockade,O=C(Nc1nc2ccccc2n1CCc1ccccc1)c1ccc(-c2cn[nH]c2)s1,1,0,0.0
herg_blockade,O=C(Nc1nc2ccccc2s1)N1CCN(c2cccnn2)CC1,1,1,1.0
herg_blockade,O=C(Nc1nc2ccccc2s1)c1ccn[nH]1,1,0,0.0
herg_blockade,O=C(Nc1nc2ccccn2n1)c1cccnc1,1,0,0.0
herg_blockade,O=C(Nc1ncc(-c2ccccc2)[nH]1)c1cccnc1,1,1,1.0
herg_blockade,O=C(Nc1ncc(-c2ccncc2)s1)N1CCCC1,1,0,0.0
herg_blockade,O=C(Nc1ncc(-c2ccnn2-c2ccccc2)s1)C1CC1,1,0,0.0
herg_blockade,O=C(Nc1ncc(-c2cscn2)s1)N1CCCC1,1,0,0.0
herg_blockade,O=C(Nc1ncc(SCc2ncco2)s1)C1CCNCC1,1,0,0.0
herg_blockade,O=C(Nc1nccc(N2CCOCC2)n1)c1ccno1,1,0,0.0
herg_blockade,O=C(Nc1nccs1)C(CC1CCCC1)c1ccccc1,1,0,0.0
herg_blockade,O=C(Nc1nccs1)NC1CNCCC1CN1CCCC(Cc2ccccc2)C1,1,1,1.0
herg_blockade,O=C(Nc1nccs1)c1cc2cc3c(nc2s1)CCC3,1,0,0.0
herg_blockade,O=C(Nc1nccs1)c1cccc(Oc2ccc(C(=O)N3CCC3)cc2)c1,1,1,1.0
herg_blockade,O=C(Nc1nccs1)c1cccc(Oc2ccccc2)c1,1,1,1.0
herg_blockade,O=C(Nc1nccs1)c1ccnn1Cc1ccccc1,1,1,1.0
herg_blockade,O=C(Nc1ncns1)c1cccc(Oc2ccc(C(=O)N3CCC3)cc2)c1,1,0,0.0
herg_blockade,O=C(Nc1ncns1)c1cccc(Oc2ccccc2)c1,1,1,1.0
herg_blockade,O=C(Nc1nn[nH]n1)c1ccc(CN2C(=O)N(c3ccccc3)CCC23CCCCC3)cc1,1,1,1.0
herg_blockade,O=C(Nc1nnc(-c2ccco2)o1)c1cc(-c2ccccc2)nc2ccccc12,1,0,0.0
herg_blockade,O=C(Nc1nncs1)c1cc(NCc2ccccc2)ncn1,1,1,1.0
herg_blockade,O=C(Nc1nncs1)c1cc(NCc2cccnc2)ncn1,1,0,0.0
herg_blockade,O=C(Nc1nnn[nH]1)c1ccc(CN(c2nc3ccccc3[nH]2)C2CCCCC2)cc1,1,0,0.0
herg_blockade,O=C(OC(C(=O)N1N=CCC1C(=O)NCc1ccccc1-n1cnnn1)c1ccccc1)c1ccccc1,1,1,1.0
herg_blockade,O=C(OC12CCCC34C5CC6CCC(C5C6)C(CC13)C4NC2)c1ccccc1,1,0,0.0
herg_blockade,O=C(OC1C2CCC3C4CC5C6CCCC5(C(C2)C31)C4NC6)c1ccccc1,1,0,0.0
herg_blockade,O=C(OC1CC2CC3CC(C1)N2CC3=O)C1=c2ccccc2=NC1,1,1,1.0
herg_blockade,O=C(OC1CC2CC3CC(C1)[N+]2CC3=O)C1=c2ccccc2=NC1,1,0,0.0
herg_blockade,O=C(OC1CC2CC3CC[N+]2C(C3)C1)c1c[nH]c2ccccc12,1,0,0.0
herg_blockade,O=C(OC1CC2CCC(C1)[NH+]2)c1ccccc1,1,0,0.0
herg_blockade,O=C(OC1CCC2CC3c4[nH]c5ccccc5c4CCN3CC2C1)c1ccccc1,1,1,1.0
herg_blockade,O=C(OC1CCNCC1)C(c1ccccc1)c1ccccc1,1,0,0.0
herg_blockade,O=C(OC1Cc2ccccc2C1)N1CCC(CNc2ncccn2)CC1,1,1,1.0
herg_blockade,O=C(OCC(=O)c1c[nH]c2ccccc12)c1cccc(S(=O)(=O)Nc2ccc3c(c2)OCO3)c1,1,0,0.0
herg_blockade,O=C(OCC12C3OC4CC(O3)C1(OC1CCCCO1)CC42)c1ccccc1,1,0,0.0
herg_blockade,O=C(OCC1CCN(CC2CCCC2)CC1)c1c2n(c3ccccc13)CCCO2,1,0,0.0
herg_blockade,O=C(OCC1CCN(Cc2ccc(-c3ccccc3-c3nnn[nH]3)cc2)CC1)c1c2n(c3ccccc13)CCCO2,1,0,0.0
herg_blockade,O=C(OCC1CCNCC1)c1c2n(c3ccccc13)CCCO2,1,0,0.0
herg_blockade,O=C(OCC1CCOCC1)N1CC2CC(NC3CCOCC3)CC2(C(=O)N2CCc3ncccc3C2)C1,1,0,0.0
herg_blockade,O=C(OCCC1CCOCC1)N1CC2CC(NC3CCOCC3)CC2(C(=O)N2CCc3ncccc3C2)C1,1,0,0.0
herg_blockade,O=C(OCCN1CCCC1)N1CC2CC(NC3CCOCC3)CC2(C(=O)N2CCc3ncccc3C2)C1,1,0,0.0
herg_blockade,O=C(OCCN1CCCCC1)c1cccc2c(=O)cc(-c3ccccc3)oc12,1,0,0.0
herg_blockade,O=C(OCCN1CCOCC1)N1CC2CC(NC3CCOCC3)CC2(C(=O)N2CCc3ncccc3C2)C1,1,0,0.0
herg_blockade,O=C(OCCNCc1ccccc1)C1=CNC=CC1c1ccccc1,1,1,1.0
herg_blockade,O=C(OCCc1ccccc1)N1CCC(CNc2ncccn2)CC1,1,0,0.0
herg_blockade,O=C(OCc1ccccc1)N1CC2CC(NC3CCOCC3)CC2(C(=O)N2CCc3ncccc3C2)C1,1,0,0.0
herg_blockade,O=C(OCc1ccccc1)N1CCC(CNC2N=CC=[SH]2)CC1,1,1,1.0
herg_blockade,O=C(OCc1ccccc1)N1CCC(CNc2ccccn2)CC1,1,1,1.0
herg_blockade,O=C(OCc1ccccc1)N1CCC(CNc2cccnc2)CC1,1,1,1.0
herg_blockade,O=C(OCc1ccccc1)N1CCC(CNc2ccncc2)CC1,1,1,1.0
herg_blockade,O=C(OCc1ccccc1)N1CCC(CNc2ccncn2)CC1,1,0,0.0
herg_blockade,O=C(OCc1ccccc1)N1CCC(CNc2cnccn2)CC1,1,1,1.0
herg_blockade,O=C(OCc1ccccc1)N1CCC(CNc2nccs2)CC1,1,1,1.0
herg_blockade,O=C(OCc1ccccc1)N1CCC(CNc2ncns2)CC1,1,0,0.0
herg_blockade,O=C(OCc1ccccc1)N1CCC(CNc2nncs2)CC1,1,0,0.0
herg_blockade,O=C(OCc1ccccc1)N1CCC(COc2ncccn2)CC1,1,0,0.0
herg_blockade,O=C(OCc1ccccc1)N1CCC(Cc2nc3ccccc3[nH]2)CC1,1,1,1.0
herg_blockade,O=C(OCc1ccccc1)N1CCC(Nc2ncccn2)CC1,1,0,0.0
herg_blockade,O=C(OCc1ccccc1)c1cscc1-c1ccccc1,1,1,1.0
herg_blockade,O=C(OCc1csc(Nc2ccccc2)n1)C1CC(=O)N(c2cccc3ccccc23)C1,1,0,0.0
herg_blockade,O=C(Oc1ccc(S(=O)(=O)C2CCC3(CCNCC3)C2)cc1)c1ccccc1,1,0,0.0
herg_blockade,O=C(Oc1cccc2oc(-c3ccccc3)cc(=O)c12)c1ccccc1,1,1,1.0
herg_blockade,O=C(Oc1ccccc1)C1CC2CCC(C1)N2,1,1,1.0
herg_blockade,O=C(Oc1ccccc1)N(c1ccccc1)c1ccnc(Nc2ccc(N3CCNCC3)cc2)n1,1,0,0.0
herg_blockade,O=C(Oc1ccccc1)N1CC2CC(NC3CCOCC3)CC2(C(=O)N2CCc3ncccc3C2)C1,1,0,0.0
herg_blockade,O=C(c1c(NC2CCN(Cc3ccc4c(c3)OCO4)CC2)c2ccccc2[nH]c1=O)N1CCCC1,1,1,1.0
herg_blockade,O=C(c1c[nH]cn1)N(Cc1cccc(OC2CCCC2)c1)C1CC2CNCC2C1,1,1,1.0
herg_blockade,O=C(c1c[nH]cn1)N(Cc1ccccc1)C1CC2CN(CCc3ccccc3)CC2C1,1,1,1.0
herg_blockade,O=C(c1c[nH]cn1)N(Cc1ccccc1)CC1CCCCC1,1,0,0.0
herg_blockade,O=C(c1cc(-c2ccccc2)[nH]n1)N1CCC(Oc2ccc(CN3CCCC3)cc2)CC1,1,1,1.0
herg_blockade,O=C(c1cc(-c2ccccc2)on1)N1CCC(Oc2ccc(CN3CCCC3)cc2)CC1,1,1,1.0
herg_blockade,O=C(c1cc(C2CCCN2c2ccccc2)c2oc(N3CCOCC3)cc(=O)c2c1)N1CCOCC1,1,0,0.0
herg_blockade,O=C(c1cc(OCc2ccno2)n(-c2ccccc2)n1)N1CCCCC1,1,1,1.0
herg_blockade,O=C(c1cc2c(nc(Nc3cc[nH]n3)c3nc[nH]c32)[nH]1)N(C1CC1)C1CC1,1,0,0.0
herg_blockade,O=C(c1cc2ccccc2[nH]1)N1CCCCC1,1,0,0.0
herg_blockade,O=C(c1cc2ccccc2cn1)N1CCC(C(=O)N2CCCC2)C1,1,0,0.0
herg_blockade,O=C(c1cc2ccncc2[nH]1)N1CCc2ccccc2C1,1,0,0.0
herg_blockade,O=C(c1cc[nH+]cc1)N1CCC(N2CCC(N(c3ccccc3)c3cccnc3)CC2)CC1,1,1,1.0
herg_blockade,O=C(c1cc[nH+]cc1)N1CCC2(CCN(Cc3cccc(Oc4ccccc4)c3)CC2)CC1,1,0,0.0
herg_blockade,O=C(c1cc[nH+]cc1)N1CCC2(CCN(Cc3ccccc3Oc3ccccc3)CC2)CC1,1,1,1.0
herg_blockade,O=C(c1ccc(-c2ccccc2)cc1)N1CCc2ncnc(N3CCCCC3)c2C1,1,1,1.0
herg_blockade,O=C(c1ccc(-c2ccccc2)cc1)N1CCn2c(nnc2-c2ccccn2)C1,1,0,0.0
herg_blockade,O=C(c1ccc(-c2ccccc2)cc1)N1CCn2c(nnc2-c2cscn2)C1,1,0,0.0
herg_blockade,O=C(c1ccc(-c2cccs2)cc1)N1CCn2c(nnc2-c2cnccn2)C1,1,1,1.0
herg_blockade,O=C(c1ccc(-c2cccs2)cc1)N1CCn2c(nnc2-c2csc(-c3ccccc3)n2)C1,1,1,1.0
herg_blockade,O=C(c1ccc(-c2cccs2)cc1)N1CCn2c(nnc2-c2ncns2)C1,1,1,1.0
herg_blockade,O=C(c1ccc(-c2cnc3ccc(-c4ccccc4)nn23)cc1)N1CCCC1,1,0,0.0
herg_blockade,O=C(c1ccc(-c2cncc(-c3ccccc3)c2)cc1)N1CCOCC1,1,1,1.0
herg_blockade,O=C(c1ccc(-c2cncc(-c3ccccc3)n2)cc1)N1CCOCC1,1,0,0.0
herg_blockade,O=C(c1ccc(-c2cncc(-c3cccnc3)n2)cc1)N1CCOCC1,1,0,0.0
herg_blockade,O=C(c1ccc(C(=O)N2CCC(N3CCCC3)CC2)c(Nc2ccccc2)c1)N1CCC(N2CCCC2)CC1,1,0,0.0
herg_blockade,O=C(c1ccc(C(=O)N2CCN(c3ccc(OC4CCN(C5CCC5)CC4)cc3)C(=O)C2)cc1)N1CCC1,1,0,0.0
herg_blockade,O=C(c1ccc(C(=O)N2CCN(c3ccc(OCCCN4CCCCC4)cc3)C(=O)C2)cc1)N1CCC1,1,0,0.0
herg_blockade,O=C(c1ccc(C(c2ccccc2)N2CCN(Cc3cccnc3)CC2)cc1)N1CCC1,1,0,0.0
herg_blockade,O=C(c1ccc(C2=CC3(CCNCC3)Oc3ccccc32)cc1)N1CCCC1,1,0,0.0
herg_blockade,O=C(c1ccc(C2=CC3(CCNCC3)Oc3ccccc32)cc1)N1CCCCC1,1,1,1.0
herg_blockade,O=C(c1ccc(C2=CC3(CCNCC3)Oc3ccccc32)cc1)N1CCOCC1,1,0,0.0
herg_blockade,O=C(c1ccc(C2=CC3(CCNCC3)Oc3ccccc32)cc1)N1Cc2ccccc2C1,1,1,1.0
herg_blockade,O=C(c1ccc(C=Cc2n[nH]c3ccccc23)cc1)N1CCNCC1,1,0,0.0
herg_blockade,O=C(c1ccc(CC2CCC(Cc3ccccc3)N2)cc1)N1CC2C(C1)C2c1nn[nH]n1,1,0,0.0
herg_blockade,O=C(c1ccc(CC2CCC(Cc3ccccc3)N2)cc1)N1CCN(Cc2cccc(-c3ncno3)n2)CC1,1,0,0.0
herg_blockade,O=C(c1ccc(CC2CCC(Cc3ccccc3)N2)cc1)N1CCN(Cc2cccc(-c3nnco3)n2)CC1,1,0,0.0
herg_blockade,O=C(c1ccc(CC2CCC(Cc3ccccc3)N2)cc1)N1CCN(Cc2ccccn2)CC1,1,0,0.0
herg_blockade,O=C(c1ccc(CC2CCC(Cc3ccccc3)N2)cc1)N1CCN(Cc2nnn(CC3CC3)n2)CC1,1,0,0.0
herg_blockade,O=C(c1ccc(CN2CCC(c3ccccc3)CC2)cc1)c1nc2ccccc2n1C1CCOCC1,1,1,1.0
herg_blockade,O=C(c1ccc(CN2CCC(c3ccccc3)CC2)cc1)c1nccn1-c1ccccc1,1,1,1.0
herg_blockade,O=C(c1ccc(CN2CCCCC2)cc1)N1CCN(C2CC2)CC1,1,0,0.0
herg_blockade,O=C(c1ccc(CN2CCCCC2)cc1)N1CCN(C2CCC2)CC1,1,0,0.0
herg_blockade,O=C(c1ccc(CN2CCOCC2)cc1)N1CCN(C2CC2)CC1,1,0,0.0
herg_blockade,O=C(c1ccc(CN2CCOCC2)cc1)N1CCN(C2CCC2)CC1,1,0,0.0
herg_blockade,O=C(c1ccc(CN2CCOCC2)cc1)N1CCNCC1,1,0,0.0
herg_blockade,O=C(c1ccc(Nc2nc(-c3cncs3)cs2)nc1)N1C2CCC1CN(c1ncccn1)C2,1,0,0.0
herg_blockade,O=C(c1ccc(Nc2nccc(-c3cc4ccccc4s3)n2)cc1)N1CCC(N2CCCC2)CC1,1,0,0.0
herg_blockade,O=C(c1ccc(Nc2nccc(-c3cnc4ccccn34)n2)cc1)N1CCOCC1,1,1,1.0
herg_blockade,O=C(c1ccc(Nc2nccc(-c3cnc[nH]3)n2)cc1)N1CCCNCC1,1,0,0.0
herg_blockade,O=C(c1ccc(Nc2ncccn2)cc1)N1CCOCC1,1,0,0.0
herg_blockade,O=C(c1ccc(Nc2nccn3c(-c4cn[nH]c4)cnc23)cc1)N1CCNCC1,1,0,0.0
herg_blockade,O=C(c1ccc(OC2CC(N3CCCCC3)C2)cc1)N1CCCC1,1,0,0.0
herg_blockade,O=C(c1ccc(OC2CC(N3CCCCC3)C2)cc1)N1CCNCC1,1,0,0.0
herg_blockade,O=C(c1ccc(OC2CC(N3CCCCC3)C2)cc1)N1CCOCC1,1,0,0.0
herg_blockade,O=C(c1ccc(OCCN2CCCC2)cc1)c1coc2ccccc12,1,1,1.0
herg_blockade,O=C(c1ccc(OCCN2CCCCC2)cc1)c1c(-c2ccccc2)sc2ccccc12,1,1,1.0
herg_blockade,O=C(c1ccc(OCCN2CCCCC2)cc1)c1coc2ccccc12,1,1,1.0
herg_blockade,O=C(c1ccc(OCCN2CCOCC2)cc1)N1C=Cc2[nH]c3ccccc3c2CC1,1,0,0.0
herg_blockade,O=C(c1ccc(Oc2ccc(S(=O)(=O)C3CCC4(CCNCC4)C3)cc2)cc1)N1CCCC1,1,0,0.0
herg_blockade,O=C(c1ccc(Oc2ccccc2)cn1)N1CCCN(C2CCC2)CC1,1,1,1.0
herg_blockade,O=C(c1ccc2[nH]ccc2c1)N1CCN(Cc2ccccc2)CC1,1,0,0.0
herg_blockade,O=C(c1ccc2c(c1)Cc1c-2n[nH]c1-c1csc(C#CCOc2ccccc2)c1)N1CCNCC1,1,1,1.0
herg_blockade,O=C(c1ccc2ccccc2c1)N(C1CCC1)C1CCNCC1,1,0,0.0
herg_blockade,O=C(c1ccc2ncccc2c1)N1CCC(N2CCC(Cc3ccccc3)CC2)CC1,1,1,1.0
herg_blockade,O=C(c1ccc2ncsc2c1)N1CCC(C(=O)N2CCCC2)C1,1,0,0.0
herg_blockade,O=C(c1ccc[nH+]c1)N1CCC(N2CCC(N(Cc3cscn3)c3ccccc3)CC2)CC1,1,0,0.0
herg_blockade,O=C(c1ccc[nH+]c1)N1CCC(N2CCC(N(c3ccccc3)c3cccnc3)CC2)CC1,1,0,0.0
herg_blockade,O=C(c1ccc[nH]c1=O)N1CCC(NCc2cncn2Cc2ccccc2)C1,1,0,0.0
herg_blockade,O=C(c1ccc[nH]c1=S)N1CCC(NCc2cncn2Cc2ccccc2)C1,1,0,0.0
herg_blockade,O=C(c1ccc[nH]c1=S)N1CCC(NCc2cncn2Cc2ccccc2)C1=O,1,0,0.0
herg_blockade,O=C(c1cccc(Cc2c[nH]c(=O)c3cccn23)c1)N1CCC(N2CCCC2)CC1,1,1,1.0
herg_blockade,O=C(c1cccc(Cc2c[nH]c(=O)c3cccn23)c1)N1CCC2(CCCN2)CC1,1,0,0.0
herg_blockade,O=C(c1cccc(Cc2c[nH]c(=O)c3cccn23)c1)N1CCNCC1,1,0,0.0
herg_blockade,O=C(c1cccc(Cc2n[nH]c(=O)c3ccccc23)c1)N1CCN(C(=O)C2CC2)CC1,1,0,0.0
herg_blockade,O=C(c1cccc(Nc2nccc(-c3cnc4ccccn34)n2)c1)N1CCOCC1,1,1,1.0
herg_blockade,O=C(c1cccc(S(=O)(=O)C2CCc3ccccc3C2)c1)N1CCOC(c2ccccc2)C1,1,1,1.0
herg_blockade,O=C(c1cccc(S(=O)(=O)N2CCc3ccccc3C2)c1)N1CCC(OCc2ccccc2)CC1,1,1,1.0
herg_blockade,O=C(c1cccc(S(=O)(=O)Nc2ccccc2)c1)N1CCOC(c2ccccc2)C1,1,0,0.0
herg_blockade,O=C(c1cccc2c1OC(c1ccc(-c3ccccc3)cc1)CC2)N1CCCC1,1,1,1.0
herg_blockade,O=C(c1cccc2cc[nH]c12)N1CCN(CCc2ccccc2)CC1,1,1,1.0
herg_blockade,O=C(c1cccc[nH+]1)N1CCC2(CCN(Cc3cccc(Oc4ccccc4)c3)CC2)CC1,1,0,0.0
herg_blockade,O=C(c1cccc[nH+]1)N1CCC2(CCN(Cc3ccccc3Oc3ccccc3)CC2)CC1,1,1,1.0
herg_blockade,O=C(c1ccccc1)C1CCN(CCCOc2ccc(-c3nc4ccccc4o3)cc2)CC1,1,1,1.0
herg_blockade,O=C(c1ccccc1)C1CCN(CCN2C(=O)Cc3ccccc32)CC1,1,1,1.0
herg_blockade,O=C(c1ccccc1)C1CCN(CCc2cccc3ccccc23)CC1,1,1,1.0
herg_blockade,O=C(c1ccccc1)C1CC[N+](CCc2ccccc2)(CCc2ccccc2)CC1,1,1,1.0
herg_blockade,O=C(c1ccccc1)C1CC[N+](CCc2ccccc2)(Cc2ccccc2)CC1,1,1,1.0
herg_blockade,O=C(c1ccccc1)C1CC[N+](CCn2c(=O)[nH]c3ccccc3c2=O)CC1,1,1,1.0
herg_blockade,O=C(c1ccccc1)N(C1=CCOC=C1)C1CCNC1,1,0,0.0
herg_blockade,O=C(c1ccccc1)N(C1CCOCC1)C1CCNC1,1,0,0.0
herg_blockade,O=C(c1ccccc1)N(CCC[NH+]CCc1ccccc1)c1ccccc1,1,1,1.0
herg_blockade,O=C(c1ccccc1)N1CC2CC(C1)C[N+](Cc1ccccc1)C2,1,0,0.0
herg_blockade,O=C(c1ccccc1)N1CCC(N2CCC(N(Cc3ccccc3)C(=O)C3CCC3)CC2)CC1,1,1,1.0
herg_blockade,O=C(c1ccccc1)N1CCC(N2CCC(N(Cc3ccccc3)c3ccccc3)CC2)CC1,1,1,1.0
herg_blockade,O=C(c1ccccc1)N1CCC(N2CCC(N(c3ccccc3)c3ccccc3)CC2)CC1,1,1,1.0
herg_blockade,O=C(c1ccccc1)N1CCC(N2CCC(Oc3ccccc3)CC2)CC1,1,0,0.0
herg_blockade,O=C(c1ccccc1)N1CCC([N+]Cc2cncn2Cc2ccccc2)C1=O,1,1,1.0
herg_blockade,O=C(c1ccccc1)N1CCC2(CC1)CC(C(=O)N1CCCNCC1)C2,1,0,0.0
herg_blockade,O=C(c1ccccc1)N1CCC2(CC1)CC(C(=O)N1CCN(C3CCC3)CC1)C2,1,0,0.0
herg_blockade,O=C(c1ccccc1)N1CCC2(CC1)CCN(C(=O)N1CCCN(C3CCC3)CC1)C2,1,0,0.0
herg_blockade,O=C(c1ccccc1)N1CCC2(CC1)CCN(C(=O)N1CCN(C3CCC3)CC1)C2,1,0,0.0
herg_blockade,O=C(c1ccccc1)N1CCN(CCc2ccccc2)CC1,1,1,1.0
herg_blockade,O=C(c1ccccc1)N1CCN(CCn2c(=O)[nH]c3ccccc3c2=O)CC1,1,1,1.0
herg_blockade,O=C(c1ccccc1)N1CCN(c2cc(=O)[nH]c(=O)n2Cc2ccc(OS(=O)(=O)c3cccc4cnccc34)cc2)CC1,1,0,0.0
herg_blockade,O=C(c1ccccc1)N1CCN(c2cccnn2)CC1,1,0,0.0
herg_blockade,O=C(c1ccccc1)N1CCN(c2cnccn2)CC1,1,0,0.0
herg_blockade,O=C(c1ccccc1)N1CCN(c2cncnc2)CC1,1,0,0.0
herg_blockade,O=C(c1ccccc1)N1CCN(c2ncccn2)CC1,1,0,0.0
herg_blockade,O=C(c1ccccc1)N1CCc2c(ncn2-c2ccccc2)C1,1,0,0.0
herg_blockade,O=C(c1ccccc1)N1CCc2c(ncn2-c2ncccn2)C1,1,0,0.0
herg_blockade,O=C(c1ccccc1)N1CCc2c(nnn2-c2ccccn2)C1,1,0,0.0
herg_blockade,O=C(c1ccccc1)N1CCc2c(nnn2-c2cnccn2)C1,1,0,0.0
herg_blockade,O=C(c1ccccc1)N1CCc2cc3ncsc3cc2CC1,1,0,0.0
herg_blockade,O=C(c1ccccc1)N1CCc2nc(COc3ccccc3)oc2C1,1,0,0.0
herg_blockade,O=C(c1ccccc1)N1CCn2c(nnc2-c2cnccn2)C1,1,0,0.0
herg_blockade,O=C(c1ccccc1)N1CCn2nc(-c3ccccn3)cc2C1,1,0,0.0
herg_blockade,O=C(c1ccccc1)N1Cc2ccc(CN3CCNCC3)cc2C1,1,0,0.0
herg_blockade,O=C(c1ccccc1)c1c[nH]c2ncc(-c3ccccc3)cc12,1,0,0.0
herg_blockade,O=C(c1ccccc1)c1c[nH]c2ncccc12,1,0,0.0
herg_blockade,O=C(c1ccccc1)c1ccc(CN2CCC3(CC2)OCc2ccncc23)cc1,1,1,1.0
herg_blockade,O=C(c1ccccc1)c1ccc(Nc2ccccc2)cc1,1,0,0.0
herg_blockade,O=C(c1ccccc1)c1ccc(OCCN2CCOCC2)cc1,1,0,0.0
herg_blockade,O=C(c1ccccc1)c1cccs1,1,0,0.0
herg_blockade,O=C(c1ccccc1)c1cnc(NC2CCNCC2)nc1,1,0,0.0
herg_blockade,O=C(c1ccccc1)c1cnc(Nc2ccc(N3CCNCC3)cc2)s1,1,0,0.0
herg_blockade,O=C(c1ccccc1)c1cnc2[nH]ncc2c1,1,0,0.0
herg_blockade,O=C(c1ccccc1)c1cnn(CCc2ccccc2)n1,1,0,0.0
herg_blockade,O=C(c1ccccc1)n1ccc2ccccc21,1,0,0.0
herg_blockade,O=C(c1ccccc1-c1ccc(OCCCN2CCCCC2)cc1)N1CCCCC1,1,1,1.0
herg_blockade,O=C(c1ccccc1-c1cccs1)N1CC2CN(c3ncccn3)CC2C1,1,0,0.0
herg_blockade,O=C(c1ccccc1-c1ncn[nH]1)N1CC2CN(c3ncccn3)CC2C1,1,0,0.0
herg_blockade,O=C(c1ccccc1-c1nnn[nH]1)N1CCC2(CCN(Cc3ccccc3Oc3ccccc3)CC2)CC1,1,0,0.0
herg_blockade,O=C(c1ccccc1NS(=O)(=O)c1ccccc1)N(Cc1cccnc1)Cc1ccc[nH+]c1,1,1,1.0
herg_blockade,O=C(c1ccccc1Nc1ccccc1)N1CC(C2CCCCN2)C1,1,1,1.0
herg_blockade,O=C(c1ccccc1OCC1CC1)N1CCN(c2ccccc2)CC1,1,1,1.0
herg_blockade,O=C(c1ccccc1OCCCN1CCC2(CC1)Cc1ccccc1O2)N1CCCCC1,1,1,1.0
herg_blockade,O=C(c1ccccc1OCCCN1CCC2(CC1)Cc1ccccc1O2)N1CCCO1,1,1,1.0
herg_blockade,O=C(c1ccccn1)N1CCC(N2CCC(N(c3ccccc3)c3cccnc3)CC2)CC1,1,1,1.0
herg_blockade,O=C(c1ccccn1)N1CCC2(CCN(Cc3ccc4c(c3)CCCO4)CC2)CC1,1,0,0.0
herg_blockade,O=C(c1ccccn1)N1CCC2(CCN(Cc3ccccc3Oc3ccccc3)CC2)CC1,1,0,0.0
herg_blockade,O=C(c1cccn2ccnc12)N1CCN(CCc2ccccc2)CC1,1,1,1.0
herg_blockade,O=C(c1cccnc1)N1CCC(N2CCC(N(c3ccccc3)c3ccccc3)CC2)CC1,1,1,1.0
herg_blockade,O=C(c1cccnc1)N1CCC(N2CCC(N(c3ccccc3)c3cccnc3)CC2)CC1,1,0,0.0
herg_blockade,O=C(c1cccnc1)N1CCC(N2CCCC2)CC1,1,0,0.0
herg_blockade,O=C(c1ccco1)N1CCN(c2ncc3ccccc3n2)CC1,1,1,1.0
herg_blockade,O=C(c1cccs1)N1CCC(c2ccccc2)CC1,1,1,1.0
herg_blockade,O=C(c1ccn2c1COc1c(CCN3CCN(c4cccc5ncccc45)CC3)cccc1-2)N1CCOCC1,1,1,1.0
herg_blockade,O=C(c1ccncc1)N1CCC(N2CCC(N(c3ccccc3)c3cccnc3)CC2)CC1,1,1,1.0
herg_blockade,O=C(c1ccncc1)N1CCC2(CCN(Cc3cccc(Oc4ccccc4)c3)CC2)CC1,1,1,1.0
herg_blockade,O=C(c1ccncc1)N1CCC2(CCN(Cc3cccc4c3CCO4)CC2)CC1,1,0,0.0
herg_blockade,O=C(c1ccncc1)N1CCC2(CCN(Cc3cccc4c3OCC=C4)CC2)CC1,1,0,0.0
herg_blockade,O=C(c1ccncc1)N1CCN(c2ccc(OCCCN3CCCCC3)cc2)C(=O)C1,1,0,0.0
herg_blockade,O=C(c1ccncc1)N1CCc2c(nnn2-c2ncccn2)C1,1,1,1.0
herg_blockade,O=C(c1ccncn1)N1CCC(CCc2ccccc2)CC1,1,0,0.0
herg_blockade,O=C(c1ccncn1)N1CCC2(CCN(Cc3ccc4c(c3)CCCO4)CC2)CC1,1,0,0.0
herg_blockade,O=C(c1ccnn1-c1ccccc1)N1CCN(c2ccccc2)CC1,1,1,1.0
herg_blockade,O=C(c1ccon1)N1C2CCC1CC(Nc1cc(=O)[nH]c3ccccc13)C2,1,0,0.0
herg_blockade,O=C(c1ccon1)N1C2CCC1CC(Nc1cc(=O)[nH]c3nccnc13)C2,1,0,0.0
herg_blockade,O=C(c1cn[nH]c1)N1C2CCC1CC(Nc1cc(=O)[nH]c3ncccc13)C2,1,0,0.0
herg_blockade,O=C(c1cn[nH]c1)N1C2CCC1CC(Nc1n[nH]c3ccccc13)C2,1,0,0.0
herg_blockade,O=C(c1cnc2ncccn12)N1CCC(CCc2ccccc2)CC1,1,0,0.0
herg_blockade,O=C(c1cnc[nH+]c1)N1CCC(N2CCC(N(c3ccccc3)c3ccccc3)CC2)CC1,1,1,1.0
herg_blockade,O=C(c1cnc[nH]1)N(Cc1cc(=O)[nH]c2ccccc12)c1ccccc1,1,1,1.0
herg_blockade,O=C(c1cnccn1)N1CCC(CCc2ccccc2)CC1,1,0,0.0
herg_blockade,O=C(c1cncnc1)N1CCC(N2CCN(Cc3ccccc3)CC2)CC1,1,1,1.0
herg_blockade,O=C(c1cncs1)N(Cc1cc(=O)[nH]c2ccccc12)c1ccccc1,1,0,0.0
herg_blockade,O=C(c1cnn(-c2ccc3[nH]cnc3c2)c1)c1cc2ccc(-c3ccccc3)cc2[nH]1,1,0,0.0
herg_blockade,O=C(c1cnn(-c2ccc3[nH]cnc3c2)c1)c1cc2ccc(CN3CCCCC3)cc2[nH]1,1,1,1.0
herg_blockade,O=C(c1cnn(-c2ccc3[nH]cnc3c2)c1)c1cc2ccc(CN3CCOCC3)cc2[nH]1,1,0,0.0
herg_blockade,O=C(c1cnn(-c2ccc3nc[nH]c3c2)c1)c1cc2cc(CN3CCOCC3)ccc2[nH]1,1,0,0.0
herg_blockade,O=C(c1cnn2cccnc12)N1CCN(c2ccc(OCCCN3CCCCC3)cc2)C(=O)C1,1,0,0.0
herg_blockade,O=C(c1coc(-c2ccccc2)n1)N1CCC(Oc2ccc(CN3CCCC3)cc2)CC1,1,1,1.0
herg_blockade,O=C(c1nc(-c2ccccc2)no1)N1CCC(Oc2ccc(CN3CCCC3)cc2)CC1,1,1,1.0
herg_blockade,O=C(c1nc(Nc2cc(C3CC3)[nH]n2)c2ccccc2n1)N1CCNCC1,1,0,0.0
herg_blockade,O=C(c1ncc[nH]1)N1CCC(c2ccccc2)CC1,1,0,0.0
herg_blockade,O=C(c1ncn2c1COc1c(CCN3CCN(c4cccc5ncccc45)CC3)cccc1-2)N1CCC1,1,1,1.0
herg_blockade,O=C(c1ncn2c1COc1c(CCN3CCN(c4cccc5ncccc45)CC3)cccc1-2)N1CCCC1,1,1,1.0
herg_blockade,O=C(c1ncn2c1COc1c(CCN3CCN(c4cccc5ncccc45)CC3)cccc1-2)N1CCCCC1,1,1,1.0
herg_blockade,O=C(c1nnc(-c2ccccc2)o1)N1CC(Oc2ccc(CN3CCC3)cc2)C1,1,1,1.0
herg_blockade,O=C(c1nnc(-c2ccccc2)o1)N1CC(Oc2ccc(CN3CCCC34COC4)cc2)C1,1,0,0.0
herg_blockade,O=C(c1nnc(-c2ccccc2)o1)N1CC(Oc2ccc(CN3CCCOCC3)cc2)C1,1,0,0.0
herg_blockade,O=C(c1nnc(-c2ccccc2)o1)N1CC(Oc2ccc(CN3CCOCC3)cc2)C1,1,1,1.0
herg_blockade,O=C(c1nnc(-c2ccccc2)o1)N1CC(Oc2ccccn2)C1,1,0,0.0
herg_blockade,O=C(c1nnc(-c2ccccc2)o1)N1CCC(Oc2ccc(CN3CCCC3)cn2)CC1,1,0,0.0
herg_blockade,O=C(c1nnc(-c2ccccc2)o1)N1CCC(Oc2ccc(CN3CCCC3)nc2)CC1,1,0,0.0
herg_blockade,O=C(c1nnc(-c2ccccc2)o1)N1CCC(Oc2ccc(CN3CCNCC3)cc2)CC1,1,0,0.0
herg_blockade,O=C(c1nnc(-c2ccccc2)o1)N1CCC(Oc2ccc(CN3CCOCC3)cc2)CC1,1,0,0.0
herg_blockade,O=C(c1noc(-c2ccccc2)n1)N1CCC(Oc2ccc(CN3CCCC3)cc2)CC1,1,1,1.0
herg_blockade,O=C1C(=C(c2ccccc2)c2ccccc2)c2ccccc2N1Cc1ccccc1,1,0,0.0
herg_blockade,O=C1C(=C2SC(c3ccccc3)=NN2c2ccccc2)SC(=Nc2cc(-c3ccccc3)cc(-c3ccccc3)n2)N1c1ccccc1,1,1,1.0
herg_blockade,O=C1C(=Cc2ccc(-n3ccnc3)cc2)CCCN1Cc1ccccc1,1,1,1.0
herg_blockade,O=C1C(=Cc2ccccc2)C=NN1c1ccccc1,1,0,0.0
herg_blockade,O=C1C(=O)c2c(ccc3c2CCCC3)-c2occc21,1,0,0.0
herg_blockade,O=C1C(=O)c2c(ccc3c2CCCC3)C2=C1CCO2,1,0,0.0
herg_blockade,O=C1C(CC[N+]2CCC(c3noc4ccccc34)CC2)C=NC2=[N+]1CCCC2,1,1,1.0
herg_blockade,O=C1C(Cc2ccccc2)N2C(=O)CCN(C(=O)NCc3ccccc3)C2CN1Cc1cccc2ccccc12,1,0,0.0
herg_blockade,O=C1C(Cn2ccnc2)CCC2Nc3ccccc3C12,1,0,0.0
herg_blockade,O=C1C(NCCc2cncn2Cc2ccccc2)CCN1c1ccccc1,1,1,1.0
herg_blockade,O=C1C(Nc2ncnc3ccccc23)CCN1C1CCCCC1,1,1,1.0
herg_blockade,O=C1C([N+](CCCc2ccccc2)Cc2cncn2Cc2ccccc2)CCN1Cc1ccccc1,1,1,1.0
herg_blockade,O=C1C([N+](CC[N+]2CCOCC2)Cc2cncn2Cc2ccccc2)CCN1Cc1ccccc1,1,1,1.0
herg_blockade,O=C1C([N+](CC[N+]2CC[N+]CC2)Cc2cncn2Cc2ccccc2)CCN1Cc1ccccc1,1,1,1.0
herg_blockade,O=C1C([N+](Cc2cccnc2)Cc2cncn2Cc2ccccc2)CCN1Cc1ccccc1,1,1,1.0
herg_blockade,O=C1C([N+]CCc2cncn2Cc2ccccc2)CCN1c1ccccc1,1,1,1.0
herg_blockade,O=C1C([N+]Cc2cncn2Cc2ccccc2)CCN1c1cccc2ncccc12,1,1,1.0
herg_blockade,O=C1C([N+]Cc2cncn2Cc2ccccc2)CCN1c1ccncc1,1,1,1.0
herg_blockade,O=C1C(c2c[nH]c3ccccc23)=Nc2ccccc21,1,0,0.0
herg_blockade,O=C1C(c2ccccc2)=CC=CC1=NNc1c[nH]n(-c2ccccc2)c1=O,1,1,1.0
herg_blockade,O=C1C(n2cc(-c3ccc(-n4ccnc4)cc3)nn2)CCC2CCCCC2N1Cc1ccccc1,1,1,1.0
herg_blockade,O=C1C(n2cc(-c3ccc(-n4ccnc4)cc3)nn2)CCc2ccccc2N1CC1CC1,1,1,1.0
herg_blockade,O=C1C(n2cc(-c3ccc(-n4ccnc4)cc3)nn2)CCc2ccccc2N1CC1COC1,1,0,0.0
herg_blockade,O=C1C(n2cc(-c3ccc(-n4ccnc4)cc3)nn2)CCc2ccccc2N1Cc1ccccc1,1,1,1.0
herg_blockade,O=C1C(n2cc(-c3ccc(-n4ccnc4)cc3)nn2)CCc2ccccc2N1Cc1ccccn1,1,1,1.0
herg_blockade,O=C1C(n2cc(-c3ccc(-n4ccnc4)cc3)nn2)CCc2ccccc2N1Cc1cccnc1,1,1,1.0
herg_blockade,O=C1C(n2cc(-c3ccc(-n4ccnc4)cc3)nn2)CCc2ccccc2N1Cc1ccncc1,1,1,1.0
herg_blockade,O=C1C2C3C4CC5C3C1C5C42,1,0,0.0
herg_blockade,O=C1C2C=CCC3CC=CC13CCC1CC12,1,0,0.0
herg_blockade,O=C1C2CCN1c1ccccc1-c1cccc(c1)Oc1cccc(c1)Cn1cncc1CN2,1,1,1.0
herg_blockade,O=C1C=C(NCCN2CCOCC2)C(=O)c2ncccc21,1,0,0.0
herg_blockade,O=C1C=C(Nc2ccccc2)C(=O)c2ccccc21,1,0,0.0
herg_blockade,O=C1C=C2C3CCCCC3CCC2C2CCC3CCCCC3C12,1,0,0.0
herg_blockade,O=C1C=C2CCC3C(=C2CC1)C(c1ccc(P(=O)(c2ccccc2)c2ccccc2)cc1)CC1CCCC13,1,1,1.0
herg_blockade,O=C1C=C2CCC3C(=C2CC1)C(c1ccccc1)CC1CCCC13,1,0,0.0
herg_blockade,O=C1C=C2CCC3C(CCC4C(OC(=O)CCC5CCCC5)CCC43)C2CC1,1,0,0.0
herg_blockade,O=C1C=CC(=O)N1CCCCCCNC1CCC2C1CCC1c3ccccc3CCC12,1,1,1.0
herg_blockade,O=C1C=CC(=O)N1Nc1nc(-c2cccs2)nc2ccccc12,1,0,0.0
herg_blockade,O=C1C=CC2=CC=C3C(CCC4C3CCC3CCCCC34)C2=C1,1,0,0.0
herg_blockade,O=C1C=CC2C(=C1)CCC1C2=CCC2CCCC21,1,0,0.0
herg_blockade,O=C1C=CC2C(=CCC3C4CCCC4CC(=O)C23)C1,1,0,0.0
herg_blockade,O=C1C=CC2C(C=CC(=O)N2CCN2CCC(NCc3cccnc3)CC2)N1,1,0,0.0
herg_blockade,O=C1C=CC2C(CCC3C2CCC2C(C(=O)Nc4ccccc4)CCC23)N1,1,0,0.0
herg_blockade,O=C1C=CC2C(CCC3C4CC(=Cc5cccnc5)CC4CCC23)N1,1,1,1.0
herg_blockade,O=C1C=CC2C(CCC3C4CC(=Cc5ccncc5)CC4CCC23)N1,1,1,1.0
herg_blockade,O=C1C=CC2C(CCC3C4CC(=Cc5cnc(C6CC6)nc5)CC4CCC23)N1,1,1,1.0
herg_blockade,O=C1C=CC2C(CCC3C4CC(Cc5ccccc5)CC4CCC23)N1,1,1,1.0
herg_blockade,O=C1C=CC2C3=CC(=O)C4C5CCCCC5CCC4C3CCC2C1,1,0,0.0
herg_blockade,O=C1C=CC2C3Cc4ccccc4C2(CCN3)C1,1,0,0.0
herg_blockade,O=C1C=CC2CCOc3c(N4CCCCC4)ccc1c32,1,0,0.0
herg_blockade,O=C1C=CC=CC1=O,1,0,0.0
herg_blockade,O=C1C=CC=CCCC=CCCCCCCc2cccc(c2)N1,1,0,0.0
herg_blockade,O=C1C=CC=CCCCCC=CC=CCC(CCCC2CCCCO2)O1,1,0,0.0
herg_blockade,O=C1C=CCC(CC2CCC3C2CCC2C3CC3OC34CC=CC(=O)C24)O1,1,0,0.0
herg_blockade,O=C1C=CCC2C3CCCN4CCCC(CN12)C34,1,0,0.0
herg_blockade,O=C1C=CCCOC(=O)c2ccccc2C2OC2CCC1,1,0,0.0
herg_blockade,O=C1C=CNC(NC2CCN(c3nc4ccccc4n3Cc3ccccc3)CC2)N1,1,1,1.0
herg_blockade,O=C1C=C[N+](C2CC2)=C2C=C(N3CCNCC3)C=CC12,1,0,0.0
herg_blockade,O=C1C=C[N+](C2CC2)=C2C=C(N3CC[N+]CC3)C=CC12,1,0,0.0
herg_blockade,O=C1CC(CCC2CCCCC2=O)CC(=O)N1,1,0,0.0
herg_blockade,O=C1CC(Cc2ccccc2)CCN1CCc1ccccc1,1,0,0.0
herg_blockade,O=C1CC(OC2CCCCO2)CC(OC2CCCCO2)C2CC=C(CCCCO1)O2,1,1,1.0
herg_blockade,O=C1CC(c2cccc(OC3CCCC3)c2)CN1,1,0,0.0
herg_blockade,O=C1CC(c2ccccc2)C(C(=O)Nc2ccc3[nH]ncc3c2)=CN1,1,0,0.0
herg_blockade,O=C1CC(c2ccccc2)CC2=C1C(c1ccccc1)C=CN2,1,0,0.0
herg_blockade,O=C1CC(c2ccccc2)N1c1ccccc1,1,0,0.0
herg_blockade,O=C1CC(c2ccncc2)C(=S)N1c1ccccc1,1,0,0.0
herg_blockade,O=C1CC(c2nnc(SCCCN3CCC4(CC4c4ccccc4)C3)[nH]2)=CC=N1,1,1,1.0
herg_blockade,O=C1CC2(CCCC2)CC(=O)N1CCCCN1CCN(c2ncccn2)CC1,1,1,1.0
herg_blockade,O=C1CC2(CCN(C(=O)c3ccc4[nH]ncc4c3)CC2)Oc2c[nH]nc21,1,0,0.0
herg_blockade,O=C1CC2(CCN(C(=O)c3ccc4nc[nH]c4c3)CC2)Cc2cn[nH]c21,1,0,0.0
herg_blockade,O=C1CC2(CCN(C(=O)c3cnc4cc[nH]c4c3)CC2)Cc2cn[nH]c21,1,0,0.0
herg_blockade,O=C1CC2(CCN(CCc3ccc4nonc4c3)CC2)Oc2ccccc21,1,1,1.0
herg_blockade,O=C1CC2(CCN(c3ccc(C(=O)Nc4cccc(-c5cccs5)c4)cn3)CC2)CN1,1,1,1.0
herg_blockade,O=C1CC2CC(SC3CCNC3)=CN12,1,0,0.0
herg_blockade,O=C1CC2CCCOC2C1,1,0,0.0
herg_blockade,O=C1CC2CCc3cc(OC4CCN(C5CCC5)CC4)ccc3C2=NN1,1,0,0.0
herg_blockade,O=C1CC2CN(c3ccc(N4CC(Cn5ccnn5)OC4=O)cc3)CC2C1,1,0,0.0
herg_blockade,O=C1CC2COCC(C1)N2C(=O)c1ccc(Nc2nc(-c3cncs3)cs2)nc1,1,0,0.0
herg_blockade,O=C1CC2OC(=O)C2(CC2C=CCCC2)N1,1,0,0.0
herg_blockade,O=C1CC=C(C(c2ccccc2)c2cccnc2)C=N1,1,0,0.0
herg_blockade,O=C1CC=C(CC(c2cccnc2)c2cccc(OC3CC3)c2)CN1,1,0,0.0
herg_blockade,O=C1CC=[N+](C2CC2)c2cc(N3CC4CCCNC4C3)ccc21,1,0,0.0
herg_blockade,O=C1CCC(=O)N1CCOc1ccc(CN(Cc2ccccc2)CC2CCCC2)cc1,1,0,0.0
herg_blockade,O=C1CCC(C(=O)c2nc3ccc(N4CCNCC4)cc3[nH]2)CC1,1,1,1.0
herg_blockade,O=C1CCC(CN(Cc2ccccc2)S(=O)(=O)c2ccccc2)N1,1,0,0.0
herg_blockade,O=C1CCC(COc2nccc3ccccc23)N1,1,0,0.0
herg_blockade,O=C1CCC(c2ccc(Nc3ccncc3)cc2)=NN1,1,1,1.0
herg_blockade,O=C1CCC2C3Cc4cccc5c4C2(CCN3)C1O5,1,0,0.0
herg_blockade,O=C1CCC2C3Cc4cccc5c4C2(CC[NH+]3CC2CC2)C1O5,1,0,0.0
herg_blockade,O=C1CCCC(OC2CCC(OC3CCCCO3)CO2)CCCCC=CC=CCCO1,1,0,0.0
herg_blockade,O=C1CCCC1,1,0,0.0
herg_blockade,O=C1CCCC2=C1C(c1ccc(-c3ccccc3)cc1)C=CN2,1,0,0.0
herg_blockade,O=C1CCCC2C3CCCN4CCCC(CN12)C34,1,0,0.0
herg_blockade,O=C1CCCCN1C1CCN(CCOc2ccc(Oc3nc4ccccc4s3)cc2)CC1,1,1,1.0
herg_blockade,O=C1CCCCN1c1ccc(N2CCc3cnn(-c4ccccc4)c3C2=O)cc1,1,0,0.0
herg_blockade,O=C1CCCN1C1CCN(CCOc2ccc(Oc3nc4ccccc4s3)cc2)CC1,1,1,1.0
herg_blockade,O=C1CCCN1C1CCN(CCc2ccc(Oc3nc4ccccc4s3)cc2)CC1,1,1,1.0
herg_blockade,O=C1CCCN1C1CCN(Cc2ccc(Oc3nc4ccccc4s3)cc2)CC1,1,0,0.0
herg_blockade,O=C1CCCN1C1CCN(Cc2ccc(Oc3nc4ncccc4s3)cc2)CC1,1,0,0.0
herg_blockade,O=C1CCCN1Cc1nc2ccccc2n1Cc1ccccc1,1,1,1.0
herg_blockade,O=C1CCCc2ccc(Nc3ncc4occc4n3)cc2N1,1,0,0.0
herg_blockade,O=C1CCCc2ccccc21,1,1,1.0
herg_blockade,O=C1CCN(C2CCCC2)c2nc(Nc3ccc(C(=O)NC4CCNCC4)cc3)ncc2N1,1,0,0.0
herg_blockade,O=C1CCN1c1ccc(N2C(=O)N(c3ccncn3)C3(CCN(Cc4ccccn4)CC3)C2=O)cc1,1,0,0.0
herg_blockade,O=C1CCOC2CCC3CCCCC3C12,1,0,0.0
herg_blockade,O=C1CCc2c(Oc3ccc4c(c3)CC(NC(=O)c3cccc(-c5c[nH]cn5)c3)CC4)ccnc2N1,1,0,0.0
herg_blockade,O=C1CCc2c(Oc3ccc4c(c3)CC(NC(=O)c3cccc(-c5cc[nH]n5)c3)CC4)ccnc2N1,1,0,0.0
herg_blockade,O=C1CCc2c(Oc3ccc4c(c3)CC(NC(=O)c3cccc(-c5ccn[nH]5)c3)CC4)ccnc2N1,1,0,0.0
herg_blockade,O=C1CCc2c(Oc3ccc4c(c3)CC(NC(=O)c3cccc(-c5cnc[nH]5)c3)CC4)ccnc2N1,1,0,0.0
herg_blockade,O=C1CCc2c(Oc3ccc4c(c3)CC(NC(=O)c3cccc(C5CCC5)c3)CC4)ccnc2N1,1,1,1.0
herg_blockade,O=C1CCc2c(Oc3ccc4c(c3)CC(NC(=O)c3cccc(C5CNC5)c3)CC4)ccnc2N1,1,1,1.0
herg_blockade,O=C1CCc2c(Oc3ccc4c(c3)CC(NC(=O)c3cccc(CN5CCOCC5)c3)CC4)ccnc2N1,1,0,0.0
herg_blockade,O=C1CCc2cc(CCN3CCN(C(=O)Cc4ccc(-n5cnnn5)cc4)CC3)ccc21,1,1,1.0
herg_blockade,O=C1CCc2cc(N3CCN(C(=O)c4ccccc4)CC3)ccc2N1,1,1,1.0
herg_blockade,O=C1CCc2cc(Nc3nccc(NCc4ccccc4)n3)ccc2N1,1,0,0.0
herg_blockade,O=C1CCc2ccc(OCCCCN3CCCN(c4cccc5[nH]c(=O)ccc45)CC3)cc2N1,1,0,0.0
herg_blockade,O=C1CCc2ccc(OCCCCN3CCN(c4ccccc4)CC3)cc2N1,1,1,1.0
herg_blockade,O=C1CCc2cccc(OCCCN3CCC4(CC3)Cc3ccccc3O4)c2N1,1,1,1.0
herg_blockade,O=C1CCc2ccccc2N1CCCN1CCC(c2ccc3[nH]ccc3c2)CC1,1,1,1.0
herg_blockade,O=C1CCc2ccccc2N1OCCN1CCC(n2c(=O)[nH]c3ccccc32)CC1,1,1,1.0
herg_blockade,O=C1CCc2cccnc2N1CCCN1CCC(n2c(=O)[nH]c3ccccc32)CC1,1,1,1.0
herg_blockade,O=C1CCc2ccncc2N1CCCN1CCC(n2c(=O)[nH]c3ccccc32)CC1,1,0,0.0
herg_blockade,O=C1CCc2cnccc2N1CCCN1CCC(n2c(=O)[nH]c3ccccc32)CC1,1,0,0.0
herg_blockade,O=C1CCc2ncccc2N1CCCN1CCC(n2c(=O)[nH]c3ccccc32)CC1,1,0,0.0
herg_blockade,O=C1CN(C(=O)CCC2CCc3ccccc32)Cc2ccccc2N1,1,0,0.0
herg_blockade,O=C1CN(C(=O)N2C(c3ccccc3)=NC(c3ccccc3)C2c2ccccc2)CCN1,1,0,0.0
herg_blockade,O=C1CN(C(=O)c2ccc(C3(c4ccc(OCc5ccccn5)cc4)CCCO3)cn2)CN1,1,0,0.0
herg_blockade,O=C1CN(C(=O)c2ccc(OCc3ccccc3)cc2)CCN1,1,0,0.0
herg_blockade,O=C1CN(C2CCC(CNc3ccc(N4C(=O)Cc5ccccc5C4c4ccccc4)cc3)CC2)CCN1,1,0,0.0
herg_blockade,O=C1CN(C2CCC(c3ccccc3)(N3CCCC(c4ccccc4)C3=O)CC2)CCN1c1ccccc1,1,1,1.0
herg_blockade,O=C1CN(C2CCCC2)c2nc(Nc3ccc(C(=O)NC4CCNCC4)cc3)ncc2N1,1,0,0.0
herg_blockade,O=C1CN(CCC2CCCS2)CCN1C1CCc2ccccc2C1,1,0,0.0
herg_blockade,O=C1CN(Cc2ccc(-c3cccc(CN4CCCCC4)n3)cc2)C(=O)N1C1CCC1,1,1,1.0
herg_blockade,O=C1CN(Cc2ccc(-c3cccc(CN4CCS(=O)(=O)CC4)n3)cc2)C(=O)N1C1CC1,1,0,0.0
herg_blockade,O=C1CN(Cc2ccc3c(c2)CCC(NC(=O)c2ccc(-c4ccccc4)cc2)C3)CCN1,1,1,1.0
herg_blockade,O=C1CN(Cc2ccc3c(c2)CCC(NC(=O)c2ccc(-c4ccccc4)nc2)C3)CCN1,1,0,0.0
herg_blockade,O=C1CN(Cc2ccc3c(c2)Cc2c-3n[nH]c2-c2csc(C#CCOc3ccccc3)c2)CCN1,1,0,0.0
herg_blockade,O=C1CN(Cc2ccccc2)C(=O)CN1CCCCCC(c1ccccc1)c1ccccc1,1,0,0.0
herg_blockade,O=C1CN(Cc2ccsc2)CCN1C1CCc2ccccc2C1,1,1,1.0
herg_blockade,O=C1CN(N=Cc2ccc(-c3ccccc3)o2)C(=O)N1CCCC[N+]1CC[NH+]CC1,1,0,0.0
herg_blockade,O=C1CN(c2ccc(Nc3nccc(-c4cnc5ccccn45)n3)cc2)CCN1,1,0,0.0
herg_blockade,O=C1CN(c2ccc3nccc(Nc4ccccc4)c3c2)CCN1,1,0,0.0
herg_blockade,O=C1CN(c2ccccc2)C(=S)N1c1ccccc1,1,0,0.0
herg_blockade,O=C1CN2CCC1CC2,1,0,0.0
herg_blockade,O=C1CN=C(c2ccccc2)c2ccccc2N1,1,0,0.0
herg_blockade,O=C1CNC(=O)c2cc(S(=O)(=O)Nc3ccccc3)ccc2N1,1,0,0.0
herg_blockade,O=C1CNCCCCCCOc2ccc(cc2)N2CCCC2C(=O)N=CNCc2ccc(cc2)N1,1,0,0.0
herg_blockade,O=C1CNCCCCCOc2ccc(cc2)N2CCCC2C(=O)N=CNCc2ccc(cc2)N1,1,0,0.0
herg_blockade,O=C1CNCCN1Cc1ccc2c(c1)Cc1c(-c3csc(C#CCOc4ccccc4)c3)n[nH]c1-2,1,0,0.0
herg_blockade,O=C1CNCCN1c1ccc(OCCCN2CCCCC2)cc1,1,0,0.0
herg_blockade,O=C1CNCCN1c1cccc(-c2cc(-c3ccn[nH]3)c3cncnn23)c1,1,0,0.0
herg_blockade,O=C1CNc2cccc(c2)-n2c(cc3c2CCCC3=O)CCCN1,1,0,0.0
herg_blockade,O=C1CNc2nc(Nc3ccc(C(=O)NC4CCC(N5CCN(CC6CC6)CC5)CC4)cc3)ncc2N1,1,0,0.0
herg_blockade,O=C1CNc2ncc(-c3ccc(-c4nc[nH]n4)nc3)nc2N1,1,0,0.0
herg_blockade,O=C1CNc2ncc(-c3cccnc3)nc2N1C1CCCCC1,1,0,0.0
herg_blockade,O=C1COCCN1c1cccc(-c2ccc3cncnn23)c1,1,0,0.0
herg_blockade,O=C1COc2c(CCN3CCN(c4cccc5ncccc45)CC3)cccc2N1C1CC1,1,1,1.0
herg_blockade,O=C1COc2c(CCN3CCN(c4cccc5ncccc45)CC3)cccc2N1CC1CC1,1,1,1.0
herg_blockade,O=C1COc2cc(OC(=O)c3ccccc3)c(CNC34CCC(CC5Cn6c(=O)ccc7nccc5c76)(CC3)OC4)nc2N1,1,0,0.0
herg_blockade,O=C1COc2cc(OCc3ccccc3)c(CNC34CCC(CC5Cn6c(=O)ccc7nccc5c76)(CC3)OC4)nc2N1,1,0,0.0
herg_blockade,O=C1COc2cc3c(cc2N1)C(N1CCC(NC(=O)c2cc(=O)c4ccccc4o2)CC1)CC3,1,0,0.0
herg_blockade,O=C1COc2cc3c(cc2N1)CCC3N1CCC(NC(=O)c2cc(=O)c3ccccc3o2)CC1,1,0,0.0
herg_blockade,O=C1COc2ccc(CN3CCC(NC(=O)c4cc(=O)c5ccccc5o4)CC3)cc2N1,1,1,1.0
herg_blockade,O=C1COc2ccc(CNC34CCC(C(=O)Cc5ccnc6cccnc56)(CC3)OC4)nc2N1,1,1,1.0
herg_blockade,O=C1COc2ccc(CNC34CCC(CC(=O)c5ccnc6cccnc56)(CC3)OC4)nc2N1,1,1,1.0
herg_blockade,O=C1COc2ccc(CNC34CCC(CCc5ccnc6ccc(=O)[nH]c56)(CC3)OC4)nc2N1,1,1,1.0
herg_blockade,O=C1COc2ccc(CNC34CCC(CCc5ccnc6ccc(OC7CCC7)nc56)(CC3)OC4)nc2N1,1,1,1.0
herg_blockade,O=C1COc2ccc(CNC34CCC(CCc5ccnc6ccc(OC7CCCCC7)nc56)(CC3)OC4)nc2N1,1,1,1.0
herg_blockade,O=C1COc2ccc(CNC34CCC(CCc5ccnc6ccc(OCC7COC7)nc56)(CC3)OC4)nc2N1,1,0,0.0
herg_blockade,O=C1COc2ccc(CNC3CCN(CCN4C(=O)CCc5ccccc54)CC3)nc2N1,1,0,0.0
herg_blockade,O=C1COc2ccc(CNC3CCN(CCN4C(=O)COc5ccc(-c6ccco6)cc54)CC3)nc2N1,1,1,1.0
herg_blockade,O=C1COc2ccc(CNC3CCN(CCN4C(=O)COc5ccc(-c6nn[nH]n6)cc54)CC3)nc2N1,1,0,0.0
herg_blockade,O=C1COc2ccc(CNC3CCN(CCN4C(=O)COc5ccc(-n6cnnn6)cc54)CC3)nc2N1,1,0,0.0
herg_blockade,O=C1COc2ccc(CNC3CCN(CCN4C(=O)COc5cccnc54)CC3)nc2N1,1,0,0.0
herg_blockade,O=C1COc2ccc(CNC3CCN(CCN4C(=O)OCc5ccccc54)CC3)nc2N1,1,0,0.0
herg_blockade,O=C1COc2ccc(CNC3CCN(CCc4ccnc5cccnc45)CC3)nc2N1,1,1,1.0
herg_blockade,O=C1COc2ccc(CNC3CCN(CCn4c(=O)ccc5ccc(Oc6ccccc6)nc54)CC3)nc2N1,1,0,0.0
herg_blockade,O=C1COc2ccc(CNC3CCN(CCn4c(=O)ccc5ccc(Oc6ccon6)nc54)CC3)nc2N1,1,0,0.0
herg_blockade,O=C1COc2ccc(CNC3CCN(CCn4c(=O)ccc5ccc(Oc6cncnc6)nc54)CC3)nc2N1,1,0,0.0
herg_blockade,O=C1COc2ccc(CNC3CCN(CCn4c(=O)ccc5cccnc54)CC3)nc2N1,1,0,0.0
herg_blockade,O=C1COc2ccc(CNC3CCN(CCn4c(=O)ccc5ncc(OCc6cc[nH]n6)cc54)CC3)nc2N1,1,0,0.0
herg_blockade,O=C1COc2ccc(CNC3CCN(CCn4c(=O)ccc5ncc(OCc6ccccn6)cc54)CC3)nc2N1,1,0,0.0
herg_blockade,O=C1COc2ccc(CNC3CCN(CCn4c(=O)ccc5ncc(OCc6cccnn6)cc54)CC3)nc2N1,1,0,0.0
herg_blockade,O=C1COc2ccc(CNC3CCN(CCn4c(=O)nnc5ccccc54)CC3)nc2N1,1,0,0.0
herg_blockade,O=C1COc2ccc(N(C(=O)C3CCCNC3)C3CC3)cc2N1,1,0,0.0
herg_blockade,O=C1COc2ccc(N3CCOCC3c3ccccc3)nc2N1,1,0,0.0
herg_blockade,O=C1COc2ccccc2N1CCCN1CCC(n2c(=O)[nH]c3cccnc32)CC1,1,0,0.0
herg_blockade,O=C1COc2ccccc2N1CCCN1CCC(n2c(=O)[nH]c3ccncc32)CC1,1,0,0.0
herg_blockade,O=C1COc2ccccc2N1CCCN1CCC(n2c(=O)[nH]c3cnccc32)CC1,1,0,0.0
herg_blockade,O=C1COc2ccccc2N1CCCN1CCC(n2c(=O)[nH]c3ncccc32)CC1,1,0,0.0
herg_blockade,O=C1CSC(=Nc2cc(-c3ccccc3)cc(-c3ccccc3)n2)N1c1ccccc1,1,0,0.0
herg_blockade,O=C1CSC(=O)N1C(CCc1ccncc1)COc1ccc(-c2ccccc2)cc1,1,0,0.0
herg_blockade,O=C1CSc2ccc(CNC3CCC(C(=O)Nc4ccnc5cccnc45)OC3)nc2N1,1,1,1.0
herg_blockade,O=C1CSc2ccccc2N1CCN1CCC(NCc2cc3c(cn2)OCCO3)CC1,1,1,1.0
herg_blockade,O=C1Cc2cc(CCN3CCN(c4nsc5ccccc45)CC3)ccc2N1,1,1,1.0
herg_blockade,O=C1Cc2cc(Nc3nccc(NCc4cccnc4)n3)ccc2N1,1,0,0.0
herg_blockade,O=C1Cc2ccc3c(c2CNCCc2cc4c(cc21)OCO4)OCO3,1,0,0.0
herg_blockade,O=C1Cc2ccc3c(c2C[NH+]CCc2cc4c(cc21)OCO4)OCO3,1,0,0.0
herg_blockade,O=C1Cc2ccccc2-c2ccccc2N1,1,0,0.0
herg_blockade,O=C1Cc2ccccc2C2(CCNCC2C(=O)N(Cc2ccccc2)C2CC2)O1,1,0,0.0
herg_blockade,O=C1Cc2ccccc2CCN1,1,0,0.0
herg_blockade,O=C1Cc2ccccc2CNCCc2cc3c(cc21)OCO3,1,0,0.0
herg_blockade,O=C1Cc2ccccc2N1,1,1,1.0
herg_blockade,O=C1Cc2ccccc2N1C1CCN(CC2CC3CCC(C2)N3)C1,1,1,1.0
herg_blockade,O=C1Cc2ccccc2N1CCCOc1ccc2cnoc2c1,1,0,0.0
herg_blockade,O=C1Cc2cncn2Cc2cccc(c2)Oc2ccc3cccc(c3c2)N2CCC(N1)C2=O,1,0,0.0
herg_blockade,O=C1Cn2c(nc(-c3ccccc3)c2Nc2ccccc2)CN1,1,0,0.0
herg_blockade,O=C1Cn2c(nc3nc(N4CCCCC4)n(Cc4ccccc4)c3c2=O)N1,1,0,0.0
herg_blockade,O=C1N(C2CCCCC2)CC(c2ccccc2)N1C1CCN(Cc2ccccc2)CC1,1,1,1.0
herg_blockade,O=C1N(C2CCOCC2)CC(c2ccccc2)N1C1CCN(Cc2ccc(Oc3ccccc3)cc2)CC1,1,0,0.0
herg_blockade,O=C1N(C2CCOCC2)CC(c2ccccc2)N1C1CCN(Cc2ccc(Sc3ccccc3)nc2)CC1,1,0,0.0
herg_blockade,O=C1N(CC2CCCCN2)CCN1c1ccccc1,1,1,1.0
herg_blockade,O=C1N(CC2CCCO2)C=NC12c1ccccc1CC21CCCCC1,1,0,0.0
herg_blockade,O=C1N(CCN2CCC(c3ccccc3)CC2)CCN1c1ccccc1,1,1,1.0
herg_blockade,O=C1N(CCN2CCC(c3nnc(-c4ccccc4)o3)CC2)CCN1c1ccccc1,1,1,1.0
herg_blockade,O=C1N(CCN2CCCC(OCc3ccccc3)C2)CCN1c1ccccc1,1,1,1.0
herg_blockade,O=C1N(CCN2CCCC(c3ccccc3)C2)CCN1c1ccccc1,1,1,1.0
herg_blockade,O=C1N(CCN2CCCc3sccc3C2)CCN1c1ccccc1,1,1,1.0
herg_blockade,O=C1N(CCN2Cc3ccccc3C2)CCN1c1ccc2occc2c1,1,1,1.0
herg_blockade,O=C1N(CCN2Cc3ccccc3C2)CCN1c1ccc2sccc2c1,1,1,1.0
herg_blockade,O=C1N(CCN2Cc3ccccc3C2)CCN1c1ccc2scnc2c1,1,1,1.0
herg_blockade,O=C1N(CCN2Cc3ccccc3C2)CCN1c1cccnc1,1,0,0.0
herg_blockade,O=C1N(CCN2Cc3ccccc3C2)CCN1c1cccs1,1,0,0.0
herg_blockade,O=C1N(CCN2Cc3ccccc3C2)CCN1c1csc2ccccc12,1,1,1.0
herg_blockade,O=C1N(CCNCc2cc3ccccc3s2)CCN1c1ccccc1,1,1,1.0
herg_blockade,O=C1N(CCNCc2ccno2)CCN1c1ccccc1,1,0,0.0
herg_blockade,O=C1N(Cc2ccc(-c3ccccc3-c3nn[nH]n3)cc2)C=NC12CCCC2,1,0,0.0
herg_blockade,O=C1N(Cc2ccccc2)C2C[S+]3CCCC3C2N1Cc1ccccc1,1,0,0.0
herg_blockade,O=C1N(Cc2ccccc2)c2ncccc2S(=O)(=O)N1c1cccnc1,1,0,0.0
herg_blockade,O=C1N(c2ccc(-c3ccc(-c4cc(=O)[nH][nH]4)cc3)cc2)C(=O)C2(CCN(Cc3ccccn3)CC2)N1c1ccncn1,1,0,0.0
herg_blockade,O=C1N(c2ccc(-c3ccc(-c4cc[nH]n4)cc3)cc2)C(=O)C2(CCN(Cc3ccccn3)CC2)N1c1ccncn1,1,1,1.0
herg_blockade,O=C1N(c2ccc(-c3ccc(-c4ccn[nH]4)cc3)cc2)C(=O)C2(CCN(Cc3ccccn3)CC2)N1c1ccncn1,1,1,1.0
herg_blockade,O=C1N(c2ccc(-c3ccc(N4CCOCC4)cc3)cc2)C(=O)C2(CCN(Cc3ccccn3)CC2)N1c1cc(=O)[nH]cn1,1,0,0.0
herg_blockade,O=C1N(c2ccc(-c3ccc4[nH]ncc4c3)cc2)C(=O)C2(CCN(Cc3ccccn3)CC2)N1c1ccncn1,1,1,1.0
herg_blockade,O=C1N(c2ccc(-c3ccc4cn[nH]c4c3)cc2)C(=O)C2(CCN(Cc3ccccn3)CC2)N1c1ccncn1,1,1,1.0
herg_blockade,O=C1N(c2ccc(-c3ccc4nc[nH]c4c3)cc2)C(=O)C2(CCN(Cc3ccccn3)CC2)N1c1ccncn1,1,0,0.0
herg_blockade,O=C1N(c2ccc(-c3ccc4scnc4c3)cc2)C(=O)C2(CCN(Cc3ccccn3)CC2)N1c1cc(=O)[nH]cn1,1,1,1.0
herg_blockade,O=C1N(c2ccc(-c3ccccc3)cc2)c2ccccc2C12CCN(Cc1ccccn1)CC2,1,1,1.0
herg_blockade,O=C1N(c2ccc(-c3ccccc3)cc2)c2ncccc2C12CCN(Cc1ccccn1)CC2,1,1,1.0
herg_blockade,O=C1N(c2ccc(-c3ccccc3)nc2)C(=O)C2(CCN(Cc3ccccn3)CC2)N1c1cc(=O)[nH]cn1,1,0,0.0
herg_blockade,O=C1N(c2ccc(-c3ccccc3)nc2)C(=O)C2(CCN(Cc3ccccn3)CC2)N1c1cnccn1,1,1,1.0
herg_blockade,O=C1N(c2ccc(-c3ccco3)cc2)C(=O)C2(CCN(Cc3ccccn3)CC2)N1c1ccncn1,1,0,0.0
herg_blockade,O=C1N(c2ccc(-c3cccs3)cc2)C(=O)C2(CCN(Cc3ccccn3)CC2)N1c1ccncn1,1,0,0.0
herg_blockade,O=C1N(c2ccc(-c3ccno3)cc2)C(=O)C2(CCN(Cc3ccccn3)CC2)N1c1cc(=O)[nH]cn1,1,0,0.0
herg_blockade,O=C1N(c2ccc(-c3ccoc3)cc2)C(=O)C2(CCN(Cc3ccccn3)CC2)N1c1ccncn1,1,0,0.0
herg_blockade,O=C1N(c2ccc(-c3ccsc3)cc2)C(=O)C2(CCN(Cc3ccccn3)CC2)N1c1ccncn1,1,1,1.0
herg_blockade,O=C1N(c2ccc(-c3cncnc3)cc2)C(=O)C2(CCN(Cc3ccccn3)CC2)N1c1ccncn1,1,0,0.0
herg_blockade,O=C1N(c2ccc(-c3cncs3)cc2)C(=O)C2(CCN(Cc3ccccn3)CC2)N1c1cc(=O)[nH]cn1,1,1,1.0
herg_blockade,O=C1N(c2ccc(-c3ncon3)cc2)C(=O)C2(CCN(Cc3ccccn3)CC2)N1c1ccncn1,1,1,1.0
herg_blockade,O=C1N(c2ccc(-n3cccn3)cc2)C(=O)C2(CCN(Cc3ccccn3)CC2)N1c1ccncn1,1,1,1.0
herg_blockade,O=C1N(c2ccc(=O)[nH]n2)CCC12CCN(CCc1ccc(-n3cnnn3)nc1)CC2,1,0,0.0
herg_blockade,O=C1N(c2ccc(=O)[nH]n2)CCC12CCN(CCc1ccc(-n3cnnn3)nn1)CC2,1,1,1.0
herg_blockade,O=C1N(c2ccc(C3CCCCC3)cc2)C(=O)C2(CCN(Cc3ccccn3)CC2)N1c1cc(=O)[nH]cn1,1,1,1.0
herg_blockade,O=C1N(c2ccccc2)C(=S)N(c2ccccc2)C12CCC2,1,0,0.0
herg_blockade,O=C1N(c2cccnc2)C(=S)N(c2ccccc2)C12CCC2,1,0,0.0
herg_blockade,O=C1N=C(NC2CCCCC2)C2(CCN(Cc3ccccc3)CC2)N1c1ccccc1,1,0,0.0
herg_blockade,O=C1N=C(c2cccc(S(=O)(=O)N3CCNCC3)c2)N=C2C=N[NH+]=C12,1,0,0.0
herg_blockade,O=C1N=C(c2cccc(S(=O)(=O)N3CCNCC3)c2)NN2CNCC12,1,0,0.0
herg_blockade,O=C1N=CC=C2N=C(c3ccc(CN4CCC(c5n[nH]c(-c6ccccn6)n5)CC4)cc3)C(c3ccccc3)=CC12,1,1,1.0
herg_blockade,O=C1N=COC1c1ccc(-c2ccc3ccccc3c2)[nH]c1=O,1,0,0.0
herg_blockade,O=C1N=CSC1=Cc1cccc(-c2ccccc2)c1N1CCCCC1,1,0,0.0
herg_blockade,O=C1N=CSC1=Cc1cccc(-c2ccncc2)c1N1CCCCC1,1,0,0.0
herg_blockade,O=C1N=c2ccccc2=C1c1cc2ccccc2[nH]1,1,0,0.0
herg_blockade,O=C1N=c2ccccc2=[N+]1C1CCN(CCCC(c2ccccc2)c2ccccc2)CC1,1,1,1.0
herg_blockade,O=C1N=c2ccccc2=[N+]1CCCN1CCC([N+]2=c3ccccc3=NC2=O)CC1,1,1,1.0
herg_blockade,O=C1NC(=Cc2ccc(CN3CCCC3)cc2)C(=O)N1c1ccc(Oc2ccccc2)cc1,1,1,1.0
herg_blockade,O=C1NC(=Nc2ccccc2)SC1=Cc1ccn(-c2ccccc2)c1,1,0,0.0
herg_blockade,O=C1NC(=O)C(=Cc2ccc3c(c2)OCO3)S1,1,0,0.0
herg_blockade,O=C1NC(=O)C(=Cc2ccc3nccc(-c4ccncc4)c3c2)S1,1,0,0.0
herg_blockade,O=C1NC(=O)C(=Cc2ccc3nccnc3c2)S1,1,0,0.0
herg_blockade,O=C1NC(=O)C(=Cc2ccccc2)S1,1,0,0.0
herg_blockade,O=C1NC(=O)C(=Cc2ccccc2OCc2nnc(-c3ccccc3)o2)S1,1,0,0.0
herg_blockade,O=C1NC(=O)C(=Cc2ccccc2OCc2nnc(OCc3ccccc3)o2)S1,1,0,0.0
herg_blockade,O=C1NC(=O)C(CS(=O)(=O)N2CCC(Oc3ccccc3)CC2)N1,1,0,0.0
herg_blockade,O=C1NC(=O)C(CS(=O)(=O)N2CCN(c3ncc(OCc4ccco4)cn3)CC2)N1,1,0,0.0
herg_blockade,O=C1NC(=O)C(Cc2ccc(OCC3CCc4ccccc4O3)cc2)S1,1,0,0.0
herg_blockade,O=C1NC(=O)C(Cc2ccc(OCCNc3ccccn3)cc2)S1,1,0,0.0
herg_blockade,O=C1NC(=O)C(Cc2cccc(C(=O)NCc3ccccc3)c2)S1,1,0,0.0
herg_blockade,O=C1NC(=O)C(Cc2coc3ccccc3c2=O)S1,1,1,1.0
herg_blockade,O=C1NC(=O)C(c2c3n(c4ccccc24)CCCC3)=C1c1c[nH]c2ccccc12,1,0,0.0
herg_blockade,O=C1NC(=O)C(c2c[nH]c3ccccc23)=C1c1cccc2[nH]ccc12,1,1,1.0
herg_blockade,O=C1NC(=O)C(c2c[nH]c3ccccc23)=C1c1ccccc1,1,0,0.0
herg_blockade,O=C1NC(=O)C(c2c[nH]c3ccccc23)=C1c1nc(N2CCNCC2)nc2ccccc12,1,0,0.0
herg_blockade,O=C1NC(=O)C(c2c[nH]c3ccccc23)C1c1c[nH]c2ccccc12,1,1,1.0
herg_blockade,O=C1NC(=O)C(c2ccccc2)(c2ccccc2)N1,1,0,0.0
herg_blockade,O=C1NC(=O)C(c2ccccc2)C(=O)N1,1,0,0.0
herg_blockade,O=C1NC(=O)C(c2cn(-c3ccc4ccccc4c3)c3ccccc23)=C1c1n[nH]c2ccccc12,1,1,1.0
herg_blockade,O=C1NC(=O)C(c2cn(-c3ccc4ccncc4c3)c3ccccc23)=C1c1n[nH]c2ccccc12,1,1,1.0
herg_blockade,O=C1NC(=O)C(c2cn(-c3cccnc3)c3ccccc23)=C1c1n[nH]c2ccccc12,1,1,1.0
herg_blockade,O=C1NC(=O)C(c2cn(-c3cnc4ccccc4c3)c3ccccc23)=C1c1n[nH]c2ccccc12,1,1,1.0
herg_blockade,O=C1NC(=O)C(c2cn(-c3cncc4ccccc34)c3ccccc23)=C1c1n[nH]c2ccccc12,1,1,1.0
herg_blockade,O=C1NC(=O)C(c2cn(C3CCN(Cc4ccccn4)CC3)c3ccccc23)=C1c1c[nH]c2ccccc12,1,0,0.0
herg_blockade,O=C1NC(=O)C(c2cn3c4c(cccc24)CCC3)C1c1c[nH]c2ccccc12,1,0,0.0
herg_blockade,O=C1NC(=O)C(c2cnc3ccccn23)=C1c1cn2c3c(cccc13)CN(C(=O)N1CCOCC1)CC2,1,0,0.0
herg_blockade,O=C1NC(=O)C(c2nn(CCCN3CCCC3)c3ccccc23)=C1c1cn(-c2ccc3ccccc3c2)c2ccccc12,1,1,1.0
herg_blockade,O=C1NC(=O)C(c2nn(CCCN3CCCCC3)c3ccccc23)=C1c1cn(-c2ccc3ccccc3c2)c2ccccc12,1,1,1.0
herg_blockade,O=C1NC(=O)C(c2nn(CCCN3CCNCC3)c3ccccc23)=C1c1cn(-c2ccc3ccccc3c2)c2ccccc12,1,1,1.0
herg_blockade,O=C1NC(=O)C(c2nn(CCCN3CCOCC3)c3ccccc23)=C1c1cn(-c2ccc3ccccc3c2)c2ccccc12,1,1,1.0
herg_blockade,O=C1NC(=O)C2(CCN(c3ccc(C(=O)Nc4cccc(-c5cccs5)c4)cn3)CC2)N1,1,1,1.0
herg_blockade,O=C1NC(=O)C2=C1c1cn(c3ccccc13)CCCOCCn1cc2c2ccccc21,1,1,1.0
herg_blockade,O=C1NC(=O)c2c1ccnc2Oc1cccc(NS(=O)(=O)c2ccccc2)c1,1,0,0.0
herg_blockade,O=C1NC(=S)SC1=Cc1ccccc1,1,0,0.0
herg_blockade,O=C1NC(C#Cc2ccccc2)CC1CN1CCCCC1,1,1,1.0
herg_blockade,O=C1NC(CN2CCC3(CCc4ccccc43)CC2)Cc2ccccc21,1,1,1.0
herg_blockade,O=C1NC(Cc2ccccc2)C(=O)N(Cc2ccccc2)c2ccccc21,1,1,1.0
herg_blockade,O=C1NC(c2cncc(C#Cc3ccccc3)c2)C(c2ccccc2)O1,1,1,1.0
herg_blockade,O=C1NC2(CCN(Cc3ccccn3)CC2)C(=O)N1c1ccc(-c2ccccc2)cc1,1,0,0.0
herg_blockade,O=C1NC2(CCN(c3ccc(C(=O)Nc4cccc(-c5cccs5)c4)cn3)CC2)CO1,1,0,0.0
herg_blockade,O=C1NC2(CN(Cc3cccs3)CC2c2ccccc2)C(=O)N1c1ccccc1,1,1,1.0
herg_blockade,O=C1NC2=NC3(CCCC3)CN2c2nc(Cc3ccc(-c4ccccc4)cc3)n(Cc3ccccc3)c21,1,0,0.0
herg_blockade,O=C1NC2=NC3(CCc4ccccc43)CN2c2c1nc(Cc1ccccc1)n2Cc1ccccc1,1,1,1.0
herg_blockade,O=C1NC2CCC(C2)C1n1cc(-c2ccc(-n3ccnc3)cc2)nn1,1,1,1.0
herg_blockade,O=C1NCC(=O)C2C1Cc1c([nH]c3ccccc13)C2c1cccc2c1OCO2,1,0,0.0
herg_blockade,O=C1NCC(=O)N2CC(CC2C(=O)NC2(C(=O)NS(=O)(=O)C3CC3)CC2)Oc2nccc3ccc(cc23)C=CCCCO1,1,0,0.0
herg_blockade,O=C1NCC(COc2nc(-c3cn[nH]c3)cc3ncsc23)O1,1,0,0.0
herg_blockade,O=C1NCC(c2ccc(C3CC3)cc2)N1CCc1ccccc1,1,1,1.0
herg_blockade,O=C1NCC(c2ccccc2)C12CCN(C1(c3ccccc3)CCCOC1)CC2,1,0,0.0
herg_blockade,O=C1NCC(c2ccccc2)C12CCN(C1(c3ccccc3)CCOCC1)CC2,1,0,0.0
herg_blockade,O=C1NCC(c2ccccc2)C12CCN(C1CCCCC1C1CCCCC1)CC2,1,1,1.0
herg_blockade,O=C1NCC(c2ccccc2)C12CCN(C1COCCC1c1ccccc1)CC2,1,0,0.0
herg_blockade,O=C1NCC2(CCN(c3ccc(C(=O)Nc4cccc(-c5cccs5)c4)cn3)CC2)N1,1,0,0.0
herg_blockade,O=C1NCC2(CCN(c3ccc(C(=O)Nc4cccc(-c5cccs5)c4)cn3)CC2)O1,1,0,0.0
herg_blockade,O=C1NCCC(C2CCCCC2)CC1n1cc(-c2ccc(-n3ccnc3)cc2)nn1,1,1,1.0
herg_blockade,O=C1NCCC12CCN(c1ccncc1-c1ccc3cnccc3c1)CC2,1,0,0.0
herg_blockade,O=C1NCCN(C(=O)NC(C(=O)NC2C(=O)N3CCSC23)c2ccccc2)C1=O,1,0,0.0
herg_blockade,O=C1NCCN1CCN1CC=C(c2cn(-c3ccccc3)c3ccccc23)CC1,1,1,1.0
herg_blockade,O=C1NCCN1CC[N+]1CC=C(c2cn(-c3ccccc3)c3ccccc23)CC1,1,0,0.0
herg_blockade,O=C1NCCN1CC[N+]1CCC(c2cn(C3CCCCC3)c3ccccc23)CC1,1,0,0.0
herg_blockade,O=C1NCCN1c1cccc(CCN2CCN(c3cccc4ncccc34)CC2)c1,1,0,0.0
herg_blockade,O=C1NCCN1c1ccccc1,1,1,1.0
herg_blockade,O=C1NCCc2[nH]c(-c3ccncc3)cc21,1,0,0.0
herg_blockade,O=C1NCCc2c(-c3ccccc3)[nH]c3cccc1c23,1,0,0.0
herg_blockade,O=C1NCCc2cc(C3=CC4(CCNCC4)Oc4ccccc43)ccc21,1,0,0.0
herg_blockade,O=C1NCCc2cn(cn2)CC=CCOc2cccc1c2,1,0,0.0
herg_blockade,O=C1NCCc2nc(-c3ccc(CN4CCC(c5nnc(-c6ccccn6)[nH]5)CC4)cc3)c(-c3ccccc3)cc21,1,1,1.0
herg_blockade,O=C1NCCn2c(-c3ccccc3)nc3cccc1c32,1,0,0.0
herg_blockade,O=C1NCN(c2ccccc2)C12CCN(CCCC(c1ccccc1)c1ccccc1)CC2,1,1,1.0
herg_blockade,O=C1NCN(c2ccccc2)C12CC[N+](CCCC(c1ccccc1)c1ccccc1)CC2,1,1,1.0
herg_blockade,O=C1NCc2c(-c3ccccc3)cc(N3CCNCC3)cc2N1c1ccccc1,1,1,1.0
herg_blockade,O=C1NCc2c(-c3ccccc3)nc(=O)[nH]c2N1c1ccccc1,1,1,1.0
herg_blockade,O=C1NCc2c(-c3ccccc3)nc(NC3CC4CCC(C3)N4)nc2N1c1ccccc1,1,1,1.0
herg_blockade,O=C1NCc2c(-c3ccccc3)nc(NC3CN4CCC3CC4)nc2N1c1ccccc1,1,1,1.0
herg_blockade,O=C1NCc2c(-c3ccccc3)nc(NN3CCOCC3)nc2N1c1ccccc1,1,1,1.0
herg_blockade,O=C1NCc2c1c1c(c3[nH]c4ccc(Nc5ncccn5)cc4c23)CCc2n[nH]cc2-1,1,0,0.0
herg_blockade,O=C1NCc2c1c1c3ccccc3[nH]c1c1[nH]c3ccccc3c21,1,0,0.0
herg_blockade,O=C1NCc2c1c1c3ccccc3n3c1c1c2c2ccccc2n1C1CCC3O1,1,0,0.0
herg_blockade,O=C1NCc2c1c1c3ccccc3n3c1c1c2c2ccccc2n1C1CCCC3O1,1,0,0.0
herg_blockade,O=C1NCc2cc(-c3cc(-c4ccccc4)no3)ccc21,1,1,1.0
herg_blockade,O=C1NCc2ccc(-c3ccc(CCNC(=O)C4CCOCC4)cc3)cc21,1,0,0.0
herg_blockade,O=C1Nc2cc(NC(=O)c3c[nH]cc(-c4ccccc4)c3=O)ccc2C1=Cc1ccc[nH]1,1,0,0.0
herg_blockade,O=C1Nc2ccc(NC3CCNCC3)cc2C1=C(c1ccccc1)c1ncc[nH]1,1,1,1.0
herg_blockade,O=C1Nc2ccc(S(=O)(=O)Cc3ccccc3)cc2C1=Cc1cc(C(=O)N2CCCC2CN2CCCC2)c[nH]1,1,0,0.0
herg_blockade,O=C1Nc2ccc(S(=O)(=O)Nc3ccccc3)cc2C1=Cc1cc(C(=O)N2CCNCC2)c[nH]1,1,0,0.0
herg_blockade,O=C1Nc2ccc3ccccc3c2CCC1n1cc(-c2ccc(-n3ccnc3)cc2)nn1,1,1,1.0
herg_blockade,O=C1Nc2ccccc2C1=Cc1cc(NC(=O)C2CCCN2)c[nH]1,1,1,1.0
herg_blockade,O=C1Nc2ccccc2C1=Cc1ccc(-c2cccc(C(=O)N3CCCNCC3)c2)o1,1,0,0.0
herg_blockade,O=C1Nc2ccccc2C1=Cc1ccccc1,1,1,1.0
herg_blockade,O=C1Nc2ccccc2C1C1CCN(CCn2c(=O)ccc3ncccc32)CC1,1,1,1.0
herg_blockade,O=C1Nc2ccccc2C1CCCN1CCC(n2c(=O)[nH]c3ccccc32)CC1,1,1,1.0
herg_blockade,O=C1Nc2ccccc2CCC1n1cc(-c2ccc(-n3cncn3)cc2)nn1,1,0,0.0
herg_blockade,O=C1Nc2ccccc2SCC1n1cc(-c2ccc(-n3ccnc3)cc2)nn1,1,1,1.0
herg_blockade,O=C1Nc2cccnc2C1=Cc1c[nH]c2ccccc12,1,0,0.0
herg_blockade,O=C1Nc2cccnc2CCC1n1cc(-c2ccc(-n3ccnc3)cc2)nn1,1,0,0.0
herg_blockade,O=C1Nc2cnc(Nc3ccc(C(=O)N4CCC(N5CCNCC5)CC4)cc3)nc2Nc2ccccc21,1,0,0.0
herg_blockade,O=C1Nc2cnc(Nc3ccc(N4CCCCC4)cc3)nc2Nc2ccccc21,1,0,0.0
herg_blockade,O=C1Nc2ncccc2C2(CCN(C(=O)NC3CCC(c4ccccc4)Cn4c(C5CCCO5)cnc43)CC2)O1,1,1,1.0
herg_blockade,O=C1Nc2ncccc2C2(CCN(C(=O)NC3CCC(c4ccccc4)Cn4cnnc43)CC2)O1,1,0,0.0
herg_blockade,O=C1Nc2ncccc2CCC1n1cc(-c2ccc(-n3ccnc3)cc2)nn1,1,1,1.0
herg_blockade,O=C1Nc2ncncc2CN1c1ccccc1,1,0,0.0
herg_blockade,O=C1OC(=O)C2C3CCC(O3)C12,1,0,0.0
herg_blockade,O=C1OC(Cc2ccccc2)(c2nnc(-c3ccccc3)o2)C(=O)N1Cc1ccccc1,1,0,0.0
herg_blockade,O=C1OC(Cc2ccccc2)(c2nnc(C3(c4ccccc4)CC3)o2)C(=O)N1Cc1ccccc1,1,1,1.0
herg_blockade,O=C1OC(c2ccccc2)CCN1Cc1ccc(-c2cc[nH]c(=O)c2)cc1,1,0,0.0
herg_blockade,O=C1OC(c2ccnc3ccccc23)CN1C1CCN(Cc2cc3ccccc3[nH]2)CC1,1,1,1.0
herg_blockade,O=C1OC2(CCN(c3ccc(-c4nc5ccccc5[nH]4)cn3)CC2)c2ccccc21,1,1,1.0
herg_blockade,O=C1OC2(c3ccccc3Oc3ccccc32)c2ccccc21,1,0,0.0
herg_blockade,O=C1OCC(c2ccccc2)N1C1CCC(c2cncc(-c3ncccn3)c2)CC1,1,0,0.0
herg_blockade,O=C1OCC2C(C=Cc3ccc(-c4cccc5c4OCO5)cn3)CCCC12,1,0,0.0
herg_blockade,O=C1OCC2C3=C(C(=O)c4occ1c42)C1CCCC1CC3,1,0,0.0
herg_blockade,O=C1OCC2COc3cc(C4=CCNCC4)ccc3N12,1,0,0.0
herg_blockade,O=C1OCC2Cc3cc4c(cc3C(c3ccccc3)C12)OCO4,1,0,0.0
herg_blockade,O=C1OCCC1N1CCC(CN2CCC(Oc3ccccc3)CC2)CC1,1,0,0.0
herg_blockade,O=C1OCCN1C1CCN(CCOc2ccc(Oc3nc4ccccc4s3)cc2)CC1,1,1,1.0
herg_blockade,O=C1OCCN1C1CCN(CCc2ccc(Oc3nc4ccccc4s3)cc2)CC1,1,1,1.0
herg_blockade,O=C1OCCN1C1CCN(Cc2ccc(Oc3nc4ccccc4s3)cc2)CC1,1,0,0.0
herg_blockade,O=C1OCCN1c1ccc(-n2cc(-c3ccccn3)cn2)cc1,1,0,0.0
herg_blockade,O=C1OCCN1c1ccc(-n2cc(-c3cnccn3)cn2)cc1,1,0,0.0
herg_blockade,O=C1OCCN1c1cccc(CCN2CCN(c3cccc4ncccc34)CC2)c1,1,1,1.0
herg_blockade,O=C1OCCc2cc(C3CN4CCN(C(=O)Cc5ccc(-n6cnnn6)cc5)CC4CO3)ccc21,1,0,0.0
herg_blockade,O=C1OCCc2cc(C3CN4CCN(C(=O)Cc5cnc(-n6cnnn6)nc5)CC4CO3)ccc21,1,0,0.0
herg_blockade,O=C1OCCc2cc(CCN3CCN(C(=O)Cc4ccc(-n5cnnn5)cc4)CC3)ccc21,1,0,0.0
herg_blockade,O=C1OCc2c1ccc(CCN1CCN(C(=O)Cc3ccc(-n4cnnn4)cc3)CC1)c2C1CC1,1,0,0.0
herg_blockade,O=C1OCc2c1cccc2-c1ccc(CCN2CCN(CCc3ccccc3)CC2)cc1,1,1,1.0
herg_blockade,O=C1OCc2cc(C3CN4CCN(C(=O)Cc5ccc(-n6cnnn6)nc5)CC4CN3)ccc21,1,0,0.0
herg_blockade,O=C1OCc2cc(C3CN4CCN(C(=O)Cc5ccc(-n6cnnn6)nc5)CC4CS3)ccc21,1,1,1.0
herg_blockade,O=C1OCc2cc(C=CC3CCN(C(=O)Cc4ccc(-n5cnnn5)cc4)CC3)ccc21,1,1,1.0
herg_blockade,O=C1OCc2cc(CC(=O)N3CCN(CCc4ccccc4)CC3)ccc21,1,1,1.0
herg_blockade,O=C1OCc2cc(CCC3CCN(C(=O)Cc4ccc(-n5cnnn5)cn4)CC3)ccc21,1,1,1.0
herg_blockade,O=C1OCc2cc(CCC3CCN(C(=O)Cc4ccc(-n5cnnn5)nc4)CC3)ccc21,1,1,1.0
herg_blockade,O=C1OCc2cc(CCN3CCC4(CC3)CC(=O)N(c3ccc(=O)[nH]n3)C4)ccc21,1,0,0.0
herg_blockade,O=C1OCc2cc(CCN3CCC4(CC3)CC(=O)N(c3ccns3)C4)ccc21,1,1,1.0
herg_blockade,O=C1OCc2cc(CCN3CCC4(CC3)CCN(c3c[nH]c(=O)cn3)C4=O)ccc21,1,0,0.0
herg_blockade,O=C1OCc2cc(CCN3CCC4(CC3)CCN(c3cc(-c5ccccc5)no3)C4=O)ccc21,1,1,1.0
herg_blockade,O=C1OCc2cc(CCN3CCC4(CC3)CCN(c3cc(-c5ccccc5)ns3)C4=O)ccc21,1,1,1.0
herg_blockade,O=C1OCc2cc(CCN3CCC4(CC3)CCN(c3cc[nH]c(=O)c3)C4=O)ccc21,1,0,0.0
herg_blockade,O=C1OCc2cc(CCN3CCC4(CC3)CCN(c3ccc(-n5cnnn5)cn3)C4)ccc21,1,1,1.0
herg_blockade,O=C1OCc2cc(CCN3CCC4(CC3)CCN(c3ccc(=O)[nH]c3)C4=O)ccc21,1,0,0.0
herg_blockade,O=C1OCc2cc(CCN3CCC4(CC3)CCN(c3ccc(=O)[nH]n3)C4)ccc21,1,1,1.0
herg_blockade,O=C1OCc2cc(CCN3CCC4(CC3)CCN(c3ccc(=O)[nH]n3)CC4)ccc21,1,0,0.0
herg_blockade,O=C1OCc2cc(CCN3CCC4(CC3)CCN(c3ccc(=O)n(C5CCCC5)n3)C4=O)ccc21,1,0,0.0
herg_blockade,O=C1OCc2cc(CCN3CCC4(CC3)CCN(c3ccccn3)CC4)ccc21,1,1,1.0
herg_blockade,O=C1OCc2cc(CCN3CCC4(CC3)CCN(c3ccnnc3)C4=O)ccc21,1,0,0.0
herg_blockade,O=C1OCc2cc(CCN3CCC4(CC3)CCN(c3ccns3)C4)ccc21,1,1,1.0
herg_blockade,O=C1OCc2cc(CCN3CCC4(CC3)CCN(c3cn[nH]c(=O)c3)C4=O)ccc21,1,0,0.0
herg_blockade,O=C1OCc2cc(CCN3CCC4(CC3)CCN(c3cnsc3)C4=O)ccc21,1,1,1.0
herg_blockade,O=C1OCc2cc(CCN3CCC4(CC3)CCN(c3cnsn3)C4=O)ccc21,1,1,1.0
herg_blockade,O=C1OCc2cc(CCN3CCC4(CC3)CCN(c3ncns3)C4)ccc21,1,1,1.0
herg_blockade,O=C1OCc2cc(CCN3CCC4(CC3)CCN(c3ncns3)C4=O)ccc21,1,0,0.0
herg_blockade,O=C1OCc2cc(CCN3CCC4(CC3)CN(c3ccc(=O)[nH]n3)C(=O)CO4)ccc21,1,0,0.0
herg_blockade,O=C1OCc2cc(CCN3CCC4(CC3)CN(c3ccc(=O)[nH]n3)C(=O)O4)ccc21,1,0,0.0
herg_blockade,O=C1OCc2cc(CCN3CCC4(CC3)CN(c3ccc(=O)[nH]n3)C4)ccc21,1,0,0.0
herg_blockade,O=C1OCc2cc(CCN3CCC4(CC3)CN(c3ccc(=O)[nH]n3)CCO4)ccc21,1,0,0.0
herg_blockade,O=C1OCc2cc(CCN3CCC4(CC3)CN(c3ccccn3)C4)ccc21,1,0,0.0
herg_blockade,O=C1OCc2cc(CCN3CCC4(CC3)CN(c3ccns3)C(=O)O4)ccc21,1,0,0.0
herg_blockade,O=C1OCc2cc(CCN3CCC4(CC3)CN(c3ccns3)C4)ccc21,1,1,1.0
herg_blockade,O=C1OCc2cc(CCN3CCC4(CC3)OCCN(c3ccc(=O)[nH]n3)C4=O)ccc21,1,0,0.0
herg_blockade,O=C1OCc2cc(CCN3CCN(C(=O)Cc4ccc(-n5cnnn5)cc4C4CC4)CC3)ccc21,1,1,1.0
herg_blockade,O=C1OCc2cc(CCN3CCN(C(=O)Cc4cnc(-n5cnnn5)cn4)CC3)ccc21,1,0,0.0
herg_blockade,O=C1OCc2cc(CCN3CCN(C(=O)Cc4cncc(-n5cnnn5)c4)CC3)ccc21,1,0,0.0
herg_blockade,O=C1OCc2cc(CCN3CCN(CCc4cc(C5CC5)ccn4)CC3)ccc21,1,0,0.0
herg_blockade,O=C1OCc2cc(CCN3CCN(CCc4ccc5c(c4)COC5=O)CC3)ccc21,1,1,1.0
herg_blockade,O=C1OCc2cc(CCN3CCN(CCc4ccc5nonc5c4)CC3)ccc21,1,1,1.0
herg_blockade,O=C1OCc2cc(CCN3CCN(CCc4cccc(OC5CC5)c4)CC3)ccc21,1,1,1.0
herg_blockade,O=C1OCc2ccc(CCN3CCN(C(=O)Cc4ccc(-n5cnnn5)cc4)CC3)cc21,1,0,0.0
herg_blockade,O=C1OCc2nc(CCN3CCN(C(=O)Cc4ccc(-n5cnnn5)cc4)CC3)ccc21,1,0,0.0
herg_blockade,O=C1c2c([nH]c3ccccc23)CCN1CC1=NC=NC1,1,1,1.0
herg_blockade,O=C1c2c([nH]c3ccccc23)CCN1Cc1cnc[nH]1,1,1,1.0
herg_blockade,O=C1c2cc(-c3ccccc3)ccc2OCCN1Cc1ncccn1,1,1,1.0
herg_blockade,O=C1c2cc(CC3COC3)ccc2CCN1Cc1ccc[nH]c1=O,1,0,0.0
herg_blockade,O=C1c2cc(CN3CCNCC3)ccc2-c2[nH]nc(-c3ccsc3)c21,1,1,1.0
herg_blockade,O=C1c2cc(COc3ccccc3)nn2CCN1c1ccccn1,1,0,0.0
herg_blockade,O=C1c2cc3c(n2CCN1c1cc(-c2c[nH]c(=O)c(Nc4ccc(N5CCN(C6COC6)CC5)cn4)c2)ccn1)CCC3,1,0,0.0
herg_blockade,O=C1c2cc3ccccc3n2CCN1CCCCN1CCN(c2ccccc2)CC1,1,1,1.0
herg_blockade,O=C1c2cc3ccccc3n2CCN1CCCCN1CCn2c(cc3ccccc32)C1,1,1,1.0
herg_blockade,O=C1c2ccc(-n3ccnc3)c(=O)n2CCN1CCOc1ccccc1,1,1,1.0
herg_blockade,O=C1c2ccc(N3CCC(N4CCOCC4)CC3)cc2Cc2[nH]c3ccccc3c21,1,0,0.0
herg_blockade,O=C1c2ccc(N3CCN(CC4CCOCC4)CC3)cc2Cc2[nH]c3ccccc3c21,1,0,0.0
herg_blockade,O=C1c2ccc(OCc3ccccc3)cc2CCC1CCN1CCC(c2ccccc2)CC1,1,1,1.0
herg_blockade,O=C1c2ccc3c(c2OC2COc4ccccc4C12)C=CCO3,1,0,0.0
herg_blockade,O=C1c2cccc3cccc(c23)C(=O)N1CCCCN1CCC(Nc2nc3ccccc3n2Cc2ccccc2)CC1,1,1,1.0
herg_blockade,O=C1c2ccccc2-n2ccc3c4ccccc4nc-3c21,1,0,0.0
herg_blockade,O=C1c2ccccc2C(=O)N1CCc1c[nH]c2ccccc12,1,0,0.0
herg_blockade,O=C1c2ccccc2C(=O)N1c1cccc(-c2cc(Nc3ccccc3)ncn2)c1,1,0,0.0
herg_blockade,O=C1c2ccccc2CN1Cc1ccccc1,1,0,0.0
herg_blockade,O=C1c2ccccc2S(=O)(=O)N1COc1cc(=O)n2cccc(OCCN3CCCCC3)c2n1,1,0,0.0
herg_blockade,O=C1c2cncnc2OCCN1c1ccc(C2CCC(Cc3ncno3)CC2)cc1,1,0,0.0
herg_blockade,O=C1c2nc(Sc3ccccc3)ccc2CN1c1ccc(OCCN2CCCC2)cc1,1,0,0.0
herg_blockade,O=C1c2ncnc(C3CC3)c2CCN1C1CCC(c2ccccc2)CC1,1,1,1.0
herg_blockade,O=C1c2nnc(-c3cnccn3)n2CCN1Cc1ccccc1,1,0,0.0
herg_blockade,O=C1c2nncn2CCN1C1CCC(c2ccccc2)CC1,1,0,0.0
herg_blockade,O=P(NCc1ccccc1-c1cccnc1)(c1ccccc1)c1ccccc1,1,0,0.0
herg_blockade,O=P(Nc1ccccc1-n1cccn1)(c1ccccc1)c1ccccc1,1,0,0.0
herg_blockade,O=P(Nc1cccnc1-c1ccccc1)(c1ccccc1)c1ccccc1,1,0,0.0
herg_blockade,O=P(Nc1ccon1)(c1ccccc1)c1ccccc1,1,0,0.0
herg_blockade,O=P(Nc1cncnc1)(c1ccccc1)c1ccccc1,1,0,0.0
herg_blockade,O=P(Oc1ccccc1)(Oc1ccccc1)Oc1ccccc1,1,0,0.0
herg_blockade,O=P(c1ccccc1)(c1ccccc1)N(Cc1ccccn1)Cc1ccccn1,1,0,0.0
herg_blockade,O=P(c1ccccc1)(c1ccccc1)N(Cc1ccccn1)c1cccnc1,1,0,0.0
herg_blockade,O=P(c1ccccc1)(c1ccccc1)N(c1cccnc1)c1cccnc1,1,0,0.0
herg_blockade,O=S(=O)(C1CC1)n1cc2c(n1)CN(C1CCC(c3ccccc3)OC1)C2,1,0,0.0
herg_blockade,O=S(=O)(C=Cc1ccccc1)Cc1ccccc1,1,0,0.0
herg_blockade,O=S(=O)(CC1CCCCC1)N1CCC(CN2CCN(c3ccccc3)CC2)CC1,1,1,1.0
herg_blockade,O=S(=O)(CC1CCOCC1)N1CCC(CCc2cnoc2)CC1,1,0,0.0
herg_blockade,O=S(=O)(CC1CCOCC1)c1ccc(-c2ccc(CCN3CCCC3)cc2)cc1,1,1,1.0
herg_blockade,O=S(=O)(CC1CS1)c1ccc(Oc2ccccc2)cc1,1,0,0.0
herg_blockade,O=S(=O)(CCCCN1CCC2CCCCC2C1)c1ccccc1,1,1,1.0
herg_blockade,O=S(=O)(CCCCN1CCCC(c2ccccc2)C1)c1ccccc1,1,1,1.0
herg_blockade,O=S(=O)(CCCCN1CCCC(c2cnco2)C1)c1ccccc1,1,1,1.0
herg_blockade,O=S(=O)(CCN1CC2CN(CCc3ccccc3)CC(C1)O2)NCc1ccccc1,1,0,0.0
herg_blockade,O=S(=O)(CCN1CC2CN(Cc3ccccc3)CC(C1)O2)NCc1ccccc1,1,0,0.0
herg_blockade,O=S(=O)(CCN1CC2CN(Cc3ccccc3)CC(C1)O2)Nc1ccccc1,1,0,0.0
herg_blockade,O=S(=O)(CCN1CC2CN(Cc3cnoc3)CC(C1)O2)N(Cc1ccccc1)Cc1cnoc1,1,0,0.0
herg_blockade,O=S(=O)(CCN1CC2CN(Cc3cnoc3)CC(C1)O2)NCc1ccccc1,1,0,0.0
herg_blockade,O=S(=O)(CCN1CCC(Oc2ccccc2)CC1)c1ccccc1,1,1,1.0
herg_blockade,O=S(=O)(Cc1cc(N2CCOCC2)nc(-c2ccccn2)n1)c1ccccc1,1,0,0.0
herg_blockade,O=S(=O)(Cc1cccc(OCc2ccc(CN3CCCC3)cc2)c1)c1ccccc1,1,0,0.0
herg_blockade,O=S(=O)(Cc1ccccc1)NCCCN1CC2CN(CCCOc3ccccc3)CC(C1)O2,1,0,0.0
herg_blockade,O=S(=O)(Cc1ccccc1)NCCCN1CC2CN(CCOc3ccccc3)CC(C1)O2,1,0,0.0
herg_blockade,O=S(=O)(N=CN1CC(c2ccccc2)C(c2ccccc2)=N1)c1ccccc1,1,0,0.0
herg_blockade,O=S(=O)(N=CN1CC2(C=N1)CCCC2)c1ccccc1,1,0,0.0
herg_blockade,O=S(=O)(N=CN1N=CCC1c1ccccc1)c1ccccc1,1,0,0.0
herg_blockade,O=S(=O)(N=Cc1cccc2ccccc12)c1cccs1,1,0,0.0
herg_blockade,O=S(=O)(NC1(c2ccc(-c3ccccc3)cc2)CCC1)c1ccccc1,1,0,0.0
herg_blockade,O=S(=O)(NC1(c2cccc(-c3ccccc3)c2)CCC1)c1ccc2c(c1)CCCO2,1,0,0.0
herg_blockade,O=S(=O)(NC1CC1)c1ccc(-c2cncc(-c3cccnc3)c2)cc1,1,1,1.0
herg_blockade,O=S(=O)(NC1CCNC1)c1ccc2ccccc2c1,1,1,1.0
herg_blockade,O=S(=O)(NC1CCNCC1)c1ccc2ccccc2c1,1,1,1.0
herg_blockade,O=S(=O)(NC1CCc2[nH]c3ccccc3c2C1)c1ccccc1,1,0,0.0
herg_blockade,O=S(=O)(NCC#Cc1cc(-c2[nH]nc3c2Cc2cc(CN4CCNCC4)ccc2-3)cs1)c1ccccc1,1,1,1.0
herg_blockade,O=S(=O)(NCC1CC2(c3ccccc3)NC1CCC2NCc1ccccc1OC1CC1)c1ccccc1,1,1,1.0
herg_blockade,O=S(=O)(NCCCCN1CCC(Oc2cccc3cccnc23)CC1)C1CCCCC1,1,1,1.0
herg_blockade,O=S(=O)(NCCCCN1CCC(c2noc3ccccc23)CC1)c1cc2ccccc2s1,1,1,1.0
herg_blockade,O=S(=O)(NCCCCN1CCC(c2noc3ccccc23)CC1)c1ccc2ccccc2c1,1,0,0.0
herg_blockade,O=S(=O)(NCCCCN1CCN(c2noc3ccccc23)CC1)c1ccc2ccccc2c1,1,0,0.0
herg_blockade,O=S(=O)(NCCCN1CC2CN(CCCOc3ccccc3)CC(C1)O2)c1cnoc1,1,0,0.0
herg_blockade,O=S(=O)(NCCCN1CC2CN(CCOc3ccccc3)CC(C1)O2)c1cnoc1,1,0,0.0
herg_blockade,O=S(=O)(NCCCN1CC2CN(Cc3ccccc3)CC(C1)O2)c1cnoc1,1,0,0.0
herg_blockade,O=S(=O)(NCCCN1CCC(c2noc3ccccc23)CC1)c1cnc2ccccn12,1,0,0.0
herg_blockade,O=S(=O)(NCCCN1CCN(c2nsc3ccccc23)CC1)c1cc2ccccc2s1,1,0,0.0
herg_blockade,O=S(=O)(NCCN1CC2CN(CCCOc3ccccc3)CC(C1)O2)c1c[nH]cn1,1,0,0.0
herg_blockade,O=S(=O)(NCCN1CC2CN(CCCOc3ccccc3)CC(C1)O2)c1ccc2c(c1)CCO2,1,0,0.0
herg_blockade,O=S(=O)(NCCN1CC2CN(CCCOc3ccccc3)CC(C1)O2)c1cn[nH]c1,1,0,0.0
herg_blockade,O=S(=O)(NCCN1CC2CN(CCOCc3ccccc3)CC(C1)O2)c1ccccc1,1,0,0.0
herg_blockade,O=S(=O)(NCCN1CC2CN(CCOc3ccccc3)CC(C1)O2)c1c[nH]cn1,1,0,0.0
herg_blockade,O=S(=O)(NCCN1CC2CN(CCOc3ccccc3)CC(C1)O2)c1cn[nH]c1,1,0,0.0
herg_blockade,O=S(=O)(NCCN1CC2CN(CCOc3ccccc3)CC(C1)O2)c1cnoc1,1,0,0.0
herg_blockade,O=S(=O)(NCCN1CC2CN(CCn3cccn3)CC(C1)O2)c1ccccc1,1,0,0.0
herg_blockade,O=S(=O)(NCCN1CC2CN(Cc3ccccc3)CC(C1)O2)c1cnoc1,1,0,0.0
herg_blockade,O=S(=O)(NCCN1CC2CN(Cc3cnoc3)CC(C1)O2)c1ccccc1,1,0,0.0
herg_blockade,O=S(=O)(NCCN1CC2CN(Cc3coc4ccccc34)CC(C1)O2)c1ccccc1,1,0,0.0
herg_blockade,O=S(=O)(NCCN1CC2CN(Cc3nc4ccccc4o3)CC(C1)O2)c1ccccc1,1,0,0.0
herg_blockade,O=S(=O)(NCCN1CC2CN(Cc3noc4ccccc34)CC(C1)O2)c1ccccc1,1,0,0.0
herg_blockade,O=S(=O)(NCCN1CC2CNCC(C1)O2)c1ccccc1,1,0,0.0
herg_blockade,O=S(=O)(NCCN1CCC(c2noc3ccccc23)CC1)c1cccc2ccccc12,1,0,0.0
herg_blockade,O=S(=O)(NCCN1CCN(c2nsc3ccccc23)CC1)c1ccc2ccccc2c1,1,0,0.0
herg_blockade,O=S(=O)(NCCNc1nc2ccccc2[nH]1)c1ccccc1,1,1,1.0
herg_blockade,O=S(=O)(NCCc1c[nH]c2ccccc12)c1ccc(OC2CCCC2)cc1,1,1,1.0
herg_blockade,O=S(=O)(NCc1ccc(-c2ncon2)cc1)c1ccccc1,1,0,0.0
herg_blockade,O=S(=O)(NCc1cccc(-c2ccccc2)c1)c1ccc2c(c1)CCCO2,1,0,0.0
herg_blockade,O=S(=O)(NCc1cccc(-c2ccccc2)c1)c1ccccc1,1,0,0.0
herg_blockade,O=S(=O)(NCc1ccn(-c2ccccc2)n1)c1ccc(CCc2ccccc2)cc1,1,1,1.0
herg_blockade,O=S(=O)(NCc1ccn(-c2ccccc2)n1)c1ccc(Cc2ccccc2)cc1,1,1,1.0
herg_blockade,O=S(=O)(NCc1nc2cnc(C3CC3)cc2[nH]1)c1cccnc1,1,0,0.0
herg_blockade,O=S(=O)(NCc1nc2cnccc2[nH]1)c1cccnc1,1,0,0.0
herg_blockade,O=S(=O)(NN=Cc1cnc2ccccn12)c1ccccc1,1,0,0.0
herg_blockade,O=S(=O)(Nc1cc(-c2cccc3ccccc23)cc2ccccc12)c1ccccc1,1,0,0.0
herg_blockade,O=S(=O)(Nc1ccc(CCNCCc2cccnc2)cc1)c1ccc(-c2nc(-c3ccccc3)cs2)cc1,1,1,1.0
herg_blockade,O=S(=O)(Nc1ccc2c(c1)CCN(Cc1ccn[nH]1)CC2)c1ccc(N2CCOCC2)nc1,1,0,0.0
herg_blockade,O=S(=O)(Nc1ccc2c(c1)CCN(Cc1ccn[nH]1)CC2)c1ccccc1,1,1,1.0
herg_blockade,O=S(=O)(Nc1ccc2nc(Cc3ccc(Oc4ccccc4)cc3)[nH]c2c1)c1ccccc1,1,1,1.0
herg_blockade,O=S(=O)(Nc1cccc(-c2ncsc2-c2ccncn2)c1)c1ccccc1,1,0,0.0
herg_blockade,O=S(=O)(Nc1ccccc1)c1cccc(-c2cnccn2)c1,1,0,0.0
herg_blockade,O=S(=O)(Nc1ccccc1C=Cc1cc[nH+]cc1)c1ccccc1,1,0,0.0
herg_blockade,O=S(=O)(Nc1ccccc1CNCC=Cc1ccccc1)c1ccccc1,1,1,1.0
herg_blockade,O=S(=O)(Nc1ccccc1Nc1ccccc1)C1CC1,1,0,0.0
herg_blockade,O=S(=O)(Nc1ccccc1Oc1ccccc1)c1ccccc1,1,1,1.0
herg_blockade,O=S(=O)(Nc1ccccn1)c1ccc2c(c1)COOC2,1,0,0.0
herg_blockade,O=S(=O)(Nc1ccccn1)c1ccccc1,1,0,0.0
herg_blockade,O=S(=O)(Nc1cccnc1Oc1cccnc1)c1ccccc1,1,0,0.0
herg_blockade,O=S(=O)(Nc1ccon1)c1ccc2c(-c3ccc(-c4ccccc4)cc3)nccc2c1,1,0,0.0
herg_blockade,O=S(=O)(Nc1ccon1)c1ccccc1,1,0,0.0
herg_blockade,O=S(=O)(Nc1cn[nH]c1)c1ccc(-c2ccnc(N3CCNCC3)c2)cc1,1,0,0.0
herg_blockade,O=S(=O)(Nc1cn[nH]c1)c1ccc(CCCC2CCNCC2)cc1,1,1,1.0
herg_blockade,O=S(=O)(Nc1cncc(-c2ccc3nccc(-c4ccnnc4)c3c2)c1)c1ccccc1,1,0,0.0
herg_blockade,O=S(=O)(Nc1cscn1)c1ccc(OCC2CCCC=C2c2ccccc2)cc1,1,0,0.0
herg_blockade,O=S(=O)(Nc1cscn1)c1ccc(OCC2NCCC=C2c2ccccc2)cc1,1,0,0.0
herg_blockade,O=S(=O)(Nc1nc2ccccc2nc1Nc1ccc2nsnc2c1)c1ccccc1,1,0,0.0
herg_blockade,O=S(=O)(Nc1nccs1)c1ccc2c(-c3ccccc3)ncnc2c1,1,0,0.0
herg_blockade,O=S(=O)(Nc1nncs1)c1ccccc1,1,0,0.0
herg_blockade,O=S(=O)(c1ccc(-c2cncc(-c3cccnc3)c2)cc1)N1CCNCC1,1,0,0.0
herg_blockade,O=S(=O)(c1ccc(-c2cncc(-c3cccnc3)c2)cc1)N1CCOCC1,1,0,0.0
herg_blockade,O=S(=O)(c1ccc(N2CCC2)cc1)C1CCN(CCc2ccccc2)CC1,1,1,1.0
herg_blockade,O=S(=O)(c1ccc2c(c1)CCNCC2)N1CCC(Cc2ccccc2)C1,1,1,1.0
herg_blockade,O=S(=O)(c1ccc2c(c1)CCNCC2)N1CCC(Oc2ccccc2)CC1,1,1,1.0
herg_blockade,O=S(=O)(c1cccc(-c2ccc3ncc(-c4ccc(-c5nnn[nH]5)cc4)n3n2)c1)C1CC1,1,0,0.0
herg_blockade,O=S(=O)(c1cccc(-c2ccn3ncc(-c4ccccc4)c3c2)c1)C1CC1,1,1,1.0
herg_blockade,O=S(=O)(c1cccc(-c2ccn3ncc(-c4ccccc4)c3n2)c1)C1CC1,1,1,1.0
herg_blockade,O=S(=O)(c1cccc(NC2CCNCC2)c1)N1CCOc2ccccc21,1,0,0.0
herg_blockade,O=S(=O)(c1cccc(NC2CCNCC2)c1)n1ccc2cccnc21,1,0,0.0
herg_blockade,O=S(=O)(c1cccc(NC2CCNCC2)c1)n1ncc2ccccc21,1,0,0.0
herg_blockade,O=S(=O)(c1ccccc1)C1(c2ccccc2)CCCCC1,1,0,0.0
herg_blockade,O=S(=O)(c1ccccc1)C1CCN(CCCc2ccccc2)CC1,1,1,1.0
herg_blockade,O=S(=O)(c1ccccc1)N(Cc1ccccc1)C1CCc2cc3ccccc3n2C1,1,0,0.0
herg_blockade,O=S(=O)(c1ccccc1)N(Cc1ccccc1)c1ccccc1,1,0,0.0
herg_blockade,O=S(=O)(c1ccccc1)N1CC(COc2ccccc2)C1,1,1,1.0
herg_blockade,O=S(=O)(c1ccccc1)N1CCC2=Cc3c(cnn3-c3ccccc3)CC2C1,1,1,1.0
herg_blockade,O=S(=O)(c1ccccc1)N1CCN(CCc2ccccc2)CC1,1,1,1.0
herg_blockade,O=S(=O)(c1ccccc1)N1CCOc2c(N3CCNCC3)cccc21,1,1,1.0
herg_blockade,O=S(=O)(c1ccccc1)N1CCc2nc(OC3CCN(C4CCC4)CC3)ccc2C1,1,1,1.0
herg_blockade,O=S(=O)(c1ccccc1)N1Cc2cccnc2Nc2ccccc21,1,0,0.0
herg_blockade,O=S(=O)(c1ccccc1)c1ccc(CCc2ccccc2)cn1,1,1,1.0
herg_blockade,O=S(=O)(c1ccccc1)c1ccc(CCc2ccccc2)nc1,1,1,1.0
herg_blockade,O=S(=O)(c1ccccc1)c1ccc2c3c(oc2c1)C1(CCOCC1)NCC3,1,0,0.0
herg_blockade,O=S(=O)(c1ccccc1)c1ccccc1,1,0,0.0
herg_blockade,O=S(=O)(c1ccccc1)c1cnn2c(N3CCNCC3)c3c(nc12)CCC3,1,1,1.0
herg_blockade,O=S(=O)(c1ccccc1)c1cnn2c3c(cnc12)CCCC3,1,1,1.0
herg_blockade,O=S(=O)(c1ccccc1)c1cnn2c3c(cnc12)CNCC3,1,0,0.0
herg_blockade,O=S(=O)(c1ccccc1)c1cnn2cc3c(nc12)CCNC3,1,1,1.0
herg_blockade,O=S(=O)(c1ccccc1)c1cnn2cccnc12,1,0,0.0
herg_blockade,O=S(=O)(c1ccccc1)n1ccc2c(N3CCN(CCCOc4ccccc4)CC3)cccc21,1,1,1.0
herg_blockade,O=S(=O)(c1ccccc1)n1ccc2ccccc21,1,0,0.0
herg_blockade,O=S(=O)(c1ccccc1-c1ccccc1)N1CCCC1,1,1,1.0
herg_blockade,O=S(=O)(c1ccsc1)c1cccc(-c2ccccn2)c1,1,1,1.0
herg_blockade,O=S1(=O)C=C(c2ccc(OCCCN3CCCC3)cc2)Oc2ccccc21,1,1,1.0
herg_blockade,O=S1(=O)CC(c2ccc(OC3CCN(C4CCC4)CC3)cc2)Oc2ccccc21,1,0,0.0
herg_blockade,O=S1(=O)CCC(CNc2ccc3ncc(-c4ccccc4)n3n2)CC1,1,0,0.0
herg_blockade,O=S1(=O)CCC(COc2ccc3c(c2)CCC2(CCN(C4CCC4)CC2)O3)CC1,1,0,0.0
herg_blockade,O=S1(=O)CCC(Oc2ccc3c(c2)CCC2(CCN(C4CCC4)CC2)O3)CC1,1,1,1.0
herg_blockade,O=S1(=O)CCCN1c1ccccc1Nc1ccnc(Nc2ccc3c(c2)CCCC(N2CCNCC2)C3)n1,1,1,1.0
herg_blockade,O=S1(=O)CCN(CC2=CC(c3ccccc3)N=C(c3nccs3)N2)CC1,1,1,1.0
herg_blockade,O=S1(=O)CCN(c2ccc(Nc3ncc4ccn(-c5ccccn5)c4n3)cc2)CC1,1,0,0.0
herg_blockade,O=S1(=O)CCN(c2ccc3nncc(Nc4ccccc4)c3c2)CC1,1,0,0.0
herg_blockade,O=S1(=O)c2cccc3cccc(c23)N1CCCN1CCN(c2ccccc2)CC1,1,1,1.0
herg_blockade,O=S1(=O)c2ccccc2-c2ccc(N3CCN4CCC3CC4)cc21,1,1,1.0
herg_blockade,O=S1(=O)c2ccccc2CCC12CCN(CCc1ccccc1)CC2,1,1,1.0
herg_blockade,O=S1(=O)c2ccccc2CN1Cc1cc[nH]n1,1,0,0.0
herg_blockade,O=S1(=O)c2ccccc2CN1Cc1ccn(-c2ccccc2)n1,1,0,0.0
herg_blockade,O=[PH](Sc1ccccc1)Sc1ccccc1,1,0,0.0
herg_blockade,O=c1[nH]c(-c2ccc(OC3CCN(C4CCC4)CC3)cc2)nc2cnccc12,1,0,0.0
herg_blockade,O=c1[nH]c(-c2ccc(OC3CCN(C4CCCC4)CC3)cc2)nc2ccccc12,1,1,1.0
herg_blockade,O=c1[nH]c(-c2ccc(OCCCN3CCCC3)cc2)nc2ccccc12,1,1,1.0
herg_blockade,O=c1[nH]c(-c2cccc(S(=O)(=O)N3CCNCC3)c2)nc2cn[nH]c12,1,0,0.0
herg_blockade,O=c1[nH]c(-c2ccccc2)nc2[nH]nnc12,1,0,0.0
herg_blockade,O=c1[nH]c(=O)c2[nH]c(-c3cnn(CC#Cc4ccccc4)c3)nc2[nH]1,1,0,0.0
herg_blockade,O=c1[nH]c(CN2CC(c3ncccn3)C2)nc2c1cnn2C1CCCC1,1,0,0.0
herg_blockade,O=c1[nH]c(CNCc2nc(-c3ccccc3)no2)nc2ccccc12,1,0,0.0
herg_blockade,O=c1[nH]c(CNCc2nnc(-c3ccccc3)o2)nc2ccccc12,1,0,0.0
herg_blockade,O=c1[nH]c(Nc2ccccc2)ncc1-c1ccc(Oc2ccnc3cc(OCCCN4CCOCC4)ccc23)cc1,1,0,0.0
herg_blockade,O=c1[nH]c2cc(N3CCCNCC3)[nH]c2c(=O)n1Cc1cn2ccccc2n1,1,1,1.0
herg_blockade,O=c1[nH]c2cc(N3CCCNCC3)[nH]c2c(=O)n1Cc1nccc2ccccc12,1,1,1.0
herg_blockade,O=c1[nH]c2cccc(CCNCCc3cccc(CNCc4ccccc4)c3)c2s1,1,0,0.0
herg_blockade,O=c1[nH]c2cccc(OCCCNCCc3ccccc3)c2[nH]1,1,0,0.0
herg_blockade,O=c1[nH]c2cccc3c2n1CCC3,1,0,0.0
herg_blockade,O=c1[nH]c2ccccc2c(=O)n1-c1cccc(-c2cccc3[nH]c4c(c23)CCCC4)c1,1,1,1.0
herg_blockade,O=c1[nH]c2ccccc2c(NC2CN3CCC2CC3)c1-c1nc2ccccc2[nH]1,1,0,0.0
herg_blockade,O=c1[nH]c2ccccc2cc1-c1nc2cc(N3CCNCC3)ccc2[nH]1,1,0,0.0
herg_blockade,O=c1[nH]c2ccccc2n1C1CCN(CC2CCCCCCC2)CC1,1,1,1.0
herg_blockade,O=c1[nH]c2ccccc2n1C1CCN(CCCC(c2ccccc2)c2ccccc2)CC1,1,1,1.0
herg_blockade,O=c1[nH]c2ccccc2n1C1CCN(CCOc2ccccc2)CC1,1,1,1.0
herg_blockade,O=c1[nH]c2ccccc2n1C1CCN(Cc2ccc(-c3nc4cc5nc[nH]c5cc4nc3-c3ccccc3)cc2)CC1,1,0,0.0
herg_blockade,O=c1[nH]c2ccccc2n1C1CCN(Cc2ccc(-c3nc4ccccc4nc3-c3ccccc3)cc2)CC1,1,0,0.0
herg_blockade,O=c1[nH]c2ccccc2n1CCCCN1CCC(n2c(=O)[nH]c3ccccc32)CC1,1,1,1.0
herg_blockade,O=c1[nH]c2ccccc2n1CCCN1CCC(n2c(=O)[nH]c3ccccc32)CC1,1,1,1.0
herg_blockade,O=c1[nH]c2ccccc2n1CCCN1CCN(C(c2ccccc2)c2ccccc2)CC1,1,1,1.0
herg_blockade,O=c1[nH]c2cnc(Nc3ccc(OC4CCNCC4)cc3)nc2n1C1CCCC1,1,0,0.0
herg_blockade,O=c1[nH]c2cnc3cc(-c4cnoc4)ccc3c2n1Cc1ccccn1,1,0,0.0
herg_blockade,O=c1[nH]c2cnc3ccc(-c4cccnc4)cc3c2n1-c1ccc(N2CCNCC2)cc1,1,0,0.0
herg_blockade,O=c1[nH]c2cnc3ccc(-c4cnc5ccccc5c4)cc3c2n1-c1ccccc1,1,0,0.0
herg_blockade,O=c1[nH]c2nc(N3CCCCC3)[nH]c2c(=O)n1Cc1cccc2ccccc12,1,1,1.0
herg_blockade,O=c1[nH]c2nc(N3CCCCC3)[nH]c2c(=O)n1Cc1ncc2ccccc2n1,1,0,0.0
herg_blockade,O=c1[nH]c2nc(NC3CCOCC3)ncc2cc1Oc1ccccc1,1,0,0.0
herg_blockade,O=c1[nH]cc(Cc2ccc(Oc3ccccc3)cc2)o1,1,1,1.0
herg_blockade,O=c1[nH]ccc(NCCc2ccccc2)c1-c1nc2ccc(N3CCOCC3)cc2[nH]1,1,0,0.0
herg_blockade,O=c1[nH]ccc2c(S(=O)(=O)N3CCCNCC3)cccc12,1,1,1.0
herg_blockade,O=c1[nH]ccc2c3nc[nH]c3c3ccccc3c12,1,0,0.0
herg_blockade,O=c1[nH]ccc2cc(NC3CCOCC3)nc(Nc3cccc4c[nH]nc34)c12,1,0,0.0
herg_blockade,O=c1[nH]ccc2cc(NC3CCOCC3)nc(Nc3cccc4n[nH]cc34)c12,1,0,0.0
herg_blockade,O=c1[nH]ccc2cc(OC3CCCNC3)ccc12,1,0,0.0
herg_blockade,O=c1[nH]ccc2ccc(-c3ccc4c(N5CCOCC5)nc(N5CCOCC5)nc4n3)cc12,1,0,0.0
herg_blockade,O=c1[nH]ccc2nc(-c3ccc(CN4CCC(c5nnc(-c6ccccn6)[nH]5)CC4)cc3)c(-c3ccccc3)cc12,1,1,1.0
herg_blockade,O=c1[nH]ccc2nc(-c3ccc(CN4CCC(c5nnc(-c6cccnc6)[nH]5)CC4)cc3)c(-c3ccccc3)cc12,1,1,1.0
herg_blockade,O=c1[nH]ccc2nc(-c3ccc(CN4CCC(c5nnc(-c6cnccn6)[nH]5)CC4)cc3)c(-c3ccccc3)cc12,1,1,1.0
herg_blockade,O=c1[nH]ccc2nc(-c3ccc(CN4CCC(c5nnc(-c6ncccn6)[nH]5)CC4)cc3)c(-c3ccccc3)cc12,1,0,0.0
herg_blockade,O=c1[nH]cnc2ccc(-c3ccc4c(N5CCOCC5)nc(N5CCOCC5)nc4n3)cc12,1,0,0.0
herg_blockade,O=c1[nH]n(-c2ccccn2)c2nc(Nc3ccc(N4CCNCC4)cc3)ncc12,1,0,0.0
herg_blockade,O=c1[nH]nc(-c2ccccc2)n1-c1ccc2[nH]ccc2c1,1,0,0.0
herg_blockade,O=c1[nH]nc(Sc2nccs2)n1-c1ccc2c(c1)OCCO2,1,0,0.0
herg_blockade,O=c1[nH]nc2c3c(cccc13)NC(c1ccccc1)C2c1ncn[nH]1,1,0,0.0
herg_blockade,O=c1[nH]nc2c3cc(-c4ccccc4)c(-c4ccc(C5CCC5)cc4)nc3ccn12,1,0,0.0
herg_blockade,O=c1[nH]nc2n1CC(c1ccccc1)C(OCc1ccccc1)CC2,1,1,1.0
herg_blockade,O=c1[nH]nc2n1CCC(OCc1ccccc1)C(c1ccccc1)C2,1,1,1.0
herg_blockade,O=c1[nH]nccc1NCCCNCCc1ccccc1,1,1,1.0
herg_blockade,O=c1c(-c2ccc(-c3ccccn3)cc2)cc2cncnc2n1CC1OCCCO1,1,0,0.0
herg_blockade,O=c1c(-c2ccc3ncncc3c2)cccn1-c1ccc(-c2ncco2)cc1,1,0,0.0
herg_blockade,O=c1c(-c2ccccc2)coc2cc(OC3CCCCO3)ccc12,1,0,0.0
herg_blockade,O=c1c(-c2ccccc2)coc2ccccc12,1,0,0.0
herg_blockade,O=c1c(-c2cccnc2)cc2cncnc2n1C1CCCCC1,1,0,0.0
herg_blockade,O=c1c(CCCc2ccccc2)nccn1-c1ccc(OCCN2CCCC2)cc1,1,1,1.0
herg_blockade,O=c1c(CCN2CCC(C3NOc4ccccc43)CC2)cnc2n1CCCC2,1,1,1.0
herg_blockade,O=c1c(N2CCC(c3noc4ccccc34)CC2)cnc2n1CCCC2,1,1,1.0
herg_blockade,O=c1c(N=Nc2cccc(-c3ccccc3)c2)c[nH]n1-c1ccccc1,1,0,0.0
herg_blockade,O=c1c(N=Nc2ccccc2)c[nH]n1-c1nc(-c2ccccc2)cs1,1,0,0.0
herg_blockade,O=c1c(NCCc2ccccc2)nccn1-c1ccc(OCCN2CCCC2)cc1,1,1,1.0
herg_blockade,O=c1c(OC2CCCCO2)c(-c2ccccc2)oc2ccccc12,1,0,0.0
herg_blockade,O=c1c2c([nH]c3ccccc13)C(c1ccc3c(c1)CCO3)N(c1ccccn1)C2,1,1,1.0
herg_blockade,O=c1c2c([nH]c3ccccc13)C(c1ccc3c(c1)CCO3)N(c1ncc(-c3ccccn3)cn1)C2,1,1,1.0
herg_blockade,O=c1c2cc(-c3ccccc3)ccc2nc(-c2ccccc2)n1CC1CCCNC1,1,1,1.0
herg_blockade,O=c1c2cc(-c3ccccc3)cn2ncn1-c1ccc(N2CCC(N3CCC3)C2)nc1,1,1,1.0
herg_blockade,O=c1c2cc(-c3ccccc3)cn2ncn1-c1ccc(N2CCC2)nc1,1,1,1.0
herg_blockade,O=c1c2cc(-c3ccccc3)cn2ncn1-c1ccc(N2CCCC2)nc1,1,1,1.0
herg_blockade,O=c1c2cc(-c3ccccc3)cn2ncn1-c1ccc(N2CCCCC2)nc1,1,0,0.0
herg_blockade,O=c1c2cc(-c3ccccc3)cn2ncn1-c1ccc(OCCN2CCCC2)cc1,1,1,1.0
herg_blockade,O=c1c2cc(-c3ccccn3)cn2ncn1-c1ccc(N2CCCC2)nc1,1,0,0.0
herg_blockade,O=c1c2cc(NS(=O)(=O)NC3CCOC3)ccc2ccc2ncc(-c3cn[nH]c3)cc12,1,0,0.0
herg_blockade,O=c1c2cc(NS(=O)(=O)NCc3ccccc3)ccc2ccc2ncc(-c3cn[nH]c3)cc12,1,0,0.0
herg_blockade,O=c1c2cc(NS(=O)(=O)NCc3cnccn3)ccc2ccc2ncc(-c3cn[nH]c3)cc12,1,1,1.0
herg_blockade,O=c1c2cccc(Cc3ccccc3)c2ncn1CCc1ccccc1,1,1,1.0
herg_blockade,O=c1c2ccccc2c(-c2ccccc2)nn1CCCN1CCC(c2ccccc2)CC1,1,0,0.0
herg_blockade,O=c1c2ccccc2ccc2ncc(-c3ccccc3)cc12,1,1,1.0
herg_blockade,O=c1c2ccccc2nc(-c2ccc(OCCCN3CCCCC3)cc2)n1-c1ccccc1,1,1,1.0
herg_blockade,O=c1c2ccccc2nc(-c2ccc(OCCCN3CCCCC3)cc2)n1Cc1ccccc1,1,1,1.0
herg_blockade,O=c1c2ccccc2nc(-c2ccccc2)n1-c1ccc(OCCCN2CCCC2)cc1,1,1,1.0
herg_blockade,O=c1c2ccccc2nc(CNc2ccncn2)n1-c1cc[nH]n1,1,0,0.0
herg_blockade,O=c1c2ccccc2nc(CNc2ncnc3[nH]cnc23)n1-c1ccccc1,1,0,0.0
herg_blockade,O=c1c2ccccc2nc(Cn2cnc3cncnc32)n1-c1ccccc1,1,0,0.0
herg_blockade,O=c1c2ccccc2nc(Cn2nc(-c3ccccc3)c3cncnc32)n1-c1ccccc1,1,0,0.0
herg_blockade,O=c1c2ccccc2nc(Cn2ncc3cncnc32)n1-c1ccccc1,1,0,0.0
herg_blockade,O=c1c2ccccc2ncn1-c1ccc(OC2CCCN(C3CCC3)CC2)cc1,1,1,1.0
herg_blockade,O=c1c2ccccc2ncn1-c1ccc(OC2CCCN(C3CCCC3)CC2)cc1,1,1,1.0
herg_blockade,O=c1c2ccccc2ncn1-c1ccc(OC2CCN(C3CC3)CC2)cc1,1,0,0.0
herg_blockade,O=c1c2ccccc2ncn1-c1ccc(OC2CCN(C3CCCC3)CC2)cc1,1,0,0.0
herg_blockade,O=c1c2ccccc2ncn1-c1ccc(OCCCN2CCCCCC2)cc1,1,1,1.0
herg_blockade,O=c1c2ccccc2ncn1CC(Cn1cncn1)c1ccccc1,1,0,0.0
herg_blockade,O=c1c2ccccc2ncn1CCc1ccccc1,1,0,0.0
herg_blockade,O=c1c2ccccc2oc2c(Cc3ccc4c(c3)OCO4)[nH]c(-c3nccs3)c12,1,0,0.0
herg_blockade,O=c1c2ccccc2oc2ccccc12,1,0,0.0
herg_blockade,O=c1c2cccnc2ncn1-c1ccc(OC2CCN(C3CCC3)CC2)cc1,1,0,0.0
herg_blockade,O=c1c2ccncc2ncn1-c1ccc(OC2CCN(C3CCC3)CC2)cc1,1,0,0.0
herg_blockade,O=c1c2cnc(Nc3ccc(C4CCNCC4)cc3)nc2ccn1-c1ccccc1,1,1,1.0
herg_blockade,O=c1c2cnc(Nc3ccccc3)nc2ccn1-c1ccccc1,1,1,1.0
herg_blockade,O=c1c2cnccc2ncn1-c1ccc(OC2CCN(C3CCC3)CC2)cc1,1,0,0.0
herg_blockade,O=c1c2ncccc2ncn1-c1ccc(OC2CCN(C3CCC3)CC2)cc1,1,0,0.0
herg_blockade,O=c1c2nn(C3CCCCC3)cc2nc(-c2cccnc2)n1CC1CCCNC1,1,0,0.0
herg_blockade,O=c1c2sc(-c3ccccc3)cc2ncn1-c1ccc2nc(CN3CCNCC3)ccc2c1,1,0,0.0
herg_blockade,O=c1c2sc(-c3ccccc3)nc2nc(-c2ccccc2)n1CC1CCCNC1,1,1,1.0
herg_blockade,O=c1c2sc3ncccc3c2ncn1-c1ccccc1,1,0,0.0
herg_blockade,O=c1cc(-c2ccc(N3CCCC3)cc2)[nH]c2ccccc12,1,0,0.0
herg_blockade,O=c1cc(-c2ccc(OCCCN3CCCC3)cc2)cn[nH]1,1,1,1.0
herg_blockade,O=c1cc(-c2cccc3c2Sc2ccccc2S3)oc(N2CCOCC2)c1,1,0,0.0
herg_blockade,O=c1cc(-c2ccccc2)c2cc(C(c3ccccc3)c3cnc[nH]3)ccc2[nH]1,1,0,0.0
herg_blockade,O=c1cc(-c2ccccc2)c2ccc(OCCCCN3CCC(c4noc5ccccc45)CC3)cc2o1,1,1,1.0
herg_blockade,O=c1cc(-c2ccccc2)oc2c(C3CCNCC3)cccc12,1,0,0.0
herg_blockade,O=c1cc(-c2ccccc2)oc2cc(OC3CCCCO3)ccc12,1,0,0.0
herg_blockade,O=c1cc(-c2ccnc(NC3CCOCC3)n2)ccn1Cc1ccccc1,1,0,0.0
herg_blockade,O=c1cc(-c2nnc(SCCCN3CCC4(CC4c4ccccc4)C3)[nH]2)cc[nH]1,1,1,1.0
herg_blockade,O=c1cc(C2CCNC(CCc3ccccc3)C2)o[nH]1,1,0,0.0
herg_blockade,O=c1cc(C2CCNC(Cc3ccccc3)C2)o[nH]1,1,0,0.0
herg_blockade,O=c1cc(C2CCNCC2)o[nH]1,1,0,0.0
herg_blockade,O=c1cc(C=Cc2ccccc2)oc2c(C3CCNCC3)cccc12,1,0,0.0
herg_blockade,O=c1cc(CN2CCOCC2)occ1OCCCCCSc1ccnc2ccccc12,1,0,0.0
herg_blockade,O=c1cc(Cn2cnc3nccnc32)c2ccccc2[nH]1,1,0,0.0
herg_blockade,O=c1cc(N2CCCCC2)[nH]c(=O)n1Cc1ccc2ccccc2n1,1,0,0.0
herg_blockade,O=c1cc(N2CCCCC2)n(Cc2ccccc2)c(=O)[nH]1,1,1,1.0
herg_blockade,O=c1cc(N2CCNCC2)nc(COc2ccccc2)[nH]1,1,0,0.0
herg_blockade,O=c1cc(N2CCOCC2)oc2c(-c3ccc(OCCN4CCNCC4)c4c3sc3ccccc34)cccc12,1,0,0.0
herg_blockade,O=c1cc(N2CCOCC2)oc2c(-c3cccc4c3sc3ccccc34)cccc12,1,0,0.0
herg_blockade,O=c1cc(N2CCOCC2)oc2c(CN3CCOc4ccccc43)cccc12,1,0,0.0
herg_blockade,O=c1cc(N2CCOCC2)oc2c(CNc3ccccc3)cccc12,1,0,0.0
herg_blockade,O=c1cc(NC2CCN(Cc3ccc4c(c3)OCO4)CC2)c2ccccc2n1Cc1ccccc1,1,1,1.0
herg_blockade,O=c1cc(NC2CCN(Cc3ccc4c(c3)OCO4)CC2)c2ccccc2n1Cc1ccccn1,1,1,1.0
herg_blockade,O=c1cc(NC2CCN(Cc3ccc4c(c3)OCO4)CC2)c2ccccc2n1Cc1ccncc1,1,1,1.0
herg_blockade,O=c1cc(NC2CCN(Cc3ccc4c(c3)OCO4)CC2)c2ccccc2o1,1,1,1.0
herg_blockade,O=c1cc(NC2CCN(Cc3ccc4ccccc4c3)CC2)c2ccccc2n1Cc1ccccn1,1,1,1.0
herg_blockade,O=c1cc(Nc2ccccc2)c2c(=O)[nH]cnc2[nH]1,1,0,0.0
herg_blockade,O=c1cc(OC2CCN(c3ncccn3)CC2)ccn1-c1ccccc1,1,1,1.0
herg_blockade,O=c1cc(OCc2ccc3ccccc3c2)ccn1-c1ccc(OCCN2CCCC2)cc1,1,1,1.0
herg_blockade,O=c1cc(OCc2ccccc2)ccn1-c1ccc(OCC2CCCCN2)cc1,1,1,1.0
herg_blockade,O=c1cc(OCc2ccccc2)ccn1-c1ccc(OCC2CCCN2)cc1,1,1,1.0
herg_blockade,O=c1cc(OCc2ccccc2)ccn1-c1ccc(OCCN2CCCCC2)cc1,1,1,1.0
herg_blockade,O=c1cc(OCc2ccccc2)ccn1-c1ccc(OCCNCc2ccccc2)cc1,1,1,1.0
herg_blockade,O=c1cc(OCc2ccccc2)ccn1-c1ccc2c(C3CNC3)c[nH]c2c1,1,0,0.0
herg_blockade,O=c1cc(OCc2ccccc2)ccn1-c1ccc2c(cnn2CCN2CCNCC2)c1,1,0,0.0
herg_blockade,O=c1cc(OCc2ccccc2)ccn1-c1ccc2c(cnn2CCN2CCOCC2)c1,1,0,0.0
herg_blockade,O=c1cc(OCc2ccccc2)ccn1-c1ccc2nc(C3CC3)cn2c1,1,0,0.0
herg_blockade,O=c1cc(OCc2ccccc2)ccn1CCc1ccccc1,1,1,1.0
herg_blockade,O=c1cc(OCc2ccccc2)ccn1CCc1ccccn1,1,1,1.0
herg_blockade,O=c1cc(OCc2cccs2)ccn1-c1ccc2nc(C3CC3)[nH]c2c1,1,0,0.0
herg_blockade,O=c1cc(OCc2ccsc2)ccn1-c1ccc2nn(C3CC3)cc2c1,1,0,0.0
herg_blockade,O=c1cc2c(c(Nc3ccccc3)[nH]1)c(=O)n(C1CC1)c(=O)n2-c1ccccc1,1,0,0.0
herg_blockade,O=c1cc[nH]c2scc(-c3ccc(-c4ccccc4)cc3)c12,1,0,0.0
herg_blockade,O=c1cc[nH]cc1-c1ccc2cc(CCN3CCCC3)ccc2n1,1,0,0.0
herg_blockade,O=c1ccc(-c2c(-c3ccccc3)nn3c2NCCC3)nn1-c1ccccc1,1,0,0.0
herg_blockade,O=c1ccc(-c2cc3sc(N4CCC(N5CCCCC5)CC4)nc3cn2)c[nH]1,1,0,0.0
herg_blockade,O=c1ccc(-c2ccc(OC3CCN(C4CCC4)CC3)cc2)n[nH]1,1,1,1.0
herg_blockade,O=c1ccc(-c2ccc(OC3CCN(C4CCC4)CC3)nc2)n[nH]1,1,1,1.0
herg_blockade,O=c1ccc(-c2ccccc2)nn1Cc1cccc(-c2ncc(OCC3CCNCC3)cn2)c1,1,0,0.0
herg_blockade,O=c1ccc(-c2cccnc2)nn1C1CCC(c2ccccc2)CC1,1,1,1.0
herg_blockade,O=c1ccc(-c2nc3ccccc3n2Cc2ccccc2)c[nH]1,1,1,1.0
herg_blockade,O=c1ccc(-c2nnc(C3CCN(Cc4ccc(-c5nc6cc[nH]c(=O)c6cc5-c5ccccc5)cc4)CC3)[nH]2)c[nH]1,1,0,0.0
herg_blockade,O=c1ccc(-c2nnc(C3CCN(Cc4ccc(-c5nc6nc(N7CCNCC7)ncc6cc5-c5ccccc5)cc4)CC3)[nH]2)c[nH]1,1,1,1.0
herg_blockade,O=c1ccc(-c2nnc(SCCCN3CCC4(CC4c4ccccc4)C3)[nH]2)c[nH]1,1,1,1.0
herg_blockade,O=c1ccc(C(c2ccccc2)c2cccnc2)c[nH]1,1,0,0.0
herg_blockade,O=c1ccc(CC(c2cccnc2)c2cccc(OC3CC3)c2)c[nH]1,1,0,0.0
herg_blockade,O=c1ccc(CN2CCC(c3ccccn3)CC2)c2ccccn12,1,0,0.0
herg_blockade,O=c1ccc2c(-c3ccccc3)nccc2n1-c1ccccc1,1,1,1.0
herg_blockade,O=c1ccc2c(CCN3CCC(c4cccc5ncccc45)CC3)cccc2[nH]1,1,1,1.0
herg_blockade,O=c1ccc2c(OCCCCc3ccccc3)c3ccoc3cc2o1,1,1,1.0
herg_blockade,O=c1ccc2c(ccc(=O)n2CCN2CCC(NCc3cccnc3)CC2)[nH]1,1,0,0.0
herg_blockade,O=c1ccc2cc(OCCC[N+]Cc3ccccc3)ccc2[nH]1,1,1,1.0
herg_blockade,O=c1ccc2ccc(OCCCCN3CCN(c4ccccc4)CC3)cc2o1,1,1,1.0
herg_blockade,O=c1ccc2cccc3c2n1CC3CN1CCC(NCc2cc3c(nn2)OCCO3)CC1,1,0,0.0
herg_blockade,O=c1ccc2ccccc2n1CCN1CCC(NCc2ccccn2)CC1,1,1,1.0
herg_blockade,O=c1ccc2ccccc2n1Cc1ccccc1,1,0,0.0
herg_blockade,O=c1ccc2cccnc2n1CCN1CCC(NCc2cc3c(cn2)OCCO3)CC1,1,0,0.0
herg_blockade,O=c1ccc2cnc(Nc3ccc(N4CCNCC4)cn3)nc2n1C1CCCC1,1,0,0.0
herg_blockade,O=c1ccc2cnc3ccc(-c4ccccc4)cc3c2n1-c1ccc(N2CCNCC2)cc1,1,0,0.0
herg_blockade,O=c1ccc2cnc3ccc(-c4cccnc4)cc3c2n1-c1ccccc1,1,0,0.0
herg_blockade,O=c1ccc2cnc3ccc(-c4cn[nH]c4)cc3c2n1-c1ccc2c(c1)NCC2,1,0,0.0
herg_blockade,O=c1ccc2cnc3ccc(-c4cnc5ccccc5c4)cc3c2n1-c1ccc(N2CCNCC2)cc1,1,0,0.0
herg_blockade,O=c1ccc2cnccc2n1CCN1CCC(NCc2cc3c(cn2)OCCO3)CC1,1,0,0.0
herg_blockade,O=c1ccc2cncnc2n1CCN1CCC(NCc2cc3c(cn2)OCCO3)CC1,1,0,0.0
herg_blockade,O=c1ccc2ncc(=O)n3c2n1CC3CN1CCC(NCc2cc3c(cn2)OCCC3)CC1,1,0,0.0
herg_blockade,O=c1ccc2ncc(Oc3cccnc3)cc2n1CCN1CCC(c2nc3ccccc3[nH]2)CC1,1,1,1.0
herg_blockade,O=c1ccc2nccc3c2n1CC3CC12CCC(NC=Cc3ccccn3)(CC1)CO2,1,1,1.0
herg_blockade,O=c1ccc2nccc3c2n1CC3CC12CCC(NCC=Cc3ccccn3)(CC1)CO2,1,1,1.0
herg_blockade,O=c1ccc2nccc3c2n1CC3CC12CCC(NCCCc3ccccc3)(CC1)CO2,1,1,1.0
herg_blockade,O=c1ccc2nccc3c2n1CC3CC12CCC(NCCc3ccccc3)(CC1)CO2,1,1,1.0
herg_blockade,O=c1ccc2ncccc2n1CCN1CCC(NCc2cnccn2)CC1,1,0,0.0
herg_blockade,O=c1cccc(C2=NC(c3ccccc3)(c3cccnc3)CN2)[nH]1,1,0,0.0
herg_blockade,O=c1cccc(Nc2ccccc2)[nH]1,1,0,0.0
herg_blockade,O=c1cccnn1-c1ccc2cc(CCN3CCCC3)ccc2c1,1,1,1.0
herg_blockade,O=c1ccn(C2CC2)c2cc(C3CCNCC3)ccc12,1,0,0.0
herg_blockade,O=c1ccn(C2CC2)c2cc(N3CCCCC3)ccc12,1,0,0.0
herg_blockade,O=c1ccn(C2CCCN(S(=O)(=O)c3cccc(Oc4ccccc4)c3)C2)c(=O)[nH]1,1,0,0.0
herg_blockade,O=c1ccn2c(-c3ccccc3)cccc2c1-c1ccccc1,1,0,0.0
herg_blockade,O=c1ccnc(NC2CCN(c3nc4ccccc4n3Cc3ccccc3)CC2)[nH]1,1,1,1.0
herg_blockade,O=c1ccnc(NCC2CCN(c3nc4ccccc4n3Cc3ccccc3)CC2)[nH]1,1,1,1.0
herg_blockade,O=c1ccnc[nH]1,1,0,0.0
herg_blockade,O=c1cnc2c(=O)[nH]cnc2[nH]1,1,0,0.0
herg_blockade,O=c1cnc2cccc3c2n1CC3CN1CCC(NCc2cc3c(cn2)OCCO3)CC1,1,0,0.0
herg_blockade,O=c1cnc2cccc3c2n1CC3CN1CCC(NCc2cc3c(nn2)OCCO3)CC1,1,0,0.0
herg_blockade,O=c1cnc2cccnc2n1CCN1CCC(NCc2cc3c(cn2)OCCO3)CC1,1,0,0.0
herg_blockade,O=c1cnc2cccnc2n1CCN1CCC(NCc2cccnc2)CC1,1,0,0.0
herg_blockade,O=c1cnc2cnc(-c3cccnc3)cc2[nH]1,1,1,1.0
herg_blockade,O=c1cnc2cncnc2n1CCN1CCC(NCc2cc3c(cn2)OCCO3)CC1,1,0,0.0
herg_blockade,O=c1cnc2ncccc2n1CCN1CCC(NCc2cccnc2)CC1,1,0,0.0
herg_blockade,O=c1cncc(C2=NC(c3ccccc3)(c3cccnc3)CN2)[nH]1,1,0,0.0
herg_blockade,O=c1cnn(CCCCN2CCN(c3ccccc3)CC2)c(=O)[nH]1,1,0,0.0
herg_blockade,O=c1n(CC2CC2)c2cccnc2n1C1CCN(c2ccccn2)CC1,1,1,1.0
herg_blockade,O=c1n(CCCCN2CCNCC2)ccn1N=Cc1ccc(-c2ccccc2)o1,1,1,1.0
herg_blockade,O=c1n(CCCN2CCN(c3ccccc3)CC2)nc2ccccn12,1,1,1.0
herg_blockade,O=c1n(CCOc2ccccc2)cnn1CCCN1CCN(c2ccccc2)CC1,1,1,1.0
herg_blockade,O=c1n(Cc2ccccc2)c2cccnc2n1C1CCN(c2ccccn2)CC1,1,1,1.0
herg_blockade,O=c1n(Cc2ccccc2)c2sc3c(c2c2ncnn12)CCCC3,1,1,1.0
herg_blockade,O=c1n(Cc2ccccc2)c2sc3c(c2c2ncnn12)CCN(C1COC1)C3,1,1,1.0
herg_blockade,O=c1n(Cc2ccccc2)c2sc3c(c2c2ncnn12)CCN(CC1CC1)C3,1,1,1.0
herg_blockade,O=c1n(Cc2ccccc2)c2sc3c(c2c2ncnn12)CCN(Cc1ccccc1)C3,1,1,1.0
herg_blockade,O=c1n(Cc2ccccc2)c2sc3c(c2c2ncnn12)CCNC3,1,1,1.0
herg_blockade,O=c1n(Cc2ncno2)nc2ccc(-c3ccccc3)cn12,1,0,0.0
herg_blockade,O=c1nc(-c2cccc(S(=O)(=O)N3CCNCC3)c2)[nH]n2cncc12,1,0,0.0
herg_blockade,O=c1nc(-c2cccc(S(=O)(=O)N3CC[NH+]CC3)c2)[nH]n2cncc12,1,0,0.0
herg_blockade,O=c1nc(Cc2ccccc2)[nH]c2c1cnn2-c1ccccc1,1,0,0.0
herg_blockade,O=c1nc(NC2CCN(Cc3ccc4ncccc4c3)CC2)c2ccccc2[nH]1,1,1,1.0
herg_blockade,O=c1nc2[nH]c3ccccc3cc-2c(=O)[nH]1,1,0,0.0
herg_blockade,O=c1nc2[nH]c3ccccc3nc-2c(=O)[nH]1,1,0,0.0
herg_blockade,O=c1nc[nH]c2[nH]cnc12,1,0,0.0
herg_blockade,O=c1ncc2ccccc2n1CCN1CCC(NCc2cc3c(cn2)OCCO3)CC1,1,0,0.0
herg_blockade,O=c1ncccn1C1CCCO1,1,0,0.0
herg_blockade,O=c1ncn(Cc2ccccc2)c2ccc(Oc3ccccc3)cc12,1,1,1.0
herg_blockade,O=c1ncn2nc(Sc3ccccc3)ccc2c1-c1ccccc1,1,0,0.0
herg_blockade,O=c1oc(C2(c3cn[nH]c3)NC(c3nc(-c4ccccn4)c[nH]3)Cc3c2[nH]c2ccccc32)nn1CC1CC1,1,1,1.0
herg_blockade,O=c1oc2cc(OCc3ccccc3)ccc2c2ccccc12,1,0,0.0
herg_blockade,O=c1oc2cc(Oc3ncccn3)ccc2cc1Cc1ccccc1,1,0,0.0
herg_blockade,O=c1oc2cc(Oc3ncccn3)ccc2cc1Cc1ccncc1,1,0,0.0
herg_blockade,O=c1oc2ccccc2c(Cc2ccccc2)c1-c1ccccc1,1,0,0.0
herg_blockade,S=C(NCc1ccc2c(c1)OCO2)N1CCN(c2ncnc3c2oc2ccccc23)CC1,1,1,1.0
herg_blockade,S=C(NN=Cc1ccccn1)N1CCC1,1,0,0.0
herg_blockade,S=C(Nc1ccccc1)Nc1cc(-c2ccccc2)cc(-c2ccccc2)n1,1,0,0.0
herg_blockade,S=C(Nc1ccccc1)n1cc(-c2ccnc3ccccc23)c(-c2ccccn2)n1,1,0,0.0
herg_blockade,S=C1N(CCNCc2ccccc2)CCN1CCc1ccccc1,1,0,0.0
herg_blockade,S=C1NCCN1CC[N+]1CCC(c2cn(-c3ccccc3)c3ccccc23)CC1,1,1,1.0
herg_blockade,S=c1[nH]ccn1C1CCc2ccccc2C1,1,0,0.0
herg_blockade,S=c1[nH]ccn1C1COc2ccccc2C1,1,0,0.0
herg_blockade,[N+]=C1C=CC(=C(c2ccccc2)c2ccccc2)C=C1,1,1,1.0
herg_blockade,c1c[nH+]cc(CC(c2cccc(OC3CC3)c2)c2cncs2)c1,1,0,0.0
herg_blockade,c1c[nH+]cc(CC(c2cccnc2)c2cccc(OC3CC3)c2)c1,1,0,0.0
herg_blockade,c1c[nH+]cc(CNc2cc(N3CCCCC3)nc3ccnn23)c1,1,0,0.0
herg_blockade,c1c[nH]c(-c2nnc(SCCCN3CCc4ccc(-c5ccon5)cc4CC3)[nH]2)c1,1,1,1.0
herg_blockade,c1c[nH]c(-c2nnc(SCCCN3CCc4ccc(-c5ncco5)cc4CC3)[nH]2)c1,1,1,1.0
herg_blockade,c1c[nH]cn1,1,0,0.0
herg_blockade,c1cc(-c2[nH]nc3c2Cc2ccc(CN4CCNCC4)cc2-3)cs1,1,0,0.0
herg_blockade,c1cc(-c2cc3cnccc3cn2)ccn1,1,0,0.0
herg_blockade,c1cc(-c2ccc(CN3CCOCC3)cc2)c2nc(-c3cnn(C4CCNCC4)c3)cnc2c1,1,0,0.0
herg_blockade,c1cc(-c2ccc(N3CC4CC3CN4)cn2)c2cc[nH]c2c1,1,0,0.0
herg_blockade,c1cc(-c2ccc(N3CC4CC3CN4)nc2)c2cc[nH]c2c1,1,0,0.0
herg_blockade,c1cc(-c2ccc(N3CC4CC3CN4)nn2)c2cc[nH]c2c1,1,0,0.0
herg_blockade,c1cc(-c2ccc(OCCCN3CCCCC3)cc2)[nH]n1,1,1,1.0
herg_blockade,c1cc(-c2ccc3c(c2)CCN(CCCSc2nnc(-c4cnco4)[nH]2)CC3)[nH]n1,1,1,1.0
herg_blockade,c1cc(-c2ccc3c(c2)CCN(CCCSc2nnc(C4CCCC4)[nH]2)CC3)no1,1,1,1.0
herg_blockade,c1cc(-c2ccc3c(c2)CCN(CCCSc2nnc(C4CCCCC4)[nH]2)CC3)no1,1,1,1.0
herg_blockade,c1cc(-c2ccc3c(c2)CCN(CCCSc2nnc(C4CCOCC4)[nH]2)CC3)no1,1,1,1.0
herg_blockade,c1cc(-c2ccc3c(c2)OCO3)ccc1OCCCN1CCCCC1,1,1,1.0
herg_blockade,c1cc(-c2ccc3c(c2)OCO3)cs1,1,0,0.0
herg_blockade,c1cc(-c2ccc3cc(CCN4CCCC4)ccc3n2)[nH]n1,1,0,0.0
herg_blockade,c1cc(-c2ccc3cc(CCN4CCCC4)ccc3n2)n[nH]1,1,0,0.0
herg_blockade,c1cc(-c2ccnc(-n3cccn3)n2)nc(N2CCNCC2)c1,1,1,1.0
herg_blockade,c1cc(-c2cn3cc(CN4CCNCC4)nc3c(N3CCOCC3)n2)c2cn[nH]c2c1,1,0,0.0
herg_blockade,c1cc(-c2cn[nH]c2)ccc1Nc1ccn(C2CCCOC2)n1,1,0,0.0
herg_blockade,c1cc(-c2cnc(N3CC4CC3CN4)cn2)c2cc[nH]c2c1,1,0,0.0
herg_blockade,c1cc(-c2cnc(NC3CCCC3)s2)nc(Nc2ccc(N3CCOCC3)cn2)n1,1,0,0.0
herg_blockade,c1cc(-c2cnc3c(c2)CC2(CN4CCC2CC4)O3)co1,1,1,1.0
herg_blockade,c1cc(-c2cnc[nH]2)nc(Nc2ccc(N3CCOCC3)cc2)n1,1,0,0.0
herg_blockade,c1cc(-c2cncs2)nc(Nc2ccc(N3CCOCC3)cc2)n1,1,0,0.0
herg_blockade,c1cc(-c2cnn3cc(-c4ccc(OCCN5CCCCC5)cc4)cnc23)ccn1,1,0,0.0
herg_blockade,c1cc(-c2nc(-c3ccc(Cn4cc(-c5ccc(-n6ccnc6)cc5)nn4)cc3)no2)ccn1,1,0,0.0
herg_blockade,c1cc(-c2nc(-c3ccc4cc(CCN5CCCC5)ccc4n3)cs2)no1,1,1,1.0
herg_blockade,c1cc(-c2nc(C3CCNCC3)cc(N3CCOCC3)n2)c2cc[nH]c2c1,1,0,0.0
herg_blockade,c1cc(-c2nc(C3CCOCC3)c3c(n2)N2CCOCC2CO3)c2cc[nH]c2c1,1,0,0.0
herg_blockade,c1cc(-c2nc(C3CCOCC3)cc(N3CCOCC3)n2)c2cc[nH]c2c1,1,0,0.0
herg_blockade,c1cc(-c2nc(N3CCOCC3)c3sc(CN4CCNCC4)cc3n2)c2cn[nH]c2c1,1,0,0.0
herg_blockade,c1cc(-c2nc3c(N4CCN(Cc5ccon5)CC4)ccnc3[nH]2)cc(N2CCNCC2)c1,1,1,1.0
herg_blockade,c1cc(-c2nc3c(s2)CNCC3)ccc1OCCCN1CCCC1,1,1,1.0
herg_blockade,c1cc(-c2nc3c4c(ccc3o2)CCN(CCCSc2nnc(-c3cnco3)[nH]2)CC4)[nH]n1,1,1,1.0
herg_blockade,c1cc(-c2nc3cc4c(cc3o2)CCN(CCCSc2nnc(-c3cnco3)[nH]2)CC4)[nH]n1,1,1,1.0
herg_blockade,c1cc(-c2ncc(-c3ccc4cc(CCN5CCCC5)ccc4n3)s2)ncn1,1,1,1.0
herg_blockade,c1cc(-c2nnc(SCCCN3CCc4cc5cn[nH]c5cc4CC3)[nH]2)c2cccnc2c1,1,1,1.0
herg_blockade,c1cc(-c2nnc(SCCCN3CCc4cc5nc(-c6ccn[nH]6)oc5cc4CC3)[nH]2)c2cccnc2c1,1,1,1.0
herg_blockade,c1cc(-c2nnc(SCCCN3CCc4cc5nc(C6CC6)oc5cc4CC3)[nH]2)c2cccnc2c1,1,1,1.0
herg_blockade,c1cc(-c2nnc(SCCCN3CCc4cc5nc(CC6CC6)oc5cc4CC3)[nH]2)c2cccnc2c1,1,1,1.0
herg_blockade,c1cc(-c2nnc(SCCCN3CCc4cc5nc(N6CCCCC6)oc5cc4CC3)[nH]2)c2cccnc2c1,1,1,1.0
herg_blockade,c1cc(-c2nnc(SCCCN3CCc4ccc(-c5ccn[nH]5)cc4CC3)[nH]2)c2ccncc2c1,1,1,1.0
herg_blockade,c1cc(-c2nnc(SCCCN3CCc4ccc(-c5ccon5)cc4CC3)[nH]2)c2cccnc2c1,1,1,1.0
herg_blockade,c1cc(-c2nnc(SCCCN3CCc4ccc(-c5ccon5)cc4CC3)[nH]2)ccn1,1,1,1.0
herg_blockade,c1cc(-c2nnc(SCCCN3CCc4ccc(-c5ncco5)cc4CC3)[nH]2)c2cccnc2c1,1,1,1.0
herg_blockade,c1cc(-c2nnc(SCCCN3CCc4ccc5oc(-c6ccn[nH]6)nc5c4CC3)[nH]2)c2cccnc2c1,1,1,1.0
herg_blockade,c1cc(-c2nnc(SCCN3CCc4ccc(-c5ccn[nH]5)cc4CC3)[nH]2)c2cccnc2c1,1,1,1.0
herg_blockade,c1cc(-c2sc(-c3ccncc3)c(-c3ccncc3)c2-c2ccncc2)ccn1,1,0,0.0
herg_blockade,c1cc(C2CC(CN3CCOCC3)C2)ccc1CN1CCCC1,1,0,0.0
herg_blockade,c1cc(C2CC2)cc(Nc2nc3cnc(N4CCNCC4)cc3[nH]2)n1,1,1,1.0
herg_blockade,c1cc(C2CC2)ccc1Nc1ccn(C2CCCOC2)n1,1,0,0.0
herg_blockade,c1cc(C2CCCC2)ccc1COc1ccc2[nH]c3c(c2c1)CCC3,1,0,0.0
herg_blockade,c1cc(C2CCCCO2)ccc1OCCCN1CCCCC1,1,1,1.0
herg_blockade,c1cc(C2CCN(C3=Nn4cnnc4CC3)CC2)ccc1OCCN1CCNCC1,1,0,0.0
herg_blockade,c1cc(C2CCN(c3ccc4nncn4n3)CC2)ccc1OCCN1CCNCC1,1,0,0.0
herg_blockade,c1cc(C2CCOCC2)ccc1OCCCN1CCCCC1,1,1,1.0
herg_blockade,c1cc(C2N=NC3=C2Cc2ccc(CN4CCNCC4)cc23)cs1,1,1,1.0
herg_blockade,c1cc(CC2NCCc3ccccc32)cc(Oc2ccc(CC3NCCc4ccccc43)cc2)c1,1,1,1.0
herg_blockade,c1cc(CCC2CCC(NCc3cc4c(nn3)OCCS4)CO2)c2nccnc2c1,1,0,0.0
herg_blockade,c1cc(CCN2CCN(c3cccc4ncccc34)CC2)c2c(c1)-n1cnnc1CO2,1,0,0.0
herg_blockade,c1cc(CCN2CCN(c3cccc4ncccc34)CC2)c2c(c1)-n1nncc1CO2,1,1,1.0
herg_blockade,c1cc(CCN2CCN(c3cccc4ncccc34)CC2)c2c(c1)-n1nnnc1CO2,1,1,1.0
herg_blockade,c1cc(CCOc2ccc(C3CCN(c4ccc5nncn5n4)CC3)cc2)[nH]n1,1,0,0.0
herg_blockade,c1cc(CN2CCCCC2)cc(Nc2nccs2)n1,1,0,0.0
herg_blockade,c1cc(CN2CCCNCCNCCCNCC2)ccc1CN1CCCNCCNCCCNCC1,1,0,0.0
herg_blockade,c1cc(CN2CCOCC2)cc(Nc2nccs2)n1,1,1,1.0
herg_blockade,c1cc(CN2CCc3cc4ncsc4cc3CC2)ccn1,1,0,0.0
herg_blockade,c1cc(CN2CCc3cc4ncsc4cc3CC2)n[nH]1,1,0,0.0
herg_blockade,c1cc(COc2cnc(N3CC4CCC(C3)N4)nc2)ccn1,1,0,0.0
herg_blockade,c1cc(COc2cnc(N3CCN(c4ncon4)CC3)nc2)ccn1,1,1,1.0
herg_blockade,c1cc(Cn2cc(-c3ccc(-n4ccnc4)cc3)nn2)cc(-c2ncon2)c1,1,0,0.0
herg_blockade,c1cc(Cn2cc(-c3ccc(-n4ccnc4)cc3)nn2)cc(-n2cccn2)c1,1,0,0.0
herg_blockade,c1cc(Cn2cccn2)c2c(c1)C(c1ncc[nH]1)CC2,1,0,0.0
herg_blockade,c1cc(N2CC3CC2CN3)ncc1-c1ccc2n[nH]cc2c1,1,0,0.0
herg_blockade,c1cc(N2CC3CCC(C2)O3)nc(-c2ccc3[nH]ccc3c2)n1,1,0,0.0
herg_blockade,c1cc(N2CCCCC2)c2nc(-n3cnc4cc(OCC5COC5)ccc43)ccc2c1,1,0,0.0
herg_blockade,c1cc(N2CCCCC2)c2nc(-n3cnc4ccccc43)ccc2c1,1,0,0.0
herg_blockade,c1cc(N2CCCCC2)ccc1OCCCN1CCCCC1,1,1,1.0
herg_blockade,c1cc(N2CCCCC2)ccn1,1,0,0.0
herg_blockade,c1cc(N2CCN(Cc3ccon3)CC2)c2[nH]c(-c3c[nH]nc3C3CC3)nc2n1,1,1,1.0
herg_blockade,c1cc(N2CCN(Cc3ccon3)CC2)c2[nH]c(-c3ccc(N4CCOCC4)cc3)nc2n1,1,0,0.0
herg_blockade,c1cc(N2CCN(Cc3ccon3)CC2)c2[nH]c(-c3cn[nH]c3)nc2n1,1,1,1.0
herg_blockade,c1cc(N2CCN(Cc3ccon3)CC2)c2[nH]c(N3CCNCC3)nc2n1,1,1,1.0
herg_blockade,c1cc(N2CCN(Cc3ccon3)CC2)c2nc(N3CCNCC3)[nH]c2n1,1,1,1.0
herg_blockade,c1cc(N2CCNCC2)c2[nH+]onc2c1,1,0,0.0
herg_blockade,c1cc(N2CCNCC2)ccc1Nc1ncc2c(n1)-c1[nH]ncc1CC2,1,0,0.0
herg_blockade,c1cc(N2CCNCC2)ncn1,1,0,0.0
herg_blockade,c1cc(N2CCOCC2)cc(CSc2ncc[nH]2)n1,1,0,0.0
herg_blockade,c1cc(N2CCOCC2)cc(CSc2nccs2)n1,1,0,0.0
herg_blockade,c1cc(N2CCOCC2)nc(-c2ccc3nc[nH]c3c2)n1,1,0,0.0
herg_blockade,c1cc(N2CCOCC2)nc(-c2cnc3[nH]ccc3c2)n1,1,0,0.0
herg_blockade,c1cc(NC2=NCCN2)c2nsnc2c1,1,0,0.0
herg_blockade,c1cc(NC2CCC2)nc(Nc2ccc3c(c2)C2CCC3N2)n1,1,0,0.0
herg_blockade,c1cc(NC2CCCC2)c2cc(-c3cc[nH]n3)cn2n1,1,0,0.0
herg_blockade,c1cc(NC2CCCCC2)c2c(c1)[nH]c1cc(-c3cn[nH]c3)ccc12,1,1,1.0
herg_blockade,c1cc(NC2CCNC2)nc(-c2cnc3ccc(-c4cn[nH]c4)cn23)c1,1,0,0.0
herg_blockade,c1cc(NCC2CCC3(CCC3)CC2)ncn1,1,0,0.0
herg_blockade,c1cc(NCc2cccc3nonc23)c2cc(N3CCNCC3)cnc2c1,1,1,1.0
herg_blockade,c1cc(Nc2ccc(N3CCNCC3)cc2)nc(Nc2ccc(N3CCNCC3)cc2)n1,1,0,0.0
herg_blockade,c1cc(Nc2ccc(N3CCOCC3)cc2)nc(Nc2ccc3c(c2)CCNCC3)n1,1,1,1.0
herg_blockade,c1cc(Nc2ccc3[nH]ccc3c2)c(-c2cc3cc(CN4CCNCC4)ccc3o2)cn1,1,0,0.0
herg_blockade,c1cc(Nc2cccc(NC3CCCCC3)n2)cc(-n2nccn2)c1,1,1,1.0
herg_blockade,c1cc(Nc2cccc3cc[nH]c23)nc(NC2CCCCC2)c1,1,0,0.0
herg_blockade,c1cc(Nc2ccn(C3CCCOC3)n2)ccn1,1,0,0.0
herg_blockade,c1cc(Nc2ccnc(NC3CCCCC3)n2)c2[nH]ccc2c1,1,0,0.0
herg_blockade,c1cc(Nc2ccnc(NCc3ccc4c(c3)OCO4)n2)ccn1,1,0,0.0
herg_blockade,c1cc(Nc2cncc(NC3CCCCC3)c2)nc(-n2nccn2)n1,1,0,0.0
herg_blockade,c1cc(Nc2cncc(NC3CCCCC3)c2)ncn1,1,0,0.0
herg_blockade,c1cc(Nc2cncc(NC3CCCCC3)n2)c2[nH]ccc2c1,1,1,1.0
herg_blockade,c1cc(Nc2cncc(NC3CCCCC3)n2)cc(-n2nccn2)c1,1,0,0.0
herg_blockade,c1cc(Nc2cnnc(NC3CCCCC3)c2)nc(C2CC2)c1,1,1,1.0
herg_blockade,c1cc(Nc2cnnc(NC3CCCCC3)n2)c2cc[nH]c2c1,1,1,1.0
herg_blockade,c1cc(Nc2cnnc(NC3CCCCC3)n2)cc(-n2nccn2)c1,1,1,1.0
herg_blockade,c1cc(Nc2nccc(-c3cnc4ccccn34)n2)cc(N2CCOCC2)c1,1,1,1.0
herg_blockade,c1cc(Nc2ncnc3cc(OCCN4CCNCC4)cc(OC4CCOCC4)c23)c2c(c1)OCO2,1,0,0.0
herg_blockade,c1cc(OC2CC2)cc(C(Cc2cc[nH+]cc2)c2cncs2)c1,1,0,0.0
herg_blockade,c1cc(OC2CCNCC2)c2nc(-c3cnc4ccccn34)ccc2c1,1,1,1.0
herg_blockade,c1cc(OCC23CCC(CC2)O3)cc(-c2cn(C3CC(CN4CCC4)C3)c3ncncc23)c1,1,1,1.0
herg_blockade,c1cc(OCC23CCC(CC2)O3)cc(-c2cn(C3CC(CN4CC[SH+]CC4)C3)c3ncncc23)c1,1,0,0.0
herg_blockade,c1cc(OCC23CCC(CC2)O3)cc(-c2cn(C3CC(N4CCNCC4)C3)c3ncncc23)c1,1,0,0.0
herg_blockade,c1cc(OCC2CCCCC2)ncn1,1,0,0.0
herg_blockade,c1cc(OCC2CCCO2)cc(-c2cn(C3CC(CN4CCC4)C3)c3ncncc23)c1,1,1,1.0
herg_blockade,c1cc(OCCN2CCCC2)cc(-c2ncnc3[nH]ccc23)c1,1,1,1.0
herg_blockade,c1cc(OCCN2CCCC2)cc(-c2ncnc3sccc23)c1,1,0,0.0
herg_blockade,c1cc(OCCN2CCCCC2)cc(-c2n[nH]c3ccc(-c4nc[nH]n4)cc23)c1,1,0,0.0
herg_blockade,c1cc2[nH]ncc2cc1-c1ccc(N2CC3CC2CN3)cn1,1,0,0.0
herg_blockade,c1cc2c(-c3cc4[nH]cnc4c(N4CCOCC4)n3)nncc2[nH]1,1,0,0.0
herg_blockade,c1cc2c(NC3=NCC4(CN5CCC4CC5)O3)ncnn2c1,1,1,1.0
herg_blockade,c1cc2c(NC3CCNCC3)nc(C3CCCCC3)nc2cc1OCCCN1CCCC1,1,0,0.0
herg_blockade,c1cc2c(c3c1CCC3)CCO2,1,0,0.0
herg_blockade,c1cc2c(cc1C1OCC3C(c4ccc5c(c4)OCO5)OCC13)OCO2,1,0,0.0
herg_blockade,c1cc2c(nc1COCC1CC1)N1CCNCC1C2,1,0,0.0
herg_blockade,c1cc2c(ncc3ncn(C4CCCC4)c32)[nH]1,1,0,0.0
herg_blockade,c1cc2c(ncc3ncn(C4CCCOC4)c32)[nH]1,1,0,0.0
herg_blockade,c1cc2c3c(c1)OC1C4CCC5(CC4)C(C2)[N+](CC2CC2)CCC315,1,1,1.0
herg_blockade,c1cc2c3cnc(Nc4ccc(N5CCCCC5)nn4)nc3n(C3CCCCC3)c2cn1,1,1,1.0
herg_blockade,c1cc2cc(-c3c[nH]c4ncc(-c5ccc(CN6CCNCC6)cc5)cc34)ccc2[nH]1,1,0,0.0
herg_blockade,c1cc2cc(-c3ccc(N4CC5CC4CN5)cn3)ccc2[nH]1,1,1,1.0
herg_blockade,c1cc2cc(-c3ccc(N4CC5CC4CN5)cn3)ccc2o1,1,1,1.0
herg_blockade,c1cc2cc(-c3ccc(N4CC5CC4CN5)cn3)ccc2s1,1,1,1.0
herg_blockade,c1cc2cc(-c3ccc(N4CC5CC4CN5)nc3)ccc2o1,1,1,1.0
herg_blockade,c1cc2cc(-c3ccc(N4CC5CC4CN5)nc3)ccc2s1,1,1,1.0
herg_blockade,c1cc2cc(-c3ccc(N4CC5CC4CN5)nn3)ccc2o1,1,1,1.0
herg_blockade,c1cc2cc(-c3ccc(N4CC5CC4CN5)nn3)ccc2s1,1,1,1.0
herg_blockade,c1cc2cc(-c3cnc(N4CC5CC4CN5)cn3)ccc2o1,1,1,1.0
herg_blockade,c1cc2cc(-c3cnc(N4CC5CC4CN5)cn3)ccc2s1,1,1,1.0
herg_blockade,c1cc2cc(-c3cnc(N4CC5CC4CN5)nc3)ccc2o1,1,1,1.0
herg_blockade,c1cc2cc(-c3cnc(N4CC5CC4CN5)nc3)ccc2s1,1,1,1.0
herg_blockade,c1cc2cc(C3CCNC3)ccc2[nH]1,1,1,1.0
herg_blockade,c1cc2cc(C3CNCc4cc(N5CCOCC5)ccc43)ccc2s1,1,1,1.0
herg_blockade,c1cc2ccc(-c3ccc(N4CC5CC4CN5)cn3)cc2[nH]1,1,1,1.0
herg_blockade,c1cc2ccc(-c3ccc(N4CC5CC4CN5)nc3)cc2[nH]1,1,1,1.0
herg_blockade,c1cc2ccc(-c3cnc(N4CC5CC4CN5)cn3)cc2[nH]1,1,1,1.0
herg_blockade,c1cc2n[nH]cc2cc1-c1ccc(N2CC3CC2CN3)nn1,1,0,0.0
herg_blockade,c1cc2n[nH]cc2cc1-c1cnc(N2CC3CC2CN3)cn1,1,0,0.0
herg_blockade,c1cc2n[nH]cc2cc1-c1cnc(N2CC3CC2CN3)nc1,1,0,0.0
herg_blockade,c1cc2nc(-c3ccc(N4CCCCC4)cc3)ccc2cc1CCN1CCCC1,1,1,1.0
herg_blockade,c1cc2nc(-c3ccc4c(c3)COCO4)ccc2cc1CCN1CCCC1,1,1,1.0
herg_blockade,c1cc2nc(-c3cn4c(n3)SCC4)ccc2cc1CCN1CCCC1,1,0,0.0
herg_blockade,c1cc2nc(-c3cnc4c(c3)OCO4)ccc2cc1CCN1CCCC1,1,0,0.0
herg_blockade,c1cc2nc(-c3ncn4c3CCCC4)cnc2[nH]1,1,1,1.0
herg_blockade,c1cc2nc(Nc3ccc(C4CC4)cc3)cc(NC3CC3)n2n1,1,0,0.0
herg_blockade,c1cc2nc(SC3CCNCC3)[nH]c2cc1N1CCNCC1,1,1,1.0
herg_blockade,c1cc2ncc(-c3ccc(C4CCCCC4)cc3)cn2n1,1,0,0.0
herg_blockade,c1cc2ncc(-c3ccc4cc(CCN5CCCC5)ccc4n3)cn2n1,1,1,1.0
herg_blockade,c1cc2nonc2cc1CCN1CCN(CCc2ccc3nonc3c2)CC1,1,1,1.0
herg_blockade,c1cc2oc(CCN3CCCC3)cc2cc1-c1cn[nH]c1,1,1,1.0
herg_blockade,c1cc2occc2[nH]1,1,0,0.0
herg_blockade,c1cc2sc(-c3ccsc3)cc2c(NC2CCCNC2)n1,1,0,0.0
herg_blockade,c1cc2sc(N3CCC(N4CCCCC4)CC3)nc2cn1,1,1,1.0
herg_blockade,c1cc2sccc2[nH]1,1,0,0.0
herg_blockade,c1ccc(-c2[nH]c3ccccc3c2C2CCCC[NH+]2)cc1,1,1,1.0
herg_blockade,c1ccc(-c2[nH]c3ccccc3c2C2CCC[NH+]C2)cc1,1,1,1.0
herg_blockade,c1ccc(-c2[nH]c3ccccc3c2C2CCN(c3ccccc3)CC2)cc1,1,1,1.0
herg_blockade,c1ccc(-c2[nH]c3ccccc3c2C2CCNCC2)cc1,1,1,1.0
herg_blockade,c1ccc(-c2[nH]c3ccccc3c2C2CC[N+]CC2)cc1,1,1,1.0
herg_blockade,c1ccc(-c2[nH]cnc2-c2ccc3nc[nH]c3n2)cc1,1,0,0.0
herg_blockade,c1ccc(-c2c(Cn3cncn3)c(-c3nnc(C4CCC4)s3)nn2-c2ccccc2)cc1,1,0,0.0
herg_blockade,c1ccc(-c2c[nH]c(C3Cc4c([nH]c5ccccc45)C(c4cnn(CC5CC5)c4)(c4ncon4)N3)n2)nc1,1,1,1.0
herg_blockade,c1ccc(-c2c[nH]c(CC3COC3)n2)cc1,1,0,0.0
herg_blockade,c1ccc(-c2c[nH]c3ncncc23)cc1,1,0,0.0
herg_blockade,c1ccc(-c2c[nH]nc2-c2ccccc2)cc1,1,0,0.0
herg_blockade,c1ccc(-c2cc(-c3ccc4cc(CCN5CCCC5)ccc4n3)on2)cc1,1,1,1.0
herg_blockade,c1ccc(-c2cc(-c3ccccn3)ncn2)cc1,1,1,1.0
herg_blockade,c1ccc(-c2cc(-c3nc(-c4ccc(CN5CCC5)cc4)no3)on2)cc1,1,0,0.0
herg_blockade,c1ccc(-c2cc(C3CCNCC3)ccn2)c(OCC2CC2)c1,1,0,0.0
herg_blockade,c1ccc(-c2cc(CCCN3CCNCC3)ncn2)cc1,1,1,1.0
herg_blockade,c1ccc(-c2cc(CCCNC3CC3)ncn2)cc1,1,1,1.0
herg_blockade,c1ccc(-c2cc(CCCNC3CCC3)ncn2)cc1,1,1,1.0
herg_blockade,c1ccc(-c2cc(CCCNC3CCOCC3)ncn2)cc1,1,0,0.0
herg_blockade,c1ccc(-c2cc(CCCNCc3nnn[nH]3)ncn2)cc1,1,0,0.0
herg_blockade,c1ccc(-c2cc(CCCNc3ccccn3)ncn2)cc1,1,1,1.0
herg_blockade,c1ccc(-c2cc(CN3CCOCC3)nc(-c3nccs3)n2)cc1,1,0,0.0
herg_blockade,c1ccc(-c2cc(CNC3CCCC3)ccn2)cc1,1,1,1.0
herg_blockade,c1ccc(-c2cc(CNC3CCCC3)nn2-c2ccccc2)cc1,1,1,1.0
herg_blockade,c1ccc(-c2cc(Cc3cccnc3)on2)cc1,1,0,0.0
herg_blockade,c1ccc(-c2cc(Cn3ccc4nc(-c5ccccc5)nc-4c3)on2)cc1,1,1,1.0
herg_blockade,c1ccc(-c2cc(N=c3sc(-c4ccccc4)nn3-c3ccccc3)nc(-c3ccccc3)c2)cc1,1,1,1.0
herg_blockade,c1ccc(-c2cc(N=c3scc(-c4ccccc4)n3-c3ccccc3)nc(-c3ccccc3)c2)cc1,1,1,1.0
herg_blockade,c1ccc(-c2cc(NC3=NCC4(CN5CCC4CC5)O3)ncn2)cc1,1,1,1.0
herg_blockade,c1ccc(-c2cc(OCc3ccccc3-n3cccn3)ncn2)cc1,1,0,0.0
herg_blockade,c1ccc(-c2cc3c(-c4c[nH]nc4-c4ccccc4)ccnc3[nH]2)cc1,1,0,0.0
herg_blockade,c1ccc(-c2cc3c(N4CCNCC4)ncnc3s2)cc1,1,0,0.0
herg_blockade,c1ccc(-c2cc3c(OC4CCCNC4)nccc3s2)cc1,1,1,1.0
herg_blockade,c1ccc(-c2cc3c(SC4CCCNC4)nccc3s2)cc1,1,1,1.0
herg_blockade,c1ccc(-c2cc3ccccc3n2Cc2ccc(OCCN3CCCCCC3)cc2)cc1,1,0,0.0
herg_blockade,c1ccc(-c2cc3ccoc3nc2-c2ccccc2)cc1,1,1,1.0
herg_blockade,c1ccc(-c2cc3nccn3c(Nc3ccccn3)n2)cc1,1,0,0.0
herg_blockade,c1ccc(-c2cc3ncnc(N4CCCCC4)c3s2)cc1,1,1,1.0
herg_blockade,c1ccc(-c2cc3ncnc(NC4CCNC4)c3s2)cc1,1,1,1.0
herg_blockade,c1ccc(-c2cc3ncnc(NC4CCNCC4)c3s2)cc1,1,1,1.0
herg_blockade,c1ccc(-c2cc3ncnc(NC4CCOCC4)c3s2)cc1,1,1,1.0
herg_blockade,c1ccc(-c2cc3ncnc(NCCN4CCNCC4)c3s2)cc1,1,1,1.0
herg_blockade,c1ccc(-c2ccc(-c3c[nH]c(C4Cc5c([nH]c6ccccc56)C(C5CCOCC5)N4)n3)cc2)cc1,1,1,1.0
herg_blockade,c1ccc(-c2ccc(-c3cc(Nc4cccc(CNC5CC5)c4)[nH]n3)cc2)cc1,1,0,0.0
herg_blockade,c1ccc(-c2ccc(C3CNCCC3c3cccnc3)cc2)cc1,1,1,1.0
herg_blockade,c1ccc(-c2ccc(CCCNc3ccc(CN4CCCCC4)cc3)cc2)cc1,1,1,1.0
herg_blockade,c1ccc(-c2ccc(CCCNc3ccc(CN4CCCCC4)cc3)nn2)cc1,1,1,1.0
herg_blockade,c1ccc(-c2ccc(CCCOc3ccc(CN4CCCCC4)cc3)nn2)cc1,1,0,0.0
herg_blockade,c1ccc(-c2ccc(CCc3cccc(CCc4ccc(-c5ccccc5)cc4)[nH+]3)cc2)cc1,1,1,1.0
herg_blockade,c1ccc(-c2ccc(CN3CCC(C(c4ccccc4)c4ccccc4)CC3)cc2)cc1,1,1,1.0
herg_blockade,c1ccc(-c2ccc(CN3CCCCC3)o2)cc1,1,1,1.0
herg_blockade,c1ccc(-c2ccc(Cn3cc4nc(-c5ccccc5)nc-4cn3)cn2)cc1,1,1,1.0
herg_blockade,c1ccc(-c2ccc(Cn3ccc4nc(-c5ccccc5)nc-4c3)nn2)cc1,1,1,1.0
herg_blockade,c1ccc(-c2ccc(N3CC4CC3CN4)cn2)cc1,1,1,1.0
herg_blockade,c1ccc(-c2ccc(N3CC4CC3CN4)nc2)cc1,1,1,1.0
herg_blockade,c1ccc(-c2ccc(N3CCC4CNCC43)cc2)cc1,1,1,1.0
herg_blockade,c1ccc(-c2ccc(Nc3ccccn3)s2)cc1,1,0,0.0
herg_blockade,c1ccc(-c2ccc(OCC3CCn4ccnc4O3)cn2)cc1,1,0,0.0
herg_blockade,c1ccc(-c2ccc(OCCCN3CCC(C(c4ccccc4)c4ccccc4)CC3)cc2)cc1,1,1,1.0
herg_blockade,c1ccc(-c2ccc3[nH]c(C4=NOC5(CCCCC5)C4)nc3c2)cc1,1,0,0.0
herg_blockade,c1ccc(-c2ccc3[nH]c4c(c3c2)CCCC4)cc1,1,0,0.0
herg_blockade,c1ccc(-c2ccc3[nH]nc(-c4cncc(OC5CNCCC56CC6)n4)c3c2)nc1,1,1,1.0
herg_blockade,c1ccc(-c2ccc3c(Nc4cccnc4)nc(CN4CCOCC4)nc3c2)nc1,1,1,1.0
herg_blockade,c1ccc(-c2ccc3cc(CCN4CCCC4)ccc3c2)cc1,1,1,1.0
herg_blockade,c1ccc(-c2ccc3cc(CCN4CCCC4)ccc3n2)cc1,1,1,1.0
herg_blockade,c1ccc(-c2ccc3ccc(-c4nc(C5CCC5)n5ccncc45)cc3n2)cc1,1,0,0.0
herg_blockade,c1ccc(-c2ccc3ccccn23)cc1,1,0,0.0
herg_blockade,c1ccc(-c2ccc3ccccn23)nc1,1,0,0.0
herg_blockade,c1ccc(-c2ccc3ncc(-c4ccccc4)n3c2)cc1,1,1,1.0
herg_blockade,c1ccc(-c2ccc3ncc(Cc4ccc5ncccc5c4)n3c2)cc1,1,0,0.0
herg_blockade,c1ccc(-c2ccc3ncccc3c2)cc1,1,0,0.0
herg_blockade,c1ccc(-c2ccc3nnc(CNc4ccnc5cccnc45)n3n2)cc1,1,1,1.0
herg_blockade,c1ccc(-c2ccc3nnc(COc4ccnc5ccccc45)n3n2)cc1,1,0,0.0
herg_blockade,c1ccc(-c2ccc3nncn3c2)cc1,1,0,0.0
herg_blockade,c1ccc(-c2ccc3oc(CCC4CCCC4)cc3c2)cc1,1,1,1.0
herg_blockade,c1ccc(-c2ccc3oc(CCN4CCCC4)cc3c2)cc1,1,1,1.0
herg_blockade,c1ccc(-c2ccc3oc(CCN4CCCC4)cc3c2)nc1,1,1,1.0
herg_blockade,c1ccc(-c2ccc3oc(N4CCN5CCC4CC5)nc3n2)cc1,1,1,1.0
herg_blockade,c1ccc(-c2ccc3occc3c2)cc1,1,0,0.0
herg_blockade,c1ccc(-c2ccc[nH]2)cc1,1,0,0.0
herg_blockade,c1ccc(-c2cccc(CNC3CCCC3)c2)cc1,1,1,1.0
herg_blockade,c1ccc(-c2cccc(CNC3CCCC3)n2)cc1,1,1,1.0
herg_blockade,c1ccc(-c2ccccc2-c2ccccn2)cc1,1,0,0.0
herg_blockade,c1ccc(-c2ccccc2COc2ccc3c(c2)CCC(CCN2CCC(c4ccccc4)CC2)C3)cc1,1,1,1.0
herg_blockade,c1ccc(-c2ccccc2Nc2cccc3nonc23)cc1,1,0,0.0
herg_blockade,c1ccc(-c2ccccn2)cc1,1,0,0.0
herg_blockade,c1ccc(-c2cccn2-c2ccccc2)cc1,1,0,0.0
herg_blockade,c1ccc(-c2cccn3nc(Nc4cccc(N5CCNCC5)c4)nc23)cc1,1,0,0.0
herg_blockade,c1ccc(-c2cccnc2-c2ccc(C3CCC3)cc2)cc1,1,0,0.0
herg_blockade,c1ccc(-c2ccn3ncc(-c4ccccc4)c3c2)cc1,1,0,0.0
herg_blockade,c1ccc(-c2ccnc(N3CCNCC3)c2)nc1,1,0,0.0
herg_blockade,c1ccc(-c2ccnc(NCc3cc(-c4ccccc4)n[nH]3)c2)cc1,1,0,0.0
herg_blockade,c1ccc(-c2ccnc(Nc3ccc(N4CCNCC4)cc3)c2)cc1,1,1,1.0
herg_blockade,c1ccc(-c2ccnc(Nc3ccc(N4CCOCC4)cc3)n2)cc1,1,0,0.0
herg_blockade,c1ccc(-c2ccnc3[nH]c(C4CC4)cc23)cc1,1,0,0.0
herg_blockade,c1ccc(-c2ccnn2-c2ccccc2)cc1,1,1,1.0
herg_blockade,c1ccc(-c2ccno2)cc1,1,0,0.0
herg_blockade,c1ccc(-c2cn(C3CC(CN4CCC4)C3)c3ncncc23)cc1,1,1,1.0
herg_blockade,c1ccc(-c2cnc(-n3ccnc3)c3ccccc23)cc1,1,0,0.0
herg_blockade,c1ccc(-c2cnc(NCc3ccco3)n3cnnc23)cc1,1,0,0.0
herg_blockade,c1ccc(-c2cnc(Nc3cc(CN4CCCC4)ccn3)s2)cc1,1,1,1.0
herg_blockade,c1ccc(-c2cnc(Nc3ccc(CN4CCCC4)cn3)s2)cc1,1,1,1.0
herg_blockade,c1ccc(-c2cnc3[nH]cc(-c4cccc(C5CCCC5)c4)c3c2)cc1,1,0,0.0
herg_blockade,c1ccc(-c2cnc3ccc(NC4CCOCC4)nn23)cc1,1,0,0.0
herg_blockade,c1ccc(-c2cnc3ccc(NCC4CCNCC4)nn23)cc1,1,1,1.0
herg_blockade,c1ccc(-c2cnc3ncc(Cc4ccc5ncccc5c4)n3n2)cc1,1,0,0.0
herg_blockade,c1ccc(-c2cnc3ncncc3c2)cc1,1,0,0.0
herg_blockade,c1ccc(-c2cncc(-c3ccccc3)n2)cc1,1,1,1.0
herg_blockade,c1ccc(-c2cncc(-c3cncnc3)c2)cc1,1,0,0.0
herg_blockade,c1ccc(-c2cncc(C3CCCN3)c2)cc1,1,1,1.0
herg_blockade,c1ccc(-c2cncc(CNC3CCCC3)c2)cc1,1,1,1.0
herg_blockade,c1ccc(-c2cncc(CNC3CCCC3)n2)cc1,1,0,0.0
herg_blockade,c1ccc(-c2cncc(CNC3CCCCC3)c2)cc1,1,1,1.0
herg_blockade,c1ccc(-c2cncc(CNCC3CC3)n2)cc1,1,1,1.0
herg_blockade,c1ccc(-c2cncc(NC3CCCOC3)c2)cc1,1,1,1.0
herg_blockade,c1ccc(-c2cncnn2)cc1,1,0,0.0
herg_blockade,c1ccc(-c2cncs2)cc1,1,0,0.0
herg_blockade,c1ccc(-c2cnn3c2CN(c2ccnc4[nH]ccc24)CC3)cc1,1,1,1.0
herg_blockade,c1ccc(-c2cnn3ccc(NCC4CCNCC4)nc23)cc1,1,1,1.0
herg_blockade,c1ccc(-c2csc(CC(Cn3cncn3)c3ccccc3)n2)cc1,1,0,0.0
herg_blockade,c1ccc(-c2n[nH]c(C3CCNCC3)c2-c2ccncc2)cc1,1,1,1.0
herg_blockade,c1ccc(-c2n[nH]c(C3CCNCC3)c2-c2ccncn2)cc1,1,0,0.0
herg_blockade,c1ccc(-c2n[nH]c3ccccc23)cc1,1,0,0.0
herg_blockade,c1ccc(-c2n[nH]cc2-c2ccc3c(c2)OCCO3)cc1,1,0,0.0
herg_blockade,c1ccc(-c2n[nH]cc2-c2ccc3cc(CCN4CCCC4)ccc3n2)cc1,1,1,1.0
herg_blockade,c1ccc(-c2n[nH]cc2-c2ccc3ncccc3n2)nc1,1,0,0.0
herg_blockade,c1ccc(-c2n[nH]cc2-c2ccnc(NC3CCNCC3)n2)cc1,1,1,1.0
herg_blockade,c1ccc(-c2n[nH]cc2-c2ccnc3c2OCCNC3)cc1,1,0,0.0
herg_blockade,c1ccc(-c2n[nH]cc2-c2ccncc2)cc1,1,0,0.0
herg_blockade,c1ccc(-c2nc(-c3ccc4c(c3)CCNCC4)no2)cc1,1,0,0.0
herg_blockade,c1ccc(-c2nc(-c3ccc4c(c3)cc3n4CCC3)no2)cc1,1,0,0.0
herg_blockade,c1ccc(-c2nc(-c3ccc4cc(CCN5CCCC5)ccc4n3)cs2)cc1,1,1,1.0
herg_blockade,c1ccc(-c2nc(-c3ccc4ccccc4c3)c(-c3ccncc3)[nH]2)cc1,1,0,0.0
herg_blockade,c1ccc(-c2nc(-c3cccc4c3OCCNC4)no2)cc1,1,1,1.0
herg_blockade,c1ccc(-c2nc(-c3ccccc3)n(-c3ccccc3)n2)cc1,1,0,0.0
herg_blockade,c1ccc(-c2nc(-c3ccccn3)c(-c3ccc4c(c3)OCCO4)[nH]2)cc1,1,0,0.0
herg_blockade,c1ccc(-c2nc(-c3ccccn3)c(-c3ccc4c(c3)OCO4)[nH]2)cc1,1,0,0.0
herg_blockade,c1ccc(-c2nc(-c3cnc4c(c3)CCNC4)no2)cc1,1,0,0.0
herg_blockade,c1ccc(-c2nc(CN3CCNCC3)no2)cc1,1,0,0.0
herg_blockade,c1ccc(-c2nc(COc3ccc4cccc(N5CCNCC5)c4c3)no2)cc1,1,1,1.0
herg_blockade,c1ccc(-c2nc(COc3nnc(-c4ccncc4)[nH]3)no2)cc1,1,0,0.0
herg_blockade,c1ccc(-c2nc(N3CC4CCC(C3)O4)c3cnn(C4CCC5(CC4)OCCO5)c3n2)cc1,1,0,0.0
herg_blockade,c1ccc(-c2nc(N3CCOCC3)c3cnn(C4CCN(Cc5cccnc5)CC4)c3n2)cc1,1,0,0.0
herg_blockade,c1ccc(-c2nc(N3CCOCC3)c3cnn(C4CCNCC4)c3n2)cc1,1,0,0.0
herg_blockade,c1ccc(-c2nc(N3CCOCC3)c3oc4ncccc4c3n2)cc1,1,0,0.0
herg_blockade,c1ccc(-c2nc(NCCNc3ccccn3)ncc2-c2ncc[nH]2)cc1,1,1,1.0
herg_blockade,c1ccc(-c2nc(NCCNc3ccccn3)ncc2-n2ccnc2)cc1,1,0,0.0
herg_blockade,c1ccc(-c2nc(Nc3ccncc3)c3nccnc3n2)cc1,1,0,0.0
herg_blockade,c1ccc(-c2nc3c(N4CCNCC4)ncnc3[nH]2)cc1,1,1,1.0
herg_blockade,c1ccc(-c2nc3c(NC4CCCCC4)ncnc3n2-c2ccccc2)cc1,1,1,1.0
herg_blockade,c1ccc(-c2nc3c(NN4CCCCC4)ncnc3n2-c2ccccc2)cc1,1,1,1.0
herg_blockade,c1ccc(-c2nc3c(c(N4CCOCC4)n2)CCN(C2COC2)C3)cc1,1,0,0.0
herg_blockade,c1ccc(-c2nc3c(c(N4CCOCC4)n2)CCNC3)cc1,1,1,1.0
herg_blockade,c1ccc(-c2nc3ccc(C4(c5ccccc5)CC4)nc3s2)cc1,1,0,0.0
herg_blockade,c1ccc(-c2nc3ccc(N4CCNCC4)nc3nc2-c2ccc(CN3CCC(c4nc(-c5ncccn5)n[nH]4)CC3)cc2)cc1,1,0,0.0
herg_blockade,c1ccc(-c2nc3ccc(N4CCNCC4)nc3nc2-c2ccc(CN3CCC(c4nnc(-c5ncccn5)[nH]4)CC3)cc2)cc1,1,1,1.0
herg_blockade,c1ccc(-c2nc3ccccc3n2CCCN2CCC(c3ccccc3)CC2)cc1,1,1,1.0
herg_blockade,c1ccc(-c2nc3ccccc3nc2-c2ccccc2)cc1,1,0,0.0
herg_blockade,c1ccc(-c2nc3cncnc3nc2-c2ccccc2)cc1,1,0,0.0
herg_blockade,c1ccc(-c2nc3n(c2Nc2ccc4c(c2)OCO4)CCNC3)cc1,1,0,0.0
herg_blockade,c1ccc(-c2nc3nc(N4CCNCC4)ccc3nc2-c2ccc(CN3CCC(c4nnc(-c5ccccn5)[nH]4)CC3)cc2)cc1,1,1,1.0
herg_blockade,c1ccc(-c2nc[nH]c2-c2ccc3c(c2)OCO3)nc1,1,0,0.0
herg_blockade,c1ccc(-c2nc[nH]c2-c2ccc3nccnc3c2)nc1,1,0,0.0
herg_blockade,c1ccc(-c2ncc(-c3ccc4cc(CCN5CCCC5)ccc4n3)s2)cc1,1,1,1.0
herg_blockade,c1ccc(-c2ncc3c(n2)CCSC3)cc1,1,0,0.0
herg_blockade,c1ccc(-c2nccc(-c3ccc4cc(CCN5CCCC5)ccc4n3)n2)cc1,1,1,1.0
herg_blockade,c1ccc(-c2nccc(N3CCOCC3)n2)cc1,1,0,0.0
herg_blockade,c1ccc(-c2nccc(N3CCc4ccccc4CC3)n2)nc1,1,0,0.0
herg_blockade,c1ccc(-c2nccc(OCCCN3CCCC3)n2)cc1,1,1,1.0
herg_blockade,c1ccc(-c2ncccc2CC(c2cccnc2)c2ccncn2)cc1,1,0,0.0
herg_blockade,c1ccc(-c2ncccc2CC(c2cccnc2)c2ncco2)cc1,1,0,0.0
herg_blockade,c1ccc(-c2nccs2)cc1,1,0,0.0
herg_blockade,c1ccc(-c2ncn(-c3ncnc4ccccc34)n2)nc1,1,0,0.0
herg_blockade,c1ccc(-c2ncn(C3CCNCC3)c2-c2ccncn2)cc1,1,0,0.0
herg_blockade,c1ccc(-c2ncn(C3CCc4[nH]nnc4C3)n2)cc1,1,1,1.0
herg_blockade,c1ccc(-c2ncnn2-c2ccccc2)cc1,1,1,1.0
herg_blockade,c1ccc(-c2nn(C3CCCCC3)c3ncncc23)cc1,1,0,0.0
herg_blockade,c1ccc(-c2nn3c(c2-c2ccnc4cc(OCCN5CCOCC5)ccc24)CCC3)nc1,1,0,0.0
herg_blockade,c1ccc(-c2nn3c(c2-c2ccnc4ccccc24)CCC3)nc1,1,0,0.0
herg_blockade,c1ccc(-c2nn3ccccc3c2-c2cc3cn[nH]c3nn2)cc1,1,0,0.0
herg_blockade,c1ccc(-c2nn[nH]n2)c(-c2ccc(Cn3ccnc3)cc2)c1,1,0,0.0
herg_blockade,c1ccc(-c2nn[nH]n2)cc1,1,0,0.0
herg_blockade,c1ccc(-c2nnc(-n3cc4c(n3)CCNC4)s2)cc1,1,0,0.0
herg_blockade,c1ccc(-c2nnc(CN3CCN(Cc4nc5ccccc5s4)CC3)o2)cc1,1,0,0.0
herg_blockade,c1ccc(-c2nnc(COc3nnc(-c4ccncc4)[nH]3)o2)cc1,1,0,0.0
herg_blockade,c1ccc(-c2nnc(OCCCN3CC4CC4(c4ccccc4)C3)[nH]2)cc1,1,1,1.0
herg_blockade,c1ccc(-c2nnc(SCCCN3CCc4cc5cnoc5cc4CC3)[nH]2)cc1,1,1,1.0
herg_blockade,c1ccc(-c2nnc(SCCCN3CCc4ccc(-c5ccon5)cc4CC3)[nH]2)nc1,1,1,1.0
herg_blockade,c1ccc(-c2nnc(SCCCN3CCc4ccc5ocnc5c4CC3)[nH]2)cc1,1,1,1.0
herg_blockade,c1ccc(-c2nnc(SCCN3CCc4ccc(-c5ccn[nH]5)cc4CC3)[nH]2)cc1,1,1,1.0
herg_blockade,c1ccc(-c2nnc3cc(C4CCC4)cnn23)cc1,1,0,0.0
herg_blockade,c1ccc(-c2nnn[nH]2)c(-c2ccc(Cn3ccnc3)cc2)c1,1,1,1.0
herg_blockade,c1ccc(-c2nnnn2Cc2cccnc2)cc1,1,0,0.0
herg_blockade,c1ccc(-c2noc(C3CCN(c4cnc5ccccc5c4)CC3)n2)cc1,1,1,1.0
herg_blockade,c1ccc(-c2noc(CN3CCN(Cc4nc5ccccc5s4)CC3)n2)cc1,1,0,0.0
herg_blockade,c1ccc(-c2noc(CN3CCNCC3)n2)cc1,1,0,0.0
herg_blockade,c1ccc(-c2noc(CSc3nnc(-c4ccncc4)n3-c3ccccc3)n2)cc1,1,0,0.0
herg_blockade,c1ccc(-c2oc3ncnc(NCC4CCCO4)c3c2-c2ccccc2)cc1,1,0,0.0
herg_blockade,c1ccc(-c2onc3ccc(-c4ccncn4)cc23)cc1,1,0,0.0
herg_blockade,c1ccc(-c2oncc2-c2ccc(CN3CCOCC3)cc2)cc1,1,0,0.0
herg_blockade,c1ccc(-n2c(NC3CCNCC3)nc3ccccc32)cc1,1,1,1.0
herg_blockade,c1ccc(-n2cc(-c3ccc4cc(CCN5CCCC5)ccc4n3)cn2)cc1,1,1,1.0
herg_blockade,c1ccc(-n2cc(-c3ccc4cc(CCN5CCCC5)ccc4n3)nn2)cc1,1,1,1.0
herg_blockade,c1ccc(-n2cc(C3CCNCC3)c3ccccc32)cc1,1,1,1.0
herg_blockade,c1ccc(-n2cc(C3CC[N+]CC3)c3ccccc32)cc1,1,0,0.0
herg_blockade,c1ccc(-n2cc(NCCN3CCCOCC3)nn2)cc1,1,0,0.0
herg_blockade,c1ccc(-n2cc(NCCN3CCOCC3)nn2)cc1,1,0,0.0
herg_blockade,c1ccc(-n2ccc(C3C4CNCC43)n2)cc1,1,0,0.0
herg_blockade,c1ccc(-n2ccc(OCCN3CCCCC3)n2)cc1,1,1,1.0
herg_blockade,c1ccc(-n2ccc(SCCN3CCOCC3)n2)cc1,1,0,0.0
herg_blockade,c1ccc(-n2cccn2)c(Nc2ccnc(Nc3ccc4c(c3)CCCC(N3CCNCC3)C4)n2)c1,1,1,1.0
herg_blockade,c1ccc(-n2nc(CNC3CCCC3)cc2-c2cccnc2)cc1,1,1,1.0
herg_blockade,c1ccc(-n2ncc3c(OC4CCNCC4)ncnc32)cc1,1,1,1.0
herg_blockade,c1ccc(-n2ncc3c2C2CC2C3)cc1,1,0,0.0
herg_blockade,c1ccc(-n2ncc3c2CCC3CCN2CCCC2)cc1,1,1,1.0
herg_blockade,c1ccc(-n2ncc3c2CCC3CCN2CCSCC2)cc1,1,1,1.0
herg_blockade,c1ccc(-n2ncc3c2CCC3CCN2CCc3ccccc3C2)cc1,1,1,1.0
herg_blockade,c1ccc(-n2ncc3c2CCC3CCN2Cc3ccccc3C2)cc1,1,1,1.0
herg_blockade,c1ccc(-n2ncc3c2CCC3CCn2ccnc2)cc1,1,1,1.0
herg_blockade,c1ccc(-n2ncc3c2CCCC3CCN2CCC3(CC2)OCc2ccccc23)cc1,1,1,1.0
herg_blockade,c1ccc(-n2ncc3c2COC32CCNCC2)cc1,1,1,1.0
herg_blockade,c1ccc(-n2ncc3cc(Cc4ccncc4)ccc32)cc1,1,0,0.0
herg_blockade,c1ccc(-n2ncc3cc(Nc4ncnc5ccccc45)ccc32)nc1,1,0,0.0
herg_blockade,c1ccc(-n2nccc2-c2ccc3c(ccc4ccccc43)c2)cc1,1,0,0.0
herg_blockade,c1ccc(-n2nccc2-c2cncs2)cc1,1,0,0.0
herg_blockade,c1ccc(-n2nnnc2NCc2ccccc2Oc2ccccn2)cc1,1,0,0.0
herg_blockade,c1ccc(C(=C2CCNCC2)c2ccccc2)cc1,1,1,1.0
herg_blockade,c1ccc(C(=C2CCNCC2)c2ccccn2)cc1,1,0,0.0
herg_blockade,c1ccc(C(=Nc2ccc(CN3CCCCC3)cc2)c2c[nH]c3ccccc23)cc1,1,0,0.0
herg_blockade,c1ccc(C(C(c2cccnc2)c2cccnc2)N2CCC2)cc1,1,0,0.0
herg_blockade,c1ccc(C(C(c2cccnc2)c2cccnc2)N2CCCC2)cc1,1,0,0.0
herg_blockade,c1ccc(C(C(c2cccnc2)c2cccnc2)N2CCCCC2)cc1,1,0,0.0
herg_blockade,c1ccc(C(C(c2cccnc2)c2cccnc2)N2CCCOCC2)cc1,1,1,1.0
herg_blockade,c1ccc(C(C(c2cccnc2)c2cccnc2)N2CCNCC2)cc1,1,1,1.0
herg_blockade,c1ccc(C(C(c2cccnc2)c2cccnc2)N2CCOCC2)cc1,1,0,0.0
herg_blockade,c1ccc(C(CCN2CCN(c3ccccc3)CC2)c2ccccc2)cc1,1,1,1.0
herg_blockade,c1ccc(C(CN2CCOCC2)c2ccccc2)cc1,1,0,0.0
herg_blockade,c1ccc(C(CN2CCc3nc(-c4cncnc4)sc3C2)Cn2cncn2)cc1,1,0,0.0
herg_blockade,c1ccc(C(COc2ncccn2)c2ccccc2)cc1,1,0,0.0
herg_blockade,c1ccc(C(Cc2cc[nH+]cc2)c2cccc(OC3CCC3)c2)cc1,1,0,0.0
herg_blockade,c1ccc(C(Cc2cc[nH+]cc2)c2cccnc2)cc1,1,0,0.0
herg_blockade,c1ccc(C(Cc2cccc3c2OCC3)N2CCNCC2)cc1,1,0,0.0
herg_blockade,c1ccc(C(Cc2cccc3ccccc23)c2cnc3ccccc3c2)cc1,1,1,1.0
herg_blockade,c1ccc(C(Cc2ccccc2OC2CC2)N2CCNCC2)cc1,1,1,1.0
herg_blockade,c1ccc(C(Cc2ccccc2OCC2CC2)N2CCNCC2)cc1,1,1,1.0
herg_blockade,c1ccc(C(Cc2ccncn2)Cn2cncn2)cc1,1,0,0.0
herg_blockade,c1ccc(C(Cn2cncn2)Cn2cncn2)cc1,1,0,0.0
herg_blockade,c1ccc(C(NC2CC3CCC(C2)N3)c2ccccc2)cc1,1,1,1.0
herg_blockade,c1ccc(C(OC2CC3CCC(C2)N3CC2CC2)c2ccccc2)cc1,1,1,1.0
herg_blockade,c1ccc(C(OC2CC3CCC(C2)N3CCN2CCCCC2)c2ccccc2)cc1,1,1,1.0
herg_blockade,c1ccc(C(OC2CC3CCC(C2)N3CCc2c[nH]c3ccccc23)c2ccccc2)cc1,1,0,0.0
herg_blockade,c1ccc(C(OCCC2CCCN2)c2ccccc2)cc1,1,1,1.0
herg_blockade,c1ccc(C(OCCC2CCC[NH+]2)c2ccccc2)cc1,1,1,1.0
herg_blockade,c1ccc(C(c2ccccc2)(c2ccccc2)n2ccnc2)cc1,1,1,1.0
herg_blockade,c1ccc(C(c2ccccc2)C(c2ccccc2)N2CCOCC2)cc1,1,0,0.0
herg_blockade,c1ccc(C(c2ccccc2)C2CCN(CCCCC3CCCCC3)CC2)cc1,1,0,0.0
herg_blockade,c1ccc(C(c2ccccc2)C2CCN(CCc3ccc4c(c3)CCO4)C2)cc1,1,1,1.0
herg_blockade,c1ccc(C(c2ccccc2)C2CCNCC2)cc1,1,0,0.0
herg_blockade,c1ccc(C(c2ccccc2)N2CCN(Cc3c[nH]cn3)CC2)cc1,1,0,0.0
herg_blockade,c1ccc(C(c2ccccc2)N2CCN(Cc3ccccn3)CC2)cc1,1,1,1.0
herg_blockade,c1ccc(C(c2ccccc2)N2CCN(Cc3cccnc3)CC2)cc1,1,0,0.0
herg_blockade,c1ccc(C(c2ccccc2)N2CCN(Cc3cnc[nH]3)CC2)cc1,1,0,0.0
herg_blockade,c1ccc(C(c2ccccc2)N2CCN(Cc3cncs3)CC2)cc1,1,0,0.0
herg_blockade,c1ccc(C(c2ccccc2)[N+]2CC[NH+]CC2)cc1,1,0,0.0
herg_blockade,c1ccc(C(c2ccccn2)C(c2cccnc2)c2cccnc2)cc1,1,0,0.0
herg_blockade,c1ccc(C(c2ccccn2)N2CCN(Cc3ccccn3)CC2)cc1,1,0,0.0
herg_blockade,c1ccc(C(c2cccnc2)N2CCN(Cc3ccccn3)CC2)cc1,1,0,0.0
herg_blockade,c1ccc(C(c2cccnc2)N2CCN(Cc3cscn3)CC2)cc1,1,0,0.0
herg_blockade,c1ccc(C2(COCc3cc(C4CC4)cc(C4CC4)n3)CCNCC2)cc1,1,0,0.0
herg_blockade,c1ccc(C2(COCc3cccc(C4CCCC4)n3)CCNCC2)cc1,1,0,0.0
herg_blockade,c1ccc(C2(COCc3cccc(N4CCC5CC54)n3)CCNCC2)cc1,1,0,0.0
herg_blockade,c1ccc(C2(COCc3cccc(N4CCCCC4)n3)CCNCC2)cc1,1,1,1.0
herg_blockade,c1ccc(C2(COCc3cccc(N4CCNCC4)n3)CCNCC2)cc1,1,0,0.0
herg_blockade,c1ccc(C2(COCc3ccncc3)CCNCC2)cc1,1,0,0.0
herg_blockade,c1ccc(C2(c3ccc(-c4cn[nH]c4)cc3)CCNCC2)cc1,1,1,1.0
herg_blockade,c1ccc(C2(c3ccc4c(c3)CCCC4)CC2)nc1,1,0,0.0
herg_blockade,c1ccc(C2(c3ccccc3)CC2C2=NCC[N]2)cc1,1,0,0.0
herg_blockade,c1ccc(C2(c3cccnc3)CNC(c3cccnc3)=N2)cc1,1,0,0.0
herg_blockade,c1ccc(C2(c3cccnc3)CNC(c3ccncc3)=N2)cc1,1,0,0.0
herg_blockade,c1ccc(C2(c3cccnc3)CNC(c3cnccn3)=N2)cc1,1,0,0.0
herg_blockade,c1ccc(C2(c3cccnc3)CNC(c3cnsn3)=N2)cc1,1,0,0.0
herg_blockade,c1ccc(C2(c3cccnc3)CNC(c3ncccn3)=N2)cc1,1,0,0.0
herg_blockade,c1ccc(C2(c3cccnc3)CNC(c3nccs3)=N2)cc1,1,0,0.0
herg_blockade,c1ccc(C2(c3nnc4c(C5CC5)cccn34)CC2)cc1,1,0,0.0
herg_blockade,c1ccc(C23CC(c4nnn[nH]4)C(CCC2NCc2ccccc2OC2CC2)N3)cc1,1,1,1.0
herg_blockade,c1ccc(C23CC2CCC3NCCCSc2nnc(-c3cnco3)[nH]2)cc1,1,1,1.0
herg_blockade,c1ccc(C23CC2CN(CCCCCc2nnc(-c4cnccn4)[nH]2)C3)cc1,1,1,1.0
herg_blockade,c1ccc(C23CC2CN(CCCCc2nnc(-c4ccc[nH]4)[nH]2)C3)cc1,1,1,1.0
herg_blockade,c1ccc(C23CC2CN(CCCCc2nnc(-c4cccc5ncccc45)[nH]2)C3)cc1,1,1,1.0
herg_blockade,c1ccc(C23CC2CN(CCCCc2nnc(-c4ccnnc4)[nH]2)C3)cc1,1,0,0.0
herg_blockade,c1ccc(C23CC2CN(CCCCc2nnc(-c4ccsc4)[nH]2)C3)cc1,1,1,1.0
herg_blockade,c1ccc(C23CC2CN(CCCCc2nnc(-c4cn[nH]c4)[nH]2)C3)cc1,1,1,1.0
herg_blockade,c1ccc(C23CC2CN(CCCCc2nnc(-c4cnccn4)[nH]2)C3)cc1,1,1,1.0
herg_blockade,c1ccc(C23CC2CN(CCCCc2nnc(-c4cnco4)[nH]2)C3)cc1,1,1,1.0
herg_blockade,c1ccc(C23CC2CN(CCCCc2nnc[nH]2)C3)cc1,1,1,1.0
herg_blockade,c1ccc(C23CC2CN(CCCSc2nnc(-c4ccc5ncccc5c4)[nH]2)C3)cc1,1,1,1.0
herg_blockade,c1ccc(C2=NC(c3cccnc3)(c3cccnc3)CN2)nc1,1,0,0.0
herg_blockade,c1ccc(C2=NCc3cncn3-c3ccccc32)cc1,1,0,0.0
herg_blockade,c1ccc(C2=NCc3nncn3-c3sccc32)cc1,1,0,0.0
herg_blockade,c1ccc(C2=NNC(c3ccccc3)C2)cc1,1,0,0.0
herg_blockade,c1ccc(C2=Nc3ccccc3C2C2CCN(c3ccccc3)CC2)cc1,1,1,1.0
herg_blockade,c1ccc(C2=Nc3ccccc3OC2)cc1,1,0,0.0
herg_blockade,c1ccc(C2C3CN(CCCC4CCCCC4)CC32)cc1,1,1,1.0
herg_blockade,c1ccc(C2CC(N3CCC(CCCc4ccnc5ccccc45)CC3)C2)nc1,1,0,0.0
herg_blockade,c1ccc(C2CC(N3CCC(CCCc4ccnc5cccnc45)CC3)C2)cc1,1,0,0.0
herg_blockade,c1ccc(C2CC23CCN(CCCCSc2nnc(-c4cnco4)[nH]2)C3)cc1,1,1,1.0
herg_blockade,c1ccc(C2CC23CCN(CCCSc2nnc(-c4ccc(-c5ncco5)cc4)[nH]2)C3)cc1,1,1,1.0
herg_blockade,c1ccc(C2CC23CCN(CCCSc2nnc(-c4cccc(-c5ncco5)c4)[nH]2)C3)cc1,1,1,1.0
herg_blockade,c1ccc(C2CC23CCN(CCCSc2nnc(-c4ccccn4)[nH]2)C3)cc1,1,1,1.0
herg_blockade,c1ccc(C2CC23CCN(CCCSc2nnc(-c4cccs4)[nH]2)C3)cc1,1,1,1.0
herg_blockade,c1ccc(C2CC23CCN(CCCSc2nnc(-c4ccn[nH]4)[nH]2)C3)cc1,1,1,1.0
herg_blockade,c1ccc(C2CC23CCN(CCCSc2nnc(-c4ccncn4)[nH]2)C3)cc1,1,1,1.0
herg_blockade,c1ccc(C2CC23CCN(CCCSc2nnc(-c4ccnnc4)[nH]2)C3)cc1,1,1,1.0
herg_blockade,c1ccc(C2CC23CCN(CCCSc2nnc(-c4ccno4)[nH]2)C3)cc1,1,1,1.0
herg_blockade,c1ccc(C2CC23CCN(CCCSc2nnc(-c4ccoc4)[nH]2)C3)cc1,1,1,1.0
herg_blockade,c1ccc(C2CC23CCN(CCCSc2nnc(-c4ccsc4)[nH]2)C3)cc1,1,1,1.0
herg_blockade,c1ccc(C2CC23CCN(CCCSc2nnc(-c4cn[nH]c4)[nH]2)C3)cc1,1,1,1.0
herg_blockade,c1ccc(C2CC23CCN(CCCSc2nnc(-c4cnccn4)[nH]2)C3)cc1,1,1,1.0
herg_blockade,c1ccc(C2CC23CCN(CCCSc2nnc(-c4cncs4)[nH]2)C3)cc1,1,1,1.0
herg_blockade,c1ccc(C2CC23CCN(CCCSc2nnc(-c4nccs4)[nH]2)C3)cc1,1,1,1.0
herg_blockade,c1ccc(C2CC23CCN(CCCSc2nnc(C4CC5CCC(C4)O5)[nH]2)C3)cc1,1,1,1.0
herg_blockade,c1ccc(C2CC23CCN(CCCSc2nnc(C4CCNCC4)[nH]2)C3)cc1,1,1,1.0
herg_blockade,c1ccc(C2CC23CCN(CCCSc2nnc(C4CCOCC4)[nH]2)C3)cc1,1,1,1.0
herg_blockade,c1ccc(C2CC2COc2ccn3c(CC4CC4)nnc3c2)cc1,1,1,1.0
herg_blockade,c1ccc(C2CC2NCc2ccc3c(c2)OCCO3)cc1,1,0,0.0
herg_blockade,c1ccc(C2CC3(N4CCCC4)CNCC2C(c2ccccc2)C3)cc1,1,1,1.0
herg_blockade,c1ccc(C2CC3CN(c4ncccn4)CC3C2)cc1,1,0,0.0
herg_blockade,c1ccc(C2CCC(N3Cc4cn[nH]c4C3)CO2)cc1,1,0,0.0
herg_blockade,c1ccc(C2CCC(N3Cc4cnc(C5CC5)nc4C3)CO2)cc1,1,0,0.0
herg_blockade,c1ccc(C2CCC(N3Cc4cnc5ccnn5c4C3)CC2)cc1,1,1,1.0
herg_blockade,c1ccc(C2CCC(N3Cc4cnc5ccnn5c4C3)CO2)cc1,1,1,1.0
herg_blockade,c1ccc(C2CCC(N3Cc4cnc5nnc(C6CC6)n5c4C3)CC2)cc1,1,1,1.0
herg_blockade,c1ccc(C2CCC(N3Cc4cncnc4C3)CC2)cc1,1,1,1.0
herg_blockade,c1ccc(C2CCC(N3Cc4cncnc4C3)CO2)cc1,1,0,0.0
herg_blockade,c1ccc(C2CCC(N3Cc4nn5cccnc5c4C3)CC2)cc1,1,0,0.0
herg_blockade,c1ccc(C2CCC(N3Cc4nn5nccnc5c4C3)CO2)cc1,1,0,0.0
herg_blockade,c1ccc(C2CCCC2)cc1,1,1,1.0
herg_blockade,c1ccc(C2CCCN(CCC3CCc4c3cnn4-c3ccccc3)C2)cc1,1,1,1.0
herg_blockade,c1ccc(C2CCCN2CCc2c[nH]c3ccccc23)cc1,1,0,0.0
herg_blockade,c1ccc(C2CCCn3nc(-c4ccc(-n5ccnc5)cn4)nc32)cc1,1,0,0.0
herg_blockade,c1ccc(C2CCN(CCC3CCCc4[nH]ncc43)CC2)cc1,1,1,1.0
herg_blockade,c1ccc(C2CCN(CCC3CCc4c3cnn4-c3ccccc3)CC2)cc1,1,1,1.0
herg_blockade,c1ccc(C2CCN(CCN3CCOc4ccccc43)CC2)cc1,1,1,1.0
herg_blockade,c1ccc(C2CCN(c3ccn4c(CC5CC5)nnc4c3)CC2)cc1,1,1,1.0
herg_blockade,c1ccc(C2CCN(c3ccnc4ccccc34)CC2)cc1,1,0,0.0
herg_blockade,c1ccc(C2CCNCC2COc2ccc3c(c2)OCO3)cc1,1,0,0.0
herg_blockade,c1ccc(C2CCNCC2c2cc(-c3cccc4ccccc34)no2)cc1,1,1,1.0
herg_blockade,c1ccc(C2CC[n+]3c([nH]c4ncccc43)C2)cc1,1,0,0.0
herg_blockade,c1ccc(C2CN(c3ccccn3)C2)cc1,1,1,1.0
herg_blockade,c1ccc(C2COC2)cc1,1,0,0.0
herg_blockade,c1ccc(C2OC3(CCN(c4ccccn4)CC3)c3ccccc32)cc1,1,1,1.0
herg_blockade,c1ccc(C2OCCn3nc(-c4ccc(-n5ccnc5)cc4)nc32)cc1,1,0,0.0
herg_blockade,c1ccc(C2Oc3ccccc3C3CCCC32)cc1,1,0,0.0
herg_blockade,c1ccc(CC(C(c2cccnc2)c2cccnc2)N2CCOCC2)cc1,1,0,0.0
herg_blockade,c1ccc(CC2(c3ccc4[nH]ccc4c3)CCNC2)nc1,1,0,0.0
herg_blockade,c1ccc(CC2(c3ccc4sccc4c3)CCNC2)cc1,1,0,0.0
herg_blockade,c1ccc(CC2CCCCN2)cc1,1,0,0.0
herg_blockade,c1ccc(CC2CCCN2CCCOc2ccccc2)cc1,1,1,1.0
herg_blockade,c1ccc(CC2CCN(c3ncnc4[nH]ccc34)CC2)cc1,1,0,0.0
herg_blockade,c1ccc(CC2CCNCC2)cc1,1,1,1.0
herg_blockade,c1ccc(CC2CNC2)cc1,1,1,1.0
herg_blockade,c1ccc(CC2NCCc3ccc(Oc4cccc(CC5NCCc6ccccc65)c4)cc32)cc1,1,1,1.0
herg_blockade,c1ccc(CCCCC2CCC(C(c3ccccc3)c3ccccc3)CC2)cc1,1,0,0.0
herg_blockade,c1ccc(CCCCCCOc2cc(-c3ccccc3)cc(-c3ccc4c(c3)OCO4)c2)cc1,1,1,1.0
herg_blockade,c1ccc(CCCCCCOc2cc(-c3ccccc3)cc(-c3ccccc3)c2)cc1,1,1,1.0
herg_blockade,c1ccc(CCCCCCOc2cc(-c3ccccc3)cc(-c3ccccc3)n2)cc1,1,1,1.0
herg_blockade,c1ccc(CCCCCCOc2cc(-c3ccsc3)cc(-c3ccc4c(c3)OCO4)c2)cc1,1,1,1.0
herg_blockade,c1ccc(CCCCN2CCC(c3c[nH]c4ccccc34)CC2)cc1,1,1,1.0
herg_blockade,c1ccc(CCCCN2CCC(c3cn(-c4ccccn4)c4ccccc34)CC2)cc1,1,1,1.0
herg_blockade,c1ccc(CCCCOCCCCCCNCCc2ccccc2)cc1,1,1,1.0
herg_blockade,c1ccc(CCCC[N+]2CCC(C(c3ccccc3)c3ccccc3)CC2)cc1,1,0,0.0
herg_blockade,c1ccc(CCCC[N+]CCc2ccccc2)cc1,1,1,1.0
herg_blockade,c1ccc(CCCC[NH+]CCc2ccccc2)cc1,1,1,1.0
herg_blockade,c1ccc(CCCCc2cc3cc(-c4ccccc4)ncc3[nH]2)cc1,1,1,1.0
herg_blockade,c1ccc(CCCCc2cc3cc(N4CCOCC4)ncc3[nH]2)cc1,1,0,0.0
herg_blockade,c1ccc(CCCCc2cc3ncncc3[nH]2)cc1,1,1,1.0
herg_blockade,c1ccc(CCCCc2ccccc2)cc1,1,0,0.0
herg_blockade,c1ccc(CCCN2CCC(C(c3ccccc3)c3ccccc3)CC2)cc1,1,1,1.0
herg_blockade,c1ccc(CCCN2CCC(CNc3ncccn3)CC2)cc1,1,1,1.0
herg_blockade,c1ccc(CCCN2CCC(Cc3ccccc3)CC2)cc1,1,1,1.0
herg_blockade,c1ccc(CCCN2CCC(c3ccccc3)CC2)cc1,1,0,0.0
herg_blockade,c1ccc(CCCN2CCN(CCOC(c3ccccc3)c3ccccc3)CC2)cc1,1,1,1.0
herg_blockade,c1ccc(CCCN2CCN(CCc3ccccc3)CC2)cc1,1,1,1.0
herg_blockade,c1ccc(CCCNCCC(c2ccccc2)c2ccccc2)cc1,1,1,1.0
herg_blockade,c1ccc(CCCNCCNc2ccccc2)cc1,1,1,1.0
herg_blockade,c1ccc(CCCOC(Cn2ccnc2)c2ccccc2)cc1,1,1,1.0
herg_blockade,c1ccc(CCCOCc2cccc(COCCCc3ccccc3)[nH+]2)cc1,1,1,1.0
herg_blockade,c1ccc(CCCOc2cccc3ccccc23)cc1,1,0,0.0
herg_blockade,c1ccc(CCCOc2cncc(-c3ccc4[nH]ncc4c3)c2)cc1,1,0,0.0
herg_blockade,c1ccc(CCC[N+]2CC[N+](CCOC(c3ccccc3)c3ccccc3)CC2)cc1,1,1,1.0
herg_blockade,c1ccc(CCCn2cnc(-c3ccccc3)c2-c2ccncc2)cc1,1,1,1.0
herg_blockade,c1ccc(CCN(CCOc2ccccc2)Cc2ccccc2)cc1,1,1,1.0
herg_blockade,c1ccc(CCN(CCOc2ccccc2)c2cccc3nonc23)cc1,1,1,1.0
herg_blockade,c1ccc(CCN(c2nccc3sc(-c4ccccc4)cc23)C2CCCNC2)cc1,1,1,1.0
herg_blockade,c1ccc(CCN2CCC(C(c3ccccc3)c3ccccc3)CC2)cc1,1,1,1.0
herg_blockade,c1ccc(CCN2CCC(NNc3nc4ccccc4n3Cc3ccccc3)CC2)cc1,1,1,1.0
herg_blockade,c1ccc(CCN2CCC(Nc3ccccc3)CC2)cc1,1,1,1.0
herg_blockade,c1ccc(CCN2CCC(c3c(-c4ccccc4)[nH]c4ccccc34)CC2)cc1,1,1,1.0
herg_blockade,c1ccc(CCN2CCC(c3ccccc3)CC2)cc1,1,0,0.0
herg_blockade,c1ccc(CCN2CCN(CCc3ccc(-c4ncco4)cc3)CC2)cc1,1,1,1.0
herg_blockade,c1ccc(CCN2CCN(CCc3ccc(-n4cnnn4)cc3)CC2)cc1,1,1,1.0
herg_blockade,c1ccc(CCN2CCNCC2)cc1,1,1,1.0
herg_blockade,c1ccc(CCNC2CCN(c3ncn[nH]3)CC2)cc1,1,1,1.0
herg_blockade,c1ccc(CCNC2CCc3ccccc3C2)cc1,1,0,0.0
herg_blockade,c1ccc(CCNCCCCOc2ccccc2)cc1,1,1,1.0
herg_blockade,c1ccc(CCNCc2ccc3cnccc3c2)cc1,1,1,1.0
herg_blockade,c1ccc(CCNCc2ccccc2-c2ccccc2)cc1,1,0,0.0
herg_blockade,c1ccc(CCNc2cc(C3CC3)nc3cc(Nc4ccccc4)nn23)cc1,1,1,1.0
herg_blockade,c1ccc(CCNc2nc(-c3cncnc3)nc3cccc(-c4ccccc4)c23)cc1,1,1,1.0
herg_blockade,c1ccc(CCNc2nc(-c3csc4ccccc34)nc3[nH]cnc23)cc1,1,0,0.0
herg_blockade,c1ccc(CCNc2ncnc3cccc(-c4ccccc4)c23)cc1,1,0,0.0
herg_blockade,c1ccc(CCOC2CCCCC2N2CCCC2)cc1,1,0,0.0
herg_blockade,c1ccc(CCOC2CCCCO2)cc1,1,0,0.0
herg_blockade,c1ccc(CCOCCCc2cccc(CCCOCCc3ccccc3)[nH+]2)cc1,1,1,1.0
herg_blockade,c1ccc(CCOCc2cccc(COCCc3ccccc3)[nH+]2)cc1,1,1,1.0
herg_blockade,c1ccc(CC[N+]2(CCc3ccccc3)CCC(Cc3ccccc3)CC2)cc1,1,1,1.0
herg_blockade,c1ccc(CC[N+]2CCC(Nc3ccccc3)CC2)cc1,1,0,0.0
herg_blockade,c1ccc(CC[N+]2CCC(Nc3nc4ccccc4n3Cc3ccccc3)CC2)cc1,1,1,1.0
herg_blockade,c1ccc(CC[N+]2CCCC(c3c(-c4ccccc4)[nH]c4ccccc34)C2)cc1,1,1,1.0
herg_blockade,c1ccc(CC[N+]CCC(c2ccccc2)c2ccccc2)cc1,1,1,1.0
herg_blockade,c1ccc(CC[N+]CCOc2ccccc2)cc1,1,0,0.0
herg_blockade,c1ccc(CCc2cccc(CCc3ccccc3)n2)cc1,1,1,1.0
herg_blockade,c1ccc(CCc2ccccc2C2=NCCN2)cc1,1,1,1.0
herg_blockade,c1ccc(CCn2cnc(-c3ccccc3)c2)cc1,1,0,0.0
herg_blockade,c1ccc(CCn2cnc(C3CC3)c2)cc1,1,1,1.0
herg_blockade,c1ccc(CCn2cnc3ccc(N4CCNCC4)nc32)cc1,1,0,0.0
herg_blockade,c1ccc(CCn2cnc3ccc(OC4CCOC4)nc32)cc1,1,0,0.0
herg_blockade,c1ccc(CCn2cnc3ccc(OC4CNC4)nc32)cc1,1,0,0.0
herg_blockade,c1ccc(CN(CC2CNC2)c2ccccc2)cc1,1,1,1.0
herg_blockade,c1ccc(CN(CCCOc2ccccc2)CC(c2ccccc2)c2ccccc2)cc1,1,0,0.0
herg_blockade,c1ccc(CN(CC[N+]2CCCC2)c2ccccc2)cc1,1,1,1.0
herg_blockade,c1ccc(CN(c2cccc3[nH]ccc23)C2CCCNC2)cc1,1,1,1.0
herg_blockade,c1ccc(CN(c2cccc3[nH]ccc23)C2CCNC2)cc1,1,1,1.0
herg_blockade,c1ccc(CN(c2cccc3[nH]ncc23)C2CCNCC2)cc1,1,1,1.0
herg_blockade,c1ccc(CN(c2cccc3sccc23)C2CCNCC2)cc1,1,1,1.0
herg_blockade,c1ccc(CN2C3CCC2CC(Nc2ccccc2)C3)cc1,1,1,1.0
herg_blockade,c1ccc(CN2C3CCC2CC(Oc2cccnc2)C3)cc1,1,1,1.0
herg_blockade,c1ccc(CN2C3CCC2CC(Oc2ccncc2)C3)cc1,1,1,1.0
herg_blockade,c1ccc(CN2C3CCC2CC(Oc2cnccn2)C3)cc1,1,0,0.0
herg_blockade,c1ccc(CN2C3CCC2CC(Sc2ccccc2)C3)cc1,1,1,1.0
herg_blockade,c1ccc(CN2C3CCC2CC([SH+]c2ccccc2)C3)cc1,1,0,0.0
herg_blockade,c1ccc(CN2CCC(=C(c3ccccc3)c3ccccn3)CC2)cc1,1,1,1.0
herg_blockade,c1ccc(CN2CCC(=C(c3ccccc3)c3cccnc3)CC2)cc1,1,1,1.0
herg_blockade,c1ccc(CN2CCC(C(c3ccccc3)c3ccccc3)CC2)cc1,1,1,1.0
herg_blockade,c1ccc(CN2CCC(N3CCC(Oc4ccccc4)CC3)CC2)cc1,1,1,1.0
herg_blockade,c1ccc(CN2CCC(Nc3nc(N4CCCNCC4)nc4ccccc34)CC2)cc1,1,0,0.0
herg_blockade,c1ccc(CN2CCC(Nc3nc(Oc4ccccc4)c4sccc4n3)CC2)cc1,1,1,1.0
herg_blockade,c1ccc(CN2CCC(Oc3ncnc4c3ccn4Cc3ccccc3)CC2)cc1,1,1,1.0
herg_blockade,c1ccc(CN2CCC(c3c[nH]c4ccccc34)C2)cc1,1,0,0.0
herg_blockade,c1ccc(CN2CCCC(CN3CCC(Oc4ccccc4)CC3)C2)cc1,1,0,0.0
herg_blockade,c1ccc(CN2CCCCC2Cc2c[nH]c3ccccc23)cc1,1,1,1.0
herg_blockade,c1ccc(CN2CCCN(Cc3ccccc3)C2c2ccncc2)cc1,1,0,0.0
herg_blockade,c1ccc(CN2CCN(C3=Nn4cnnc4CC3)CC2)cc1,1,0,0.0
herg_blockade,c1ccc(CN2CCN(CCC3CCCc4c3cnn4-c3ccccc3)CC2)cc1,1,1,1.0
herg_blockade,c1ccc(CN2CCN(CCC3CCc4c3cnn4-c3ccccc3)CC2)cc1,1,1,1.0
herg_blockade,c1ccc(CN2CCN(Cc3nc(-c4ccccc4)no3)CC2)cc1,1,0,0.0
herg_blockade,c1ccc(CN2CCN(Cc3nnc(-c4ccccc4)o3)CC2)cc1,1,0,0.0
herg_blockade,c1ccc(CN2CCN(c3ccnc4[nH]c(-c5cn[nH]c5)nc34)CC2)cc1,1,0,0.0
herg_blockade,c1ccc(CN2CCOC(CN3CCC(Oc4ccccc4)CC3)C2)cc1,1,0,0.0
herg_blockade,c1ccc(CN2CCc3cc4ncsc4cc3CC2)nc1,1,0,0.0
herg_blockade,c1ccc(CNC2CCCNC2c2ccccc2)cc1,1,1,1.0
herg_blockade,c1ccc(CNC2CCN(Cc3ccccc3)CC2)cc1,1,0,0.0
herg_blockade,c1ccc(CNCC2CC2c2ccccc2)cc1,1,1,1.0
herg_blockade,c1ccc(CNCC2CNC2)cc1,1,1,1.0
herg_blockade,c1ccc(CNCCC2CCCc3[nH]ncc32)cc1,1,1,1.0
herg_blockade,c1ccc(CNCCC2CCc3c2cnn3-c2ccccc2)cc1,1,1,1.0
herg_blockade,c1ccc(CNCCCCOc2ccccc2)cc1,1,1,1.0
herg_blockade,c1ccc(CNCCCOc2ccccc2)cc1,1,1,1.0
herg_blockade,c1ccc(CNCCOc2ccccc2)cc1,1,1,1.0
herg_blockade,c1ccc(CNCCc2c[nH]c3ccncc23)cc1,1,0,0.0
herg_blockade,c1ccc(CNCCc2c[nH]c3ncncc23)cc1,1,0,0.0
herg_blockade,c1ccc(CNCCc2cnc3ccccn23)cc1,1,0,0.0
herg_blockade,c1ccc(CNCc2ccccc2-c2ccccc2)cc1,1,0,0.0
herg_blockade,c1ccc(CNCc2ccccc2CNc2ccnc3ccccc23)nc1,1,1,1.0
herg_blockade,c1ccc(CNc2cc(N3CCOCC3)cc(CCc3nccs3)n2)cc1,1,1,1.0
herg_blockade,c1ccc(CNc2cccc(Nc3cc[nH]n3)n2)cc1,1,0,0.0
herg_blockade,c1ccc(CNc2ccccn2)cc1,1,1,1.0
herg_blockade,c1ccc(CNc2cncc(-c3ccccc3)c2)cc1,1,1,1.0
herg_blockade,c1ccc(CNc2nc(-n3cnc4ccccc43)nc3ccccc23)cc1,1,0,0.0
herg_blockade,c1ccc(CNc2nc(N3CCOc4ccccc43)nc3c2CCCC3)cc1,1,0,0.0
herg_blockade,c1ccc(CNc2nc(NCc3ccccc3)c3ccccc3n2)cc1,1,0,0.0
herg_blockade,c1ccc(CNc2nc(Nc3nccs3)cc(N3CCNCC3)n2)nc1,1,0,0.0
herg_blockade,c1ccc(CNc2nc3cncnc3n2C2CCC(COCc3ccccc3)O2)cc1,1,0,0.0
herg_blockade,c1ccc(CNc2nccc(Nc3ccn[nH]3)n2)nc1,1,1,1.0
herg_blockade,c1ccc(CNc2ncnc3[nH]c(-c4ccc(CN5CCNCC5)cc4)cc23)cc1,1,0,0.0
herg_blockade,c1ccc(CNc2ncnc3[nH]cnc23)cc1,1,0,0.0
herg_blockade,c1ccc(CNc2ncncc2-c2ccc3c(c2)OCO3)cc1,1,0,0.0
herg_blockade,c1ccc(CNc2nnc(N3CCC4(CCC4)CC3)c3ccccc23)cc1,1,1,1.0
herg_blockade,c1ccc(COC2CCC3CCC2(c2ccccc2)N3)cc1,1,1,1.0
herg_blockade,c1ccc(COC2CCc3nccn3CC2c2ccccc2)cc1,1,1,1.0
herg_blockade,c1ccc(COC2CCn3ccnc3CC2c2ccccc2)cc1,1,1,1.0
herg_blockade,c1ccc(COCC2(c3ccccc3)CCNCC2)cc1,1,1,1.0
herg_blockade,c1ccc(COCC2CC2C2CCN(c3ncccn3)CC2)cc1,1,0,0.0
herg_blockade,c1ccc(COCc2cccc(COCc3ccccc3)[nH+]2)cc1,1,1,1.0
herg_blockade,c1ccc(COCc2nc(Nc3ccccc3)c3ccc(-c4ccccn4)cc3n2)cc1,1,1,1.0
herg_blockade,c1ccc(COc2ccc(-c3nnco3)nc2)cc1,1,0,0.0
herg_blockade,c1ccc(COc2ccc(C3(c4ccc(-c5nnco5)nc4)CCCO3)cc2)nc1,1,0,0.0
herg_blockade,c1ccc(COc2ccc(CCNc3ccncc3)cc2)cc1,1,1,1.0
herg_blockade,c1ccc(COc2ccc(CN3CCC3)cc2)cc1,1,0,0.0
herg_blockade,c1ccc(COc2ccc(Cc3cccnc3)cc2)nc1,1,0,0.0
herg_blockade,c1ccc(COc2ccc(Nc3ccnc4ccccc34)cc2)nc1,1,0,0.0
herg_blockade,c1ccc(COc2ccc(Nc3ncnc4cccc(OC5CCNCC5)c34)cc2)nc1,1,1,1.0
herg_blockade,c1ccc(COc2ccc(Nc3ncnc4ccccc34)cc2)cc1,1,0,0.0
herg_blockade,c1ccc(COc2cccc(-c3cn(C4CC(CN5CCC5)C4)c4ncncc34)c2)cc1,1,1,1.0
herg_blockade,c1ccc(COc2cccc3ccoc23)cc1,1,1,1.0
herg_blockade,c1ccc(COc2cccc3occc23)cc1,1,1,1.0
herg_blockade,c1ccc(COc2ccccc2Cc2ccccn2)cc1,1,0,0.0
herg_blockade,c1ccc(COc2cncc(-c3cnn(C4CCNCC4)c3)c2)cc1,1,1,1.0
herg_blockade,c1ccc(COc2csc(-n3cnc4ccc(CN5CCNCC5)cc43)c2)cc1,1,0,0.0
herg_blockade,c1ccc(CSc2nnc(-c3ccccc3)s2)cc1,1,0,0.0
herg_blockade,c1ccc(C[N+]2CCCC(c3c(-c4ccccc4)[nH]c4ccccc34)C2)cc1,1,1,1.0
herg_blockade,c1ccc(C[N+]2CC[N+](C(c3ccccc3)c3ccccc3)CC2)cc1,1,1,1.0
herg_blockade,c1ccc(C[NH2+]CCOCCOc2ccccc2)cc1,1,1,1.0
herg_blockade,c1ccc(Cc2c(CCN3CCCC3)sc3ccccc23)nc1,1,1,1.0
herg_blockade,c1ccc(Cc2c[nH]c3ccccc23)cc1,1,1,1.0
herg_blockade,c1ccc(Cc2cc(N3CCN(CCc4ccc(OCCCN5CCCCCC5)cc4)CC3)c3ncccc3c2)cc1,1,1,1.0
herg_blockade,c1ccc(Cc2cc[nH+]c(COc3ccccc3)c2)cc1,1,1,1.0
herg_blockade,c1ccc(Cc2ccc(C(Cc3cc[nH+]cc3)c3ccccc3)cn2)cc1,1,1,1.0
herg_blockade,c1ccc(Cc2ccc3oc(-c4ccc(CN5CCC5)cc4)cc3c2)cc1,1,0,0.0
herg_blockade,c1ccc(Cc2ccc3sc(-c4ccc(CN5CCC5)cc4)nc3c2)cc1,1,0,0.0
herg_blockade,c1ccc(Cc2cccc(COc3ccccc3)[nH+]2)cc1,1,1,1.0
herg_blockade,c1ccc(Cc2cccc(COc3ccccc3)n2)cc1,1,1,1.0
herg_blockade,c1ccc(Cc2cccc(Cc3ccccc3)[nH+]2)cc1,1,1,1.0
herg_blockade,c1ccc(Cc2cccc3[nH]ccc23)cc1,1,1,1.0
herg_blockade,c1ccc(Cc2ccnc(COc3ccccc3)c2)cc1,1,1,1.0
herg_blockade,c1ccc(Cc2cnc3c(CN4CCOCC4)cc(Nc4cc[nH]n4)nn23)cc1,1,0,0.0
herg_blockade,c1ccc(Cc2cncnc2)cc1,1,0,0.0
herg_blockade,c1ccc(Cc2coc3ccccc23)nc1,1,1,1.0
herg_blockade,c1ccc(Cc2nc3c(c4ncnn24)CCNCC3)cc1,1,0,0.0
herg_blockade,c1ccc(Cc2nc3ccccc3n2Cc2ccccc2)cc1,1,1,1.0
herg_blockade,c1ccc(Cc2ncc3c(n2)CCNCC3)cc1,1,0,0.0
herg_blockade,c1ccc(Cc2nccc3ccccc23)cc1,1,1,1.0
herg_blockade,c1ccc(Cn2c(C3CCCN(C4CCOCC4)C3)nc3ccccc32)cc1,1,0,0.0
herg_blockade,c1ccc(Cn2c(CC3CC4CCC(C3)N4)nc3ccccc32)cc1,1,1,1.0
herg_blockade,c1ccc(Cn2c(CC3CCCC3)nc3ccccc32)cc1,1,1,1.0
herg_blockade,c1ccc(Cn2c(CC3CCCCC3)nc3ccccc32)cc1,1,0,0.0
herg_blockade,c1ccc(Cn2c(CC3CCCNC3)nc3ccccc32)cc1,1,1,1.0
herg_blockade,c1ccc(Cn2c(CCC3CCCN3)nc3ccccc32)cc1,1,1,1.0
herg_blockade,c1ccc(Cn2c(CCc3ccncc3)nc3ccccc32)cc1,1,1,1.0
herg_blockade,c1ccc(Cn2c(COC3CCCC3)nc3ccccc32)cc1,1,0,0.0
herg_blockade,c1ccc(Cn2c(N3CCC(n4cccc4)CC3)nc3ccccc32)cc1,1,1,1.0
herg_blockade,c1ccc(Cn2c(N3CCC(n4ccnc4)CC3)nc3ccccc32)cc1,1,1,1.0
herg_blockade,c1ccc(Cn2c(N3CCCC3)nc3ccccc32)cc1,1,1,1.0
herg_blockade,c1ccc(Cn2c(NC3CCN(CCCCNc4cccc5nonc45)CC3)nc3ccccc32)cc1,1,1,1.0
herg_blockade,c1ccc(Cn2c(NC3CCNCC3)nc3ccccc32)cc1,1,1,1.0
herg_blockade,c1ccc(Cn2c3c(c4ccccc42)CCC3)cc1,1,0,0.0
herg_blockade,c1ccc(Cn2c3c(c4ccccc42)CCNC3)cc1,1,0,0.0
herg_blockade,c1ccc(Cn2c3c(c4ccccc42)CNCC3)cc1,1,0,0.0
herg_blockade,c1ccc(Cn2cc(CNCCCOc3ccccc3)cn2)cc1,1,1,1.0
herg_blockade,c1ccc(Cn2cc(NCCN3CCOCC3)nn2)cc1,1,0,0.0
herg_blockade,c1ccc(Cn2cc3nccc(-c4ccccc4)c3c2)cc1,1,0,0.0
herg_blockade,c1ccc(Cn2ccc3cc(Nc4nccc(NC5CCCCC5)n4)ccc32)cc1,1,0,0.0
herg_blockade,c1ccc(Cn2ccc3ccccc32)cc1,1,0,0.0
herg_blockade,c1ccc(Cn2ccc3ncnc(NCc4cc(C5CC5)on4)c32)nc1,1,1,1.0
herg_blockade,c1ccc(Cn2ccc3ncnc(OCc4ccon4)c32)nc1,1,0,0.0
herg_blockade,c1ccc(Cn2ccc3ncnc(OCc4nccs4)c32)nc1,1,0,0.0
herg_blockade,c1ccc(Cn2ccc3ncnc(OCc4ncon4)c32)nc1,1,0,0.0
herg_blockade,c1ccc(Cn2ccnn2)cc1,1,0,0.0
herg_blockade,c1ccc(Cn2cnc3ccc(N4CCOCC4)cc32)cc1,1,0,0.0
herg_blockade,c1ccc(Cn2cnc3ccc(Nc4cc[nH]n4)nc32)nc1,1,0,0.0
herg_blockade,c1ccc(Cn2cnc3cncnc32)nc1,1,0,0.0
herg_blockade,c1ccc(Cn2cnnc2C(OCCN2CCCC2)c2ccccc2)cc1,1,1,1.0
herg_blockade,c1ccc(Cn2nc(-c3ccccc3)cc2-c2ccccc2)cc1,1,1,1.0
herg_blockade,c1ccc(Cn2ncc3cc(Nc4ncnc5ccccc45)ccc32)nc1,1,0,0.0
herg_blockade,c1ccc(Cn2ncc3ccccc32)cc1,1,0,0.0
herg_blockade,c1ccc(N(CC2=NCCN2)c2ccccc2)cc1,1,0,0.0
herg_blockade,c1ccc(N(c2ccccc2)c2ncccn2)cc1,1,0,0.0
herg_blockade,c1ccc(N2CC3CN(CCCSc4nnc(-c5cnco5)[nH]4)CC32)cc1,1,1,1.0
herg_blockade,c1ccc(N2CCC(c3ccc(-c4cccnc4)cc3)C2)cc1,1,1,1.0
herg_blockade,c1ccc(N2CCC3(CC2)OCc2ccccc23)nc1,1,0,0.0
herg_blockade,c1ccc(N2CCC3CN(CCCSc4nnc(-c5cccnn5)[nH]4)CC32)cc1,1,1,1.0
herg_blockade,c1ccc(N2CCC3CN(CCCSc4nnc(-c5ccncn5)[nH]4)CC32)cc1,1,1,1.0
herg_blockade,c1ccc(N2CCC3CN(CCCSc4nnc(-c5ccnnc5)[nH]4)CC32)cc1,1,1,1.0
herg_blockade,c1ccc(N2CCC3CN(CCCSc4nnc(-c5ccno5)[nH]4)CC32)cc1,1,1,1.0
herg_blockade,c1ccc(N2CCC3CN(CCCSc4nnc(-c5cn[nH]c5)[nH]4)CC32)cc1,1,1,1.0
herg_blockade,c1ccc(N2CCC3CN(CCCSc4nnc(-c5cncnc5)[nH]4)CC32)cc1,1,1,1.0
herg_blockade,c1ccc(N2CCC3CN(CCCSc4nnc(-c5nccs5)[nH]4)CC32)cc1,1,1,1.0
herg_blockade,c1ccc(N2CCC3CN(CCCSc4nnc(C5CCCC5)[nH]4)CC32)cc1,1,1,1.0
herg_blockade,c1ccc(N2CCC3CN(CCCSc4nnc(N5CCOCC5)[nH]4)CC32)cc1,1,1,1.0
herg_blockade,c1ccc(N2CCN(CC3CCCCN3)C2)cc1,1,0,0.0
herg_blockade,c1ccc(N2CCN(CC3CCc4cccnc4CC3)CC2)cc1,1,1,1.0
herg_blockade,c1ccc(N2CCN(CCC3CCCCC3)CC2)cc1,1,0,0.0
herg_blockade,c1ccc(N2CCN(CCC3CCCc4c3cnn4-c3ccccc3)CC2)cc1,1,1,1.0
herg_blockade,c1ccc(N2CCN(CCC3CCc4c3cnn4-c3ccccc3)CC2)cc1,1,1,1.0
herg_blockade,c1ccc(N2CCN(CCCCCCN3CCN(c4ccccn4)CC3)CC2)nc1,1,0,0.0
herg_blockade,c1ccc(N2CCN(CCCCCOc3cc4ccccc4cn3)CC2)cc1,1,1,1.0
herg_blockade,c1ccc(N2CCN(CCCCOc3cc4ccccc4cn3)CC2)cc1,1,1,1.0
herg_blockade,c1ccc(N2CCN(CCc3c[nH]c4ccccc34)CC2)cc1,1,0,0.0
herg_blockade,c1ccc(NC2CCCc3c2[nH]c2ccccc32)cc1,1,0,0.0
herg_blockade,c1ccc(NC2CCNCC2)cc1,1,1,1.0
herg_blockade,c1ccc(NC2CCc3ccccc32)cc1,1,1,1.0
herg_blockade,c1ccc(NC2Cc3ccccc3C2)cc1,1,1,1.0
herg_blockade,c1ccc(NCCc2ccccn2)cc1,1,1,1.0
herg_blockade,c1ccc(NCc2nc(-c3ccc4ncnn4c3)c(-c3ccccn3)[nH]2)cc1,1,0,0.0
herg_blockade,c1ccc(Nc2c3ccccc3nc3ccccc23)cc1,1,1,1.0
herg_blockade,c1ccc(Nc2cc(-c3[nH]cnc3-c3ccccc3)ccn2)cc1,1,1,1.0
herg_blockade,c1ccc(Nc2cc(-c3ccccc3)ncn2)cc1,1,0,0.0
herg_blockade,c1ccc(Nc2cc(N3CCC(c4ncno4)CC3)ncn2)cc1,1,1,1.0
herg_blockade,c1ccc(Nc2cc(NC3CC3)n3nccc3n2)nc1,1,0,0.0
herg_blockade,c1ccc(Nc2cc(Nc3ccccn3)nc3[nH]ccc23)cc1,1,0,0.0
herg_blockade,c1ccc(Nc2cc3nc(-c4ccccc4)ccn3n2)cc1,1,1,1.0
herg_blockade,c1ccc(Nc2cc3nc(C4CC4)cc(N4CCCC4)n3n2)cc1,1,1,1.0
herg_blockade,c1ccc(Nc2cc3nc(C4CC4)cc(NCCc4c[nH]c5ccccc45)n3n2)cc1,1,1,1.0
herg_blockade,c1ccc(Nc2ccc(-c3ccc(N4CCNCC4)nc3)cc2)nc1,1,1,1.0
herg_blockade,c1ccc(Nc2ccc(Nc3ncccn3)cc2)cc1,1,1,1.0
herg_blockade,c1ccc(Nc2ccc3c(c2)C(NC2CC2)CCO3)cc1,1,0,0.0
herg_blockade,c1ccc(Nc2cccc(-c3ccccc3)n2)cc1,1,0,0.0
herg_blockade,c1ccc(Nc2cccc3cncn23)cc1,1,1,1.0
herg_blockade,c1ccc(Nc2cccn3cncc23)cc1,1,1,1.0
herg_blockade,c1ccc(Nc2cccnc2)cc1,1,0,0.0
herg_blockade,c1ccc(Nc2ccn(C3CCC(N4CCC4)CC3)n2)cc1,1,0,0.0
herg_blockade,c1ccc(Nc2ccn(C3CCC(NC4COC4)CC3)n2)cc1,1,0,0.0
herg_blockade,c1ccc(Nc2ccnc(N3CCCCC3)n2)cc1,1,1,1.0
herg_blockade,c1ccc(Nc2ccnc(NC3CCCOC3)n2)cc1,1,1,1.0
herg_blockade,c1ccc(Nc2ccnc(NC3CCOC3)n2)cc1,1,1,1.0
herg_blockade,c1ccc(Nc2ccnc(NC3CNC3)n2)cc1,1,1,1.0
herg_blockade,c1ccc(Nc2ccnc(NCC3CCCCN3)n2)cc1,1,1,1.0
herg_blockade,c1ccc(Nc2ccnc(Nc3ccc(C4CCNCC4)cc3OC3CCC3)n2)cc1,1,1,1.0
herg_blockade,c1ccc(Nc2ccnc(Nc3ccc(CN4CCOCC4)cc3)n2)cc1,1,0,0.0
herg_blockade,c1ccc(Nc2ccnc(Nc3ccc(N4CCC(N5CCNCC5)CC4)cc3)n2)cc1,1,0,0.0
herg_blockade,c1ccc(Nc2ccnc(Nc3ccc(N4CCCCC4)cc3)n2)cc1,1,0,0.0
herg_blockade,c1ccc(Nc2ccnc(Nc3ccc(N4CCNCC4)cc3)n2)cc1,1,0,0.0
herg_blockade,c1ccc(Nc2ccnc(Nc3ccc(N4CCOCC4)cc3)n2)cc1,1,0,0.0
herg_blockade,c1ccc(Nc2ccnc(Nc3ccc(OCCN4CCCC4)cc3)n2)cc1,1,1,1.0
herg_blockade,c1ccc(Nc2ccnc(Nc3ccc4c(c3)CCC(=NN3CCNCC3)C4)n2)cc1,1,0,0.0
herg_blockade,c1ccc(Nc2ccnc(Nc3ccc4c(c3)CCCC4)n2)cc1,1,0,0.0
herg_blockade,c1ccc(Nc2ccnc(Nc3cccc(CN4CCOCC4)c3)n2)cc1,1,0,0.0
herg_blockade,c1ccc(Nc2ccnc(Nc3cnc(C4CCNCC4)nc3)n2)cc1,1,1,1.0
herg_blockade,c1ccc(Nc2ccnc3cc(OCCCN4CCNCC4)ccc23)cc1,1,0,0.0
herg_blockade,c1ccc(Nc2ccnc3ccc(N4CCCCC4)cc23)cc1,1,0,0.0
herg_blockade,c1ccc(Nc2ccnc3ccc(N4CCCN(C5CC5)CC4)cc23)cc1,1,1,1.0
herg_blockade,c1ccc(Nc2ccnc3ccc(N4CCN(C5CC5)CC4)cc23)cc1,1,0,0.0
herg_blockade,c1ccc(Nc2ccnc3ccc(NCc4cn(C5CCNCC5)nn4)cc23)cc1,1,0,0.0
herg_blockade,c1ccc(Nc2ccnc3nc(-c4ccccn4)cnc23)nc1,1,1,1.0
herg_blockade,c1ccc(Nc2ccncn2)cc1,1,1,1.0
herg_blockade,c1ccc(Nc2cnc3cccnc3n2)cc1,1,0,0.0
herg_blockade,c1ccc(Nc2cncc(NCC3CC3)c2)nc1,1,1,1.0
herg_blockade,c1ccc(Nc2cnnc3ccc(N4CCOCC4)cc23)cc1,1,0,0.0
herg_blockade,c1ccc(Nc2n[nH]c3cccnc23)cc1,1,0,0.0
herg_blockade,c1ccc(Nc2nc(-c3ccc(-n4ccnc4)cn3)n[nH]2)cc1,1,0,0.0
herg_blockade,c1ccc(Nc2nc(-c3cn[nH]c3)cs2)nc1,1,0,0.0
herg_blockade,c1ccc(Nc2nc(CN3CCOCC3)nc3cc(-c4ccccn4)ccc23)nc1,1,1,1.0
herg_blockade,c1ccc(Nc2nc(N3CCCCC3)nc3cn[nH]c23)nc1,1,1,1.0
herg_blockade,c1ccc(Nc2nc(N3CCNCC3)nc3cn[nH]c23)nc1,1,1,1.0
herg_blockade,c1ccc(Nc2nc(NC3CCCCC3)nc3[nH]cnc23)cc1,1,0,0.0
herg_blockade,c1ccc(Nc2nc(NC3CCNCC3)nc3cn[nH]c23)nc1,1,1,1.0
herg_blockade,c1ccc(Nc2nc(Nc3ccc4c(c3)NCC4)nc3[nH]ccc23)cc1,1,0,0.0
herg_blockade,c1ccc(Nc2nc(OC3CCCC3)c3c(-c4ccc5ncoc5c4)c[nH]c3n2)cc1,1,0,0.0
herg_blockade,c1ccc(Nc2nc(OCC3CCCCC3)c3nc[nH]c3n2)cc1,1,0,0.0
herg_blockade,c1ccc(Nc2nc3c(s2)CCCc2n[nH]cc2-3)nc1,1,0,0.0
herg_blockade,c1ccc(Nc2nc3c(s2)CCc2[nH]ncc2-3)nc1,1,0,0.0
herg_blockade,c1ccc(Nc2nc3ccc(C4CCNCC4)cc3[nH]2)nc1,1,1,1.0
herg_blockade,c1ccc(Nc2nc3ccc(CN4CCNCC4)cc3[nH]2)nc1,1,0,0.0
herg_blockade,c1ccc(Nc2nc3ccccc3c3cnccc23)cc1,1,0,0.0
herg_blockade,c1ccc(Nc2nc3cnc(NC4CCCCC4)nc3n2C2CCOC2)cc1,1,0,0.0
herg_blockade,c1ccc(Nc2nccc(-c3c[nH]c4cnccc34)n2)cc1,1,0,0.0
herg_blockade,c1ccc(Nc2nccc(-c3ccncc3)n2)cc1,1,0,0.0
herg_blockade,c1ccc(Nc2nccc(-c3cn4c5c(cccc35)CCC4)n2)cc1,1,1,1.0
herg_blockade,c1ccc(Nc2nccc(-c3cnc4ccccn34)n2)cc1,1,0,0.0
herg_blockade,c1ccc(Nc2nccc(Nc3ccc4c[nH]nc4c3)n2)cc1,1,0,0.0
herg_blockade,c1ccc(Nc2nccc(Oc3ccccc3)n2)cc1,1,0,0.0
herg_blockade,c1ccc(Nc2ncccn2)cc1,1,0,0.0
herg_blockade,c1ccc(Nc2nccs2)cc1,1,0,0.0
herg_blockade,c1ccc(Nc2ncnc(N3CCc4ccccc4C3)n2)cc1,1,1,1.0
herg_blockade,c1ccc(Nc2ncnc(Nc3ccc(N4CCC(N5CCNCC5)CC4)cc3)n2)cc1,1,0,0.0
herg_blockade,c1ccc(Nc2ncnc3cc(-c4ccccn4)ccc23)nc1,1,1,1.0
herg_blockade,c1ccc(Nc2ncnc3cc(OC4CCOC4)ccc23)cc1,1,0,0.0
herg_blockade,c1ccc(Nc2ncnc3cc(OCC4CC5CNCC5C4)ccc23)cc1,1,0,0.0
herg_blockade,c1ccc(Nc2ncnc3cc(OCC4CCNCC4)ccc23)cc1,1,1,1.0
herg_blockade,c1ccc(Nc2ncnc3cc(OCCCN4CCOCC4)ccc23)cc1,1,0,0.0
herg_blockade,c1ccc(Nc2ncnc3cc4c(cc23)NCCO4)cc1,1,0,0.0
herg_blockade,c1ccc(Nc2ncnc3ccc(CN4CCOCC4)cc23)cc1,1,0,0.0
herg_blockade,c1ccc(Nc2ncnc3ccc(OC4CCNCC4)cc23)cc1,1,0,0.0
herg_blockade,c1ccc(Nc2nnc(OCc3ccncc3)c3occc23)cc1,1,0,0.0
herg_blockade,c1ccc(OC(c2ccccc2)C2CCNCC2)cc1,1,1,1.0
herg_blockade,c1ccc(OC(c2ccccc2)C2CNC2)cc1,1,1,1.0
herg_blockade,c1ccc(OC(c2ccccc2)C2CNCCO2)cc1,1,1,1.0
herg_blockade,c1ccc(OC(c2ccccn2)C2CCNC2)cc1,1,0,0.0
herg_blockade,c1ccc(OC(c2cccnc2)C2CCNCC2)cc1,1,1,1.0
herg_blockade,c1ccc(OC2CCC(Cc3cccc(Nc4nccs4)n3)CC2)cc1,1,0,0.0
herg_blockade,c1ccc(OC2CCCCO2)cc1,1,0,0.0
herg_blockade,c1ccc(OC2CCN(CC3CCN(CCc4ccccn4)CC3)CC2)cc1,1,0,0.0
herg_blockade,c1ccc(OC2CCN(CC3CCN(c4cccnc4)CC3)CC2)cc1,1,0,0.0
herg_blockade,c1ccc(OC2COc3nccn3C2)cc1,1,0,0.0
herg_blockade,c1ccc(OCC2=NCCN2)c(CC2CC2)c1,1,1,1.0
herg_blockade,c1ccc(OCC2=NCCN2)cc1,1,0,0.0
herg_blockade,c1ccc(OCC2CCn3ccnc3O2)cc1,1,1,1.0
herg_blockade,c1ccc(OCC2Cn3ccnc3O2)cc1,1,0,0.0
herg_blockade,c1ccc(OCCCCCOc2ccccc2)cc1,1,0,0.0
herg_blockade,c1ccc(OCCCN2CC3CCNCC(C2)O3)cc1,1,1,1.0
herg_blockade,c1ccc(OCCCN2CCC(c3noc4ccccc34)CC2)cc1,1,1,1.0
herg_blockade,c1ccc(OCCCN2CCCC2)cc1,1,0,0.0
herg_blockade,c1ccc(OCCCNCCOc2ccc(-n3ccnc3)cc2)cc1,1,1,1.0
herg_blockade,c1ccc(OCCC[N+]2CC3CCNCC(C2)O3)cc1,1,1,1.0
herg_blockade,c1ccc(OCCN2CC3CNCC(C2)O3)cc1,1,0,0.0
herg_blockade,c1ccc(OCCNCCCOc2cccc3[nH]c4ccccc4c23)cc1,1,1,1.0
herg_blockade,c1ccc(OCCOc2ccc(CCc3ccc(-c4ccccc4)cc3)cc2)cc1,1,1,1.0
herg_blockade,c1ccc(OCCOc2ccccc2)cc1,1,1,1.0
herg_blockade,c1ccc(OCc2cc(N3CCC3)nc(-c3ccccn3)n2)cc1,1,0,0.0
herg_blockade,c1ccc(OCc2cc(OCC3COC3)nc(-c3ccccn3)n2)cc1,1,1,1.0
herg_blockade,c1ccc(OCc2cccc(COc3ccccc3)n2)cc1,1,1,1.0
herg_blockade,c1ccc(OCc2ccnc(-c3ccccn3)n2)cc1,1,0,0.0
herg_blockade,c1ccc(OCc2nc3ncccc3s2)cc1,1,0,0.0
herg_blockade,c1ccc(OCn2c(C3CCCNC3)nc3ccccc32)cc1,1,1,1.0
herg_blockade,c1ccc(Oc2ccc(-c3nc(C4CCC4)n4ccncc34)cc2)cc1,1,0,0.0
herg_blockade,c1ccc(Oc2ccc(-c3nc4ccccc4[nH]3)cc2)cc1,1,0,0.0
herg_blockade,c1ccc(Oc2ccc(-c3nn(C4CCCNC4)c4ncncc34)cc2)cc1,1,0,0.0
herg_blockade,c1ccc(Oc2ccc(CCCNc3ccc(CN4CCCCC4)cc3)nn2)cc1,1,0,0.0
herg_blockade,c1ccc(Oc2ccc(CCCOc3ccc(CN4CCCCC4)cc3)nn2)cc1,1,0,0.0
herg_blockade,c1ccc(Oc2ccc(CN3CCC4(CC3)OCc3ccncc34)cc2)cc1,1,1,1.0
herg_blockade,c1ccc(Oc2ccc(Nc3ccccn3)cc2)cc1,1,1,1.0
herg_blockade,c1ccc(Oc2ccc(Nc3cccnc3)cc2)cc1,1,1,1.0
herg_blockade,c1ccc(Oc2ccc(Nc3ccncn3)cc2)cc1,1,1,1.0
herg_blockade,c1ccc(Oc2ccc(Nc3ncnc4cc[nH]c34)cc2)cc1,1,0,0.0
herg_blockade,c1ccc(Oc2ccc(Nc3ncncn3)cc2)cc1,1,1,1.0
herg_blockade,c1ccc(Oc2ccc3ccncc3c2)cc1,1,0,0.0
herg_blockade,c1ccc(Oc2ccnc(Nc3ccc(N4CCNCC4)cc3)n2)cc1,1,1,1.0
herg_blockade,c1ccc(Oc2ccncn2)cc1,1,0,0.0
herg_blockade,c1ccc(Oc2cncnc2)cc1,1,0,0.0
herg_blockade,c1ccc(Oc2nc(Nc3ccc(N4CCNCC4)cc3)nc3[nH]ccc23)cc1,1,1,1.0
herg_blockade,c1ccc(Oc2ncnc3[nH]c(-c4ccccc4)cc23)cc1,1,0,0.0
herg_blockade,c1ccc(Oc2ncnc3ccccc23)cc1,1,0,0.0
herg_blockade,c1ccc(SCCCN2CCC(c3cn(-c4ccccc4)c4ccccc34)CC2)cc1,1,1,1.0
herg_blockade,c1ccc(SCCCN2CCC(c3cn(Cc4ccccn4)c4ccccc34)CC2)cc1,1,0,0.0
herg_blockade,c1ccc(SCCCn2c3c(c4cc(-c5ncno5)ccc42)CCCC3)cc1,1,0,0.0
herg_blockade,c1ccc(Sc2[nH]cnc2-c2ccc(C3CC3)cc2)nc1,1,0,0.0
herg_blockade,c1ccc(Sc2ccnc(Nc3ccc(N4CCNCC4)cc3)n2)cc1,1,0,0.0
herg_blockade,c1ccc2[nH]c(-c3ccc(C4CCCN4)cc3)nc2c1,1,0,0.0
herg_blockade,c1ccc2[nH]c(-c3ccc(N4CCC5(CCCCC5)CC4)nc3)nc2c1,1,1,1.0
herg_blockade,c1ccc2[nH]c(-c3ccc(N4CCC5(CCNCC5)CC4)nc3)nc2c1,1,1,1.0
herg_blockade,c1ccc2[nH]c(-c3cncc(NC4CCOCC4)n3)cc2c1,1,0,0.0
herg_blockade,c1ccc2[nH]c(-c3n[nH]c4ncncc34)cc2c1,1,0,0.0
herg_blockade,c1ccc2[nH]c(-c3nc(C4CCCCC4)n4ncncc34)cc2c1,1,0,0.0
herg_blockade,c1ccc2[nH]c(-c3nnc(SCCCN4CCc5ccc(-c6ncco6)cc5CC4)[nH]3)cc2c1,1,1,1.0
herg_blockade,c1ccc2[nH]c(C3CCCN(C4CCCCC4)C3)nc2c1,1,0,0.0
herg_blockade,c1ccc2[nH]c(C3CCCN3)nc2c1,1,0,0.0
herg_blockade,c1ccc2[nH]c(C3CCCNC3)nc2c1,1,1,1.0
herg_blockade,c1ccc2[nH]c(C3CCN(CCCOc4ccc5c(c4)CCC5)CC3)nc2c1,1,1,1.0
herg_blockade,c1ccc2[nH]c(CN3CCN(c4ccncn4)CC3)nc2c1,1,0,0.0
herg_blockade,c1ccc2[nH]c(N3CCCC3)nc2c1,1,1,1.0
herg_blockade,c1ccc2c(-c3[nH]c4ccccc4c3C3CCC[N+]C3)cccc2c1,1,1,1.0
herg_blockade,c1ccc2c(-c3ccnc(Nc4ccc(N5CCNCC5)cc4)n3)c[nH]c2c1,1,1,1.0
herg_blockade,c1ccc2c(-c3cnn4cc(-c5ccc(N6CCNCC6)cc5)cnc34)ccnc2c1,1,0,0.0
herg_blockade,c1ccc2c(-n3cnnc3)ccc(C3CC3)c2c1,1,0,0.0
herg_blockade,c1ccc2c(C3CCCNC3)c(C3CCCCCC3)[nH]c2c1,1,1,1.0
herg_blockade,c1ccc2c(C3CCC[N+]C3)c(-c3ccsc3)[nH]c2c1,1,1,1.0
herg_blockade,c1ccc2c(C3CCC[N+]C3)c(C3CCCCCC3)[nH]c2c1,1,1,1.0
herg_blockade,c1ccc2c(C3CCC[N+]C3)c[nH]c2c1,1,1,1.0
herg_blockade,c1ccc2c(CC3CC4CCC3CC4)cccc2c1,1,1,1.0
herg_blockade,c1ccc2c(CC3CC4CC[N+]3CC4)ccnc2c1,1,0,0.0
herg_blockade,c1ccc2c(CC3CCCC[N+]3)ccnc2c1,1,0,0.0
herg_blockade,c1ccc2c(CCCC3CCN(C4CC(c5ccno5)C4)CC3)ccnc2c1,1,0,0.0
herg_blockade,c1ccc2c(CCCOc3cnc(-c4ccoc4)c(-c4cnc5[nH]ncc5n4)c3)c[nH]c2c1,1,0,0.0
herg_blockade,c1ccc2c(CCN3CCC(NCc4cc5c(cn4)OCCO5)CC3)ccnc2c1,1,1,1.0
herg_blockade,c1ccc2c(CCN3CCC(NCc4cc5c(cn4)OCS5)CC3)ccnc2c1,1,1,1.0
herg_blockade,c1ccc2c(CCNc3ccc(Nc4ccncc4)cc3)c[nH]c2c1,1,1,1.0
herg_blockade,c1ccc2c(Cc3c[nH]c4ccccc34)c[nH]c2c1,1,0,0.0
herg_blockade,c1ccc2c(Cc3ccc4[nH]ncc4c3)n[nH]c2c1,1,0,0.0
herg_blockade,c1ccc2c(Cc3ccncc3)csc2c1,1,1,1.0
herg_blockade,c1ccc2c(Cn3cc(-c4ccc(-n5ccnc5)cc4)nn3)csc2c1,1,1,1.0
herg_blockade,c1ccc2c(N3CCC3)ncnc2c1,1,1,1.0
herg_blockade,c1ccc2c(N3CCCC3)ncnc2c1,1,1,1.0
herg_blockade,c1ccc2c(N3CCNCC3)ncnc2c1,1,1,1.0
herg_blockade,c1ccc2c(NCCN3CCOCC3)nc(-c3ccc(N4CCNCC4)cc3)nc2c1,1,0,0.0
herg_blockade,c1ccc2c(Nc3cc(CN4CCCC4)cc(CN4CCCC4)c3)ncnc2c1,1,0,0.0
herg_blockade,c1ccc2c(Nc3ccc(OCCCN4CCCCC4)cc3)ncnc2c1,1,0,0.0
herg_blockade,c1ccc2c(Nc3ccc4c(c3)NCNC4)ccnc2c1,1,1,1.0
herg_blockade,c1ccc2c(SSc3cccc4ccccc34)cccc2c1,1,0,0.0
herg_blockade,c1ccc2c(c1)C1CCC2c2ccccc21,1,1,1.0
herg_blockade,c1ccc2c(c1)C1CCCC2C(CCNCCCc2nc3ccccc3[nH]2)C1,1,1,1.0
herg_blockade,c1ccc2c(c1)CC(CN1CCC3(CCc4ccccc43)CC1)CO2,1,1,1.0
herg_blockade,c1ccc2c(c1)CC1(CCC(N3CCC3)C1)c1ccccc1O2,1,0,0.0
herg_blockade,c1ccc2c(c1)CC1CNCCN21,1,1,1.0
herg_blockade,c1ccc2c(c1)CC1NCCC23CCCCC13,1,1,1.0
herg_blockade,c1ccc2c(c1)CC1c3ccccc3CCN1C2,1,0,0.0
herg_blockade,c1ccc2c(c1)CCC21CCN(Cc2ccc3[nH]c4ccccc4c3c2)CC1,1,1,1.0
herg_blockade,c1ccc2c(c1)CCC2Nc1ncnc2c1ccn2C1CCCC1,1,0,0.0
herg_blockade,c1ccc2c(c1)CCC2c1ncc[nH]1,1,0,0.0
herg_blockade,c1ccc2c(c1)CCCC2,1,0,0.0
herg_blockade,c1ccc2c(c1)CCCC2CCCN1CCN(C2CCCCC2)CC1,1,1,1.0
herg_blockade,c1ccc2c(c1)CCCC2c1ncc[nH]1,1,1,1.0
herg_blockade,c1ccc2c(c1)CCN(CCc1c[nH]c3ccccc13)CC2,1,1,1.0
herg_blockade,c1ccc2c(c1)CCN2c1cc(NC2CC2)n2nccc2n1,1,0,0.0
herg_blockade,c1ccc2c(c1)CCN=C2CC1CCN2CCc3ccccc3C2C1,1,0,0.0
herg_blockade,c1ccc2c(c1)CCNC2,1,0,0.0
herg_blockade,c1ccc2c(c1)CCc1ccccc1C2,1,1,1.0
herg_blockade,c1ccc2c(c1)CCc1ccccc1C2=C1CCNCC1,1,1,1.0
herg_blockade,c1ccc2c(c1)CCc1cccnc1C2=C1CCNCC1,1,1,1.0
herg_blockade,c1ccc2c(c1)CCc1cccnc1C2=C1CC[N+]CC1,1,1,1.0
herg_blockade,c1ccc2c(c1)CN(CCC1CCCc3[nH]ncc31)C2,1,1,1.0
herg_blockade,c1ccc2c(c1)CNCCS2,1,1,1.0
herg_blockade,c1ccc2c(c1)Cc1ccccc1-2,1,1,1.0
herg_blockade,c1ccc2c(c1)N=C(N1CCNCC1)c1ccccc1O2,1,1,1.0
herg_blockade,c1ccc2c(c1)N=C(N1CCNCC1)c1ccccc1S2,1,1,1.0
herg_blockade,c1ccc2c(c1)N=C(N1CC[N+]CC1)c1ccccc1N2,1,1,1.0
herg_blockade,c1ccc2c(c1)N=C(N1CC[N+]CC1)c1ccsc1N2,1,0,0.0
herg_blockade,c1ccc2c(c1)N=C(N1CC[NH+]CC1)c1ccsc1N2,1,0,0.0
herg_blockade,c1ccc2c(c1)N=C(N1CC[NH2+]CC1)c1ccccc1N2,1,0,0.0
herg_blockade,c1ccc2c(c1)N=c1sccc1=C(N1CCNCC1)N2,1,0,0.0
herg_blockade,c1ccc2c(c1)NC(C1CCOCC1)C1CCCOC21,1,0,0.0
herg_blockade,c1ccc2c(c1)Nc1ccccc1C(N1CCNCC1)N2,1,0,0.0
herg_blockade,c1ccc2c(c1)Nc1ccccc1C([N+]1CC[NH+]CC1)N2,1,0,0.0
herg_blockade,c1ccc2c(c1)Nc1ccccc1[SH+]2,1,1,1.0
herg_blockade,c1ccc2c(c1)OCCC21CCN(CCCSc2nnc(-c3cnco3)[nH]2)C1,1,1,1.0
herg_blockade,c1ccc2c(c1)OCCC2Nc1cccn2ccnc12,1,0,0.0
herg_blockade,c1ccc2c(c1)Oc1ccccc1C1CNCC21,1,0,0.0
herg_blockade,c1ccc2c(c1)Sc1cccc3c1c-2[nH+]c1ccccc13,1,1,1.0
herg_blockade,c1ccc2c(c1)Sc1ccccc1N2CCC1CCCC[NH+]1,1,1,1.0
herg_blockade,c1ccc2c(c1)[nH]c1cc(-c3cn[nH]c3)ccc12,1,0,0.0
herg_blockade,c1ccc2c(c1)[nH]c1ccncc12,1,1,1.0
herg_blockade,c1ccc2c(c1)c(-c1cnc3[nH]ccc3n1)nn2C1CCNCC1,1,1,1.0
herg_blockade,c1ccc2c(c1)c(-c1cnc3[nH]ccc3n1)nn2CC1CNC1,1,1,1.0
herg_blockade,c1ccc2c(c1)c(-c1cnc3[nH]ccc3n1)nn2CCCN1CCC1,1,1,1.0
herg_blockade,c1ccc2c(c1)c(-c1cnc3[nH]ccc3n1)nn2CCCN1CCOCC1,1,1,1.0
herg_blockade,c1ccc2c(c1)c(-c1nc(CN3CCOCC3)cs1)cn2CC1CCOCC1,1,1,1.0
herg_blockade,c1ccc2c(c1)c(-c1ncon1)cn2CC1CCOCC1,1,0,0.0
herg_blockade,c1ccc2c(c1)c(-c1noc(CN3CCNCC3)n1)cn2CC1CCOCC1,1,0,0.0
herg_blockade,c1ccc2c(c1)c(C1CCNCC1)nn2-c1cnc2[nH]ccc2n1,1,0,0.0
herg_blockade,c1ccc2c(c1)c[nH+]c1c3cc4c(cc3ccc21)OCO4,1,1,1.0
herg_blockade,c1ccc2c(c1)ccn2-c1cc(NC2CC2)n2nccc2n1,1,1,1.0
herg_blockade,c1ccc2c(c1)cnn2-c1cc(NC2CC2)n2nccc2n1,1,0,0.0
herg_blockade,c1ccc2c(c1)nc(C1CCCNC1)n2CC1CCCO1,1,1,1.0
herg_blockade,c1ccc2c(c1)nc(C1CCCNC1)n2Cc1nccs1,1,0,0.0
herg_blockade,c1ccc2c(c1)nc(N1CC3CNCC3C1)n2C1CCN(C2CCCCCCC2)CC1,1,1,1.0
herg_blockade,c1ccc2c(c1)nc(OCC1CCN(CCN3CCOCC3)CC1)c1c[nH]cc12,1,1,1.0
herg_blockade,c1ccc2c(c1)nc1sc(-c3ccc4cc(CCN5CCCC5)ccc4n3)cn12,1,1,1.0
herg_blockade,c1ccc2c(c1)ncc1nccn12,1,0,0.0
herg_blockade,c1ccc2c(c1)ncn1nc(CN3CCN(c4cnsn4)CC3)nc21,1,0,0.0
herg_blockade,c1ccc2c(c1)ncn1nc(CN3CCN(c4nccs4)CC3)nc21,1,0,0.0
herg_blockade,c1ccc2c(c1)ncn2-c1nc(N2CCOCC2)nc(N2CCOCC2)n1,1,0,0.0
herg_blockade,c1ccc2c(c1)ncn2-c1ncc2c(n1)N1CCOCC1CO2,1,0,0.0
herg_blockade,c1ccc2c(c1)ncn2C1CC2COCC(C1)N2,1,1,1.0
herg_blockade,c1ccc2c(c1)ncn2CC1CC1,1,1,1.0
herg_blockade,c1ccc2c(c1)ncn2CC1CCCO1,1,0,0.0
herg_blockade,c1ccc2c3c([nH]c2c1)C(C1CCCCC1)NC(c1nc(-c2ccncc2)c[nH]1)C3,1,1,1.0
herg_blockade,c1ccc2c3c([nH]c2c1)C(C1CCCCC1)NC(c1nc(-c2cnccn2)c[nH]1)C3,1,1,1.0
herg_blockade,c1ccc2c3c([nH]c2c1)C(C1CCOCC1)NC(c1nc(-c2ccncc2)c[nH]1)C3,1,1,1.0
herg_blockade,c1ccc2c3c([nH]c2c1)C(C1CCOCC1)NC(c1nc(-c2ccsc2)c[nH]1)C3,1,1,1.0
herg_blockade,c1ccc2c3c([nH]c2c1)C(C1CCOCC1)NC(c1nc(-c2csc4ccccc24)c[nH]1)C3,1,1,1.0
herg_blockade,c1ccc2c3c([nH]c2c1)C(C1CCOCC1)NC(c1nc(-c2cscn2)c[nH]1)C3,1,1,1.0
herg_blockade,c1ccc2c3c([nH]c2c1)C(C1CCOCC1)NC(c1nc(C24CC5CC(CC(C5)C2)C4)c[nH]1)C3,1,1,1.0
herg_blockade,c1ccc2c3c([nH]c2c1)C(C1CCOCC1)NC(c1nc(C2C4CC5CC(C4)CC2C5)c[nH]1)C3,1,1,1.0
herg_blockade,c1ccc2c3c([nH]c2c1)C(C1CCOCC1)NC(c1nc(C2CCCCC2)c[nH]1)C3,1,1,1.0
herg_blockade,c1ccc2c3c([nH]c2c1)C(C1CCOCC1)NC(c1ncc[nH]1)C3,1,1,1.0
herg_blockade,c1ccc2c3c([nH]c2c1)CC1CCN(CCC2CCCCC2)CC1C3,1,1,1.0
herg_blockade,c1ccc2c3c([nH]c2c1)CC1CCN(CCC2CCOCC2)CC1C3,1,1,1.0
herg_blockade,c1ccc2c3c([nH]c2c1)CCCCC3,1,1,1.0
herg_blockade,c1ccc2c[n+]3c(cc2c1)-c1cc2c(cc1CC3)OCO2,1,1,1.0
herg_blockade,c1ccc2cc(-c3[nH]c4ccccc4c3C3CCC[N+]C3)ccc2c1,1,1,1.0
herg_blockade,c1ccc2cc(C3CCCCC3)ccc2c1,1,1,1.0
herg_blockade,c1ccc2cc(C3CCn4cncc43)ccc2c1,1,0,0.0
herg_blockade,c1ccc2cc(CC3CNC3)ccc2c1,1,1,1.0
herg_blockade,c1ccc2cc(N=Nc3ccc4cccnc4c3)ccc2c1,1,0,0.0
herg_blockade,c1ccc2cc(NC3=NCC4(CN5CCC4CC5)O3)ncc2c1,1,1,1.0
herg_blockade,c1ccc2cc(Nc3cnccn3)ncc2c1,1,1,1.0
herg_blockade,c1ccc2cc(Nc3nccc4ccccc34)ccc2c1,1,0,0.0
herg_blockade,c1ccc2cc3ccccc3cc2c1,1,0,0.0
herg_blockade,c1ccc2cnncc2c1,1,0,0.0
herg_blockade,c1ccc2nc(COc3ccc(CC4CCCC4)cc3)ccc2c1,1,0,0.0
herg_blockade,c1ccc2nc(Sc3nncs3)cnc2c1,1,0,0.0
herg_blockade,c1ccc2ncc(N3CCOCC3)cc2c1,1,0,0.0
herg_blockade,c1ccc2nn(-c3ccc(C4CCCNC4)cc3)cc2c1,1,0,0.0
herg_blockade,c1ccc2oc(-c3ccc(Cn4cc(-c5ccc(-n6ccnc6)cc5)nn4)cc3)nc2c1,1,0,0.0
herg_blockade,c1ccc2oc(-c3ccc(OCCCN4CCC(c5noc6ccccc56)CC4)cc3)nc2c1,1,1,1.0
herg_blockade,c1ccc2oc(C3CCCNC3)cc2c1,1,0,0.0
herg_blockade,c1ccc2oc(C3CON=C(c4ccc(-n5ccnc5)cn4)N3)cc2c1,1,0,0.0
herg_blockade,c1ccc2oc(CCc3ccc(OCCCN4CCC(c5noc6ccccc56)CC4)cc3)nc2c1,1,1,1.0
herg_blockade,c1ccc2oc(Oc3ccc(OCCN4CCCCC4)cc3)nc2c1,1,1,1.0
herg_blockade,c1ccc2oncc2c1,1,0,0.0
herg_blockade,c1ccc2sc(-c3ccc4cc(CCN5CCCC5)ccc4n3)nc2c1,1,1,1.0
herg_blockade,c1ccc2sc(-c3csc4c3CNC4)nc2c1,1,0,0.0
herg_blockade,c1ccc2sc(NC3=NCC4(CN5CCC4CC5)O3)nc2c1,1,1,1.0
herg_blockade,c1ccc2scnc2c1,1,0,0.0
herg_blockade,c1ccn2c(-c3ccc4cc(CCN5CCCC5)ccc4n3)cnc2c1,1,1,1.0
herg_blockade,c1ccn2c(-c3ccnc(Nc4ccc(CN5CCOCC5)cc4)n3)cnc2c1,1,1,1.0
herg_blockade,c1ccn2c(-c3ccnc(Nc4ccc(N5CCCNCC5)cc4)n3)cnc2c1,1,0,0.0
herg_blockade,c1ccn2c(-c3ccnc(Nc4ccc(N5CCOCC5)cc4)n3)cnc2c1,1,1,1.0
herg_blockade,c1ccn2c(-c3ccnc(Nc4ccc(OC5CCNCC5)cc4)n3)cnc2c1,1,1,1.0
herg_blockade,c1ccn2ncc(-c3ccnc(Nc4ccc(N5CCC5)cc4)n3)c2c1,1,1,1.0
herg_blockade,c1ccn2ncc(-c3ccnc(Nc4ccc(N5CCCC5)cc4)n3)c2c1,1,1,1.0
herg_blockade,c1cn(-c2cc(NC3=NCC4(CN5CCC4CC5)O3)ncn2)cn1,1,0,0.0
herg_blockade,c1cn(-c2ccc(-c3cn(Cc4ccc(-c5ncon5)cc4)nn3)cc2)cn1,1,1,1.0
herg_blockade,c1cn(-c2ccc(-c3cn(Cc4ccc5ccsc5c4)nn3)cc2)cn1,1,0,0.0
herg_blockade,c1cn(-c2ccc(Nc3ccn(C4CCCOC4)n3)cc2)nn1,1,0,0.0
herg_blockade,c1cn(C2=NCCC(N3CCCCC3)=N2)cn1,1,1,1.0
herg_blockade,c1cn(C2CCCCC2)nc1OCCN1CCOCC1,1,0,0.0
herg_blockade,c1cn2c(-c3cn[nH]c3)cnc2c(N2CCOCC2)n1,1,0,0.0
herg_blockade,c1cn[nH]c1,1,0,0.0
herg_blockade,c1cnc(-c2cc3sc(N4CCC(N5CCCCC5)CC4)nc3cn2)cn1,1,0,0.0
herg_blockade,c1cnc(-c2ccc(C3CCCCC3)cc2)cn1,1,0,0.0
herg_blockade,c1cnc(-c2ccc3c(c2)[nH]c2ccnc(NC(C4CC4)C4CC4)c23)cn1,1,1,1.0
herg_blockade,c1cnc(-c2ccc3cc(CCN4CCCC4)ccc3n2)cn1,1,1,1.0
herg_blockade,c1cnc(-c2ccc3oc(CCN4CCCC4)cc3c2)cn1,1,0,0.0
herg_blockade,c1cnc(-c2cnc3nc(N4CCC(N5CCCCC5)CC4)sc3c2)cn1,1,0,0.0
herg_blockade,c1cnc(-c2nnc(SCCCN3CCc4ccc5ocnc5c4CC3)[nH]2)cn1,1,1,1.0
herg_blockade,c1cnc(-c2nnc(SCCN3CCc4ccc(-c5ccn[nH]5)cc4CC3)[nH]2)cn1,1,1,1.0
herg_blockade,c1cnc(CNc2ccc3ncn(-c4cc(C5CC5)[nH]n4)c3n2)nc1,1,0,0.0
herg_blockade,c1cnc(CNc2ccc3ncn(-c4cc[nH]n4)c3n2)nc1,1,0,0.0
herg_blockade,c1cnc(CNc2cncc(Nc3cc[nH]n3)n2)nc1,1,0,0.0
herg_blockade,c1cnc(CNc2nc(Nc3nccs3)cc(N3CCOCC3)n2)nc1,1,0,0.0
herg_blockade,c1cnc(CNc2ncc3ncn(-c4cc[nH]n4)c3n2)nc1,1,0,0.0
herg_blockade,c1cnc(CNc2nccc(Nc3cc[nH]n3)n2)nc1,1,0,0.0
herg_blockade,c1cnc(CNc2nccc(Nc3nccs3)n2)nc1,1,0,0.0
herg_blockade,c1cnc(COc2ccc(C3(c4ccc(-c5nnco5)nc4)CCCO3)cc2)cn1,1,0,0.0
herg_blockade,c1cnc(N2CC3CN(Cc4ccc5ccccc5c4)CC3C2)nc1,1,1,1.0
herg_blockade,c1cnc(N2CCC(CNCc3c[nH]c4ccccc34)CC2)nc1,1,0,0.0
herg_blockade,c1cnc(N2CCC(Nc3ccnc4[nH]ccc34)CC2)cn1,1,0,0.0
herg_blockade,c1cnc(N2CCN(Cc3nc4c5ccccc5ncn4n3)CC2)nc1,1,0,0.0
herg_blockade,c1cnc(NCc2cc3nc(-c4cccnc4)nc(N4CCOCC4)c3s2)nc1,1,0,0.0
herg_blockade,c1cnc(Nc2cc(NCC3CNCCO3)c(-c3ccc4n[nH]cc4c3)cn2)cn1,1,0,0.0
herg_blockade,c1cnc(Nc2cc(NCC3CNCCO3)c(-c3nccs3)cn2)cn1,1,0,0.0
herg_blockade,c1cnc(Nc2cc(NCC3CNCCO3)c(C3CC3)cn2)cn1,1,1,1.0
herg_blockade,c1cnc(Nc2ccc(C3CC3)cn2)cn1,1,1,1.0
herg_blockade,c1cnc(Nc2ccc(Oc3ccc(C4CC4)cc3)cc2)nc1,1,1,1.0
herg_blockade,c1cnc(Nc2nc3c(s2)CCCc2[nH]ncc2-3)nc1,1,0,0.0
herg_blockade,c1cnc(OC2CCC(OC3CCNCC3)CC2)cn1,1,0,0.0
herg_blockade,c1cnc2c(CCC3CCC(NCc4cc5c(nn4)OCCO5)CO3)ccnc2c1,1,0,0.0
herg_blockade,c1cnc2c(CCC3CCC(NCc4cc5c(nn4)OCCS5)CO3)cncc2c1,1,0,0.0
herg_blockade,c1cnc2c(Cn3cc(-c4ccc(-n5ccnc5)cc4)nn3)cccc2c1,1,1,1.0
herg_blockade,c1cnc2c(N3CCN(CCCCc4ccc(OCCCN5CCCCCC5)cc4)CC3)cccc2c1,1,1,1.0
herg_blockade,c1cnc2c(N3CCN(CCCc4ccc(OCCCN5CCCCCC5)cc4)CC3)cccc2c1,1,1,1.0
herg_blockade,c1cnc2c(N3CCNCC3)ncnc2c1,1,0,0.0
herg_blockade,c1cnc2c(NCc3nnc4ccc(-c5ccns5)nn34)ccnc2c1,1,1,1.0
herg_blockade,c1cnc2c(c1)C(NCCCCc1ccc3c(c1)OCO3)CC1(CCC1)O2,1,0,0.0
herg_blockade,c1cnc2c(c1)CCCC2N(CCCN1CCNCC1)Cc1nccc2c1[nH]c1ccccc12,1,1,1.0
herg_blockade,c1cnc2c(c1)CCCC2N(CCCN1CCNCC1)Cc1nccc2c3ccccc3n(CCN3CCOCC3)c12,1,1,1.0
herg_blockade,c1cnc2c(c1)CCCC2NCc1nccc2c3ccccc3n(CCCN3CCNCC3)c12,1,1,1.0
herg_blockade,c1cnc2cc(-c3ccc4cc(CCN5CCCC5)ccc4n3)ccc2n1,1,1,1.0
herg_blockade,c1cnc2cc(-c3nnc(SCCCN4CCc5ccc(-c6ccon6)cc5CC4)[nH]3)ccc2n1,1,1,1.0
herg_blockade,c1cnc2cc(CNc3cccc4ncc(N5CCNCC5)cc34)ccc2c1,1,0,0.0
herg_blockade,c1cnc2ccc(Cc3cnc4ccc(-c5cn[nH]c5)nn34)cc2c1,1,0,0.0
herg_blockade,c1cnc2ccc(Cc3nnc4ccc(-c5cn[nH]c5)nn34)cc2c1,1,0,0.0
herg_blockade,c1cnc2ccc(Cn3nnc4ncc(-c5cn[nH]c5)nc43)cc2c1,1,0,0.0
herg_blockade,c1cnc2ccc(Nc3ccncn3)cc2c1,1,0,0.0
herg_blockade,c1cnc2ccc(Sc3nnc4ccc(-c5cn[nH]c5)nn34)cc2c1,1,0,0.0
herg_blockade,c1cnc2nc(Oc3ccc(CCN4C5CCCC4CC5)cc3)sc2c1,1,1,1.0
herg_blockade,c1cnc2nc(Oc3ccc(CCN4CC5CC4CN5)cc3)sc2c1,1,0,0.0
herg_blockade,c1cnc2nc(Oc3ccc(CCN4CC5CNCC5C4)cc3)sc2c1,1,0,0.0
herg_blockade,c1cnc2nc(Oc3ccc(CN4C5CCCC4CC5)cc3)sc2c1,1,0,0.0
herg_blockade,c1cnc2nc(Oc3ccc(CN4CC5CC4CN5)cc3)sc2c1,1,0,0.0
herg_blockade,c1cnc2nc(Oc3ccc(CN4CC5CNCC5C4)cc3)sc2c1,1,0,0.0
herg_blockade,c1cnc2nc(Oc3ccc(OCCN4C5CCCC4CC5)cc3)sc2c1,1,0,0.0
herg_blockade,c1cnc2nc(Oc3ccc(OCCN4CC5CC4CN5)cc3)sc2c1,1,0,0.0
herg_blockade,c1cnc2nc(Oc3ccc(OCCN4CC5CNCC5C4)cc3)sc2c1,1,0,0.0
herg_blockade,c1cnc2ncc(-c3ccc4cc(CCN5CCCC5)ccc4n3)cc2c1,1,0,0.0
herg_blockade,c1cnc2oc(N3CCN4CCC3CC4)nc2c1,1,1,1.0
herg_blockade,c1cncc(-c2c[nH]c(C3Cc4c([nH]c5ccccc45)C(C4CCCCC4)N3)n2)c1,1,1,1.0
herg_blockade,c1cncc(-c2c[nH]c(C3Cc4c([nH]c5ccccc45)C(C4CCOCC4)N3)n2)c1,1,1,1.0
herg_blockade,c1cncc(-c2cc(N3CCOCC3)nc(N3CCOCC3)n2)c1,1,0,0.0
herg_blockade,c1cncc(-c2cc3ncncc3s2)c1,1,1,1.0
herg_blockade,c1cncc(-c2ccc(-c3nnc(C4CN5CCC4CC5)o3)o2)c1,1,0,0.0
herg_blockade,c1cncc(-c2ccc(-c3noc(C4CN5CCC4CC5)n3)o2)c1,1,1,1.0
herg_blockade,c1cncc(-c2ccc3c(c2)CCc2nncn2-3)c1,1,0,0.0
herg_blockade,c1cncc(-c2ccc3c(c2)[nH]c2ccnc(NCC4CC4)c23)c1,1,1,1.0
herg_blockade,c1cncc(-c2ccc3oc(CCN4CCCC4)cc3c2)c1,1,1,1.0
herg_blockade,c1cncc(-c2ccccc2CC(c2cccnc2)c2cccnc2)c1,1,0,0.0
herg_blockade,c1cncc(-c2ccnc(-n3cccn3)n2)c1,1,0,0.0
herg_blockade,c1cncc(-c2cncc(-c3ccncc3)n2)c1,1,0,0.0
herg_blockade,c1cncc(-c2nc(-c3ccc4c(c3)CCNCC4)no2)c1,1,1,1.0
herg_blockade,c1cncc(-c2nc(-c3ccc4cc(CCN5CCCC5)ccc4n3)cs2)c1,1,1,1.0
herg_blockade,c1cncc(-c2ncc(-c3ccc4cc(CCN5CCCC5)ccc4n3)s2)c1,1,1,1.0
herg_blockade,c1cncc(-c2ncn(-c3ccc(Nc4nccc(-c5cccc(N6CCOCC6)c5)n4)cc3)n2)c1,1,0,0.0
herg_blockade,c1cncc(C(Cc2cc[nH+]cc2)c2cccc(OC3CC3)c2)c1,1,0,0.0
herg_blockade,c1cncc(C(Cc2cc[nH+]cc2)c2cccc(OC3CCC3)c2)c1,1,0,0.0
herg_blockade,c1cncc(C(Cc2ccccc2-c2ccncc2)c2cccnc2)c1,1,0,0.0
herg_blockade,c1cncc(C(Cc2ccccc2-c2cncc3ccccc23)c2cccnc2)c1,1,0,0.0
herg_blockade,c1cncc(C2(c3ccc(-c4cnccn4)cc3)CCCO2)c1,1,0,0.0
herg_blockade,c1cncc(C2(c3ccc(OCc4cnccn4)cc3)CCCO2)c1,1,0,0.0
herg_blockade,c1cncc(C2CCC[NH+]2)c1,1,0,0.0
herg_blockade,c1cncc(C2CCN(c3ccc4nncn4n3)CC2)c1,1,0,0.0
herg_blockade,c1cncc(CCNc2nccc(Cc3nc4ccccc4s3)n2)c1,1,0,0.0
herg_blockade,c1cncc(CN2CCC(n3ncc4c(N5CCOCC5)nc(-c5ccc6[nH]ccc6c5)nc43)CC2)c1,1,0,0.0
herg_blockade,c1cncc(CN2CCc3cc4ncsc4cc3CC2)c1,1,0,0.0
herg_blockade,c1cncc(N2CCN(Cc3nc4c5ccccc5ncn4n3)CC2)c1,1,0,0.0
herg_blockade,c1cncc(Nc2cc(-c3cncnc3)nc(N3CCOCC3)n2)c1,1,0,0.0
herg_blockade,c1cncc(Nc2cc(NC3CC3)n3nccc3n2)c1,1,0,0.0
herg_blockade,c1cncc(Nc2cc(OC3CCNCC3)ncn2)c1,1,0,0.0
herg_blockade,c1cncc(Nc2n[nH]c3ccccc23)c1,1,0,0.0
herg_blockade,c1cncc(Nc2ncccc2CC(c2cccnc2)c2cccnc2)c1,1,0,0.0
herg_blockade,c1cncc(OCC2CNCCN2c2nc3ncccc3o2)c1,1,0,0.0
herg_blockade,c1cnnc(N2CCC(Nc3ccnc4[nH]ccc34)CC2)c1,1,0,0.0
herg_blockade,c1coc(-c2ccc(OCCCN3CCCCC3)cc2)c1,1,1,1.0
herg_blockade,c1coc(-c2ccc3c(N4CCNCC4)ncnc3c2)c1,1,1,1.0
herg_blockade,c1coc(-c2ccc3c(c2)CCN(CCCSc2nnc(-c4ccc5[nH]ccc5c4)[nH]2)CC3)n1,1,1,1.0
herg_blockade,c1coc(-c2ccc3ncnc(Nc4ccc(Oc5ccn6ncnc6c5)cc4)c3c2)c1,1,0,0.0
herg_blockade,c1coc(CNCCCn2c3ccccc3c3ccccc32)c1,1,0,0.0
herg_blockade,c1coc(CNCCOc2ccc3ccccc3c2)c1,1,1,1.0
herg_blockade,c1csc(-c2c[nH]c(C3Cc4c([nH]c5ccccc45)C(C4CCOCC4)N3)n2)c1,1,1,1.0
herg_blockade,c1csc(-c2cc3c(NC4CCCNC4)nccc3s2)c1,1,0,0.0
herg_blockade,c1csc(-c2ccc(-c3ccc4cc(CCN5CCCC5)ccc4n3)s2)c1,1,1,1.0
herg_blockade,c1csc(-c2ccc(-c3cccs3)o2)c1,1,0,0.0
herg_blockade,c1csc(-c2ccc(CN3CCOCC3)cc2)c1,1,0,0.0
herg_blockade,c1csc(-c2ccc(OCCCN3CCCCC3)cc2)c1,1,1,1.0
herg_blockade,c1csc(-c2ncc(-c3ccc4cc(CCN5CCCC5)ccc4n3)s2)c1,1,1,1.0
herg_blockade,c1csc(-c2nnc(Nc3ccc(Oc4ncccc4-c4ccncn4)cc3)c3ccccc23)c1,1,0,0.0
herg_blockade,c1csc(-c2nnc(SCCCN3CCc4ccc(-c5ccon5)cc4CC3)[nH]2)c1,1,1,1.0
herg_blockade,c1csc(-c2nnc(SCCCN3CCc4ccc(-c5ncco5)cc4CC3)[nH]2)c1,1,1,1.0
herg_blockade,c1csc(CN2CCOC(Cn3nnc4cncnc43)C2)n1,1,0,0.0
herg_blockade,c1csc(CNCCOc2ccc3ccccc3c2)c1,1,1,1.0
herg_blockade,c1csc(COc2ccc(Nc3ncnc4ccc(NC5=NCCO5)cc34)cc2)n1,1,0,0.0
herg_blockade,c1csc(COc2ccc3ccccc3c2)c1,1,1,1.0
herg_blockade,c1csc(Nc2ccc(Cc3nnn[nH]3)cc2)n1,1,0,0.0
herg_blockade,c1n[nH]cc1-c1cnn2ccc(C3CCCNC3)nc12,1,0,0.0
herg_blockade,c1nc(-c2cnn(C3CNC3)c2)c2cc[nH]c2n1,1,0,0.0
herg_blockade,c1nc(-c2cnn(CC3CCCC3)c2)c2cc[nH]c2n1,1,0,0.0
herg_blockade,c1nc(-c2ncc(-c3ccc4cc(CCN5CCCC5)ccc4n3)s2)cs1,1,1,1.0
herg_blockade,c1nc(CCCN2CCCCC2)cc(C2CCCCCC2)n1,1,1,1.0
herg_blockade,c1nc(CN2CCc3cc4ncsc4cc3CC2)cs1,1,0,0.0
herg_blockade,c1nc(CN2CCc3cc4ncsc4cc3CC2)no1,1,0,0.0
herg_blockade,c1nc(N2CCC2)c2ccc(C3CC3)cc2n1,1,1,1.0
herg_blockade,c1nc(N2CCC2)c2ccc(C3CCCC3)cc2n1,1,1,1.0
herg_blockade,c1nc(N2CCC2)c2ncc(C3CC3)cc2n1,1,0,0.0
herg_blockade,c1nc(N2CCC2)c2ncc(C3CCCC3)cc2n1,1,0,0.0
herg_blockade,c1nc(N2CCCCC2)c2ncnc(N3CCCCC3)c2n1,1,0,0.0
herg_blockade,c1nc(N2CCCCC2)c2sccc2n1,1,0,0.0
herg_blockade,c1nc(N2CCNCC2)c2ccc(C3CC3)cc2n1,1,1,1.0
herg_blockade,c1nc(N2CCNCC2)c2ccc(C3CCCC3)cc2n1,1,1,1.0
herg_blockade,c1nc(NC2CCC(N3CCOCC3)CC2)c2c(C3CCOCC3)c[nH]c2n1,1,0,0.0
herg_blockade,c1nc(NC2CCCNC2)c2cc[nH]c2n1,1,0,0.0
herg_blockade,c1nc(NCC2CC2)cc(N2CCCC2)n1,1,1,1.0
herg_blockade,c1nc(NCC2CCC3(CC2)OCCO3)cc(OCC2CCNCC2)n1,1,1,1.0
herg_blockade,c1nc(NCC2CCC3(CCC3)CC2)cc(OC2CCNCC2)n1,1,1,1.0
herg_blockade,c1nc(NCC2CCC3(CCC3)CC2)cc(OCCC2CCNCC2)n1,1,1,1.0
herg_blockade,c1nc(NCC2CCC3(CCCC3)CC2)cc(OCC2CCNCC2)n1,1,1,1.0
herg_blockade,c1nc(NCCC2CCCC2)cc(OCC2CCNCC2)n1,1,1,1.0
herg_blockade,c1nc(Nc2nccs2)cc(N2CCCC2)n1,1,1,1.0
herg_blockade,c1nc(Nc2nccs2)cc(N2CCCCC2)n1,1,1,1.0
herg_blockade,c1nc(Nc2nccs2)cc(N2CCCCCC2)n1,1,1,1.0
herg_blockade,c1nc(Nc2nccs2)cc(N2CCCNCC2)n1,1,1,1.0
herg_blockade,c1nc(Nc2nccs2)cc(N2CCN(CCCN3CCOCC3)CC2)n1,1,1,1.0
herg_blockade,c1nc(Nc2nccs2)cc(N2CCN(CCN3CCCC3)CC2)n1,1,1,1.0
herg_blockade,c1nc(Nc2nccs2)cc(N2CCN(CCN3CCOCC3)CC2)n1,1,1,1.0
herg_blockade,c1nc(Oc2ccc3[nH]ccc3c2)c2ccc(OCCCN3CCCC3)cc2n1,1,0,0.0
herg_blockade,c1nc(Oc2ccc3[nH]ccc3c2)c2ccc(OCCN3CCNCC3)cc2n1,1,0,0.0
herg_blockade,c1nc2c3c(ccc2o1)CCN(CCCSc1nnc(-c2cncs2)[nH]1)CC3,1,1,1.0
herg_blockade,c1nc2cc3c(cc2o1)CCN(CCCSc1nnc(C2CCOCC2)[nH]1)CC3,1,0,0.0
herg_blockade,c1nc2cc3c(cc2s1)CCN(C1CC1)CC3,1,0,0.0
herg_blockade,c1nc2cc3c(cc2s1)CCN(Cc1cn[nH]c1)CC3,1,0,0.0
herg_blockade,c1nc2cnc[nH]c-2n1,1,0,0.0
herg_blockade,c1nc2sc(-c3ccc4cc(CCN5CCCC5)ccc4n3)cn2n1,1,1,1.0
herg_blockade,c1ncc(-c2cc3c(NC4CCCC4)ccnn3c2)cn1,1,1,1.0
herg_blockade,c1ncc(-c2cc3sc(N4CCC(N5CCCCC5)CC4)nc3cn2)cn1,1,1,1.0
herg_blockade,c1ncc(-c2ccc(OCCCN3CCCCC3)cc2)o1,1,1,1.0
herg_blockade,c1ncc(-c2ccc3c(c2)[nH]c2ccnc(NC(C4CC4)C4CC4)c23)cn1,1,1,1.0
herg_blockade,c1ncc(-c2ccc3c(c2)[nH]c2ccnc(NCC4CC4)c23)cn1,1,0,0.0
herg_blockade,c1ncc(-c2ccc3cc(CCN4CCCC4)ccc3c2)cn1,1,1,1.0
herg_blockade,c1ncc(-c2ccc3cc(CCN4CCCC4)ccc3n2)cn1,1,0,0.0
herg_blockade,c1ncc(-c2ccc3cc(CCN4CCCC4)ccc3n2)o1,1,0,0.0
herg_blockade,c1ncc(-c2cn3ccnc3c(N3CCOCC3)n2)cn1,1,0,0.0
herg_blockade,c1ncc(-c2cnc3nc(N4CCC(N5CCCCC5)CC4)sc3c2)cn1,1,0,0.0
herg_blockade,c1ncc(-c2nc(N3CCOCC3)nc3c2CCN3)cn1,1,0,0.0
herg_blockade,c1ncc(-c2nnc(SCCCN3CCc4cc5cnoc5cc4CC3)[nH]2)o1,1,1,1.0
herg_blockade,c1ncc(-c2nnc(SCCCN3CCc4cc5nc(C6CC6)oc5cc4CC3)[nH]2)o1,1,1,1.0
herg_blockade,c1ncc(-c2nnc(SCCCN3CCc4cc5nc(CC6CC6)oc5cc4CC3)[nH]2)o1,1,1,1.0
herg_blockade,c1ncc(CN2CCc3cc4ncsc4cc3CC2)[nH]1,1,0,0.0
herg_blockade,c1ncc(CN2CCc3cc4ncsc4cc3CC2)o1,1,0,0.0
herg_blockade,c1ncc(NC2CCCCC2)cc1Nc1ccc(-c2cn[nH]c2)cn1,1,1,1.0
herg_blockade,c1ncc2c(-c3ccc4ocnc4c3)n[nH]c2n1,1,0,0.0
herg_blockade,c1ncc2c(-c3cnc4[nH]ccc4c3)nn(C3CCCC3)c2n1,1,0,0.0
herg_blockade,c1ncc2c(n1)OCC(c1ccc(C3CCCCC3)cc1)=N2,1,0,0.0
herg_blockade,c1ncc2sc(-c3ccc(N4CCOCC4)cc3)cc2n1,1,1,1.0
herg_blockade,c1ncc2sc(-c3ccc4nonc4c3)cc2n1,1,1,1.0
herg_blockade,c1ncn(Cc2ccc3c(c2)C2=C(C3)C(c3ccsc3)N=N2)n1,1,0,0.0
herg_blockade,c1ncn(Cc2ccc3c(c2)CC2=C3N=NC2c2ccsc2)n1,1,0,0.0
herg_blockade,c1nnc(N2CCN(c3ncc(OCc4ccc(-n5cnnn5)cc4)cn3)CC2)o1,1,1,1.0
herg_blockade,c1nnc(NC2CCCCC2)cc1Nc1ccc2c(n1)CCC2,1,1,1.0
herg_blockade,c1nncs1,1,0,0.0
herg_blockade,c1nonc1-c1nc2cncc(CNC3CCNCC3)c2[nH]1,1,0,0.0
herg_blockade,c1nonc1-c1nc2cncc(OCC3CCCNC3)c2[nH]1,1,0,0.0
