endpoint,molecule_id,reference_n,mean_knn_similarity,minimum_knn_similarity,descriptor_distance,descriptor_ad,latent_distance,latent_ad,scaffold_novelty
herg_blockade,MDNZIGDKCDGDNH-UHFFFAOYSA-N,8971,0.3777443587532286,0.32323232323232326,4.180056174991647,inside,10.851940472239038,inside,True
herg_blockade,ARGKYIJYIOPUMA-UHFFFAOYSA-N,8971,0.6167222781092797,0.5686274509803921,3.390777190030415,inside,14.093327743058929,inside,True
herg_blockade,NUAORYLXEWKQRZ-UHFFFAOYSA-N,8971,0.4238114280441021,0.3728813559322034,4.68435113029023,inside,10.46713698756442,inside,True
herg_blockade,HKMZTVMDWMICAE-HNNXBMFYSA-N,8971,0.6130516501042816,0.543859649122807,5.331470081738363,inside,10.844105533168955,inside,True
herg_blockade,GPPYBJJOFGJFTI-UHFFFAOYSA-N,8971,0.7850407925407926,0.7454545454545455,3.762588201478461,inside,21.6181665525101,inside,True
herg_blockade,YVVMAGRTTSOPEO-UHFFFAOYSA-N,8971,0.356297926556946,0.3225806451612903,3.4647377130731645,inside,11.943559682318108,inside,True
herg_blockade,BWOSYZNIBAXVRF-UHFFFAOYSA-N,8971,0.7537371869304643,0.5490196078431373,5.297461965401136,inside,11.842094926367194,inside,True
herg_blockade,ZAZVLBZIEZHJFV-UHFFFAOYSA-N,8971,0.3155771613984748,0.2840909090909091,2.7808652897269637,inside,10.909608369257802,inside,True
herg_blockade,DWMYZHDZTBDFJZ-IFXJQAMLSA-N,8971,0.3604052809935163,0.29411764705882354,1.4244185869266062,inside,11.324391870149281,inside,True
herg_blockade,MNODGVITNFISIZ-LLVKDONJSA-N,8971,0.6539194124627791,0.5645161290322581,4.614436238100283,inside,12.381060396867133,inside,True
herg_blockade,QFRFAEZUAFKYNV-UHFFFAOYSA-N,8971,0.6857402589260524,0.6575342465753424,3.1241857627314262,inside,19.808738078952853,inside,True
herg_blockade,JEEQEUWCFNPVRU-LJQANCHMSA-N,8971,0.35122087378640776,0.25,4.276302777423749,inside,10.984591712556943,inside,True
herg_blockade,TVWCWSQGYOKMAS-UHFFFAOYSA-N,8971,0.6069295288961207,0.5365853658536586,1.8867403152965372,inside,14.284010436635718,inside,True
herg_blockade,IDAXSJSJUWMJSI-UHFFFAOYSA-N,8971,0.5019820689829466,0.410958904109589,3.984498317160386,inside,12.712063728379984,inside,True
herg_blockade,HYDPSWCXRCQOAC-UHFFFAOYSA-N,8971,0.4248749813639903,0.38235294117647056,6.074757834819157,inside,10.262892174367495,inside,True
herg_blockade,IKINOGQZTQWAIL-UHFFFAOYSA-N,8971,0.7270548220831841,0.68,1.4930625539330469,inside,16.399113119173276,inside,True
herg_blockade,ZKOGSLKSILTRTB-QEAPWSMKSA-N,8971,0.467640302564304,0.34146341463414637,2.3885779547484542,inside,14.582804863579451,inside,True
herg_blockade,HAQKLGJJQPPHIQ-UHFFFAOYSA-N,8971,0.5215421668323266,0.4878048780487805,1.8084568551945865,inside,11.484444179469198,inside,True
herg_blockade,VCOUEHUEFUDZIS-VQTJNVASSA-N,8971,0.6878620304426757,0.6129032258064516,3.2488280979411748,inside,13.420237424958017,inside,True
herg_blockade,TVKCCIBAUDHHBL-UHFFFAOYSA-N,8971,0.618112447778673,0.5671641791044776,2.3828554919410077,inside,13.721179543638296,inside,True
herg_blockade,ZAAQJDPTTZJUDL-UHFFFAOYSA-N,8971,0.7480182841068916,0.6962025316455697,3.4283056639701037,inside,19.38417290033105,inside,True
herg_blockade,MHHWVOMTIHAEBQ-UHFFFAOYSA-N,8971,0.45114000376860747,0.2786885245901639,3.352750413434606,inside,10.05370474477886,inside,True
herg_blockade,USPFJPDEADLGIG-QHCPKHFHSA-N,8971,0.6944715447154471,0.6341463414634146,3.3299412140884748,inside,15.88681206704098,inside,True
herg_blockade,GAFYPQKQPDKGNE-UHFFFAOYSA-N,8971,0.7418904109589041,0.684931506849315,1.6282004588200123,inside,9.967803444256885,inside,True
herg_blockade,QSDLVBSOCJOFJV-UHFFFAOYSA-N,8971,0.5610221053190924,0.525,2.6781045858876995,inside,19.647694445592254,inside,True
herg_blockade,PZFVISYBXMCPDS-QGZVFWFLSA-N,8971,0.40960901055916976,0.38028169014084506,4.917688362202317,inside,10.374747309622137,inside,True
herg_blockade,ZBVPUFSKFGYNLC-FIDNPTQWSA-N,8971,0.3772325729226007,0.2911392405063291,1.561174265416957,inside,10.443695185275967,inside,True
herg_blockade,ZBUMCITULAAXBQ-SANMLTNESA-N,8971,0.7928035178035178,0.7333333333333333,3.3033817129358507,inside,16.16238986144388,inside,True
herg_blockade,QPBWRFLJCZNADY-UGFHNGPFSA-N,8971,0.6706890943001305,0.64,3.6285912712259583,inside,14.202153439007324,inside,True
herg_blockade,PUMHGEYDOSEWHZ-UUTCKOJZSA-N,8971,0.7118145895809606,0.6710526315789473,2.5156455348531708,inside,16.619205145557945,inside,True
herg_blockade,XUMALORDVCFWKV-IBGZPJMESA-N,8971,0.2801564920958695,0.26548672566371684,6.356490100191797,borderline,11.471380912897748,inside,True
herg_blockade,AXSVFLWHGKNLJD-BKHCZYBLSA-N,8971,0.21995422688323915,0.2054794520547945,3.7037349747541555,inside,10.592053121931905,inside,True
herg_blockade,ZPXUSKUJOYAZDE-UHYCVJNDSA-N,8971,0.5891836608380726,0.5147058823529411,2.071351184708304,inside,12.80139168456135,inside,True
herg_blockade,QINCTGKEJQBZLN-UHFFFAOYSA-N,8971,0.6908090628871028,0.625,2.539427791659275,inside,11.432143087183098,inside,True
herg_blockade,LWASRJZJGFUUCR-UHFFFAOYSA-N,8971,0.6498854673188494,0.6129032258064516,2.167733345546407,inside,12.37376591250698,inside,True
herg_blockade,BCXCWJVLSDITQU-UHFFFAOYSA-N,8971,0.4063191918350272,0.3902439024390244,1.4464808115666632,inside,11.853118320998876,inside,True
herg_blockade,ITYMMRKSCDTSQX-UHFFFAOYSA-N,8971,0.5211019886881956,0.48148148148148145,2.124333130928134,inside,15.599746111145482,inside,True
herg_blockade,SBDOPCIVOPZGMV-UHFFFAOYSA-N,8971,0.7257996729638521,0.7014925373134329,3.0965504066041176,inside,16.606201881121102,inside,True
herg_blockade,AVIDRKWFHQXSDT-UHFFFAOYSA-N,8971,0.756154013907544,0.7195121951219512,5.6504560766121505,inside,14.32225253076362,inside,True
herg_blockade,UDZOLWLMXRBGHJ-UHFFFAOYSA-N,8971,0.5629521215447428,0.46551724137931033,3.1311925668004568,inside,11.09404059224674,inside,True
herg_blockade,MXSCESHKBLICIQ-UHFFFAOYSA-N,8971,0.4714845256215119,0.28,4.992917791764183,inside,13.3559293929177,inside,True
herg_blockade,RCJIOMDJRBCHJE-RISCZKNCSA-N,8971,0.6754567883900962,0.5531914893617021,6.900018773927429,borderline,11.133552719109979,inside,True
herg_blockade,UJTOQBQDAYTWPS-NSHDSACASA-N,8971,0.5500063993977038,0.4805194805194805,2.700192354175257,inside,12.069536900952903,inside,True
herg_blockade,VVCYJFVTVHMTBV-HSZRJFAPSA-N,8971,0.3988610874242675,0.36904761904761907,3.938954587978859,inside,10.28924280413772,inside,True
herg_blockade,UJKDKDBDMKMBRK-UHFFFAOYSA-N,8971,0.5063279282227617,0.4268292682926829,3.1673221866912042,inside,10.192448292358232,inside,True
herg_blockade,QLQQUDCJVQOCBW-OAQYLSRUSA-N,8971,0.307356477559021,0.2876712328767123,3.732061061066966,inside,11.321677201620377,inside,True
herg_blockade,NXKLZOOHPLOUHY-RLLQIKCJSA-N,8971,0.30871728828111317,0.2962962962962963,2.76701524326554,inside,12.089332390663984,inside,True
herg_blockade,HAJRCWPFNCVVCY-UHFFFAOYSA-N,8971,0.42947502159023027,0.3469387755102041,3.3288247253552603,inside,9.867254728495096,inside,True
herg_blockade,SEOMUFTWAUVWQZ-DICHSLLOSA-N,8971,0.6270824972333952,0.5051546391752577,6.425578034478466,borderline,20.58599443339081,inside,True
herg_blockade,DACGAATZKIWONI-UHFFFAOYSA-N,8971,0.7724654716426682,0.7469879518072289,6.1769979202003835,inside,12.85498019643229,inside,True
herg_blockade,AABBLHFMQYNECK-NRFANRHFSA-N,8971,0.6093948443346033,0.5783132530120482,3.224708571102327,inside,11.980860135730778,inside,True
herg_blockade,FVGPHGAWVQFSPG-YCASGBEESA-N,8971,0.5538377481824822,0.4457831325301205,2.3675241523089907,inside,11.685434479092663,inside,True
herg_blockade,KTGYQSLCEGJTLM-UHFFFAOYSA-N,8971,0.49778669705100986,0.4492753623188406,4.990842705118898,inside,17.170192922293896,inside,True
herg_blockade,VGZWIKVDBMDIPI-UHFFFAOYSA-N,8971,0.7266138261446722,0.647887323943662,2.305637981620926,inside,10.220188294512905,inside,True
herg_blockade,BETBNWGUKZUUAX-OTVXOJSOSA-N,8971,0.5083364923353877,0.2647058823529412,2.392538404013305,inside,11.129108342056943,inside,True
herg_blockade,NATFNVDYLPURMJ-FQEVSTJZSA-N,8971,0.7090928129788981,0.6710526315789473,1.7318441576606094,inside,13.916942624564632,inside,True
herg_blockade,OOZZVLXSPKRQAW-LJQANCHMSA-N,8971,0.6643487877722244,0.5783132530120482,1.8207235428823771,inside,16.907286598804905,inside,True
herg_blockade,RKMKKSLVBDBRIO-QHCPKHFHSA-N,8971,0.6475573383365616,0.5416666666666666,2.944203243093338,inside,12.824255196669304,inside,True
herg_blockade,CQWHHYJHFMHAAR-UHFFFAOYSA-N,8971,0.34624885185559834,0.25263157894736843,4.09387411274602,inside,10.404971441316505,inside,True
herg_blockade,IDNQVNKCKNBLIA-UHFFFAOYSA-N,8971,0.6857565908270133,0.5492957746478874,2.0469405807253267,inside,14.908580764031841,inside,True
herg_blockade,GLWFJEKSPATKBS-LYHRCORUSA-N,8971,0.7249031348421593,0.6951219512195121,2.2721988726039966,inside,21.736583724059486,inside,True
herg_blockade,BGXXKJRUEAILQH-UHFFFAOYSA-N,8971,0.6582011655981693,0.5308641975308642,4.532743914891421,inside,10.355057617974332,inside,True
herg_blockade,PNNGZISXBRFXQE-UHFFFAOYSA-N,8971,0.6252427806407352,0.5932203389830508,2.247429559944693,inside,13.068276863023296,inside,True
herg_blockade,LRRPBUZCJGWMNN-UHFFFAOYSA-N,8971,0.7949258997519479,0.7301587301587301,3.3998256876843533,inside,30.80506601210289,outside,True
herg_blockade,WPLZJOHYEBBPRT-UHFFFAOYSA-N,8971,0.7719353816914793,0.6666666666666666,2.144912729853814,inside,14.482079379521469,inside,True
herg_blockade,CJHBAEAPGVCZBV-UHFFFAOYSA-N,8971,0.3523030282347053,0.2916666666666667,3.091486127642582,inside,11.747188558005451,inside,True
herg_blockade,XAVJTYOBWCSWFJ-SANMLTNESA-N,8971,0.3549232167161264,0.30337078651685395,4.134294751417735,inside,9.704844574264357,inside,True
herg_blockade,YUIXRLAQGAYMLE-UHFFFAOYSA-N,8971,0.6497406988840233,0.6268656716417911,2.5818404551923257,inside,12.30097798203721,inside,True
herg_blockade,LXGKPUINNMCWKV-UHFFFAOYSA-N,8971,0.5914740220634529,0.5,3.9513149336099747,inside,12.838324244357434,inside,True
herg_blockade,YCSZGOYPORRCOH-DEOSSOPVSA-N,8971,0.6982750582750583,0.6666666666666666,2.0265208693234062,inside,13.03240916740746,inside,True
herg_blockade,NEWMYUSDIXDEHW-UHFFFAOYSA-N,8971,0.6871187025534852,0.6,2.99592626056961,inside,12.215569703344245,inside,True
herg_blockade,UUPVSZHHIAHCQM-UHFFFAOYSA-N,8971,0.7727294685990338,0.7291666666666666,3.8580777852277675,inside,21.531662881935407,inside,True
herg_blockade,CPVWLQBQDHUDMB-UHFFFAOYSA-N,8971,0.43503741844764104,0.3620689655172414,2.829577436528906,inside,10.080604485450941,inside,True
herg_blockade,JUXSXKBJRLWGAK-UHFFFAOYSA-N,8971,0.6279347794733171,0.589041095890411,1.7247123563734668,inside,12.080746239777428,inside,True
herg_blockade,PUOAETJYKQITMO-LANLRWRYSA-N,8971,0.5330233955714359,0.4625,2.233447063663082,inside,12.257451137701182,inside,True
herg_blockade,VSLZNKFMVLGHTG-VGXUOWJOSA-N,8971,0.5023725812605119,0.45121951219512196,2.2220424498392624,inside,10.26876744712262,inside,True
herg_blockade,GLBHSLFQNFPRMJ-UHFFFAOYSA-N,8971,0.4359270296078993,0.39361702127659576,4.278723081571305,inside,12.50006408192352,inside,True
herg_blockade,BIXKSWBUHPYYET-UHFFFAOYSA-N,8971,0.6113327840148315,0.5921052631578947,2.5151998618460953,inside,11.839451652665641,inside,True
herg_blockade,ZNKQZQCGGXGVRU-YPUKFSJVSA-N,8971,0.6972775872191836,0.5970149253731343,2.4388909487027717,inside,15.260835917387977,inside,True
herg_blockade,ZFJXFNJHYVVZQG-UHFFFAOYSA-N,8971,0.629716147373995,0.5402298850574713,3.860699321306971,inside,19.613833542125164,inside,True
herg_blockade,SGDWPIDXMHBDQC-UHFFFAOYSA-N,8971,0.7264334987505718,0.6666666666666666,4.035452622907802,inside,13.488258641402998,inside,True
herg_blockade,WXFURHRZZPXAMP-AWEZNQCLSA-N,8971,0.6409329140461215,0.6111111111111112,4.429791333156029,inside,10.782994749955193,inside,True
herg_blockade,XSSTWXWXXRTYPV-KBXCAEBGSA-N,8971,0.2974588374870516,0.275,4.035912866928551,inside,10.199867355519325,inside,True
herg_blockade,AUTMMRXGMHRYPS-JYMWAKCPSA-N,8971,0.2547851568721134,0.2463768115942029,4.054733285958493,inside,11.176907946592735,inside,True
herg_blockade,JEFFNXSQZCCYRI-UHFFFAOYSA-N,8971,0.7134969849160389,0.6710526315789473,3.108042333248323,inside,14.760390717345887,inside,True
herg_blockade,LREUBQQMJXJGNU-ZGFZYKMBSA-N,8971,0.35882768961602984,0.2894736842105263,5.138387526457537,inside,16.28597032434089,inside,True
herg_blockade,DBNJNPPSWNADBP-UHFFFAOYSA-N,8971,0.7062040092690248,0.6111111111111112,8.798328330679212,outside,11.469388819437437,inside,True
herg_blockade,PTWGVYYSUNMNEA-UHFFFAOYSA-N,8971,0.721811521811522,0.6428571428571429,2.6835059035186015,inside,11.114496744679597,inside,True
herg_blockade,BMPPBAASXPGLJV-UHFFFAOYSA-N,8971,0.4304360975520072,0.4177215189873418,1.347040663042051,inside,12.49516853185978,inside,True
herg_blockade,SQAJJIRLNALPSN-UHFFFAOYSA-N,8971,0.7289676484254914,0.6388888888888888,2.1486450770367482,inside,17.614793262573254,inside,True
herg_blockade,OOGJQPCLVADCPB-HXUWFJFHSA-N,8971,0.2708034173548626,0.2631578947368421,4.659038890489397,inside,12.354672633960787,inside,True
herg_blockade,FUAKCAYITOKHOL-PMACEKPBSA-N,8971,0.6851926461053995,0.625,2.703193693818777,inside,12.07435303998214,inside,True
herg_blockade,NEWCBLDMKSRBBC-WOJBJXKFSA-N,8971,0.7111940298507463,0.7014925373134329,1.5874405753463674,inside,11.61768827680608,inside,True
herg_blockade,HWQAGUZDIUBZJD-UHFFFAOYSA-N,8971,0.5049047207029036,0.4714285714285714,1.1225071950789813,inside,12.243265913162244,inside,True
herg_blockade,SISBKSNNRWPSJZ-UHFFFAOYSA-N,8971,0.44602405585282295,0.3013698630136986,2.8145518278777337,inside,13.089884927969717,inside,True
herg_blockade,PHOCCMVBRLGOKP-UHFFFAOYSA-N,8971,0.7672246513864297,0.6962025316455697,5.235956734951363,inside,14.841702176076913,inside,True
herg_blockade,GEFOLRNTTIQKBZ-UHFFFAOYSA-N,8971,0.7056435461895523,0.6428571428571429,4.973078106223995,inside,14.071379319728697,inside,True
herg_blockade,HGULPEXUXHAGBL-UHFFFAOYSA-N,8971,0.30085828403548553,0.2871287128712871,4.465006697328569,inside,10.295526984292607,inside,True
herg_blockade,CHFJPWYYMLQDHW-UHFFFAOYSA-N,8971,0.7691934731934733,0.7435897435897436,2.5646230864862094,inside,16.30134001910715,inside,True
herg_blockade,ZNZCGEXKQOUCKF-UHFFFAOYSA-N,8971,0.3670226215217659,0.32142857142857145,1.9079989182089376,inside,11.076033387197231,inside,True
herg_blockade,FVKOYFLAKSGBBV-UHFFFAOYSA-N,8971,0.5884164032572062,0.5217391304347826,3.3401598064340052,inside,12.080811470538595,inside,True
herg_blockade,AFEDHDLLXVXFNK-UHFFFAOYSA-N,8971,0.7283323014502228,0.6708860759493671,3.4586188271035265,inside,11.290959840276706,inside,True
herg_blockade,HRCSHGYOQCEMTF-UHFFFAOYSA-N,8971,0.7061213359695333,0.6764705882352942,2.382513790551136,inside,11.282243206942471,inside,True
herg_blockade,YAIILFXOQLIACI-DEOSSOPVSA-N,8971,0.6953652968036531,0.6712328767123288,2.424309230558562,inside,14.81452162258413,inside,True
herg_blockade,CHVUIGRNUSDKJR-SJPCQFCGSA-N,8971,0.5641167434715821,0.5238095238095238,3.316960867045309,inside,18.075779599074597,inside,True
herg_blockade,XOSACJAQDPAKSG-UHFFFAOYSA-N,8971,0.4031730069664271,0.375,4.427215451757634,inside,10.346577601211802,inside,True
herg_blockade,DAFYDSHNCYDLLI-HNAYVOBHSA-N,8971,0.3646331058316077,0.2828282828282828,1.3615803707051557,inside,11.41059133731944,inside,True
herg_blockade,DGQYAOWRSYHPCE-GKPLWNPISA-N,8971,0.7237862420804715,0.5714285714285714,2.665140717918829,inside,20.357755161810573,inside,True
herg_blockade,OLLRSJLKNAIFCJ-UHFFFAOYSA-N,8971,0.34120995969891743,0.28888888888888886,4.396838047783225,inside,10.654201600894597,inside,True
herg_blockade,OXTDGTVIBFENNG-DAFODLJHSA-N,8971,0.5674590273151232,0.28,2.430424155200314,inside,12.86180080442285,inside,True
herg_blockade,WDDCSCYJPKDFON-UHFFFAOYSA-N,8971,0.7839638686821785,0.7333333333333333,2.197928914516625,inside,14.690159027224112,inside,True
herg_blockade,CJUSJFAZUSWFLY-KXBFYZLASA-N,8971,0.5585641100774057,0.48,1.6417847600156399,inside,10.689579411990609,inside,True
herg_blockade,PMWJXJVDUJHXHT-UHFFFAOYSA-N,8971,0.6171194031424283,0.5423728813559322,5.191893666351504,inside,11.137557098084118,inside,True
herg_blockade,WNZBBTJFOIOEMP-HXUWFJFHSA-N,8971,0.3942610661882174,0.37681159420289856,3.1269739164813575,inside,15.890802602745604,inside,True
herg_blockade,MEYYAEMUCGROAL-FQEVSTJZSA-N,8971,0.3924606444859281,0.352112676056338,1.7710147117162622,inside,10.31694344033313,inside,True
herg_blockade,ASEDNWCJVUADNB-UHFFFAOYSA-N,8971,0.25056543456543456,0.23809523809523808,4.66519441239279,inside,9.965164133261814,inside,True
herg_blockade,COVZSEBDZICBKI-UEILYKACSA-N,8971,0.736996404133501,0.671875,1.8254994962070457,inside,15.693275342681758,inside,True
herg_blockade,SWABPIOJBAZFDP-UHFFFAOYSA-N,8971,0.7525135893590198,0.7073170731707317,3.3278102800921,inside,16.862215988381028,inside,True
herg_blockade,SJJCRPJMKKRQSW-UHFFFAOYSA-N,8971,0.5370334570574287,0.4426229508196721,2.682529457476426,inside,10.687105128562807,inside,True
herg_blockade,OXTDGTVIBFENNG-RJRFIUFISA-N,8971,0.5674590273151232,0.28,2.430424155200314,inside,14.373426930748813,inside,True
herg_blockade,DSJMWSZZVBLHLI-UHFFFAOYSA-N,8971,0.47567887918226665,0.2875,3.566636394379218,inside,13.740711430552487,inside,True
herg_blockade,MZEOSVPWMSEFPW-UHFFFAOYSA-N,8971,0.6884141645562917,0.5806451612903226,4.376411185799054,inside,14.968282276184107,inside,True
herg_blockade,LUGYILCUTNOWCZ-UHFFFAOYSA-N,8971,0.6494470209583827,0.5542168674698795,3.745632422742966,inside,19.355182792850016,inside,True
herg_blockade,LGUSEFKPYITVRM-VWLOTQADSA-N,8971,0.6857593548004506,0.6438356164383562,2.282739232431664,inside,17.943045963051315,inside,True
herg_blockade,SUYKBMCECCINPJ-CQSZACIVSA-N,8971,0.6725323123828538,0.6329113924050633,2.537434207307474,inside,15.778827902061868,inside,True
herg_blockade,HGVUTNMCDMGTOE-UHFFFAOYSA-N,8971,0.5716650951712929,0.4925373134328358,3.1328359494084896,inside,13.185618756682839,inside,True
herg_blockade,YBQCYKVJCJFFEK-OKDJAKQTSA-N,8971,0.40721286396144246,0.36065573770491804,4.647523226894777,inside,10.612486797201884,inside,True
herg_blockade,FWAFFVZBCWHQLZ-IGKIAQTJSA-N,8971,0.6657289745166359,0.6352941176470588,3.938750751859808,inside,16.94599799989645,inside,True
herg_blockade,BAVQTLJQZAGNJY-UHFFFAOYSA-N,8971,0.7987006882659056,0.7432432432432432,3.850317756182833,inside,15.934521576229349,inside,True
herg_blockade,KAPZNJYOKZDXPF-UHFFFAOYSA-N,8971,0.7853631626479114,0.7590361445783133,6.176722892857973,inside,13.528776408435315,inside,True
herg_blockade,UDLDPIPQVZOCPK-UHFFFAOYSA-N,8971,0.39094900733523885,0.35185185185185186,2.504032587142,inside,10.776297795708626,inside,True
herg_blockade,QGAWXOQEXMZKDG-XMMPIXPASA-N,8971,0.4538025558230162,0.44285714285714284,2.8575059380073324,inside,12.058568686730075,inside,True
herg_blockade,LSQARZALBDFYQZ-UHFFFAOYSA-N,8971,0.3163967437667613,0.2826086956521739,7.475967419011651,borderline,9.854096825570844,inside,True
herg_blockade,YYGZHVJDHMMABU-OGLMXYFKSA-N,8971,0.3045683108491982,0.23958333333333334,6.203258097435405,inside,12.631791989925102,inside,True
herg_blockade,AVNUHUISPNHKBL-IBGZPJMESA-N,8971,0.7378445369062616,0.7,1.6501504185287281,inside,11.766154951887074,inside,True
herg_blockade,ZDTPXUKLGIDOCS-SFHVURJKSA-N,8971,0.501395540189177,0.2328767123287671,4.031184222626346,inside,13.809897924165965,inside,True
herg_blockade,JLCCURAODUBLID-UHFFFAOYSA-N,8971,0.3111263266093836,0.2987012987012987,3.881739212656618,inside,10.909334675648429,inside,True
herg_blockade,YBQZLWPFQRLDTC-UHGJSFDGSA-N,8971,0.7731374531984161,0.7183098591549296,2.3732653654661964,inside,19.74659249457874,inside,True
herg_blockade,FYUAVELDZCEUQV-UHFFFAOYSA-N,8971,0.5946598945092194,0.40625,2.2674766645404856,inside,16.603453625321304,inside,True
herg_blockade,AXIFLPLKZRNVDP-UHFFFAOYSA-N,8971,0.5828172262552933,0.5344827586206896,4.09083366499674,inside,12.14288597249577,inside,True
herg_blockade,IQWDSXALWDOBBP-UHFFFAOYSA-N,8971,0.6721768113087784,0.6506024096385542,3.655384283528437,inside,13.056347797254125,inside,True
herg_blockade,LDCYXCYVKCIBDF-UHFFFAOYSA-N,8971,0.7844603732871184,0.7555555555555555,6.021200621912618,inside,24.622151018833218,borderline,True
herg_blockade,UOCMXNLGBQWJPG-UHFFFAOYSA-N,8971,0.7486013986013986,0.7272727272727273,1.9413830973005748,inside,21.008873070675442,inside,True
herg_blockade,KLKSYHNOBPJZAD-UHFFFAOYSA-N,8971,0.6114180414180415,0.5584415584415584,3.7486026825338685,inside,11.521250776573511,inside,True
herg_blockade,IUOQUUDCQSGQGZ-UHFFFAOYSA-N,8971,0.6088556626664043,0.5833333333333334,1.6465738501900535,inside,9.53617224132303,inside,True
herg_blockade,MUPZZNZQFUCJBT-CQSZACIVSA-N,8971,0.7485821394251004,0.6049382716049383,5.728124161287862,inside,17.217686383205272,inside,True
herg_blockade,VGWOOKCYUNUQRH-HGHGUNKESA-N,8971,0.42600716491421975,0.26595744680851063,3.347871972601853,inside,17.201190966578967,inside,True
herg_blockade,MKUBTKKSMXGZTR-MRXNPFEDSA-N,8971,0.30151909439328606,0.2857142857142857,4.5783788694376275,inside,18.904541513065602,inside,True
herg_blockade,JFHYZQNXNHZARY-QGZVFWFLSA-N,8971,0.6150097443540066,0.5303030303030303,2.118171063563317,inside,10.651378632176636,inside,True
herg_blockade,ICGUNWJVOUCAAB-UHFFFAOYSA-N,8971,0.3988089155893909,0.33783783783783783,2.834540274187964,inside,12.909378085313916,inside,True
herg_blockade,PLURIBOHSAYLHF-UHFFFAOYSA-N,8971,0.40629482287010765,0.3924050632911392,2.7158102683620355,inside,10.755113822325864,inside,True
herg_blockade,VWGQRLFYWPDXNG-UHFFFAOYSA-N,8971,0.3666817428011458,0.3283582089552239,4.485899204522284,inside,9.943285546817243,inside,True
herg_blockade,CTRVTEOXKBMCKO-QPPBQGQZSA-N,8971,0.7917188949158258,0.75,3.23612408009332,inside,18.91596480267913,inside,True
herg_blockade,KKLAEPSPALTSJH-UHFFFAOYSA-N,8971,0.6280212920662358,0.6179775280898876,5.779483147633017,inside,11.345238373432311,inside,True
herg_blockade,RLYMZSRJLRBKEY-UHFFFAOYSA-N,8971,0.6987609356416018,0.68,5.438794175624191,inside,14.592819883967382,inside,True
herg_blockade,KFMWSHDUFMIMRO-UHFFFAOYSA-N,8971,0.8185196539680117,0.782608695652174,2.523274483962359,inside,24.064318799792236,inside,True
herg_blockade,RDGCHGFUVHJMIN-UHFFFAOYSA-N,8971,0.6518059150052397,0.5060240963855421,3.2109536529985854,inside,12.651388698265212,inside,True
herg_blockade,CXGFHAFDFOMUEC-NFDUJVPWSA-N,8971,0.7399776035834267,0.7368421052631579,6.604149269477455,borderline,23.520293195590167,inside,True
herg_blockade,RTISLUNVDWEWQD-UWUANXTMSA-N,8971,0.16125956447241588,0.15584415584415584,4.351144111897717,inside,11.713645112115032,inside,True
herg_blockade,XBMIVRRWGCYBTQ-AVRDEDQJSA-N,8971,0.32233781414377555,0.3,4.377108945477737,inside,11.634735277446744,inside,True
herg_blockade,HTUXUNBQNWREPD-UHFFFAOYSA-N,8971,0.42266135295575163,0.3235294117647059,2.7708388574582323,inside,11.008863611203484,inside,True
herg_blockade,ZRXWXSZEIJIKNS-QHCPKHFHSA-N,8971,0.578351434140908,0.4666666666666667,2.3217963793904044,inside,16.110400648026133,inside,True
herg_blockade,YZSDHSPCNCYZKJ-UHFFFAOYSA-N,8971,0.4657548619100568,0.45161290322580644,1.845067224159036,inside,14.310314688339679,inside,True
herg_blockade,KTVZQGPZGOQBMV-UHFFFAOYSA-N,8971,0.687185682644589,0.5925925925925926,1.2848174197280033,inside,10.444539801095758,inside,True
herg_blockade,OZGKPOZAIWDSQB-VWLOTQADSA-N,8971,0.3533328299607369,0.3,3.7089201923900785,inside,10.411201334742591,inside,True
herg_blockade,QJYCACWUDNIMMU-IQGASKDCSA-N,8971,0.3955549959383236,0.29411764705882354,3.198821703378877,inside,13.715838149222314,inside,True
herg_blockade,UPKQNCPKPOLASS-SANMLTNESA-N,8971,0.4697671819705718,0.38095238095238093,3.7148879108368353,inside,13.195531177129983,inside,True
herg_blockade,OOSUDWRRWZVFEB-UHFFFAOYSA-N,8971,0.20510556349966289,0.1958762886597938,3.5605515410439734,inside,13.315233942496805,inside,True
herg_blockade,YZYRUIRHXJDUBQ-HOTGVXAUSA-N,8971,0.5637032744132136,0.5,3.6408481083695503,inside,10.641759737693903,inside,True
herg_blockade,YUCYZHCUXJZMKT-UHFFFAOYSA-N,8971,0.6547277762887519,0.6097560975609756,3.7428360906189915,inside,11.05053994275321,inside,True
herg_blockade,IKQDNABGYXYVTK-UHFFFAOYSA-N,8971,0.6921797889031522,0.675,3.430049104924838,inside,12.848778418486228,inside,True
herg_blockade,WCQVQORJCDHBCN-OAHLLOKOSA-N,8971,0.7001314685037275,0.6545454545454545,4.359787985620502,inside,12.993071701549429,inside,True
herg_blockade,SWTYJFXTOTYOGR-XMMPIXPASA-N,8971,0.7110476673856956,0.6944444444444444,4.6227462462367175,inside,11.200101910957176,inside,True
herg_blockade,INSXYAKGDZOZMK-GOSISDBHSA-N,8971,0.7328015168763806,0.5949367088607594,2.25075899835916,inside,16.635474032589673,inside,True
herg_blockade,YZAHEHXQIMZHAJ-FQEVSTJZSA-N,8971,0.7274644685603588,0.6712328767123288,2.558957774507818,inside,23.984131760345534,inside,True
herg_blockade,RTHCYVBBDHJXIQ-INIZCTEOSA-N,8971,0.346578374455733,0.2923076923076923,5.15808438517273,inside,14.553590594023724,inside,True
herg_blockade,APTNUAHTAUPJSF-SSEXGKCCSA-N,8971,0.6070593012167529,0.547945205479452,6.151874292746688,inside,16.813952008859502,inside,True
herg_blockade,FWAFFVZBCWHQLZ-BXXZMZEQSA-N,8971,0.6694101480123618,0.6428571428571429,3.938750751859808,inside,16.010165150711227,inside,True
herg_blockade,GUAHVUWKWMHTTN-UHFFFAOYSA-N,8971,0.6595211161387632,0.5588235294117647,4.667657096825446,inside,23.25452969172843,inside,True
herg_blockade,GFGHQEWOLXQMRD-UHFFFAOYSA-N,8971,0.5219090453016905,0.3488372093023256,2.1120877956437374,inside,9.272079993905047,inside,True
herg_blockade,QENXTKAMWKICNF-OAHLLOKOSA-N,8971,0.4571461882050117,0.3411764705882353,2.7550772975684814,inside,14.383976497430286,inside,True
herg_blockade,YKKPUIDGSXNPRO-GOSISDBHSA-N,8971,0.560139274334464,0.5111111111111111,4.982568534648991,inside,15.276455505562968,inside,True
herg_blockade,MGAPVOBBWDUNPY-UHFFFAOYSA-N,8971,0.6278770090845562,0.5925925925925926,3.6498374688375086,inside,16.330421092696792,inside,True
herg_blockade,DGVNGMXASUNRAO-VWLOTQADSA-N,8971,0.35202558667791023,0.2988505747126437,4.011478484144081,inside,10.163830532817421,inside,True
herg_blockade,OUQIHZQQYQPARR-UHFFFAOYSA-N,8971,0.6872939303380926,0.6274509803921569,4.9794902988781296,inside,11.329700268323792,inside,True
herg_blockade,SNUYAPYTXROTFH-UHFFFAOYSA-N,8971,0.6892052044165486,0.6235294117647059,2.787467909892544,inside,11.982516505866812,inside,True
herg_blockade,FIIZGBLPZZYXCS-UHFFFAOYSA-N,8971,0.3506324979889361,0.2537313432835821,5.886648495599122,inside,10.839437706175305,inside,True
herg_blockade,KNRZHDKUBIFDFE-UHFFFAOYSA-N,8971,0.6146531100478468,0.5151515151515151,4.058395746115451,inside,12.513216985881401,inside,True
herg_blockade,RUILPEAIBFXBQU-SNAWJCMRSA-N,8971,0.6772390572390573,0.55,4.242815016293238,inside,11.834331977515456,inside,True
herg_blockade,JSOFMBZKONXHKI-UHFFFAOYSA-N,8971,0.7946698113207548,0.7358490566037735,2.8455607371692917,inside,23.2296466964078,inside,True
herg_blockade,FWSGJSPLQMXYQA-UHFFFAOYSA-N,8971,0.7471035861215929,0.7096774193548387,2.454422611052885,inside,13.750969044837731,inside,True
herg_blockade,CBXCPBUEXACCNR-UHFFFAOYSA-N,8971,0.3534569162652654,0.22580645161290322,10.626510826296844,outside,12.359061591801401,inside,False
herg_blockade,QUASBPFEEGUFFV-ABHNRTSZSA-N,8971,0.4508914581596536,0.3939393939393939,3.3236696163864794,inside,12.442917953948383,inside,True
herg_blockade,WCUXCSHIFAMMQM-UHFFFAOYSA-N,8971,0.7478065859467478,0.7037037037037037,2.40620710978436,inside,17.012828127998315,inside,True
herg_blockade,AFCJQVSLDHWRJB-UHFFFAOYSA-N,8971,0.3323628523843097,0.3157894736842105,2.7165321537441907,inside,10.675404425680266,inside,True
herg_blockade,HELKSLAMYBXCSD-UHFFFAOYSA-N,8971,0.7766106389946156,0.7608695652173914,6.503725779561477,borderline,23.264910795938675,inside,True
herg_blockade,PHARFBJIMJNWJK-UHFFFAOYSA-N,8971,0.6795642701525055,0.6506024096385542,3.54715532442806,inside,14.845639734294016,inside,True
herg_blockade,NDJMUWDIDQMYFY-UHFFFAOYSA-N,8971,0.7653577766017539,0.6986301369863014,1.836514814682959,inside,22.7478149611237,inside,True
herg_blockade,AZPNIOXCMXPLKP-FVQHAEBGSA-N,8971,0.5190767650425229,0.3118279569892473,2.3188883661374193,inside,9.869902055470181,inside,True
herg_blockade,WHTVZRBIWZFKQO-CQSZACIVSA-N,8971,0.43532161144866066,0.38461538461538464,4.474860063375104,inside,14.999903904117849,inside,True
herg_blockade,SDNAUQJDDNPZMF-UHFFFAOYSA-N,8971,0.4870920489396564,0.43333333333333335,3.2937333724124835,inside,12.251298432443782,inside,True
herg_blockade,ZYTYSRROLBLFDK-UHFFFAOYSA-N,8971,0.6616024743555733,0.5930232558139535,3.956188877371611,inside,12.20725833940273,inside,True
herg_blockade,MIHZNEWRGNWDAZ-UHFFFAOYSA-N,8971,0.7284195582507818,0.691358024691358,3.6888077995142066,inside,13.044147360317291,inside,True
herg_blockade,ZLUOOMMZUAJVNO-UHFFFAOYSA-N,8971,0.33108580630319756,0.2608695652173913,5.5440462106255,inside,9.625581760898047,inside,True
herg_blockade,AJRJPORIQGYFMT-RMOCHZDMSA-N,8971,0.24759874964478543,0.2222222222222222,6.012186219966417,inside,9.035538837208868,inside,True
herg_blockade,QUASBPFEEGUFFV-KSZLIROESA-N,8971,0.479905381692907,0.4411764705882353,3.3236696163864794,inside,11.947657556670345,inside,True
herg_blockade,CYZQWEFZTAKFND-UHFFFAOYSA-N,8971,0.5064361129067011,0.4852941176470588,2.823284133582869,inside,11.000116585016254,inside,True
herg_blockade,FQBBSOFRGNNFDV-QHCPKHFHSA-N,8971,0.7008974386486183,0.6582278481012658,1.740578316637583,inside,13.029201722928708,inside,True
herg_blockade,SDGVLWXHBWHIQR-UHFFFAOYSA-N,8971,0.681778677863859,0.6075949367088608,3.0634636860422453,inside,12.71982239751603,inside,True
herg_blockade,SDBLMAGBFSJKHB-OUKQBFOZSA-N,8971,0.575087212375348,0.47435897435897434,2.303994177573696,inside,11.682421781110262,inside,True
herg_blockade,BELFTQXCFIPCTM-UHFFFAOYSA-N,8971,0.4224014117671821,0.373134328358209,3.4728735240838144,inside,11.86989773182783,inside,True
herg_blockade,LEMRFTMHRMUKQX-VXKWHMMOSA-N,8971,0.6397525557384712,0.5714285714285714,2.7232607219055747,inside,12.031476040851404,inside,True
herg_blockade,HSQQNLBVOVGTFS-UHFFFAOYSA-N,8971,0.23101754773203842,0.21951219512195122,6.406681702531276,borderline,13.944617462199972,inside,True
herg_blockade,VATRZDWMOKJFRC-JEKTTYBVSA-N,8971,0.755960729312763,0.7526881720430108,6.553677818306625,borderline,22.89955849287594,inside,True
herg_blockade,QYUZDDGWOYPEHN-UHFFFAOYSA-N,8971,0.623202372127502,0.5526315789473685,3.7131920482288936,inside,15.214770306985107,inside,True
herg_blockade,QYUNZLTYDOGJCE-UONOGXRCSA-N,8971,0.5941080374381551,0.4657534246575342,6.142872132892425,inside,12.486711597652427,inside,True
herg_blockade,MFAYVOKLKRGCRN-UHFFFAOYSA-N,8971,0.3741117006875017,0.36585365853658536,2.196207531508334,inside,10.312691320358685,inside,True
herg_blockade,OUKKASCLDKRILK-UHFFFAOYSA-N,8971,0.300505915470777,0.2857142857142857,2.561144810769943,inside,11.3029074955585,inside,True
herg_blockade,BHUJWKLXOJFZOZ-UHFFFAOYSA-N,8971,0.7751863925312757,0.7272727272727273,2.6659532483254353,inside,13.460329610283818,inside,True
herg_blockade,FEBUQPUIWDHVMW-UHFFFAOYSA-N,8971,0.6793209785025944,0.5714285714285714,2.8171853179828554,inside,20.79847552649611,inside,True
herg_blockade,ANBUIWWJBQGMCU-LZYBPNLTSA-N,8971,0.41199549800426993,0.3375,2.256002429369779,inside,15.685711802040949,inside,True
herg_blockade,IBQLKXDWVJSRDU-UHFFFAOYSA-N,8971,0.6693154352345434,0.6140350877192983,3.164262617877122,inside,12.49391680281982,inside,True
herg_blockade,RKDBVDKLNHXCIZ-UHFFFAOYSA-N,8971,0.8238453466334468,0.7848101265822784,5.665001824560129,inside,20.806165178539246,inside,True
herg_blockade,AOXSXQRGGNJIMQ-QGZVFWFLSA-N,8971,0.3621310276022614,0.25773195876288657,2.683117737209713,inside,10.02117540561617,inside,True
herg_blockade,SGGYOWOPGXLKDC-UHFFFAOYSA-N,8971,0.5998722860791826,0.5862068965517241,4.849356160645039,inside,17.87593542073814,inside,True
herg_blockade,BUIXNKGCYRBMEG-KRWDZBQOSA-N,8971,0.6679771032180671,0.6309523809523809,4.855745476188499,inside,18.029378331057398,inside,True
herg_blockade,ZORVGOPOGCQLIK-UHFFFAOYSA-N,8971,0.5181517696048534,0.35384615384615387,3.65196236629423,inside,18.81566519286727,inside,True
herg_blockade,LLAVWQQOTBFOFF-QFBILLFUSA-N,8971,0.3683071127185051,0.2857142857142857,1.4393460697408091,inside,11.406424634860139,inside,True
herg_blockade,CCNIWPQOOWKWHQ-UHFFFAOYSA-N,8971,0.3126726058652229,0.30392156862745096,3.8277744635981046,inside,14.346933806602681,inside,True
herg_blockade,XWFYCUBZTUUOJK-UHFFFAOYSA-N,8971,0.739061285936286,0.6818181818181818,2.080721507768445,inside,15.775232708150334,inside,True
herg_blockade,FVSIYTJTQCCANT-UHFFFAOYSA-N,8971,0.7043627695948371,0.6329113924050633,2.609267741213773,inside,14.301061951860284,inside,True
herg_blockade,KEVXRPSKOOLJFC-UHFFFAOYSA-N,8971,0.6235714285714286,0.6071428571428571,4.435508673629028,inside,21.18832764217412,inside,True
herg_blockade,UHWQSESKOKODEV-HLADLETHSA-N,8971,0.6247027796916772,0.5376344086021505,6.393763358271105,borderline,15.417684262790466,inside,True
herg_blockade,VATRZDWMOKJFRC-UHFFFAOYSA-N,8971,0.755960729312763,0.7526881720430108,6.553677818306625,borderline,23.77434638194209,inside,True
herg_blockade,DERFKFVMRCMNBB-CCEZHUSRSA-N,8971,0.5260020872131206,0.42857142857142855,2.4934016866812674,inside,12.8685537620173,inside,True
herg_blockade,ZMAHAONSAMATES-CLTRGCNDSA-N,8971,0.46401921251616435,0.43661971830985913,3.1441063583445863,inside,13.38352395365648,inside,True
herg_blockade,QZUKGDYPSXQBSQ-XEDFETBMSA-N,8971,0.6099867899413057,0.5294117647058824,3.4668208831863927,inside,12.63900942380469,inside,True
herg_blockade,JAHJHJSMABRTMX-UHFFFAOYSA-N,8971,0.351055084993116,0.2413793103448276,3.4603355478564124,inside,11.101478418608927,inside,True
herg_blockade,YELZIMYSGBRSRC-UHFFFAOYSA-N,8971,0.6443162635817568,0.6231884057971014,2.441508808044928,inside,11.570432585201456,inside,True
herg_blockade,MIXYMKFBPWKETL-UHFFFAOYSA-N,8971,0.4124013851249623,0.4024390243902439,2.2295603928711962,inside,10.737846285942886,inside,True
herg_blockade,YKMMIZDDGKTHST-UHFFFAOYSA-N,8971,0.6838061791880932,0.6285714285714286,1.2685484294687772,inside,15.407454330538052,inside,True
herg_blockade,RWLZEYUARCSHRJ-UHFFFAOYSA-N,8971,0.6678841943209032,0.6455696202531646,1.9078466946059867,inside,12.124789844484587,inside,True
herg_blockade,RZVMBDPRBHKUAY-UHFFFAOYSA-N,8971,0.6868359412043623,0.6621621621621622,3.9573877046246553,inside,13.629994255764752,inside,True
herg_blockade,LMTKAUFXBCGCJZ-UHFFFAOYSA-N,8971,0.6213947616876092,0.5063291139240507,1.602841688564154,inside,20.811104919523302,inside,True
herg_blockade,NDUDJADOYQLVBP-UHFFFAOYSA-N,8971,0.3387873319731177,0.2926829268292683,6.079219521525279,inside,9.601746254525866,inside,True
herg_blockade,OPCMJOUINLGULG-UHFFFAOYSA-N,8971,0.5085419501133787,0.4444444444444444,4.302441365927511,inside,15.196295587550082,inside,True
herg_blockade,BNPYZAAZLNWAPS-UHFFFAOYSA-N,8971,0.7215034833325398,0.6623376623376623,1.5595817306812807,inside,16.999709615056574,inside,True
herg_blockade,PSPZRRNAMNGIHJ-QHCPKHFHSA-N,8971,0.4759623266078184,0.4461538461538462,2.221439618592249,inside,15.832929901367782,inside,True
herg_blockade,XIQZPYGWBQASSN-UHFFFAOYSA-N,8971,0.46034577765532436,0.39285714285714285,1.7431910775503876,inside,10.603344844290751,inside,True
herg_blockade,RCYHOLUDUHCVPD-UHFFFAOYSA-N,8971,0.7389199648700766,0.675,1.7262302028323306,inside,12.53340414619322,inside,True
herg_blockade,WSLGPLWWOZXQPJ-UHFFFAOYSA-N,8971,0.3642555704875573,0.345679012345679,3.20463422570271,inside,10.313961851416982,inside,True
herg_blockade,SPQVLEXYJOLSAS-QFIPXVFZSA-N,8971,0.6658544303797469,0.6625,3.8713621645056304,inside,12.643512212513334,inside,True
herg_blockade,YLBUTQNEBVPTES-UHFFFAOYSA-N,8971,0.29772381537792497,0.26153846153846155,4.116572695867775,inside,12.36171673698976,inside,True
herg_blockade,BEYGOLPVUQKUTI-UHFFFAOYSA-N,8971,0.5448322725316542,0.5294117647058824,3.85282120376202,inside,11.909935535590572,inside,True
herg_blockade,WOMJVSPWJXCHGN-MSOLQXFVSA-N,8971,0.6354484212023663,0.5833333333333334,2.436701405761619,inside,10.323055188937813,inside,True
herg_blockade,APKZQWLQNBJLOL-UHFFFAOYSA-N,8971,0.5751497689030995,0.5526315789473685,1.5934412144473058,inside,9.752599552986966,inside,True
herg_blockade,GDOFSSKHUKPELW-UHFFFAOYSA-N,8971,0.6923282641451972,0.6385542168674698,3.7908613073271784,inside,11.501695579312166,inside,True
herg_blockade,YVUQSNJEYSNKRX-UHFFFAOYSA-N,8971,0.6227554950896317,0.5522388059701493,3.0461407276985515,inside,23.157319909983727,inside,True
herg_blockade,BARLPLQJPYXWNJ-FPTDNZKUSA-N,8971,0.5481793904807514,0.5294117647058824,1.5323535138990263,inside,13.000380316504497,inside,True
herg_blockade,GYEJLGYIYGYRSN-UHFFFAOYSA-N,8971,0.5380960206292268,0.38961038961038963,4.031864984153387,inside,10.891671435143754,inside,True
herg_blockade,PWBMZGIIIRTNKV-UHFFFAOYSA-N,8971,0.6242270000530871,0.5714285714285714,2.307888912516332,inside,11.363041422700329,inside,True
herg_blockade,VHGCDTVCOLNTBX-UHFFFAOYSA-N,8971,0.3331714811528476,0.30434782608695654,5.741077257831488,inside,11.70065214649039,inside,True
herg_blockade,HRXSTBZYYQOBSY-UHFFFAOYSA-N,8971,0.6937241074337848,0.5606060606060606,1.5748614907246823,inside,10.787904097359112,inside,True
herg_blockade,PIVNSOYYTDJWOS-UHFFFAOYSA-N,8971,0.4840237417784465,0.42857142857142855,2.563646795241734,inside,12.94267996027976,inside,True
herg_blockade,FVPWVSLYNHVZAW-LSNLESRRSA-N,8971,0.7815771236823869,0.7432432432432432,2.924921428001829,inside,17.588776185049625,inside,True
herg_blockade,JYUBNUMVEOHBQB-UHFFFAOYSA-N,8971,0.7319952355700455,0.7222222222222222,2.434307602063296,inside,12.636561381588072,inside,True
herg_blockade,RMXXLBXAQDDMHW-UHFFFAOYSA-N,8971,0.704387162133641,0.6103896103896104,3.2274115115565003,inside,22.729725174520432,inside,True
herg_blockade,TVARSTZCSSBQNQ-UHFFFAOYSA-N,8971,0.4010171808122731,0.32142857142857145,3.2597764874852455,inside,14.683721404480067,inside,True
herg_blockade,LXUYAULCTIKKQB-GBXCKJPGSA-N,8971,0.6720666222518321,0.6578947368421053,2.1140419919855526,inside,15.860799714731208,inside,True
herg_blockade,HLZPUXJHOJGNRM-YADHBBJMSA-N,8971,0.369933532996,0.3493975903614458,2.499577736207748,inside,10.008367003154087,inside,True
herg_blockade,PPYMERDBEMQHQM-PMERELPUSA-N,8971,0.6736596974640965,0.625,5.078859334132949,inside,18.140231588447776,inside,True
herg_blockade,SUVXJIREQOOYGN-BQYQJAHWSA-N,8971,0.3792793710926106,0.2542372881355932,3.4257052181430847,inside,15.075146469120861,inside,True
herg_blockade,RBHXOMJETACHEF-UHFFFAOYSA-N,8971,0.6921321307745052,0.6385542168674698,4.012578434708991,inside,11.42721941083223,inside,True
herg_blockade,LSGJEWTUUSFLAR-UHFFFAOYSA-N,8971,0.35081980671819996,0.3333333333333333,4.091477798692339,inside,15.431588941763884,inside,True
herg_blockade,VEXQHQFUNPNAIM-UHFFFAOYSA-N,8971,0.6723723208818125,0.5733333333333334,2.6927661159011174,inside,12.597943923437953,inside,True
herg_blockade,YAZWKGZMTQWFEC-UHFFFAOYSA-N,8971,0.6006009654720995,0.4639175257731959,9.240946821228963,outside,10.870826824940199,inside,True
herg_blockade,VQXNEYZVHJNUFJ-UHFFFAOYSA-N,8971,0.6365744625744625,0.5818181818181818,5.163479480789518,inside,10.450926880782886,inside,True
herg_blockade,AMAVJINBCBZRCC-UHFFFAOYSA-N,8971,0.3869885982562039,0.3333333333333333,2.704965547435901,inside,9.773061931556907,inside,True
herg_blockade,AJOUEHBWWNCZHX-UHFFFAOYSA-N,8971,0.7601642456584691,0.6842105263157895,5.618678036206359,inside,13.88278059222024,inside,True
herg_blockade,XQWLRVUWANJCSB-UHFFFAOYSA-N,8971,0.5202011438853544,0.4166666666666667,3.3588691354794213,inside,10.690225878105476,inside,True
herg_blockade,MNBLFGKPLGBLBJ-UHFFFAOYSA-N,8971,0.6449065366306745,0.6333333333333333,3.479643322594849,inside,10.774270839881657,inside,True
herg_blockade,QPXUUZXZTDCPDM-UHFFFAOYSA-N,8971,0.748258909549232,0.7230769230769231,3.02335308583074,inside,19.241711569299255,inside,True
herg_blockade,AJRJPORIQGYFMT-PVOVUMCXSA-N,8971,0.2530014992503748,0.22413793103448276,6.012186219966417,inside,9.458348088599426,inside,True
herg_blockade,ZHUPKALTWVLYNU-UHFFFAOYSA-N,8971,0.5800869307059293,0.532258064516129,2.734522250124735,inside,18.63922922263804,inside,True
herg_blockade,YCVCMJDYPSNZTE-UHFFFAOYSA-N,8971,0.7009760330181181,0.6463414634146342,3.851728125333818,inside,11.885107354673089,inside,True
herg_blockade,DLEHGKOYLBSEGL-UHFFFAOYSA-N,8971,0.5176939825962621,0.38095238095238093,2.92223246685453,inside,9.789790521440255,inside,True
herg_blockade,KRVGKRFOWVTXGV-UHFFFAOYSA-N,8971,0.592141618358103,0.5263157894736842,3.993507312137119,inside,11.837531645181702,inside,True
herg_blockade,AKTNEQNVEYPJDO-UHFFFAOYSA-M,8971,0.617338304144269,0.6125,2.6861490075420256,inside,12.00521854720493,inside,True
herg_blockade,XPBAUQRKCOGQBD-UHFFFAOYSA-N,8971,0.6320594621390703,0.5540540540540541,3.2127803887995703,inside,13.195275069148078,inside,True
herg_blockade,ZBCYESWVOMJSMP-LMNIDFBRSA-N,8971,0.7121255760368663,0.703125,2.686851911567387,inside,15.972986820608462,inside,True
herg_blockade,NDISOCGETLUCIC-UHFFFAOYSA-N,8971,0.44428739969475367,0.4342105263157895,3.2750255277301794,inside,10.510497818595992,inside,True
herg_blockade,QOVXPTCADXFNFV-SQUDEMOBSA-N,8971,0.7259896729776247,0.7142857142857143,2.3139942544012,inside,23.961891214943417,inside,True
herg_blockade,UGELZTGBPPXJPE-OAHLLOKOSA-N,8971,0.6356680725445455,0.4925373134328358,3.0907029785682267,inside,13.800648626332348,inside,True
herg_blockade,BAZCORFCZVDJNX-OQIWPSSASA-N,8971,0.7608534929123165,0.7361111111111112,1.391986666130718,inside,16.894582145442946,inside,True
herg_blockade,DDVVRHNNOPQPGB-UHFFFAOYSA-N,8971,0.6547447047498304,0.5925925925925926,2.946791713091948,inside,11.217970649921321,inside,True
herg_blockade,UBVVZACYWWPTID-UHFFFAOYSA-N,8971,0.7090361419849882,0.6557377049180327,2.262504303774752,inside,10.282012212893514,inside,True
herg_blockade,YBCAQIYOMLXOOO-UHFFFAOYSA-N,8971,0.7096330336330336,0.6794871794871795,3.818915893004179,inside,15.137559655019986,inside,True
herg_blockade,SFQPIBRBXLQPHO-UHFFFAOYSA-N,8971,0.7254077450652392,0.59375,4.125150729376976,inside,11.518268523936324,inside,True
herg_blockade,YRRVBNFMMJDGSK-UHFFFAOYSA-N,8971,0.5362657403386887,0.5102040816326531,4.9669767883081875,inside,13.963337670010596,inside,True
herg_blockade,HSIWZMIMFPOTCB-UHFFFAOYSA-N,8971,0.7089913656726652,0.6716417910447762,2.2233977031166385,inside,12.571155363451371,inside,True
herg_blockade,VJUDEGHVGRIZAQ-FQEVSTJZSA-N,8971,0.2630493208615027,0.25757575757575757,2.8426290570906496,inside,17.615620969226207,inside,True
herg_blockade,LZELSEPAXCUBKS-UHFFFAOYSA-N,8971,0.7455468882894705,0.7272727272727273,6.34464182367634,borderline,12.915950380492724,inside,True
herg_blockade,QTGBHMFEKAKYCO-DEOSSOPVSA-N,8971,0.7456333579328067,0.7183098591549296,2.617221225250915,inside,21.3086880184657,inside,True
herg_blockade,WGHVRAUEHLFQNT-HPYLJCMTSA-N,8971,0.4317930359178378,0.3404255319148936,2.6815365397710305,inside,11.608061869205187,inside,True
herg_blockade,IWHCXFRFGBWWJN-UHFFFAOYSA-N,8971,0.5441207875827161,0.4520547945205479,2.606697671330163,inside,11.361468236269111,inside,True
herg_blockade,VAVBDQVWHLBYKB-QDMKHBRRSA-N,8971,0.3718605446619029,0.2903225806451613,2.0479979130435764,inside,10.640769763756467,inside,True
herg_blockade,YYOXBGHALUHPAP-UHFFFAOYSA-N,8971,0.5690559638213679,0.46551724137931033,3.548900120441614,inside,22.069559866985912,inside,True
herg_blockade,AIYLLDBNJZOQLD-JOCHJYFZSA-N,8971,0.6847457447109802,0.6119402985074627,2.2869112067554136,inside,10.419565349745303,inside,True
herg_blockade,WNZKLSJSPOZSAM-IBGZPJMESA-N,8971,0.6884197433883215,0.625,2.1771151625215026,inside,14.41371155573363,inside,True
herg_blockade,IFYBRJDTTGNRIE-DEOSSOPVSA-N,8971,0.6786377708978327,0.6578947368421053,2.963410443503648,inside,14.882794540466321,inside,True
herg_blockade,PAQMBKGYCRJEDT-RCZVLFRGSA-N,8971,0.7252305484609041,0.7014925373134329,4.2730145593898445,inside,30.603016631356265,outside,True
herg_blockade,YLBUTQNEBVPTES-HVQQGDSISA-N,8971,0.29797510328332244,0.2698412698412698,4.116572695867775,inside,11.595213866355236,inside,True
herg_blockade,IZESNAMYASFBLR-UHFFFAOYSA-N,8971,0.3783328563879282,0.3225806451612903,5.293921823553975,inside,10.24931669542069,inside,True
herg_blockade,POWPLCVUTNYQQH-UHFFFAOYSA-N,8971,0.6564747356051702,0.6,2.6104726939608893,inside,11.010821190635776,inside,True
herg_blockade,VJJSHVKIAZAPRG-UHFFFAOYSA-N,8971,0.7328386287625418,0.6521739130434783,2.6256329143695316,inside,11.364781809370546,inside,True
herg_blockade,VTYNAGSOHIRPRR-JOCHJYFZSA-N,8971,0.8268292179157501,0.5873015873015873,2.391844621819328,inside,12.456786142645328,inside,True
herg_blockade,JITBHWXQCWARKL-UHFFFAOYSA-N,8971,0.6141873380229544,0.6,4.367500582973744,inside,16.145596429551876,inside,True
herg_blockade,BDWIERPKPUERGR-UHFFFAOYSA-N,8971,0.35219196539375247,0.3333333333333333,3.2051783165512737,inside,10.645782917236465,inside,True
herg_blockade,ULKSZHJUNHCCEV-UHFFFAOYSA-N,8971,0.7128218889784194,0.6610169491525424,3.5221243293547717,inside,20.093523651578028,inside,True
herg_blockade,KSFOCAXBJQEHMM-RHLRFKRQSA-N,8971,0.43394824864665066,0.33695652173913043,2.9736047164719075,inside,11.259074420546828,inside,True
herg_blockade,XLFRQLJIJDYJDU-UHFFFAOYSA-N,8971,0.6845557161605594,0.6309523809523809,3.1811443467624105,inside,13.488096762437596,inside,True
herg_blockade,NRTIHHVWKLDASP-UHFFFAOYSA-N,8971,0.5586363522950102,0.5441176470588235,2.936231233674629,inside,15.572751274769962,inside,True
herg_blockade,KHPZRFSKOJGJEJ-HONXOSMGSA-N,8971,0.1754198063840921,0.17307692307692307,6.2786538680435005,inside,11.894193731399481,inside,True
herg_blockade,ZAZVLBZIEZHJFV-BEFAXECRSA-N,8971,0.3068005744428678,0.2840909090909091,2.7808652897269637,inside,10.747403849310782,inside,True
herg_blockade,ORHPKBJEHAMSFA-UHFFFAOYSA-N,8971,0.7210271759661577,0.6493506493506493,2.1478249802019524,inside,13.061533239323637,inside,True
herg_blockade,FUNHEVBLXUQXLG-UHFFFAOYSA-N,8971,0.5127503524277717,0.4594594594594595,2.5567558955208805,inside,11.545454676764487,inside,True
herg_blockade,KATDCUORFQOJBY-UHFFFAOYSA-N,8971,0.4115060418508694,0.3076923076923077,3.5022796784974193,inside,11.75013639269494,inside,True
herg_blockade,WGKJEPNCSMEMQS-UHFFFAOYSA-N,8971,0.42872040805826883,0.4,2.7487310511940453,inside,10.897373118808261,inside,True
herg_blockade,GOHCTCOGYKAJLZ-UHFFFAOYSA-N,8971,0.27867526617526617,0.2702702702702703,3.3782267179133587,inside,10.156404125484247,inside,True
herg_blockade,WMRILXQRQQISOP-SAIGFBBZSA-N,8971,0.7045574144413808,0.6790123456790124,3.093841229890237,inside,17.92198252671332,inside,True
herg_blockade,HSPSGYMCTYNNSC-YGRLFVJLSA-N,8971,0.7159319776268929,0.5384615384615384,3.7433367397791533,inside,12.555355574623919,inside,True
herg_blockade,ALMMUBAXVULMLF-GOSISDBHSA-N,8971,0.34598591460269623,0.24242424242424243,2.523147534143251,inside,9.920561132288807,inside,True
herg_blockade,ZIQPYQDHSBARGA-UHFFFAOYSA-N,8971,0.3991804237880349,0.37735849056603776,3.9625703678779933,inside,10.791445178294481,inside,True
herg_blockade,RXQPWAXTLUQACC-AWEZNQCLSA-N,8971,0.3127241185296324,0.3,2.150568249733413,inside,12.739942901439214,inside,True
herg_blockade,YFWICZORWGKFIF-UHFFFAOYSA-N,8971,0.7440342244819858,0.7313432835820896,2.024755393038117,inside,21.852598388856173,inside,True
herg_blockade,OPXCVQLQSGYEGM-UHFFFAOYSA-N,8971,0.7573236889692586,0.7341772151898734,2.2802428406944313,inside,15.96320621786405,inside,True
herg_blockade,PFWZDYSBLPIXBI-UHFFFAOYSA-N,8971,0.5782226118579129,0.5555555555555556,4.263825436351867,inside,12.144415050968233,inside,True
herg_blockade,IGYNNXYCDMNULT-LLVKDONJSA-N,8971,0.6527281375107462,0.6103896103896104,2.37780496928738,inside,12.87562058930309,inside,True
herg_blockade,IWYNZVSUMFYFCF-UHFFFAOYSA-N,8971,0.7157920728279378,0.675,5.047080667841464,inside,21.128184047651395,inside,True
herg_blockade,VAVBDQVWHLBYKB-UHFFFAOYSA-N,8971,0.39907433686981314,0.3068181818181818,2.0479979130435764,inside,10.672282212562017,inside,True
herg_blockade,WUKAZLUXSULUEP-UHFFFAOYSA-N,8971,0.6754731630025748,0.6296296296296297,1.8748677215801155,inside,11.482314995940518,inside,True
herg_blockade,JZADUPQYVWWLBA-IZZQQSIFSA-N,8971,0.783323895005452,0.7377049180327869,2.7357007091013994,inside,22.34882999867146,inside,True
herg_blockade,OWXZJBVDIGAIAR-UHFFFAOYSA-N,8971,0.2610148215366001,0.2413793103448276,2.2357416064321933,inside,12.508446325608352,inside,True
herg_blockade,GPDZHKOGLHALQL-GCJKJVERSA-N,8971,0.749660011159143,0.726027397260274,2.295185976409424,inside,21.05927340709149,inside,True
herg_blockade,LLVWDOAYMYUNNS-UHFFFAOYSA-N,8971,0.5564031757811843,0.5084745762711864,3.429372376056769,inside,13.711370632177358,inside,True
herg_blockade,AQNABTLMNVINSV-CQSZACIVSA-N,8971,0.4716789856414828,0.32989690721649484,3.4847239044891505,inside,10.730513172222324,inside,True
herg_blockade,VPQWKDKXRKHUGC-UHFFFAOYSA-N,8971,0.775353757166716,0.7288135593220338,1.332735487134523,inside,13.394501114929222,inside,True
herg_blockade,KDDZVJQCAMDQTB-UHFFFAOYSA-N,8971,0.644669701846704,0.5970149253731343,1.893591130131282,inside,17.01092905538065,inside,True
herg_blockade,ZJYHULVNOMALBG-UHFFFAOYSA-N,8971,0.5723019578516182,0.5166666666666667,2.5206658615850728,inside,16.27349051843491,inside,True
herg_blockade,KRDDFKSJWNNSAT-OFNKIYASSA-N,8971,0.33648172066037163,0.2696629213483146,2.1758576999890393,inside,12.129629395360329,inside,True
herg_blockade,ZKUCQWGFICXSOS-UHFFFAOYSA-N,8971,0.6331417803151591,0.5465116279069767,4.539883164974864,inside,18.83328056317041,inside,True
herg_blockade,ZHEWFNDKFYBUDO-SGUQQXKUSA-N,8971,0.46896805006587616,0.42045454545454547,2.719823972782104,inside,10.162573228378362,inside,True
herg_blockade,VKMFDKYCIKEDMR-UHFFFAOYSA-N,8971,0.357474210960831,0.34615384615384615,3.068397709414574,inside,10.579811028837966,inside,True
herg_blockade,ITDVYOUBQOMQIA-UHFFFAOYSA-N,8971,0.5759525273749124,0.5443037974683544,2.3156630490119734,inside,10.489689565172839,inside,True
herg_blockade,DIBPTWMSVTXGKP-UHFFFAOYSA-N,8971,0.24425174825174825,0.23809523809523808,1.3936810451719475,inside,11.153855976110115,inside,True
herg_blockade,RHKOFLSVENLYDP-UHFFFAOYSA-N,8971,0.5243524165345118,0.4431818181818182,3.51481267294046,inside,13.703654523906847,inside,True
herg_blockade,ZPXUSKUJOYAZDE-ZWOKBUDYSA-N,8971,0.6725288600288601,0.5625,2.071351184708304,inside,11.779860439609065,inside,True
herg_blockade,RQXZZPXLCKFPCI-KRWDZBQOSA-N,8971,0.7166029999089361,0.654320987654321,4.257526568730281,inside,17.952307776849455,inside,True
herg_blockade,XXNGRRJMDFPNGD-UHFFFAOYSA-N,8971,0.3566624436693182,0.3372093023255814,2.9218718761361626,inside,12.607793106787211,inside,True
herg_blockade,YUUGYIUSCYNSQR-UHFFFAOYSA-N,8971,0.5024332624616112,0.32941176470588235,2.7125966318063903,inside,13.539077348530656,inside,True
herg_blockade,QLSUBNPMUSWHLS-OAHLLOKOSA-N,8971,0.2576603255476495,0.23943661971830985,5.624472034223367,inside,10.147210520264773,inside,True
herg_blockade,VTYNAGSOHIRPRR-UHFFFAOYSA-N,8971,0.8268292179157501,0.5873015873015873,2.391844621819328,inside,11.679222313666768,inside,True
herg_blockade,FJHLLCXNGZGREC-UHFFFAOYSA-N,8971,0.49279326364692216,0.42857142857142855,6.082839766051511,inside,19.331837771868994,inside,True
herg_blockade,NUAORYLXEWKQRZ-HNNXBMFYSA-N,8971,0.44514381898106403,0.3787878787878788,4.68435113029023,inside,11.122645368063413,inside,True
herg_blockade,RKHDYSPQWSSHAH-UHFFFAOYSA-N,8971,0.5853390795251261,0.5,5.147046563501953,inside,10.154489917765956,inside,True
herg_blockade,JFJGUHDHENWREH-UHFFFAOYSA-N,8971,0.7144086021505377,0.7096774193548387,2.831734886722948,inside,25.12812108640061,borderline,True
herg_blockade,AKTHZRZKYPJJRC-MHZLTWQESA-N,8971,0.7781994241827428,0.7083333333333334,3.3693445502500854,inside,14.051775693011992,inside,True
herg_blockade,SZVWUSQUZGMZCK-KDURUIRLSA-N,8971,0.42428035043804757,0.2978723404255319,4.834715748915199,inside,15.896755336951689,inside,True
herg_blockade,XMAYWYJOQHXEEK-ZEQKJWHPSA-N,8971,0.29903408554433014,0.2823529411764706,3.058666703628779,inside,10.853384992855368,inside,True
herg_blockade,KDARXVILVONBOM-MRXNPFEDSA-N,8971,0.34105050505050505,0.2604166666666667,2.8443614296574085,inside,10.946351096997457,inside,True
herg_blockade,IHVCXYJVLKGINF-IBGZPJMESA-N,8971,0.7544197089541289,0.7215189873417721,3.727954584530073,inside,16.56748650012311,inside,True
herg_blockade,JRHUUZPSMQIWBQ-PELRDEGISA-N,8971,0.4698020193231461,0.4533333333333333,3.5761647479489063,inside,16.13908072375214,inside,True
herg_blockade,QOTDZEUUPREESE-UHFFFAOYSA-N,8971,0.4123131114215921,0.3191489361702128,2.465614508736726,inside,11.136394522827041,inside,True
herg_blockade,QIRAYNIFEOXSPW-UHFFFAOYSA-N,8971,0.30620179912105383,0.2909090909090909,4.938152082779067,inside,13.095897048828968,inside,True
herg_blockade,JRLRJUXCVXQXRI-UHFFFAOYSA-N,8971,0.6426384142173616,0.6,3.309722409611017,inside,9.85888728768614,inside,True
herg_blockade,PCJJNURFVMXJPE-MRXNPFEDSA-N,8971,0.5978676728676728,0.4431818181818182,2.78186645228828,inside,11.757215754311538,inside,True
herg_blockade,SGTNSNPWRIOYBX-MHZLTWQESA-N,8971,0.46083411443876104,0.39436619718309857,4.125409036394557,inside,16.798081963577804,inside,True
herg_blockade,UUELGVPSDQEDNK-DEOSSOPVSA-N,8971,0.4513023255813954,0.3333333333333333,6.259750867469241,inside,11.69476712123668,inside,True
herg_blockade,YZLGJCZNYFJCLX-UHFFFAOYSA-N,8971,0.34818904376110626,0.33783783783783783,3.3613709565627437,inside,13.815682863753594,inside,True
herg_blockade,VYNLDXGRJIMEOF-UHFFFAOYSA-N,8971,0.29434526045874815,0.2857142857142857,3.1400097879162376,inside,12.294507370072086,inside,True
herg_blockade,GONFYUVPWPOVIQ-UHFFFAOYSA-N,8971,0.5006113937213681,0.40384615384615385,3.0880361444731523,inside,11.985729934371223,inside,True
herg_blockade,YKZXJRGBCGNDHJ-UHFFFAOYSA-N,8971,0.4111912426430548,0.3902439024390244,2.329583008566343,inside,11.80335664738118,inside,True
herg_blockade,OCBPIEPAVUJOAS-UHFFFAOYSA-N,8971,0.67035216942266,0.6301369863013698,3.112957716059941,inside,10.53354428072119,inside,True
herg_blockade,HHOVMBFTSSHMBV-MGPUTAFESA-N,8971,0.3271882411423411,0.23809523809523808,1.1444238268497586,inside,11.045543538269238,inside,True
herg_blockade,PVPUOHNCMSOAEE-UHFFFAOYSA-N,8971,0.8589359528959385,0.7875,5.7478716910694825,inside,21.142618215868175,inside,True
herg_blockade,SRMUFZVEAUTYTO-UHFFFAOYSA-N,8971,0.7225542559934776,0.6951219512195121,3.1366027638988165,inside,13.015368539454657,inside,True
herg_blockade,PPANZCQXFYBGHN-UHFFFAOYSA-N,8971,0.302398452395209,0.2857142857142857,2.4946299522053366,inside,11.403168515998317,inside,True
herg_blockade,QUASBPFEEGUFFV-UHFFFAOYSA-N,8971,0.39515865776735337,0.36231884057971014,3.3236696163864794,inside,11.506910526316577,inside,True
herg_blockade,VQYHTDATYUEUAC-YAWCOSQYSA-N,8971,0.483716525005698,0.42528735632183906,2.461005578505641,inside,10.521882288238068,inside,True
herg_blockade,OEMCDHMYVREMSY-NRFANRHFSA-N,8971,0.41259254273791895,0.37681159420289856,1.937532671761176,inside,10.49385961537743,inside,True
herg_blockade,BEQHCPMFBSSJLM-UHFFFAOYSA-N,8971,0.5564775413711583,0.5106382978723404,4.259964171422883,inside,17.610865883751387,inside,True
herg_blockade,JVBGFQFFBPVDIF-QGZVFWFLSA-N,8971,0.35498101498626705,0.25263157894736843,2.181404827074931,inside,10.132851046844143,inside,True
herg_blockade,RVLRGNBXYBRGGM-KRWDZBQOSA-N,8971,0.6987944647944648,0.6481481481481481,3.1042238520383876,inside,11.889634507204331,inside,True
herg_blockade,DPYTYQFYDLYWHZ-UHFFFAOYSA-N,8971,0.38520786035284793,0.36363636363636365,2.2901814565893863,inside,10.204774550804819,inside,True
herg_blockade,OHURDJQWYDKLIN-UHFFFAOYSA-N,8971,0.5634984706413277,0.4489795918367347,6.5186649078692085,borderline,23.676253899013297,inside,True
herg_blockade,LEHZUIOYZVNHKP-QHCPKHFHSA-N,8971,0.7036595022624434,0.6764705882352942,2.5897215656045725,inside,14.008509351944404,inside,True
herg_blockade,FPIADEBJTXXJKB-AWEZNQCLSA-N,8971,0.5004880952380952,0.453125,2.2794764028846424,inside,11.931730504756537,inside,True
herg_blockade,KXFALARAHWUZMG-UHFFFAOYSA-N,8971,0.6067130496622022,0.5423728813559322,4.054481056009815,inside,20.012721799136855,inside,True
herg_blockade,KIUNIPXEMBGFSO-GOSISDBHSA-N,8971,0.3543946201773305,0.2616822429906542,4.386692394355908,inside,10.92358810913447,inside,True
herg_blockade,HGHJHUWNOJYVIA-UHFFFAOYSA-N,8971,0.5562623606929463,0.5432098765432098,1.7937413256616341,inside,11.630609175532598,inside,True
herg_blockade,VPGOIJNNBINLTQ-UHFFFAOYSA-N,8971,0.8632686763256816,0.6981132075471698,3.57995516039691,inside,17.571778250147265,inside,True
herg_blockade,UBWGLLJSEKEDSU-NRFANRHFSA-N,8971,0.7626963901851165,0.7183098591549296,2.406502894145116,inside,11.615374144127735,inside,True
herg_blockade,DXVHRSFQSPKGET-UHFFFAOYSA-N,8971,0.3966308761232187,0.24489795918367346,3.810931264542164,inside,9.910058189651656,inside,True
herg_blockade,SUYLSHGQFVSWSI-QUCCMNQESA-N,8971,0.5723258524071533,0.5357142857142857,1.6336358481493116,inside,16.06247232475081,inside,True
herg_blockade,OVZCYWBNBLGMMB-UHFFFAOYSA-N,8971,0.3894154901771499,0.3770491803278688,4.392429276369036,inside,10.088933690171789,inside,True
herg_blockade,GUDQJFKBBOAOIC-HNNXBMFYSA-N,8971,0.36494080061174267,0.2736842105263158,2.2072775490268537,inside,12.291730896082631,inside,True
herg_blockade,MQYKOKBVZHWQOH-UHFFFAOYSA-N,8971,0.36990820424555365,0.3614457831325301,2.5343768959305146,inside,9.971485653629456,inside,True
herg_blockade,YXXTUTAADKSONB-UHFFFAOYSA-N,8971,0.41504845099096654,0.3625,3.2283127677979504,inside,10.145656524663274,inside,True
herg_blockade,OEUKDGTYEZUHLE-KYJUHHDHSA-N,8971,0.6608097189603619,0.6376811594202898,3.68050300528006,inside,11.197821894330458,inside,True
herg_blockade,MQFMYYCALRUDSV-AWEZNQCLSA-N,8971,0.692817382395629,0.6730769230769231,4.704807784471068,inside,11.869603285858116,inside,True
herg_blockade,VKTPKSCHNKUPDR-UHFFFAOYSA-N,8971,0.43588980827953633,0.38144329896907214,3.375753795578771,inside,11.275300431084569,inside,True
herg_blockade,LTRWEPKBKLCBSR-UHFFFAOYSA-N,8971,0.5833669112465282,0.41818181818181815,5.2565247508582775,inside,17.84334019674543,inside,True
herg_blockade,UELXYBYWJJLULA-UHFFFAOYSA-N,8971,0.5191163710766923,0.3815789473684211,3.3928421790451835,inside,13.642277395578466,inside,True
herg_blockade,FPUGWDATEZQYTQ-UHFFFAOYSA-N,8971,0.3245495913805773,0.2702702702702703,4.4455828708224425,inside,11.436863927551586,inside,True
herg_blockade,UISARWKNNNHPGI-UHFFFAOYSA-N,8971,0.34103191789850296,0.3023255813953488,5.755528725437094,inside,9.574559556871074,inside,True
herg_blockade,ZNKQZQCGGXGVRU-AGMAZQPASA-N,8971,0.719368073316283,0.5797101449275363,2.4388909487027717,inside,14.884341031809296,inside,True
herg_blockade,BVAJDOKRKXCEOR-UHFFFAOYSA-N,8971,0.439989743032627,0.3655913978494624,1.9341448172269944,inside,10.11401121724347,inside,True
herg_blockade,SXAROQNHORDUFM-UHFFFAOYSA-N,8971,0.6214971591338381,0.5925925925925926,5.359593810766222,inside,16.293892071873078,inside,True
herg_blockade,ZUJPXZIUFHGAJI-UHFFFAOYSA-N,8971,0.7317258722003087,0.6753246753246753,1.7222815706617198,inside,19.014697458441553,inside,True
herg_blockade,AGUSBSWEUMEPIM-BTDLBPIBSA-N,8971,0.6166281115207595,0.5833333333333334,2.7797796553593757,inside,15.697331702300854,inside,True
herg_blockade,BNPRQOXQGKPVTK-UHFFFAOYSA-N,8971,0.6838061791880932,0.6285714285714286,1.2660953779821407,inside,13.25492799585378,inside,True
herg_blockade,PRUISXHHETXRED-GFCCVEGCSA-N,8971,0.39212795033933245,0.38271604938271603,2.496866384729371,inside,11.643252645162253,inside,True
herg_blockade,LPMXVESGRSUGHW-XPXORLBYSA-N,8971,0.19214779657833475,0.18181818181818182,10.863537944238127,outside,25.773522917210443,borderline,True
herg_blockade,ICOHSUPELKBBLT-UHFFFAOYSA-N,8971,0.40191511387163564,0.35714285714285715,6.9988449155946775,borderline,14.25019362055637,inside,True
herg_blockade,FCGLYPSBPNFQRF-FQEVSTJZSA-N,8971,0.3667519686465419,0.24468085106382978,2.214562834365716,inside,9.810418303184369,inside,True
herg_blockade,RTHCYVBBDHJXIQ-MRXNPFEDSA-N,8971,0.3308441087214672,0.2923076923076923,5.15808438517273,inside,17.581044858933982,inside,True
herg_blockade,RVUKXXPNEGFYBD-UHFFFAOYSA-N,8971,0.3571791664581978,0.31645569620253167,2.9989232839155324,inside,10.261279540971474,inside,True
herg_blockade,AJNRYBGLAQDAEO-DYVFJYSZSA-N,8971,0.36979617604617604,0.3246753246753247,2.1005106997444773,inside,13.561168795384383,inside,True
herg_blockade,OXIDYTIVZKKPRS-UHFFFAOYSA-N,8971,0.6461068983314875,0.5483870967741935,1.3275556164076605,inside,10.140000169513216,inside,True
herg_blockade,XDSLEWVHSUVCPM-UHFFFAOYSA-N,8971,0.4058209496194273,0.3258426966292135,1.6080829488562112,inside,10.432700171985687,inside,True
herg_blockade,GXUZUPUMLJASRP-AWEZNQCLSA-N,8971,0.7461483401209429,0.6756756756756757,1.5983317057254365,inside,11.331643235808286,inside,True
herg_blockade,LUNNEKXNBPTSAG-ZDUSSCGKSA-N,8971,0.5406378973241719,0.41975308641975306,2.947694490461291,inside,10.697331552051184,inside,True
herg_blockade,FVDONABKZHMTCY-UHFFFAOYSA-N,8971,0.2960567584556803,0.28846153846153844,4.7164609919711165,inside,11.45624491686832,inside,True
herg_blockade,QJYCACWUDNIMMU-UHFFFAOYSA-N,8971,0.4017917074904143,0.3253012048192771,3.198821703378877,inside,14.82513338708363,inside,True
herg_blockade,PHCCFIGNVNPMML-RPWUZVMVSA-N,8971,0.39176226146220017,0.2962962962962963,3.1359577376898677,inside,9.877683839462788,inside,True
herg_blockade,XVVPOBVSQSLALZ-RWEWTDSWSA-N,8971,0.26358538031661605,0.24752475247524752,1.68922495846177,inside,11.515177599617754,inside,True
herg_blockade,KYLOBHXXQOZRKK-FICVDOATSA-N,8971,0.42476245994554007,0.29347826086956524,2.9196239686201246,inside,11.512566349988742,inside,True
herg_blockade,WHTVZRBIWZFKQO-UHFFFAOYSA-N,8971,0.43532161144866066,0.38461538461538464,4.474860063375104,inside,15.44939336367107,inside,True
herg_blockade,FJTOUAJFSJNWIC-UHFFFAOYSA-N,8971,0.6818061590780276,0.6329113924050633,3.058082958046537,inside,10.979884704228091,inside,True
herg_blockade,HELKSLAMYBXCSD-PSIJGNRBSA-N,8971,0.8050601520826239,0.7888888888888889,6.503725779561477,borderline,23.464076532961485,inside,True
herg_blockade,QOYHHIBFXOOADH-UHFFFAOYSA-N,8971,0.46458547344250406,0.3717948717948718,2.8541178620715604,inside,16.454050352259777,inside,True
herg_blockade,KZCFXYPUJPOLMF-UHFFFAOYSA-N,8971,0.30904071773636993,0.2698412698412698,5.225547292386091,inside,9.179780033366319,inside,True
herg_blockade,ZREIKOVBKPAVMW-UHFFFAOYSA-N,8971,0.6885105880325519,0.632183908045977,3.7510836928891877,inside,13.845731499738296,inside,True
herg_blockade,IWHCXFRFGBWWJN-KWAIJXEHSA-N,8971,0.5502286219527599,0.47692307692307695,2.606697671330163,inside,11.988847741375936,inside,True
herg_blockade,AVAACINZEOAHHE-VFZPANTDSA-N,8971,0.18044824854167124,0.17647058823529413,7.280047757549058,borderline,11.65009519132643,inside,True
herg_blockade,VJJMIHLDIPOSDI-UHFFFAOYSA-N,8971,0.5240088593576966,0.4888888888888889,3.791806794069372,inside,14.805978320636806,inside,True
herg_blockade,OEPQINMROZHEAJ-UHFFFAOYSA-N,8971,0.4725004696056757,0.4406779661016949,1.8434116043565565,inside,14.268975672055134,inside,True
herg_blockade,AEFKPNYWNAAZGP-UHFFFAOYSA-N,8971,0.7651826055115902,0.7093023255813954,5.618678036206359,inside,14.002292609360726,inside,True
herg_blockade,DHRKQJQSMYHSPN-GFCCVEGCSA-N,8971,0.7458767236965235,0.7333333333333333,2.706521089747127,inside,12.638573043595773,inside,True
herg_blockade,ZTQCIMYFBINBAT-UHFFFAOYSA-N,8971,0.7088255307861783,0.6885245901639344,2.064975192193671,inside,13.080369843655367,inside,True
herg_blockade,MNEUEWDEJDGILN-UHFFFAOYSA-N,8971,0.33026904622013314,0.3,3.3602115746471095,inside,10.800162643865683,inside,True
herg_blockade,USSIQXCVUWKGNF-UHFFFAOYSA-N,8971,0.3713863355372789,0.35185185185185186,5.180711845289023,inside,16.526136624782712,inside,True
herg_blockade,FMGHAHWYQIMECX-KDVJIWFNSA-N,8971,0.4639658795920358,0.4157303370786517,2.999080920742077,inside,10.554160759866056,inside,True
herg_blockade,WVAKRQOMAINQPU-UHFFFAOYSA-N,8971,0.273861583133309,0.2558139534883721,3.5845782852638597,inside,12.368133708691303,inside,True
herg_blockade,MXGQVDSEUAMHDO-UHFFFAOYSA-N,8971,0.5001669450941084,0.425,1.8422752726593925,inside,12.374079652153704,inside,True
herg_blockade,FGJXPHDTJRXPEY-BKHCZYBLSA-N,8971,0.23752295127138848,0.22388059701492538,3.7576273461674488,inside,11.146551992237729,inside,True
herg_blockade,SJFWKKUVCFFLOM-UHFFFAOYSA-N,8971,0.6531510192362905,0.5697674418604651,3.421736911755552,inside,14.584736614927984,inside,True
herg_blockade,MDGOMXLQCXHZJE-UHFFFAOYSA-N,8971,0.7602303739145844,0.7368421052631579,2.81129331608523,inside,13.716095263939192,inside,True
herg_blockade,OTSUKARJPJAFRM-UEHGGBRMSA-N,8971,0.3676475500629778,0.2661290322580645,4.4425588502490125,inside,10.59089562880034,inside,True
herg_blockade,HFUIIUHINNYZIC-KSMMKXTCSA-N,8971,0.4776309469142654,0.34177215189873417,2.005020318340813,inside,12.197942713650473,inside,True
herg_blockade,CUYBFAFDHAPZGW-UHFFFAOYSA-N,8971,0.42372779287523343,0.3875,2.5932070737939372,inside,10.748089377649869,inside,True
herg_blockade,JUSWPUDQOKINJO-MAUKXSAKSA-N,8971,0.68522966586882,0.631578947368421,5.144670329709287,inside,10.73529593181306,inside,True
herg_blockade,WTJRFDFYOQEAAP-UHFFFAOYSA-N,8971,0.4361194885834355,0.3787878787878788,1.9728359572429848,inside,13.136553094072507,inside,True
herg_blockade,KMFDXNUGIFDFHQ-IBGZPJMESA-N,8971,0.7287943727309398,0.6621621621621622,2.0497705512071867,inside,20.96834882395957,inside,True
herg_blockade,BFIAPIAYPVHYPQ-UHFFFAOYSA-N,8971,0.8591644267934452,0.8108108108108109,4.922919362904358,inside,16.716000341321497,inside,True
herg_blockade,WGGSXHRZQATNAN-ZDUSSCGKSA-N,8971,0.7777733087537009,0.6823529411764706,3.605497018468615,inside,14.65354385131282,inside,True
herg_blockade,GXUZUPUMLJASRP-CQSZACIVSA-N,8971,0.7461483401209429,0.6756756756756757,1.5983317057254365,inside,11.225057625829423,inside,True
herg_blockade,PKJWAYXUSCHOOG-UHFFFAOYSA-N,8971,0.6066276331481811,0.5733333333333334,5.6921598117768255,inside,13.290607621982861,inside,True
herg_blockade,CQWLALVPQNJOGT-UHFFFAOYSA-N,8971,0.5429827989612527,0.4842105263157895,7.440984016815298,borderline,12.214462796731608,inside,True
herg_blockade,DYLGFOYVTXJFJP-MYYYXRDXSA-N,8971,0.3655714656795896,0.3448275862068966,5.650927677129244,inside,13.447302136177461,inside,True
herg_blockade,TVARSTZCSSBQNQ-UEDWGHLCSA-N,8971,0.39588639610402365,0.29577464788732394,3.2597764874852455,inside,13.104637763348334,inside,True
herg_blockade,BWPIARFWQZKAIA-UHFFFAOYSA-N,8971,0.3300779220779221,0.23636363636363636,5.717250509985926,inside,9.373099258724459,inside,True
herg_blockade,KYCWFOMNQICMSP-UHFFFAOYSA-N,8971,0.4416889262476261,0.3,2.6929834893275872,inside,10.472234397648451,inside,True
herg_blockade,CVJHUBCBROARAB-UHFFFAOYSA-N,8971,0.7196347565019877,0.6703296703296703,6.427340520920206,borderline,13.091603392149722,inside,True
herg_blockade,DFSAQPXRPWPPCR-UHFFFAOYSA-N,8971,0.31952277502768384,0.2967032967032967,2.5705245137716655,inside,9.812260097756038,inside,True
herg_blockade,JUKKJWQRMMAXPV-DEOSSOPVSA-N,8971,0.6873134328358208,0.6764705882352942,2.4381563104286594,inside,11.856181598956356,inside,True
herg_blockade,ABIVOOWWGYJNLV-UHFFFAOYSA-N,8971,0.6476230229462332,0.5,5.84080334450491,inside,11.708394827237637,inside,True
herg_blockade,YMYZSITWBGWUAF-MRXNPFEDSA-N,8971,0.5659844682432492,0.46153846153846156,4.614827545972356,inside,13.454412529236638,inside,True
herg_blockade,KVDPUCCGORKFOD-UHFFFAOYSA-N,8971,0.7200998222447395,0.6710526315789473,1.844843947128508,inside,20.977370435655583,inside,True
herg_blockade,QWZITOZPEFFSKP-UHFFFAOYSA-N,8971,0.6117131910235358,0.5344827586206896,3.5901445148183924,inside,10.501681807682784,inside,True
herg_blockade,RKHDYSPQWSSHAH-KBPBESRZSA-N,8971,0.6425226695329295,0.6046511627906976,5.147046563501953,inside,10.897462075478527,inside,True
herg_blockade,CWFVVQFVGMFTBD-SECBINFHSA-N,8971,0.6734152782108656,0.5833333333333334,2.473922731521147,inside,13.951735775449897,inside,True
herg_blockade,BOQFUQUDOGMCLR-OAHLLOKOSA-N,8971,0.28259815977213576,0.2647058823529412,4.578591749412538,inside,11.58951173249045,inside,True
herg_blockade,VDKGHNONPLKNFN-UHFFFAOYSA-N,8971,0.32764371316515056,0.25609756097560976,1.9752374125538565,inside,18.826905479917418,inside,True
herg_blockade,HSUGRBWQSSZJOP-SFTDATJTSA-N,8971,0.28923225204060116,0.2777777777777778,2.251133691901549,inside,15.762827451550596,inside,True
herg_blockade,LOAYDOHVFZLCRR-UHFFFAOYSA-N,8971,0.67035216942266,0.6301369863013698,3.059044081019,inside,10.07137339020211,inside,True
herg_blockade,SZPWYHRMRFNOHH-GHTZIAJQSA-N,8971,0.5061025305559175,0.4057971014492754,3.9090472612107647,inside,11.876991994550686,inside,True
herg_blockade,JOUKVMFZBZNCCO-KRWDZBQOSA-N,8971,0.7224604540075934,0.6891891891891891,2.5632903581240445,inside,17.39671889116195,inside,True
herg_blockade,GGPDSNHLDADOIF-UHFFFAOYSA-N,8971,0.7561770850134021,0.7027027027027027,3.5850357955026104,inside,17.490322324511055,inside,True
herg_blockade,UZRVGQLPMHTKAD-UHFFFAOYSA-N,8971,0.7077032661064775,0.5789473684210527,3.2617164132004453,inside,11.497068163543346,inside,True
herg_blockade,ZQSDLUMGBYOLJF-QHCPKHFHSA-N,8971,0.6086693548387097,0.578125,3.2757998613535224,inside,11.997597330145547,inside,True
herg_blockade,ZRAVHLYAOHIXOD-UHFFFAOYSA-N,8971,0.3651054113797464,0.2872340425531915,2.5146350190855906,inside,13.777247097852394,inside,True
herg_blockade,JJKMOFKIYHXREY-JOCHJYFZSA-N,8971,0.5897421695951108,0.55,2.9296640049635863,inside,13.516379186795264,inside,True
herg_blockade,HFLVCCCLGAIFBB-LJAQVGFWSA-N,8971,0.6608585676520067,0.5753424657534246,5.812915529013568,inside,20.934694865882545,inside,True
herg_blockade,YEVUBNXQNDXEJT-UHFFFAOYSA-N,8971,0.2442533771449434,0.2375,1.7482956708364505,inside,12.469424104395978,inside,True
herg_blockade,BFPJKUMKCZVVRO-UHFFFAOYSA-N,8971,0.3582464397018388,0.32051282051282054,3.5501353205648014,inside,13.597521963059599,inside,True
herg_blockade,AUHPEHFGZROMSA-CQSZACIVSA-N,8971,0.2737994793050316,0.2542372881355932,5.654921719471652,inside,10.173960076824807,inside,True
herg_blockade,HVEVDFRWOQHAPJ-LPZKKENKSA-N,8971,0.6146096044804528,0.527027027027027,2.5680836233309767,inside,10.48235845033494,inside,True
herg_blockade,WMWARSGGACJLII-UHFFFAOYSA-N,8971,0.34906523317140514,0.3333333333333333,5.357396861465141,inside,10.683488056901595,inside,True
herg_blockade,CHZHWZAKWGFQNL-DEOSSOPVSA-N,8971,0.7996539162112931,0.7704918032786885,1.799515526622227,inside,12.561556439863862,inside,True
herg_blockade,ZYAQGVAAYQRPEP-QFIPXVFZSA-N,8971,0.39989291682297173,0.36619718309859156,1.7469431557613537,inside,10.889211964598614,inside,True
herg_blockade,FAQVYBZKVQCYIH-UHFFFAOYSA-N,8971,0.4848547692151782,0.4084507042253521,3.6902599683304746,inside,10.15865862675173,inside,True
herg_blockade,ZTMZRHFENROFGY-ZBFHGGJFSA-N,8971,0.34072735732009923,0.3230769230769231,4.058780054216437,inside,10.037575856874861,inside,True
herg_blockade,XYUMIRJLHXWAGA-UHFFFAOYSA-N,8971,0.5921764226112052,0.5507246376811594,2.059118177412859,inside,10.753015972147365,inside,True
herg_blockade,YGYJEYXHZXOPGM-OAHLLOKOSA-N,8971,0.7529784056099846,0.6049382716049383,4.351290034269326,inside,17.696892281101892,inside,True
herg_blockade,FAJZUSKJMKJEFQ-UHFFFAOYSA-N,8971,0.7413802537855558,0.7209302325581395,6.344909572385341,borderline,12.39246150246181,inside,True
herg_blockade,RLZGQFWYJYQEBI-FQEVSTJZSA-N,8971,0.589736903774406,0.5487804878048781,4.011890117363143,inside,12.081300272979718,inside,True
herg_blockade,FKMYXQCCIDUXCG-UHFFFAOYSA-N,8971,0.646289518017533,0.5357142857142857,2.334926688262609,inside,12.122628842103746,inside,True
herg_blockade,KYAYMWOIEPKLAS-UHFFFAOYSA-N,8971,0.8886177896343064,0.8153846153846154,1.8526088006657768,inside,12.445560284588415,inside,True
herg_blockade,AFBUSBWYDGHNSP-UHFFFAOYSA-N,8971,0.6331958666741275,0.5,1.7804242563520511,inside,12.058005769644176,inside,True
herg_blockade,FNMSKRVJSVGVRH-UHFFFAOYSA-N,8971,0.5796262622043071,0.5510204081632653,5.098031545626621,inside,17.185435045736597,inside,True
herg_blockade,PILAMBNAJPBLFA-RWXRFDSASA-N,8971,0.3447223457745595,0.3148148148148148,2.2178518846282325,inside,10.374326464467126,inside,True
herg_blockade,NDCFZCPGTKKFMD-UHFFFAOYSA-N,8971,0.7308714634511632,0.6710526315789473,1.731778995812164,inside,17.058779480777577,inside,True
herg_blockade,XMAYWYJOQHXEEK-BVAGGSTKSA-N,8971,0.3020873068328455,0.29411764705882354,3.058666703628779,inside,11.149254432367355,inside,True
herg_blockade,RCJIOMDJRBCHJE-SMDDNHRTSA-N,8971,0.6754567883900962,0.5531914893617021,6.900018773927429,borderline,10.963637668833844,inside,True
herg_blockade,IBTMKWBYOYIWBF-GFCCVEGCSA-N,8971,0.47451026492101545,0.4431818181818182,2.38183957252035,inside,11.69629802797397,inside,True
herg_blockade,NGOGFTYYXHNFQH-UHFFFAOYSA-N,8971,0.3570113926993722,0.2878787878787879,4.768860796800566,inside,9.344977669678048,inside,True
herg_blockade,DDNCQMVWWZOMLN-UNMCSNQZSA-N,8971,0.3469169686472032,0.25287356321839083,3.2842129833589384,inside,14.357166690918133,inside,True
herg_blockade,NZOQVGKUAPXCFT-UHFFFAOYSA-N,8971,0.44782130806720966,0.375,2.4842487027600146,inside,14.998115824896976,inside,True
herg_blockade,PUFFDHPIZWKLSX-UHFFFAOYSA-N,8971,0.48634954831915084,0.4067796610169492,2.858437011514791,inside,11.943204207776246,inside,True
herg_blockade,SARLJYCGRBSBIR-ACCUITESSA-N,8971,0.45547954918644573,0.4090909090909091,2.8807057856245293,inside,14.967301720335792,inside,True
herg_blockade,DYDLMZLLICKPBG-UHFFFAOYSA-N,8971,0.8560721538260456,0.782051282051282,5.278640458606054,inside,20.4793850933259,inside,True
herg_blockade,ZYTKYRDRLLHZMO-UHFFFAOYSA-N,8971,0.46005010315355144,0.36538461538461536,3.4573558464851577,inside,9.504087427484414,inside,True
herg_blockade,CEZUNDNFXMLCHL-UHFFFAOYSA-O,8971,0.30567903125797863,0.28846153846153844,3.730497225471778,inside,12.252574184405788,inside,True
herg_blockade,QKYVACPTDUSMRG-UHFFFAOYSA-N,8971,0.6732648704850336,0.6233766233766234,2.3978622408977643,inside,13.49210787777657,inside,True
herg_blockade,GBYCXMWSDCDLFJ-UHFFFAOYSA-N,8971,0.45837365235037614,0.4444444444444444,1.844173738376582,inside,11.804608864182681,inside,True
herg_blockade,JSGCPWMOHCOCSC-UHFFFAOYSA-N,8971,0.4225506643424338,0.3626373626373626,6.76241112489888,borderline,16.705887960567104,inside,True
herg_blockade,OCVUHLRJDQASOP-PKOBYXMFSA-N,8971,0.7399680930930931,0.6805555555555556,3.5176280493368686,inside,13.993606596559511,inside,True
herg_blockade,JWSHQJYDXNPIKG-QHCPKHFHSA-N,8971,0.6445064997592682,0.6,1.5937492834603473,inside,13.434340834227303,inside,True
herg_blockade,RBHXOMJETACHEF-MRXNPFEDSA-N,8971,0.6921321307745052,0.6385542168674698,4.012578434708991,inside,10.967686402043167,inside,True
herg_blockade,FHIRATRLDJRXHH-WOJBJXKFSA-N,8971,0.5980903166683638,0.5573770491803278,3.3486676717889448,inside,11.486383724179948,inside,True
herg_blockade,CJCRMTDJINOTAK-UHFFFAOYSA-N,8971,0.46711151335297274,0.29347826086956524,4.104604030215279,inside,14.511663990968936,inside,True
herg_blockade,NFTJDXGFOUFNKG-UGBNQVSOSA-N,8971,0.24196932074730357,0.22988505747126436,2.381951777141359,inside,13.511453460545738,inside,True
herg_blockade,FQMKIHAIJVUQMW-UHFFFAOYSA-M,8971,0.41337664209010594,0.3793103448275862,5.3335307657705435,inside,10.4960660910273,inside,True
herg_blockade,OURPZJJZFFKVJH-UHFFFAOYSA-N,8971,0.4795126562934781,0.4423076923076923,1.7532998013905017,inside,9.685313223645199,inside,True
herg_blockade,SCNSHBHEDUUZDM-RMNGQBEXSA-N,8971,0.3270640579436542,0.2987012987012987,2.566859731796474,inside,10.132919467593181,inside,True
herg_blockade,BFTYXXYZLWZEGV-BPZQULEUSA-N,8971,0.42453771073646857,0.33695652173913043,2.975262409455265,inside,10.347963698887895,inside,True
herg_blockade,SECKRCOLJRRGGV-UHFFFAOYSA-N,8971,0.3331673342916461,0.24175824175824176,3.374333154799518,inside,10.52738490557473,inside,True
herg_blockade,WZTXCIJAMBUMOO-UHFFFAOYSA-N,8971,0.3286189217335576,0.3194444444444444,2.3653544241713096,inside,11.220164985875396,inside,True
herg_blockade,LBMMBEDCUJAMIZ-UHFFFAOYSA-N,8971,0.2954373376363283,0.2698412698412698,6.602897890475708,borderline,10.208823622917093,inside,True
herg_blockade,RORLXLUBFWDMQI-HKBQPEDESA-N,8971,0.7445951332630909,0.7066666666666667,4.286784683920931,inside,12.771600181400972,inside,True
herg_blockade,NDJMUWDIDQMYFY-QHCPKHFHSA-N,8971,0.7672876011631573,0.6986301369863014,1.836514814682959,inside,18.021234998375455,inside,True
herg_blockade,VVBZENRWLAGILS-UHFFFAOYSA-N,8971,0.6962748755489339,0.6455696202531646,4.155550454982419,inside,12.152584383580285,inside,True
herg_blockade,CXGFHAFDFOMUEC-VHCZIGLYSA-N,8971,0.7478837794555021,0.7446808510638298,6.604149269477455,borderline,24.775943157748213,borderline,True
herg_blockade,HWQAGUZDIUBZJD-CSKARUKUSA-N,8971,0.5299557732870654,0.4782608695652174,1.1225071950789813,inside,12.559766102132503,inside,True
herg_blockade,FBMKUZGGLYYTIT-UHFFFAOYSA-N,8971,0.5793265993265992,0.5370370370370371,4.7366796490294,inside,25.27511979999936,borderline,True
herg_blockade,UISARWKNNNHPGI-MRXNPFEDSA-N,8971,0.34103191789850296,0.3023255813953488,5.755528725437094,inside,9.661358581450285,inside,True
herg_blockade,DDNCQMVWWZOMLN-IRLDBZIGSA-N,8971,0.34477605853660365,0.24675324675324675,3.2842129833589384,inside,11.994905075364255,inside,True
herg_blockade,IARIVDQPXIQGSO-UHFFFAOYSA-N,8971,0.5,0.5,7.392004422182734,borderline,12.598467990533766,inside,True
herg_blockade,ZQYDYFCAHHBFKE-UHFFFAOYSA-N,8971,0.6196723742853119,0.3902439024390244,2.7840587852050644,inside,11.761129714626428,inside,True
herg_blockade,DAUSNPVLXKKGNQ-GFOWMXPYSA-N,8971,0.7322978080120939,0.6666666666666666,4.281749008842095,inside,24.142111476589868,borderline,True
herg_blockade,MCODZZYFXQXFMC-UHFFFAOYSA-N,8971,0.7310759779999254,0.6666666666666666,3.2929922461944363,inside,18.81326467388307,inside,True
herg_blockade,FQBBSOFRGNNFDV-UHFFFAOYSA-N,8971,0.6980912752361923,0.6538461538461539,1.740578316637583,inside,15.853947782659974,inside,True
herg_blockade,SJAPSPJRTQCDNO-UHFFFAOYSA-N,8971,0.24964445010832162,0.24561403508771928,8.298983477992197,outside,9.47448289489589,inside,True
herg_blockade,XTMJGCFAFCZMPD-UHFFFAOYSA-N,8971,0.6279509476031215,0.5466666666666666,2.0082148595184766,inside,13.264913005437105,inside,True
herg_blockade,SLKURXRZHJOZOD-RUZDIDTESA-N,8971,0.5155773190433451,0.46236559139784944,3.033815134316981,inside,15.0184054346164,inside,True
herg_blockade,YLBUTQNEBVPTES-NHDPSOOVSA-N,8971,0.30573358338769296,0.2698412698412698,4.116572695867775,inside,11.904830434549899,inside,True
herg_blockade,KUSDVYURZLMGDW-UHFFFAOYSA-N,8971,0.6782497309499436,0.6506024096385542,3.935262652218771,inside,13.55997651492553,inside,True
herg_blockade,WYRUGBCTQBZIHO-QGZVFWFLSA-N,8971,0.7393939393939395,0.6666666666666666,2.855287371047508,inside,16.236347351660495,inside,True
herg_blockade,QWQDVPJQSJZOEI-YUNKPMOVSA-N,8971,0.6230956799670069,0.5666666666666667,2.4547730361674347,inside,14.834269442212825,inside,True
herg_blockade,MMGNAKSVCUOQGE-UHFFFAOYSA-N,8971,0.5858217432685517,0.4666666666666667,5.551654303258234,inside,14.462366518084528,inside,True
herg_blockade,PNCOYZRWNSWTLL-UHFFFAOYSA-N,8971,0.653550579559181,0.5697674418604651,4.207837400481795,inside,15.046489645626252,inside,True
herg_blockade,JYULPTUAHQIXEE-UHFFFAOYSA-N,8971,0.6754469154973841,0.6025641025641025,5.591996702523536,inside,17.165859645476125,inside,True
herg_blockade,SKYNZGWJAKYURD-WZYRSQIMSA-N,8971,0.26106469376093094,0.24705882352941178,2.6508401547016587,inside,9.207629048536853,inside,True
herg_blockade,KTNRAOBLSVMKID-UHFFFAOYSA-N,8971,0.6772079901960096,0.5573770491803278,2.139972600553929,inside,14.951978219789375,inside,True
herg_blockade,NFEQUCGNNCYRCD-CYBMUJFWSA-N,8971,0.3864527629233511,0.36363636363636365,6.280029535860645,inside,10.841290553314327,inside,True
herg_blockade,LJRBNBCTAYVKFU-UHFFFAOYSA-N,8971,0.5073729163796666,0.44285714285714284,3.1390325122705653,inside,14.09679559167764,inside,True
herg_blockade,FWRAPQVKJFNVCO-PGIRIEJUSA-N,8971,0.597011485890849,0.5633802816901409,1.9389230479510817,inside,15.101381521184566,inside,True
herg_blockade,GWVFJNPANMKQSY-QGZVFWFLSA-N,8971,0.4882003182112585,0.47,2.441749367734651,inside,11.817257964741575,inside,True
herg_blockade,NTZONPNMYOBHJW-QNDUUYNRSA-N,8971,0.5721773142112125,0.5666666666666667,2.8540581143723225,inside,10.634158514826067,inside,True
herg_blockade,QQMPCIKPHGIUMA-JAFNVKOHSA-N,8971,0.5658693784622155,0.5060240963855421,3.8316058373393163,inside,13.426455969525483,inside,True
herg_blockade,RBSPCALDSNXWEP-UHFFFAOYSA-N,8971,0.3330883173710178,0.2857142857142857,4.753501266993956,inside,11.04046775078812,inside,True
herg_blockade,KKTIIYBITFAHGL-UHFFFAOYSA-N,8971,0.6864970988177852,0.6285714285714286,3.511803137161193,inside,15.45767934561671,inside,True
herg_blockade,ADRJQHQVMKDENI-BKHCZYBLSA-N,8971,0.19968901514155205,0.18421052631578946,3.6681241986099304,inside,11.762500680577032,inside,True
herg_blockade,JWYJNKHBNBBCQC-TZIWHRDSSA-N,8971,0.6330749745665545,0.5934065934065934,4.775834141958096,inside,12.457846066003714,inside,True
herg_blockade,WOQONCRZLPNXNO-NRFANRHFSA-N,8971,0.6995963912630578,0.6172839506172839,2.2768142603239343,inside,12.27482539774151,inside,True
herg_blockade,NQUQUDJZIDCEFJ-LBPRGKRZSA-N,8971,0.6284142067083244,0.5892857142857143,4.960285703083581,inside,11.417797431034002,inside,True
herg_blockade,WJXYPDUGLCIUQZ-UHFFFAOYSA-N,8971,0.35346457948889565,0.27722772277227725,1.7406697729863612,inside,10.299634683369227,inside,True
herg_blockade,WNEPCAHLQQXVIM-YDEDJSSYSA-N,8971,0.4204444743572486,0.3263157894736842,2.9956468293914,inside,10.214863472483426,inside,True
herg_blockade,AYGDAGGEXLYLEB-KRWDZBQOSA-N,8971,0.7460012037261613,0.7096774193548387,2.770082767114853,inside,12.941221994331846,inside,True
herg_blockade,VXIOVOURIXSOTD-UHFFFAOYSA-N,8971,0.3832862559606783,0.3684210526315789,2.4123332307196743,inside,10.606787671774155,inside,True
herg_blockade,NSZFUYCPGKECED-UHFFFAOYSA-N,8971,0.7123204311508047,0.6666666666666666,2.1981547378514157,inside,10.981187514233982,inside,True
herg_blockade,OKHVIXOIPCOUGH-UHFFFAOYSA-N,8971,0.7197762037889545,0.6575342465753424,3.023274926878534,inside,15.095651339551075,inside,True
herg_blockade,DBQBAHSSKFGSRU-UHFFFAOYSA-N,8971,0.559678479478983,0.29896907216494845,2.4271681551345834,inside,11.20558745012254,inside,True
herg_blockade,ZDXVBHMGBXHWOR-UHFFFAOYSA-N,8971,0.5459554275511722,0.48214285714285715,3.83837136563564,inside,14.153230142239181,inside,True
herg_blockade,NNDBXESVYQQFSH-KEWXSAMVSA-N,8971,0.26283184900206175,0.25,1.336189494932152,inside,12.202878020527153,inside,True
herg_blockade,YUVVBGVQWMKSGU-ACDBMABISA-N,8971,0.6427193788093846,0.6271186440677966,3.10302309965129,inside,15.10049982571535,inside,True
herg_blockade,SQWQHNDHYHUWMQ-UHFFFAOYSA-N,8971,0.5169677033492823,0.5087719298245614,3.252474730830776,inside,12.944395938283424,inside,True
herg_blockade,SQDJZWNPXIGNRP-UHFFFAOYSA-N,8971,0.2895817098563094,0.25675675675675674,2.5172638421709177,inside,10.427056361112781,inside,True
herg_blockade,JMFXYGTWEKIBLA-UHFFFAOYSA-N,8971,0.6147765006385696,0.5862068965517241,2.3426235560487814,inside,11.512016967086206,inside,True
herg_blockade,WNZBBTJFOIOEMP-UHFFFAOYSA-N,8971,0.39550371872887086,0.38235294117647056,3.1269739164813575,inside,16.58439874070031,inside,True
herg_blockade,MUZLNSIUFMZLMA-FLKAPXIRSA-N,8971,0.7410045851828314,0.6935483870967742,2.334440376273589,inside,19.247793348776337,inside,True
herg_blockade,LJGLUGFCMXPVPW-ZZWBGTBQSA-N,8971,0.6479055058002425,0.6140350877192983,1.4729049141488717,inside,12.539664331519084,inside,True
herg_blockade,GFGJRYIVRRQONC-IBGZPJMESA-N,8971,0.5887584808293526,0.5294117647058824,3.4943675358354276,inside,15.65758531864672,inside,True
herg_blockade,FWYZZPBECMKUCM-VVESCEMWSA-N,8971,0.4254689984101748,0.3783783783783784,1.8591336713067628,inside,10.010872469924838,inside,True
herg_blockade,DJUIWDIVXGOXBA-UHFFFAOYSA-N,8971,0.5832880434782608,0.5,2.124027618252493,inside,11.713549674998864,inside,True
herg_blockade,BTGAHYSDWVEIEY-UHFFFAOYSA-N,8971,0.7922032121513422,0.7551020408163265,4.3690735276923265,inside,17.955037675794834,inside,True
herg_blockade,WVDWBRFTMSOBSU-UHFFFAOYSA-N,8971,0.499114303260086,0.32558139534883723,2.4405606985021886,inside,9.56663579754293,inside,True
herg_blockade,SUXQDLLXIBLQHW-UHFFFAOYSA-N,8971,0.474539106658157,0.3246753246753247,3.269494708432576,inside,14.485303210500799,inside,True
herg_blockade,VIQAUCPQTICPGJ-UHFFFAOYSA-N,8971,0.7612843771457483,0.6865671641791045,3.1101124090674097,inside,26.76087737930962,borderline,True
herg_blockade,NMYGSMGORGHTCL-UHFFFAOYSA-N,8971,0.3322441906386122,0.3076923076923077,6.411923437153444,borderline,12.100989208285908,inside,True
herg_blockade,KTZUKZVRMGXWAY-UHFFFAOYSA-N,8971,0.6482994171416594,0.603448275862069,3.826544342425533,inside,16.927307884035585,inside,True
herg_blockade,MEYYAEMUCGROAL-UHFFFAOYSA-N,8971,0.3846223101319783,0.352112676056338,1.7710147117162622,inside,10.700762832964767,inside,True
herg_blockade,WLYGSDPNZQUPGJ-ZSEKCTLFSA-N,8971,0.6032812571188545,0.5538461538461539,1.8456500929960729,inside,14.088314870168986,inside,True
herg_blockade,NQDWSKCPAPDCEI-UHFFFAOYSA-N,8971,0.5127946127946128,0.46296296296296297,2.7736411352232433,inside,11.672574156714203,inside,True
herg_blockade,XXNGRRJMDFPNGD-BBWFWOEESA-N,8971,0.42761009456661625,0.3783783783783784,2.9218718761361626,inside,13.38361900931197,inside,True
herg_blockade,OZPKJJKDNMHOQW-UHFFFAOYSA-N,8971,0.30941893030970447,0.2753623188405797,1.2940172017378813,inside,10.153405733929457,inside,True
herg_blockade,BUNJVHAEMQLYJI-LJQANCHMSA-N,8971,0.5309756909756909,0.5076923076923077,2.9218326836679336,inside,12.058399906488399,inside,True
herg_blockade,YSNYOYDLIZWPKT-UHFFFAOYSA-N,8971,0.6435454087628001,0.5652173913043478,2.0643011928986676,inside,13.26385800308951,inside,True
herg_blockade,ZOSQXAHBYHMVCA-GXFFZTMASA-N,8971,0.6353796920947933,0.5106382978723404,6.927781702208238,borderline,13.955075208667186,inside,True
herg_blockade,DRXDGURYDDKZLG-UHFFFAOYSA-N,8971,0.636964415395788,0.5555555555555556,4.101598249303517,inside,25.334381098193404,borderline,True
herg_blockade,PQTKLDRCMUNDCS-DZFIZOCASA-N,8971,0.4127640415140415,0.25555555555555554,2.7758883879412517,inside,12.194052376426807,inside,True
herg_blockade,SORMGDAGOZUFDS-UHFFFAOYSA-N,8971,0.430881982445002,0.3978494623655914,3.2475744296284113,inside,15.499384922713164,inside,True
herg_blockade,WAYVRIDOONUDTD-INIZCTEOSA-N,8971,0.46012303989587033,0.3918918918918919,4.046442357033926,inside,11.668898726295927,inside,True
herg_blockade,JMEZNPNWVKWWOI-AREMUKBSSA-N,8971,0.5250054920204174,0.36904761904761907,2.0063887866966588,inside,10.497945438596107,inside,True
herg_blockade,LRRAIAYQZBYTGT-UHFFFAOYSA-N,8971,0.744811507936508,0.7301587301587301,3.017734026876751,inside,24.164635171747747,borderline,True
herg_blockade,PPPOUAQYRUUFNJ-WIYYLYMNSA-N,8971,0.3004605355029803,0.2857142857142857,1.8288460290358888,inside,12.57250016614401,inside,True
herg_blockade,AJMIFZLEDTUBTN-UHFFFAOYSA-N,8971,0.2554455961666588,0.24242424242424243,4.2059755454686565,inside,9.460661756711419,inside,True
herg_blockade,DABDJFNUILGTSN-UHFFFAOYSA-N,8971,0.6147702477217302,0.5306122448979592,4.426167440038185,inside,18.55421957205018,inside,True
herg_blockade,SEQVCZOGEGSJLY-UHFFFAOYSA-N,8971,0.5007497576584228,0.46153846153846156,2.8218255250318895,inside,12.571653559947338,inside,True
herg_blockade,WGKSOSILOJKGAV-VIFPVBQESA-N,8971,0.4220366831236396,0.3472222222222222,3.24640373855056,inside,13.77538347868782,inside,True
herg_blockade,WXFURHRZZPXAMP-UHFFFAOYSA-N,8971,0.6415659057923209,0.6037735849056604,4.429791333156029,inside,10.367726299279642,inside,True
herg_blockade,DIKDHUPJACSGDO-UHFFFAOYSA-N,8971,0.6551935147999406,0.5783132530120482,2.9919646445969312,inside,11.244238652264755,inside,True
herg_blockade,XYGHHOLKBZVZNC-UHFFFAOYSA-N,8971,0.3670647655133671,0.35365853658536583,3.0250283202207857,inside,10.745867803764106,inside,True
herg_blockade,MUASMHOMZSYLAM-HNACLESGSA-N,8971,0.6906436699857752,0.6375,2.8771345265041033,inside,17.847929565728645,inside,True
herg_blockade,UZKVHHUKSZZZFF-QFIPXVFZSA-N,8971,0.3283383202008631,0.2268041237113402,4.102360513455655,inside,10.615710792595067,inside,True
herg_blockade,ZLHZLMOSPGACSZ-NSHDSACASA-N,8971,0.5429069578364315,0.35,3.7181711233179917,inside,9.828972434619656,inside,True
herg_blockade,NKOZTUDLFMCVOC-WLBNXXAMSA-N,8971,0.4386446886446886,0.34065934065934067,2.4444063529766558,inside,10.09559360912659,inside,True
herg_blockade,HKEPMSLDUUTCJS-FGZHOGPDSA-N,8971,0.36600918230830465,0.2976190476190476,2.368627468030858,inside,11.154948000900607,inside,True
herg_blockade,OPHWZEQODBXRCZ-UHFFFAOYSA-N,8971,0.35409914573116696,0.31868131868131866,2.1000546540867475,inside,12.085275848215867,inside,True
herg_blockade,SNUAAINMNKBCLX-IBGZPJMESA-N,8971,0.7246547314578005,0.7,1.6480295673478738,inside,11.689684675155208,inside,True
herg_blockade,WCQVQORJCDHBCN-UHFFFAOYSA-N,8971,0.6618119300877922,0.6481481481481481,4.359787985620502,inside,11.340172520926348,inside,True
herg_blockade,ANDGBIBENVSINF-SSDOTTSWSA-N,8971,0.29734986951302633,0.208955223880597,3.3834909075193345,inside,11.494025539550114,inside,True
herg_blockade,ZIPQKDKLZNUXFM-UHFFFAOYSA-N,8971,0.42915866753393733,0.36363636363636365,3.2668491166302487,inside,10.267708140467033,inside,True
herg_blockade,OPZUBUIZEQYXOG-PIIMJCKOSA-N,8971,0.7308544280578178,0.6833333333333333,2.7357007091013994,inside,16.816792604807134,inside,True
herg_blockade,SKYNZGWJAKYURD-UHFFFAOYSA-N,8971,0.2735057488566845,0.26506024096385544,2.6508401547016587,inside,8.744259653974774,inside,True
herg_blockade,JWYJNKHBNBBCQC-FPOVZHCZSA-N,8971,0.7355998690635894,0.6179775280898876,4.775834141958096,inside,14.574062827467218,inside,True
herg_blockade,NSPKBHVNVJWICU-UHFFFAOYSA-N,8971,0.2762951310485557,0.273972602739726,2.471605481091542,inside,11.264405923885798,inside,True
herg_blockade,BNPYZAAZLNWAPS-QFIPXVFZSA-N,8971,0.7243512661803226,0.6666666666666666,1.5595817306812807,inside,13.804096548287323,inside,True
herg_blockade,UCAMAKXQBMFBLP-UHFFFAOYSA-N,8971,0.6658641534780235,0.6385542168674698,4.5317558550318555,inside,15.832342434957845,inside,True
herg_blockade,BOQFUQUDOGMCLR-UHFFFAOYSA-N,8971,0.28729928110425906,0.2463768115942029,4.578591749412538,inside,11.311961389982134,inside,True
herg_blockade,XIDSCJTYNIXZGW-NQIIRXRSSA-N,8971,0.3609387776937127,0.3225806451612903,2.464146262560834,inside,10.274209921382829,inside,True
herg_blockade,SWADTMSKMJUFBO-UHFFFAOYSA-N,8971,0.6567242281527995,0.6153846153846154,4.677957220284007,inside,10.225699747447141,inside,True
herg_blockade,DMBIOPIPQMZIKE-UHFFFAOYSA-N,8971,0.3127142457587594,0.3023255813953488,2.7319957303383475,inside,10.745689997217667,inside,True
herg_blockade,DZKJEZQWMOTXBR-UHFFFAOYSA-N,8971,0.5755180554759037,0.5416666666666666,2.050412872941891,inside,11.219460349534858,inside,True
herg_blockade,SPKQFQBNPZUAAS-UHFFFAOYSA-N,8971,0.30811371671840293,0.2978723404255319,3.0158398403910383,inside,9.989213496319922,inside,True
herg_blockade,JIAYOIBUKDISBO-IYPIGGPWSA-N,8971,0.617719625809178,0.52,2.182071337906996,inside,12.533922124085732,inside,True
herg_blockade,USSIQXCVUWKGNF-KRWDZBQOSA-N,8971,0.3713863355372789,0.35185185185185186,5.180711845289023,inside,13.249444841293819,inside,True
herg_blockade,PWWZWUNVIFMMLP-UHFFFAOYSA-N,8971,0.5499203987815221,0.4107142857142857,5.82244335619569,inside,12.8716715598037,inside,True
herg_blockade,YYGZHVJDHMMABU-UHFFFAOYSA-N,8971,0.30515954328488687,0.23809523809523808,6.203258097435405,inside,12.361360696047823,inside,True
herg_blockade,SJJCRPJMKKRQSW-XLIONFOSSA-N,8971,0.5002165171667181,0.29508196721311475,2.682529457476426,inside,11.902909041495025,inside,True
herg_blockade,XHOLNRLADUSQLD-UHFFFAOYSA-N,8971,0.7070588235294117,0.6923076923076923,2.5376658568995545,inside,14.397400155299485,inside,True
herg_blockade,WAFZISBSKUIZLT-PDIZPCIFSA-N,8971,0.1424637052846884,0.125,5.549005648154002,inside,11.054639437395664,inside,True
herg_blockade,RROHMTKNZJPZSQ-ZBFHGGJFSA-N,8971,0.615702078718383,0.5428571428571428,3.6731782692489943,inside,13.484890750835909,inside,True
herg_blockade,BKEOTTYEIUFVNO-UHFFFAOYSA-N,8971,0.7145751029861246,0.631578947368421,4.504106115883775,inside,15.691824199657844,inside,True
herg_blockade,CUHPXYVMUDWNGU-SSEXGKCCSA-N,8971,0.6192850971113739,0.5324675324675324,5.844625686575387,inside,15.884360037866331,inside,True
herg_blockade,BTAPSWASIYDXGD-UHFFFAOYSA-N,8971,0.5163673071567809,0.49122807017543857,3.5279757445310977,inside,11.940543026486363,inside,True
herg_blockade,PIRXZWFDHICBJD-UHFFFAOYSA-N,8971,0.6523504977173175,0.5942028985507246,2.854225821208093,inside,10.998567577383398,inside,True
herg_blockade,LWMAAIUDRQICHW-UHFFFAOYSA-N,8971,0.4627606391805175,0.40229885057471265,3.7960979822469247,inside,11.034484434735667,inside,True
herg_blockade,GVXGVDIXINMAAL-UHFFFAOYSA-N,8971,0.37899664927574517,0.3333333333333333,2.434830864849239,inside,11.012574362087413,inside,True
herg_blockade,DVRYVDLSLSFVCU-UHFFFAOYSA-N,8971,0.49478765395217084,0.4492753623188406,1.8692369378625484,inside,13.056645069034715,inside,True
herg_blockade,FWYZZPBECMKUCM-GBFLJEJBSA-N,8971,0.46868967678395557,0.4246575342465753,1.8591336713067628,inside,10.273701582332972,inside,True
herg_blockade,CUEWFKKSDBVPIS-AATRIKPKSA-N,8971,0.3101383770248519,0.29473684210526313,3.951777454936009,inside,11.257475944594189,inside,True
herg_blockade,JVLBPIPGETUEET-UGTAXJHQSA-O,8971,0.32996474735605175,0.30434782608695654,3.6439724798427444,inside,12.71477675519609,inside,True
herg_blockade,ZRGXLBUGKXOXHB-UHFFFAOYSA-N,8971,0.4170598006644518,0.37209302325581395,1.8015477597605816,inside,11.542785606829213,inside,True
herg_blockade,BITWXVYTBYRISR-UHFFFAOYSA-N,8971,0.40999052372500044,0.30337078651685395,2.694482881561036,inside,14.154660048849982,inside,True
herg_blockade,VMXBWFMRIFZHPT-QKVFXAPYSA-N,8971,0.5828558888115841,0.546875,2.0982630844217094,inside,14.51556694324588,inside,True
herg_blockade,INDBQLZJXZLFIT-LLVKDONJSA-N,8971,0.2802276647159733,0.27380952380952384,5.128590338464813,inside,10.453518558771012,inside,True
herg_blockade,VATRZDWMOKJFRC-AGBDBUHGSA-N,8971,0.755960729312763,0.7526881720430108,6.553677818306625,borderline,22.298035014084054,inside,True
herg_blockade,JBLXCCVARALZCK-UHFFFAOYSA-N,8971,0.6122296300324469,0.5733333333333334,2.2619460855594076,inside,15.660795827883186,inside,True
herg_blockade,WVNLNSGTKWPSFL-CMDGGOBGSA-N,8971,0.38565489950265375,0.275,4.344401061809293,inside,13.430277422066482,inside,True
herg_blockade,IKSLDGDULYIHMY-UHFFFAOYSA-N,8971,0.7112078387035992,0.6721311475409836,5.2887962629637375,inside,10.181221931392583,inside,True
herg_blockade,LTQUYIDRVVZZIM-UHFFFAOYSA-N,8971,0.5666126948403767,0.4791666666666667,7.770516372730092,borderline,11.689274734604995,inside,True
herg_blockade,VQXNEYZVHJNUFJ-ZDUSSCGKSA-N,8971,0.6373634992458521,0.5740740740740741,5.163479480789518,inside,10.776623094202284,inside,True
herg_blockade,GCDHZFDHJDQKFR-MRXNPFEDSA-N,8971,0.5782801265458729,0.543859649122807,2.940101331011708,inside,11.394774221727292,inside,True
herg_blockade,CXNXXEBGJVOKNC-UHFFFAOYSA-N,8971,0.48522130140894093,0.36470588235294116,3.9825141529559778,inside,16.138147284185116,inside,True
herg_blockade,QEIUUWQTMLQILI-UHFFFAOYSA-N,8971,0.5274821239602667,0.31521739130434784,2.1736488618165435,inside,10.298146011119568,inside,True
herg_blockade,QIUQYNYDAOLCOC-HHHXNRCGSA-N,8971,0.5329085925202193,0.4444444444444444,3.6723558522646393,inside,12.038162020557019,inside,True
herg_blockade,ODOOVCKVACGPMD-ZRBLBEILSA-N,8971,0.6726494427558257,0.5333333333333333,2.2376130546429414,inside,10.507785797638086,inside,True
herg_blockade,KRVGKRFOWVTXGV-VQHVLOKHSA-N,8971,0.5931284604633661,0.53125,3.993507312137119,inside,12.061357874184088,inside,True
herg_blockade,WXQUVTDLXMNHNT-HNNXBMFYSA-N,8971,0.5981396673501937,0.543859649122807,4.424447457532028,inside,12.245573170552095,inside,True
herg_blockade,NDCFZCPGTKKFMD-QHCPKHFHSA-N,8971,0.7328012880125667,0.6710526315789473,1.731778995812164,inside,13.40775654864463,inside,True
herg_blockade,HTLDHQKBLGJBRF-UHFFFAOYSA-N,8971,0.7221920563097034,0.6538461538461539,3.9876016254527733,inside,14.0044560902139,inside,True
herg_blockade,GXBSBFLWQCTABZ-UHFFFAOYSA-N,8971,0.5851841240003169,0.5342465753424658,2.4424245984691773,inside,10.688433789765885,inside,True
herg_blockade,DGQYAOWRSYHPCE-ZXPTYKNPSA-N,8971,0.7428698140324647,0.6385542168674698,2.665140717918829,inside,22.29594498763763,inside,True
herg_blockade,KHIVVJPXJZJALG-VQTJNVASSA-N,8971,0.7349783549783551,0.7,3.239401563528112,inside,15.085073990087361,inside,True
herg_blockade,DAUSNPVLXKKGNQ-UXHICEINSA-N,8971,0.7201354723707665,0.6545454545454545,4.281749008842095,inside,23.041207888228325,inside,True
herg_blockade,ITQAKSHSWVNJKB-UHFFFAOYSA-N,8971,0.3489967101198256,0.3142857142857143,2.3344092263263136,inside,12.42780884467196,inside,True
herg_blockade,MASOVIWXQOKCRO-UHFFFAOYSA-N,8971,0.6511490168206586,0.5833333333333334,1.9224541726222466,inside,12.88846326248656,inside,True
herg_blockade,PVQZLFGKXHAYPL-UHFFFAOYSA-N,8971,0.4597221961964909,0.38144329896907214,2.5574032631254613,inside,12.072948576117774,inside,True
herg_blockade,VCMXVHQEQPEFNQ-UHFFFAOYSA-N,8971,0.7034548997464599,0.6521739130434783,1.5469888051170149,inside,11.56698844513862,inside,True
herg_blockade,HOMZMCWVXKVXLX-CQSZACIVSA-N,8971,0.7784482184482184,0.7428571428571429,3.0720319811216044,inside,17.367801125237477,inside,True
herg_blockade,MLSAGGODNSGYLO-MOPGFXCFSA-N,8971,0.6445311074621419,0.6379310344827587,2.685889109842784,inside,11.850953150180997,inside,True
herg_blockade,KPMKWRDRPJZACX-UHFFFAOYSA-N,8971,0.6405038759689923,0.5625,4.381137283931928,inside,16.637828523238582,inside,True
herg_blockade,YQFXHACLUUPYTB-AREMUKBSSA-N,8971,0.5845485335168126,0.5057471264367817,3.1307355251646447,inside,12.950989423794818,inside,True
herg_blockade,XGCGHYSIKNAJJF-URXFXBBRSA-N,8971,0.7422113410528045,0.7073170731707317,3.4616893399773723,inside,19.53111453305297,inside,True
herg_blockade,NWCMUBVTFZOFKO-UHFFFAOYSA-N,8971,0.5615996945615177,0.5365853658536586,2.873047941237254,inside,19.156178584227987,inside,True
herg_blockade,ROQKQYJTPICBKQ-UHFFFAOYSA-N,8971,0.7313669571831627,0.6794871794871795,4.867555542946665,inside,14.982113604535364,inside,True
herg_blockade,YEJTUDQTVDHJEO-UHFFFAOYSA-N,8971,0.2980703397858104,0.28421052631578947,2.5059353651716347,inside,11.05426822895495,inside,True
herg_blockade,GDHQBJVFNKIBKI-UBRQYEGLSA-N,8971,0.3727445887445887,0.3,2.0855314011664223,inside,17.93553381422859,inside,True
herg_blockade,QIMWBZROQBNRAN-UHFFFAOYSA-N,8971,0.6050713861467714,0.5060240963855421,3.027267087623266,inside,13.709573619051463,inside,True
herg_blockade,AHRMUGFBTQOUNO-UHFFFAOYSA-N,8971,0.396745616204827,0.358974358974359,2.5943222593078286,inside,12.471564966473956,inside,True
herg_blockade,FUIYMYNYUHVDPT-HDJSIYSDSA-N,8971,0.36611136365543706,0.26881720430107525,2.1511136356821354,inside,19.623992284281822,inside,True
herg_blockade,ZBGKXIUDBXMCLF-YEJXKQKISA-N,8971,0.5341407248665313,0.5151515151515151,2.037365562857304,inside,12.061898344110476,inside,True
herg_blockade,IHIQFZIHZGMOLT-LJQANCHMSA-N,8971,0.22228742548129327,0.21782178217821782,2.1702244728854687,inside,12.99318680513698,inside,True
herg_blockade,QDLSQZUNQXEAFR-VQTJNVASSA-N,8971,0.34755381873028934,0.3333333333333333,3.47582947570584,inside,9.47943645089573,inside,True
herg_blockade,DPKYAJVQQQPMFX-YTCJXQCFSA-N,8971,0.4755201640464799,0.42045454545454547,2.4621502178180137,inside,10.474666924209176,inside,True
herg_blockade,AAISKPCAPANKEZ-UHFFFAOYSA-N,8971,0.605511808876698,0.5652173913043478,2.924873534225874,inside,11.35754486039774,inside,True
herg_blockade,YHDXPJNBYWVGGO-XHDPSFHLSA-N,8971,0.4252018515076356,0.26881720430107525,3.8554520674287596,inside,14.944471907900999,inside,True
herg_blockade,FZLRGYMRPZHZOB-AAWLLVPVSA-N,8971,0.48907997878654186,0.43023255813953487,2.6999131512735253,inside,12.030669977053433,inside,True
herg_blockade,HKQOYSCGJPIZFG-UHFFFAOYSA-N,8971,0.6840358989082629,0.6428571428571429,2.9768269167030836,inside,11.24006708052658,inside,True
herg_blockade,NBLXPHPZXQCKAU-UHFFFAOYSA-N,8971,0.5913111878424944,0.5,3.3518848616787853,inside,12.778914993410607,inside,True
herg_blockade,SGTNSNPWRIOYBX-UHFFFAOYSA-N,8971,0.5842331436489829,0.39436619718309857,4.125409036394557,inside,16.17757112720368,inside,True
herg_blockade,CUYBFAFDHAPZGW-HSZRJFAPSA-N,8971,0.43091183854197557,0.4025974025974026,2.5932070737939372,inside,10.857305709404299,inside,True
herg_blockade,HELKSLAMYBXCSD-AUHLQLFFSA-N,8971,0.7763497372193024,0.7608695652173914,6.503725779561477,borderline,22.901207827531593,inside,True
herg_blockade,RVLRGNBXYBRGGM-UHFFFAOYSA-N,8971,0.7074181450357921,0.6481481481481481,3.1042238520383876,inside,12.703930760227411,inside,True
herg_blockade,CVENUYROKGTTOE-IRXDYDNUSA-N,8971,0.683303676058393,0.64,4.0824032406646795,inside,14.792985080820667,inside,True
herg_blockade,KUNBACSNXCWFNF-UHFFFAOYSA-N,8971,0.5133049276411413,0.4605263157894737,7.2333014537088784,borderline,16.55940094575718,inside,True
herg_blockade,XMAYWYJOQHXEEK-UHFFFAOYSA-N,8971,0.2958249205667831,0.27906976744186046,3.058666703628779,inside,12.414213394396219,inside,True
herg_blockade,YBHLETUAEBDXIP-MRXNPFEDSA-N,8971,0.5118692293197663,0.5,3.185080280062541,inside,9.908955098324904,inside,True
herg_blockade,MKSKFGDWQWVISO-UHFFFAOYSA-N,8971,0.6702334785491845,0.625,1.9166931329270605,inside,10.593114283506958,inside,True
herg_blockade,UNQYETNZWCSFKD-UHFFFAOYSA-N,8971,0.48149660113804815,0.3253012048192771,2.767518663712315,inside,11.647961791392289,inside,True
herg_blockade,HIBZKCZRHCXVEZ-QGZVFWFLSA-N,8971,0.7564185110663983,0.7464788732394366,2.4931716401686956,inside,13.878175269264863,inside,True
herg_blockade,NSZIOJJFVANMBW-VWLOTQADSA-N,8971,0.662670872627013,0.6125,2.325037311998111,inside,12.227339562571379,inside,True
herg_blockade,GBVNBSORGOMGLF-UHFFFAOYSA-N,8971,0.43830778235519235,0.4117647058823529,2.770181064471714,inside,14.48099609391961,inside,True
herg_blockade,ZESALACGSZAQTP-UHFFFAOYSA-N,8971,0.5069626451979393,0.4230769230769231,3.7035175352099223,inside,10.989987649130581,inside,True
herg_blockade,RVBJTTMGDQOZRW-UHFFFAOYSA-N,8971,0.895047645966244,0.8524590163934426,1.5655914981781813,inside,13.339772844801194,inside,True
herg_blockade,XJYGFGMCDYQRRL-UHFFFAOYSA-N,8971,0.6282878653204792,0.6179775280898876,4.352182687539118,inside,14.68576431966121,inside,True
herg_blockade,NILVINLVDMICRD-UHFFFAOYSA-N,8971,0.7320379459380264,0.7123287671232876,4.040518197040174,inside,13.424712803623425,inside,True
herg_blockade,LLGOZDNWSZVDOK-UHFFFAOYSA-N,8971,0.75771110875781,0.6973684210526315,3.443903516279142,inside,13.009237553620288,inside,True
herg_blockade,ORTDTBDMKNAQPI-OKDASEJXSA-N,8971,0.7121296613068766,0.6875,3.0889378565352863,inside,19.403825607408017,inside,True
herg_blockade,ITYMMRKSCDTSQX-JTSKRJEESA-N,8971,0.5172775185667655,0.4727272727272727,2.124333130928134,inside,13.00908634017421,inside,True
herg_blockade,BSUMYUJPNMFSFC-UHFFFAOYSA-N,8971,0.6804033485540335,0.6027397260273972,2.3846097948865355,inside,15.747424079117348,inside,True
herg_blockade,QIOGTBSZDDTWRV-MHZLTWQESA-N,8971,0.3345649045591317,0.28125,5.425297175694585,inside,11.434280741792534,inside,True
herg_blockade,OGHYHQNLVCSUMW-UHFFFAOYSA-N,8971,0.6030745903572395,0.46551724137931033,1.817033184106175,inside,16.94368857507676,inside,True
herg_blockade,HBYYKDDASDGOCP-UHFFFAOYSA-N,8971,0.5164855072463769,0.3125,3.2923581003464943,inside,14.310506107266983,inside,True
herg_blockade,VKTHBCCPYLGDJQ-OQIWPSSASA-N,8971,0.6859439507860561,0.68,2.6974424385747158,inside,16.32863300992972,inside,True
herg_blockade,XOPUTZJGNOKLDY-UHFFFAOYSA-N,8971,0.7440342244819858,0.7313432835820896,2.03157420692781,inside,20.705273591452645,inside,True
herg_blockade,OVMXDDOSKRBABS-GFCCVEGCSA-N,8971,0.7291841799256927,0.7083333333333334,3.2774375704029324,inside,18.18982527917305,inside,True
herg_blockade,RTISLUNVDWEWQD-UHFFFAOYSA-N,8971,0.18547334449295233,0.1728395061728395,4.351144111897717,inside,11.574483886212727,inside,True
herg_blockade,SRPFDFNVILUDAI-UHFFFAOYSA-N,8971,0.5041823847793997,0.2857142857142857,8.259560289200014,outside,13.552764590332243,inside,True
herg_blockade,CAGPJJHQNXWRMO-YFVAEKQCSA-N,8971,0.5717069846156202,0.5402298850574713,2.379961386936331,inside,16.648353268750625,inside,True
herg_blockade,QQURUBZIWQUADK-UHFFFAOYSA-N,8971,0.4490844520852023,0.3870967741935484,3.473093357673077,inside,13.334405918451122,inside,True
herg_blockade,QZOOKXDESAXLGB-UHFFFAOYSA-N,8971,0.6290725699421352,0.5384615384615384,1.2049073521660043,inside,12.111307914023786,inside,True
herg_blockade,WZHAQWFZACLGKI-UHFFFAOYSA-N,8971,0.7649588161384895,0.6842105263157895,1.9163153827227608,inside,10.468422776524083,inside,True
herg_blockade,NHFGAFCRDIOQKK-UHFFFAOYSA-N,8971,0.4738189162675284,0.34615384615384615,3.967746497475015,inside,17.60512184865587,inside,True
herg_blockade,PRSMZNFUKBHAIS-UHFFFAOYSA-N,8971,0.5293066015014987,0.475,1.6395685668905595,inside,11.541204540421413,inside,True
herg_blockade,AXGWMCUXLYZWRM-KRWDZBQOSA-N,8971,0.6647310150831277,0.575,2.2316214842520896,inside,12.949258832466326,inside,True
herg_blockade,KNFXVTATVGJJAA-INIZCTEOSA-N,8971,0.2723536669277757,0.25287356321839083,4.024078452181338,inside,9.7307730393606,inside,True
herg_blockade,LBKFHZJTQVZXBJ-UHFFFAOYSA-N,8971,0.4993228834798861,0.4576271186440678,2.60615118399813,inside,10.509677159632563,inside,True
herg_blockade,UKQKNLSWCMOIOV-HXUWFJFHSA-N,8971,0.31390536116361967,0.24299065420560748,4.918861420486317,inside,10.203513084139153,inside,True
herg_blockade,SNZANDFROOHGOA-UHFFFAOYSA-N,8971,0.2825796425796426,0.2698412698412698,5.5200952186003605,inside,10.326530853584284,inside,True
herg_blockade,XYETXVHXUVDSNG-XRKRLSELSA-N,8971,0.8841180163214062,0.864406779661017,4.715277390842591,inside,32.75983609760229,outside,True
herg_blockade,VCLTUEPMXZBALZ-UHFFFAOYSA-N,8971,0.5776716217262997,0.5084745762711864,3.185989431640322,inside,9.606709979471447,inside,True
herg_blockade,AZIFQXBOLOVKQD-UHFFFAOYSA-N,8971,0.6546686491878565,0.5671641791044776,2.071511058393918,inside,12.298731675675219,inside,True
herg_blockade,BOUXCDDYKRZYGC-UHFFFAOYSA-N,8971,0.7000349771413205,0.6666666666666666,2.403554091676538,inside,11.065798592197305,inside,True
herg_blockade,ZBNQIQUZRBAXNF-UHFFFAOYSA-N,8971,0.7655077178211507,0.5694444444444444,1.9125025836939937,inside,10.740031611272904,inside,True
herg_blockade,CGCKKFFDYBVAMW-UHFFFAOYSA-N,8971,0.6730611196712892,0.5757575757575758,2.3123562276404037,inside,16.324699812269383,inside,True
herg_blockade,DDAGGHIDQSHQBU-VSGBNLITSA-N,8971,0.6448848391582731,0.5578947368421052,5.3806051550262755,inside,12.594931243759829,inside,True
herg_blockade,VUHBYMBJAFXOPO-UHFFFAOYSA-N,8971,0.3840890745057412,0.2839506172839506,3.3246626229916463,inside,11.090107505434192,inside,True
herg_blockade,UMJUNUMSJDTYTM-UHFFFAOYSA-N,8971,0.4417994458371817,0.4339622641509434,3.7421213455428015,inside,11.313776329266092,inside,True
herg_blockade,IRAYWAXVFOQLKB-UHFFFAOYSA-N,8971,0.30735702740497245,0.29411764705882354,3.316070097659604,inside,11.287580861733948,inside,True
herg_blockade,VWGQRLFYWPDXNG-AWEZNQCLSA-N,8971,0.3786742641686671,0.3283582089552239,4.485899204522284,inside,10.17692927056028,inside,True
herg_blockade,DTJLQWKDDKMSHC-UHFFFAOYSA-N,8971,0.557083462710652,0.4925373134328358,1.9525563030527895,inside,11.004866042409757,inside,True
herg_blockade,ZLHZLMOSPGACSZ-UHFFFAOYSA-N,8971,0.5465151158482926,0.35443037974683544,3.7181711233179917,inside,10.265587456706703,inside,True
herg_blockade,CUEWSGPOORVNOX-QFIPXVFZSA-N,8971,0.3322222378846898,0.24074074074074073,3.3004051190317516,inside,10.956666601191387,inside,True
herg_blockade,JIHJKNMBUYNINN-RVWIWJKTSA-N,8971,0.48892399180104873,0.3770491803278688,3.4918058834282295,inside,13.089396520172578,inside,True
herg_blockade,SAYCSTPKGOAUPW-UHFFFAOYSA-N,8971,0.6225927025083616,0.5697674418604651,2.3724947871718416,inside,12.453120817167786,inside,True
herg_blockade,YKKPUIDGSXNPRO-UHFFFAOYSA-N,8971,0.560139274334464,0.5111111111111111,4.982568534648991,inside,17.9908641270781,inside,True
herg_blockade,YYYWTXUDIDHHTH-UHFFFAOYSA-N,8971,0.49746821805645325,0.32142857142857145,1.9718104548127156,inside,12.34853694080933,inside,True
herg_blockade,JQEUMGMNJYJROS-UHFFFAOYSA-N,8971,0.40767681211867257,0.32954545454545453,2.2976625309171483,inside,9.737558194133383,inside,True
herg_blockade,VAOKFJZCNXIHTK-UHFFFAOYSA-N,8971,0.3282145911556112,0.3088235294117647,4.2106698046846835,inside,10.986226388763779,inside,True
herg_blockade,ZAAQJDPTTZJUDL-MHZLTWQESA-N,8971,0.7519295449295449,0.7051282051282052,3.4283056639701037,inside,16.289870145422487,inside,True
herg_blockade,MFAYVOKLKRGCRN-CYBMUJFWSA-N,8971,0.3741117006875017,0.36585365853658536,2.196207531508334,inside,11.279666268590317,inside,True
herg_blockade,CICZOZOHLKSIHE-IBGZPJMESA-N,8971,0.7401231139283804,0.6891891891891891,2.796447540269425,inside,19.11930246000654,inside,True
herg_blockade,HXYLVVVEGCWIII-UHFFFAOYSA-N,8971,0.7722037525396291,0.703125,2.4756974598891133,inside,14.434268132767192,inside,True
herg_blockade,XFYDIVBRZNQMJC-UHFFFAOYSA-N,8971,0.21769410666062966,0.19402985074626866,5.803015743382964,inside,10.063167430041366,inside,True
herg_blockade,LQCZDIMQFUOGJG-MRXNPFEDSA-N,8971,0.5880240048644219,0.46153846153846156,4.616038556009796,inside,14.571722302755765,inside,True
herg_blockade,QIOGTBSZDDTWRV-UHFFFAOYSA-N,8971,0.3319262733490719,0.28125,5.425297175694585,inside,11.815859915051329,inside,True
herg_blockade,AEXFOTSQBUVBKJ-PGRDOPGGSA-N,8971,0.7294676717018529,0.68,2.2519323937987292,inside,17.598968394442938,inside,True
herg_blockade,YZAHEHXQIMZHAJ-HXUWFJFHSA-N,8971,0.7367113760556384,0.6666666666666666,2.558957774507818,inside,15.98415943135178,inside,True
herg_blockade,VJNSKFRRVHJJRE-UHFFFAOYSA-N,8971,0.3915729252594901,0.3103448275862069,3.538142735202458,inside,14.891297768926796,inside,True
herg_blockade,BSNKYWSMUAGMDO-UHFFFAOYSA-N,8971,0.34436440076713176,0.2537313432835821,5.426722980753107,inside,8.983349964475604,inside,True
herg_blockade,MULKRRNHLGUFNH-BVHINDKJSA-N,8971,0.5816148042722336,0.547945205479452,2.145694799874686,inside,13.74382556903603,inside,True
herg_blockade,TVMPFYXRKKJWDF-UHFFFAOYSA-N,8971,0.656996336996337,0.6,1.2630396493597593,inside,12.78542544398266,inside,True
herg_blockade,WMWARSGGACJLII-KRWDZBQOSA-N,8971,0.37041071743345677,0.35,5.357396861465141,inside,11.382871071290683,inside,True
herg_blockade,HHEUGFPRUNLHJN-UHFFFAOYSA-N,8971,0.21855206540447503,0.21686746987951808,2.2546132312017177,inside,13.653714621935189,inside,True
herg_blockade,SYXDLYZTGGHKHH-UHFFFAOYSA-N,8971,0.6831755963334911,0.6753246753246753,2.3152774421614812,inside,13.631222814958413,inside,True
herg_blockade,UTIUIZHJMLEUQC-UHFFFAOYSA-N,8971,0.6719346370721964,0.6428571428571429,5.322160793085198,inside,20.310736849957443,inside,True
herg_blockade,RQTWMVOMNNMRAP-UHFFFAOYSA-N,8971,0.703495406844158,0.648936170212766,6.0232974815995854,inside,11.554518931286774,inside,True
herg_blockade,NQUQUDJZIDCEFJ-UHFFFAOYSA-N,8971,0.628630742863183,0.6,4.960285703083581,inside,10.726534251631717,inside,True
herg_blockade,DSUIUPVDQGPVGT-UHFFFAOYSA-N,8971,0.6073439673439675,0.5584415584415584,3.9332621905156,inside,13.23270523133037,inside,True
herg_blockade,UAFLFKVRPASPTL-UHFFFAOYSA-N,8971,0.6057021852571955,0.4044943820224719,2.4351257827800623,inside,12.653066301187607,inside,True
herg_blockade,XUEDXKOJFFAPRP-HVIPQOSHSA-N,8971,0.6643485913375077,0.5510204081632653,6.425578034478466,borderline,21.01612774255509,inside,True
herg_blockade,OVOWTFSMKVIMPY-UHFFFAOYSA-N,8971,0.3632719789930819,0.32608695652173914,3.003911130860538,inside,10.790011356040988,inside,True
herg_blockade,ISMGZXXGNKTCRO-UHFFFAOYSA-N,8971,0.4447721716255776,0.38181818181818183,2.8290478261524865,inside,12.077633696644499,inside,True
herg_blockade,VXGWVCMBJPREML-AATRIKPKSA-N,8971,0.2988210515853125,0.2777777777777778,3.744361195334452,inside,12.506825953062668,inside,True
herg_blockade,JMFXYGTWEKIBLA-CGHJUBPDSA-N,8971,0.6309637762501585,0.6166666666666667,2.3426235560487814,inside,12.3012346193286,inside,True
herg_blockade,AVIFWXJVNKTRIC-UHFFFAOYSA-N,8971,0.7246267401270134,0.6923076923076923,4.705331777446896,inside,17.050884474728303,inside,True
herg_blockade,OFKGDVVLOFROAZ-UHFFFAOYSA-N,8971,0.7185166046891114,0.6727272727272727,3.607477180749652,inside,20.195153085983655,inside,True
herg_blockade,OVZCYWBNBLGMMB-INIZCTEOSA-N,8971,0.4060977460264084,0.3870967741935484,4.392429276369036,inside,11.085458533930856,inside,True
herg_blockade,LDOTVBJQMMQROS-UHFFFAOYSA-N,8971,0.41040190311565816,0.3564356435643564,4.090272908179579,inside,11.46142800302698,inside,True
herg_blockade,SGOPFRYXITYBBT-NYYWCZLTSA-N,8971,0.3144973199868836,0.26136363636363635,3.2728248805711733,inside,11.130971991579424,inside,True
herg_blockade,YTRQYCLEUMDTHD-UHFFFAOYSA-N,8971,0.750818424612225,0.6923076923076923,3.444422921262542,inside,21.620412511315926,inside,True
herg_blockade,VZBXWCRSKIZNLD-XMMPIXPASA-N,8971,0.5361741657632069,0.37037037037037035,1.8559337320797462,inside,11.639578509513182,inside,True
herg_blockade,FEIOPVQTLJUJBR-GOSISDBHSA-N,8971,0.5589830084957521,0.43478260869565216,4.260811930739035,inside,13.582181336567256,inside,True
herg_blockade,SBMTYDPNLHAVKD-UHFFFAOYSA-N,8971,0.572940288776991,0.2839506172839506,2.689980471228788,inside,10.116697230272848,inside,True
herg_blockade,LLXDSNCKQBRHMZ-UHFFFAOYSA-N,8971,0.7041758241758241,0.68,4.703797515325244,inside,10.671268869354797,inside,True
herg_blockade,UUMNPPORDACEGG-IAGOWNOFSA-N,8971,0.612440809867079,0.5866666666666667,2.636919435548659,inside,20.406685316564776,inside,True
herg_blockade,QEQQBHZIYAODLH-UHFFFAOYSA-N,8971,0.7649588161384895,0.6842105263157895,1.8464555608878084,inside,10.474656820197662,inside,True
herg_blockade,CHCVZZOPCAVWNV-UHFFFAOYSA-N,8971,0.4879239895172741,0.43548387096774194,1.8425835550381637,inside,13.126866416047905,inside,True
herg_blockade,OIZOYBBNHJPCGH-UHFFFAOYSA-N,8971,0.5270328233182627,0.43478260869565216,1.613505259973753,inside,11.950363825545105,inside,True
herg_blockade,KBRWHYVGRXRJIC-UHFFFAOYSA-N,8971,0.48276871026620444,0.3333333333333333,1.6714859928095183,inside,10.011387013434268,inside,True
herg_blockade,MYBGWENAVMIGMM-GIFXNVAJSA-N,8971,0.49967012725095533,0.3488372093023256,1.9860673062796017,inside,11.18303000874133,inside,True
herg_blockade,KVHVIXZNQRDNNU-UHFFFAOYSA-N,8971,0.5926574732457086,0.5230769230769231,1.8420920024624048,inside,17.75810896504818,inside,True
herg_blockade,BXAAFXBATHNFJC-UHFFFAOYSA-N,8971,0.4936313648113309,0.4305555555555556,2.9359678565468035,inside,10.261856639763815,inside,True
herg_blockade,VPTXEPRGRRYVEP-UHFFFAOYSA-N,8971,0.4171978021978021,0.3,3.6778245758246286,inside,12.506707395742684,inside,True
herg_blockade,MRIBBXXALNMJDD-UHFFFAOYSA-N,8971,0.7451800232288037,0.7380952380952381,6.03332331359751,inside,11.54954803621277,inside,True
herg_blockade,HLRYIKVEQMWFJE-UHFFFAOYSA-N,8971,0.7172882855437356,0.6865671641791045,1.514438451738172,inside,11.514270794533376,inside,True
herg_blockade,LKTSQUIZGWIGAG-UHFFFAOYSA-N,8971,0.3249379970167571,0.3064516129032258,6.227439704910799,inside,10.230022470663474,inside,True
herg_blockade,LAMALCQTXJRVAI-CAYWCQQVSA-N,8971,0.5469769318406335,0.44047619047619047,9.308170280233789,outside,15.662970641228574,inside,True
herg_blockade,ZBBQTBSSMIXMQP-UHFFFAOYSA-N,8971,0.6332799466186106,0.38028169014084506,2.1812717713503273,inside,11.581977190399423,inside,True
herg_blockade,NTRXRHOREDBYQW-UHFFFAOYSA-N,8971,0.7821639294015478,0.75,4.059895210455192,inside,18.661784581615045,inside,True
herg_blockade,XGCGHYSIKNAJJF-XEGCMXMBSA-N,8971,0.724888934897016,0.6626506024096386,3.4616893399773723,inside,17.120512635432398,inside,True
herg_blockade,WKRONHOUGWHKTJ-UHFFFAOYSA-N,8971,0.5718010058897491,0.5277777777777778,7.061664983322652,borderline,27.116767266061885,borderline,True
herg_blockade,APXCHRRPLFZFMP-IXBGWNDUSA-N,8971,0.6464537111370603,0.5735294117647058,2.867004013045629,inside,11.451251757831132,inside,True
herg_blockade,AOJJSUZBOXZQNB-VTZDEGQISA-N,8971,0.21202143790903002,0.2079207920792079,8.968953368181115,outside,16.432617741929352,inside,True
herg_blockade,NAQAAIFCDZVFEC-UHFFFAOYSA-N,8971,0.5120585079519858,0.4305555555555556,2.457838513308527,inside,10.796648529852504,inside,True
herg_blockade,NPRCCHHCCYENNI-UHFFFAOYSA-N,8971,0.6842016806722688,0.6352941176470588,2.6482006423131117,inside,13.527598471630117,inside,True
herg_blockade,YUUGYIUSCYNSQR-LBPRGKRZSA-N,8971,0.46521417391294967,0.32941176470588235,2.7125966318063903,inside,14.243507317760873,inside,True
herg_blockade,YNNUSGIPVFPVBX-NHCUHLMSSA-N,8971,0.37318616233678825,0.32894736842105265,4.596116627274502,inside,11.984648845167143,inside,True
herg_blockade,AIYLLDBNJZOQLD-UHFFFAOYSA-N,8971,0.6847457447109802,0.6119402985074627,2.2869112067554136,inside,10.040990908530361,inside,True
herg_blockade,HYXITZLLTYIPOF-UHFFFAOYSA-N,8971,0.28087495887566055,0.19540229885057472,4.858565710989425,inside,13.517029096473129,inside,True
herg_blockade,NLOGXCAMKYLWJP-UHFFFAOYSA-N,8971,0.39156804763027125,0.37662337662337664,2.7716007009088743,inside,9.856643749208802,inside,True
herg_blockade,ITYMMRKSCDTSQX-HTAPYJJXSA-N,8971,0.5025234202061097,0.4727272727272727,2.124333130928134,inside,13.35497594571114,inside,True
herg_blockade,LSJWYMSFUWBGPN-GOSISDBHSA-N,8971,0.7451157754456105,0.6666666666666666,5.076404620304621,inside,10.615163350574724,inside,True
herg_blockade,IYRVOWQOFDXLSK-UHFFFAOYSA-N,8971,0.6684742196679675,0.5853658536585366,3.1126339405228456,inside,10.747030107729389,inside,True
herg_blockade,RKMKKSLVBDBRIO-UHFFFAOYSA-N,8971,0.5976943675408799,0.5263157894736842,2.944203243093338,inside,12.674608124533066,inside,True
herg_blockade,NNDBXESVYQQFSH-WJTDDFOZSA-N,8971,0.26004575429547433,0.25263157894736843,1.336189494932152,inside,12.117787336688233,inside,True
herg_blockade,CUWYXEKZVGDQDJ-SANMLTNESA-N,8971,0.4379950849197932,0.31313131313131315,2.473629001667059,inside,11.959455603761478,inside,True
herg_blockade,OPXCVQLQSGYEGM-QUFILJBYSA-N,8971,0.7663324017754396,0.7341772151898734,2.2802428406944313,inside,13.31719467126652,inside,True
herg_blockade,XPEBKOZMIAAWMV-UHFFFAOYSA-N,8971,0.7365057702810167,0.703125,4.384774093642022,inside,17.451103884567743,inside,True
herg_blockade,YZFYPECRJZGSGJ-IZZNHLLZSA-N,8971,0.2639139172751831,0.24793388429752067,3.129229381563136,inside,17.60685855343371,inside,True
herg_blockade,RGOHRLQTJZZWGT-QSAODZJUSA-N,8971,0.4369043472084268,0.33962264150943394,4.666891418628327,inside,11.117867298118918,inside,True
herg_blockade,GRKDZYMEZWUTJF-UHFFFAOYSA-N,8971,0.6942453106456142,0.6037735849056604,4.721562348849322,inside,15.879566202843977,inside,True
herg_blockade,JFHYZQNXNHZARY-UHFFFAOYSA-N,8971,0.6135645229087852,0.5230769230769231,2.118171063563317,inside,10.767102912714412,inside,True
herg_blockade,IATGNHOMUXVGCQ-LLVKDONJSA-N,8971,0.4660497990349414,0.39436619718309857,3.9968253428163556,inside,10.943333122176874,inside,True
herg_blockade,JJAQXDSMGSFRJT-UHFFFAOYSA-N,8971,0.5759309535780124,0.49019607843137253,4.239099718307375,inside,19.892039762362664,inside,True
herg_blockade,SDQZRJQWIQHIKN-UHFFFAOYSA-N,8971,0.7379016518905234,0.7157894736842105,6.6098373723994746,borderline,23.321264434660307,inside,True
herg_blockade,SWADTMSKMJUFBO-ZDUSSCGKSA-N,8971,0.6543633724765799,0.6153846153846154,4.677957220284007,inside,10.838862616150802,inside,True
herg_blockade,ZCCQJRPGTUXMST-UHFFFAOYSA-N,8971,0.3968217054263566,0.38372093023255816,1.8315026426938945,inside,12.475978336798164,inside,True
herg_blockade,OLLRSJLKNAIFCJ-VWLOTQADSA-N,8971,0.34120995969891743,0.28888888888888886,4.396838047783225,inside,10.256170861685744,inside,True
herg_blockade,MSOYZLRUNBBCGC-DTIOYNMSSA-N,8971,0.5050016722408026,0.46,7.2594681528724125,borderline,17.08847200238129,inside,True
herg_blockade,GRDNNNQJCZJMHL-OAQYLSRUSA-N,8971,0.7515224392368433,0.609375,2.485636524655627,inside,15.893390770042307,inside,True
herg_blockade,AJRJPORIQGYFMT-IBCCMOFXSA-N,8971,0.25021312872975277,0.23529411764705882,6.012186219966417,inside,8.86587500686298,inside,True
herg_blockade,NKLVBHMAIMEVEH-QFIPXVFZSA-N,8971,0.6086693548387097,0.578125,2.8320996899923476,inside,11.746555380879686,inside,True
herg_blockade,MHAQFNSWCQLYOT-OAHLLOKOSA-N,8971,0.6564543717004785,0.6206896551724138,3.2813749777387673,inside,12.932687277150054,inside,True
herg_blockade,ZOSQXAHBYHMVCA-MFKMUULPSA-N,8971,0.6353796920947933,0.5106382978723404,6.927781702208238,borderline,13.364977405568775,inside,True
herg_blockade,WNNYSMQZUJIVFQ-UHFFFAOYSA-N,8971,0.6161878586606608,0.5797101449275363,4.170875151054901,inside,12.320239317629104,inside,True
herg_blockade,SXIUZAIGXHEFLZ-PELRDEGISA-N,8971,0.5589102854578372,0.5373134328358209,4.314392917896584,inside,16.689336539160315,inside,True
herg_blockade,XBABLQDNCJXESQ-UHFFFAOYSA-N,8971,0.3035364585464404,0.22826086956521738,3.4506588178949062,inside,10.206215115936663,inside,True
herg_blockade,HFMINNRJWTYEAA-HXUWFJFHSA-N,8971,0.3304861868254215,0.23529411764705882,5.037335136581451,inside,10.063086610328083,inside,True
herg_blockade,VDNDCWISAWQFKI-UHFFFAOYSA-N,8971,0.45469656255965224,0.3404255319148936,4.6992926672738875,inside,12.965273427791713,inside,True
herg_blockade,ODIJMXCJWMOZFJ-GCJKJVERSA-N,8971,0.6945391648134421,0.6710526315789473,2.7381421879195944,inside,21.273372156569007,inside,True
herg_blockade,QZZLQXZHKPPSLA-UHFFFAOYSA-N,8971,0.5091603354062245,0.3880597014925373,3.1827800020939505,inside,9.5769654866446,inside,True
herg_blockade,YBLZDNSYXSHJJF-SSEXGKCCSA-N,8971,0.6523369016870116,0.5764705882352941,5.327522619539729,inside,15.163550296957052,inside,True
herg_blockade,PGLNSEKCVMZBOZ-UHFFFAOYSA-N,8971,0.3646436177069647,0.34328358208955223,2.823704936490644,inside,10.842132607239623,inside,True
herg_blockade,BOEKOZVTAVMFTP-UHFFFAOYSA-N,8971,0.5773817819810851,0.4897959183673469,3.4930040785872047,inside,14.204165519083729,inside,True
herg_blockade,HGVUTNMCDMGTOE-WOVMCDHWSA-N,8971,0.5287917740827817,0.4782608695652174,3.1328359494084896,inside,12.915358342950823,inside,True
herg_blockade,HVPUGUKUEQHDMX-UHFFFAOYSA-N,8971,0.44275496275496284,0.32857142857142857,2.503706427062967,inside,9.834873299827487,inside,True
herg_blockade,AMIGGXBUTWTJPW-UHFFFAOYSA-N,8971,0.6183159003942554,0.6031746031746031,3.2856149243244817,inside,18.76767678089096,inside,True
herg_blockade,PWTDZYJFBSXIIK-LLVKDONJSA-N,8971,0.36990820424555365,0.3614457831325301,2.860043210213251,inside,10.310320275944076,inside,True
herg_blockade,XFSBVAOIAHNAPC-CLEAKMIKSA-N,8971,0.24712585034013604,0.23958333333333334,8.096749241019578,outside,11.795136077543122,inside,True
herg_blockade,CDODDYUNBWYGOC-CSKARUKUSA-N,8971,0.41641183035990775,0.3950617283950617,2.3041339540537833,inside,11.637080792011517,inside,True
herg_blockade,PUBORNZQLOKYKZ-LSNLESRRSA-N,8971,0.7400358719812418,0.6835443037974683,3.729566746570877,inside,16.74134982830121,inside,True
herg_blockade,PTWGVYYSUNMNEA-SANMLTNESA-N,8971,0.7579537402488221,0.6857142857142857,2.6835059035186015,inside,11.019752744590814,inside,True
herg_blockade,AMHDUOXZVAFCJB-SFHVURJKSA-N,8971,0.5674724887515585,0.5113636363636364,2.9608675369004436,inside,16.386921009133285,inside,True
herg_blockade,XMKPWAJOBWNRGY-UHFFFAOYSA-N,8971,0.8473833573833573,0.8214285714285714,3.427623941735349,inside,15.761831719349532,inside,True
herg_blockade,QOSFZTVPVNEQRB-SFHVURJKSA-N,8971,0.6857797164569305,0.6363636363636364,2.6937216472774996,inside,15.804355074357881,inside,True
herg_blockade,YHEWTLLIVPRLRS-UHFFFAOYSA-N,8971,0.4412334364241716,0.4084507042253521,2.4966485564707463,inside,10.422961199508732,inside,True
herg_blockade,WTUFOMZOHTZGNS-UHFFFAOYSA-N,8971,0.6865655132805364,0.6363636363636364,2.548217116076949,inside,11.016477807656337,inside,True
herg_blockade,MSOYZLRUNBBCGC-UHFFFAOYSA-N,8971,0.4896170568561873,0.4230769230769231,7.2594681528724125,borderline,14.896624619202866,inside,True
herg_blockade,OQNGITUNHHCSOA-RISCZKNCSA-N,8971,0.7317944859948805,0.6610169491525424,3.99258808209386,inside,12.904419955601059,inside,True
herg_blockade,XBQCNPXYQLNNGX-UHFFFAOYSA-N,8971,0.5971920995670996,0.5066666666666667,1.4494305491476243,inside,13.719539424026234,inside,True
herg_blockade,GNAFTHDBPJUMAT-UHFFFAOYSA-N,8971,0.6539756208675264,0.6216216216216216,2.8216054292247432,inside,17.630348969063277,inside,True
herg_blockade,PSWOVPWZYVUKKW-UHFFFAOYSA-N,8971,0.7100401606425703,0.6551724137931034,2.7627092689874586,inside,13.342949734541948,inside,True
herg_blockade,SINXEYLFXFHPMM-UHFFFAOYSA-N,8971,0.7959629416282643,0.7619047619047619,3.1559637865510597,inside,18.13301032546637,inside,True
herg_blockade,ANYPUOSSIOCSJC-UHFFFAOYSA-N,8971,0.638408934088259,0.5432098765432098,3.833124026688999,inside,20.771336147628592,inside,True
herg_blockade,BMAZBQNHCLYCIG-UHFFFAOYSA-N,8971,0.6324925268077286,0.5797101449275363,2.458217772558702,inside,10.778587349479952,inside,True
herg_blockade,RLIMJSGHBMXEDY-UHFFFAOYSA-N,8971,0.7124801746826919,0.6375,2.5177089767669507,inside,22.621446648862864,inside,True
herg_blockade,ILWVAPRDAXVLIX-UHFFFAOYSA-N,8971,0.6984968207092879,0.6617647058823529,2.099740054584268,inside,13.810858435348715,inside,True
herg_blockade,FPIADEBJTXXJKB-UHFFFAOYSA-N,8971,0.4737902097902099,0.4090909090909091,2.2794764028846424,inside,11.166082546165832,inside,True
herg_blockade,JYJNQKZFUWAVRM-UHFFFAOYSA-N,8971,0.5112436103396492,0.3037974683544304,2.053415326805506,inside,13.348031615255136,inside,True
herg_blockade,DWDIQEPGVYBABO-REWPJTCUSA-N,8971,0.7121989657486977,0.684931506849315,2.5162281608696766,inside,18.664303723654427,inside,True
herg_blockade,GNRZWIIEHAXFFH-UHFFFAOYSA-N,8971,0.6904380229675484,0.6341463414634146,2.532081807167547,inside,23.908470220067006,inside,True
herg_blockade,BGJXBVUWLFEJNM-XXBNENTESA-N,8971,0.7552467927810393,0.7361111111111112,2.5162281608696766,inside,19.46498711739523,inside,True
herg_blockade,DIBPTWMSVTXGKP-FPOVZHCZSA-N,8971,0.24556887084546658,0.24,1.3936810451719475,inside,11.033416868538163,inside,True
herg_blockade,AXIFLPLKZRNVDP-MRXNPFEDSA-N,8971,0.6163356170108901,0.543859649122807,4.09083366499674,inside,13.723320232194347,inside,True
herg_blockade,SEXLTEXEWXMLIQ-FYWRMAATSA-N,8971,0.6835419058553387,0.6119402985074627,3.3442740038147747,inside,12.156762091887112,inside,True
herg_blockade,ZYAQGVAAYQRPEP-UHFFFAOYSA-N,8971,0.3938341158059468,0.3611111111111111,1.7469431557613537,inside,10.040235861190306,inside,True
herg_blockade,MCANUWBJKZYIBC-UHFFFAOYSA-N,8971,0.436376182112358,0.3924050632911392,2.6144782783660134,inside,10.76591649777246,inside,True
herg_blockade,IINYBGOIUFXUQW-UHFFFAOYSA-N,8971,0.6983639154151196,0.547945205479452,2.4245305412345037,inside,12.73358311291554,inside,True
herg_blockade,OOGJQPCLVADCPB-FQEVSTJZSA-N,8971,0.27278754433898955,0.2631578947368421,4.659038890489397,inside,13.764916588802109,inside,True
herg_blockade,JCEUCYVGOCUQAY-UHFFFAOYSA-N,8971,0.4179871886172372,0.391304347826087,5.22886250681305,inside,10.295055790794153,inside,True
herg_blockade,KXGAQPJJCHWIRY-CVXIRMMQSA-N,8971,0.5791898075312465,0.5581395348837209,4.754935156487989,inside,12.226959655552099,inside,True
herg_blockade,RVDUVVPILREHEK-ZDUSSCGKSA-N,8971,0.3183283751879577,0.30357142857142855,4.974996403094398,inside,11.292052987879133,inside,True
herg_blockade,DTMKUVZKVBUBLN-UHFFFAOYSA-N,8971,0.6726660751257023,0.5714285714285714,4.071631021504244,inside,17.08013127955502,inside,True
herg_blockade,NGXYWYMNSVGKEN-UHFFFAOYSA-N,8971,0.6412970947966085,0.5675675675675675,4.30692689291156,inside,13.971451720539541,inside,True
herg_blockade,FAYOGIJNAUXBTF-UHFFFAOYSA-N,8971,0.7779978227132698,0.7439024390243902,4.5248808404313206,inside,17.076187003449473,inside,True
herg_blockade,JTVQYNCQTWIEOM-UHFFFAOYSA-N,8971,0.5605325361512792,0.515625,1.346694523038124,inside,12.047825032795599,inside,True
herg_blockade,GDHFXVDRDHDCCN-UHFFFAOYSA-N,8971,0.7554014811454584,0.6091954022988506,6.048395511124888,inside,13.210161582603952,inside,True
herg_blockade,UXSBXUFFROKBKD-UHFFFAOYSA-N,8971,0.5812250107595414,0.4155844155844156,3.289887536631204,inside,11.075390220536402,inside,True
herg_blockade,TXNPQZGSVXLGGP-MMTVBGGISA-N,8971,0.340208782553486,0.2696629213483146,1.6082945430903015,inside,10.060809220868062,inside,True
herg_blockade,FBJBTFVUBFBZJR-QHCPKHFHSA-N,8971,0.7121634615384616,0.6923076923076923,1.5739940051524661,inside,13.044562620782488,inside,True
herg_blockade,DWDIQEPGVYBABO-OFNKIYASSA-N,8971,0.8212102384007564,0.8059701492537313,2.5162281608696766,inside,18.59436432628759,inside,True
herg_blockade,OOTYVFPUEZJGJY-DNVCBOLYSA-N,8971,0.34225201975445046,0.24752475247524752,1.8403831783956779,inside,14.748141876860236,inside,True
herg_blockade,YKYQOSSJIYZLAT-UHFFFAOYSA-N,8971,0.6496911199315755,0.5903614457831325,2.605233430008799,inside,10.668519934043939,inside,True
herg_blockade,IAADTHQACMECFU-UHFFFAOYSA-N,8971,0.6252554349278576,0.5217391304347826,6.7868849407167495,borderline,20.748719992722194,inside,True
herg_blockade,ULWWEFQRNUGZPN-VAWYXSNFSA-N,8971,0.5017226735196114,0.4594594594594595,2.420267257407978,inside,12.283189230916944,inside,True
herg_blockade,RLVHHMUTZQQOFZ-UHFFFAOYSA-N,8971,0.40053840389095485,0.35555555555555557,2.011713778068176,inside,12.077338531008005,inside,True
herg_blockade,CSRXZIQVLMBETO-GYHWCHFESA-N,8971,0.2904406671266302,0.2696629213483146,1.9659907102641603,inside,10.691055133998118,inside,True
herg_blockade,IGSRGEGUBDBJMV-UHFFFAOYSA-N,8971,0.6818061590780276,0.6329113924050633,3.1120132439715613,inside,10.485366581335228,inside,True
herg_blockade,BLGMRTIAYIXMRH-UHFFFAOYSA-N,8971,0.47843536917981694,0.46875,3.5304286317333275,inside,11.452914921048022,inside,True
herg_blockade,XFSWVFWSCPXANG-UHFFFAOYSA-N,8971,0.6836984022349876,0.6621621621621622,5.335431995448292,inside,15.892633537889992,inside,True
herg_blockade,MALUDQJRFWLZQG-DEOSSOPVSA-N,8971,0.6857099369428136,0.6301369863013698,1.799515526622227,inside,12.397074257843995,inside,True
herg_blockade,DTGZHCFJNDAHEN-FGFCVDQNSA-N,8971,0.2969818387848644,0.2682926829268293,1.7904672950255314,inside,11.471139605878346,inside,True
herg_blockade,HPOCUHSMPFVNMF-OAQYLSRUSA-N,8971,0.5870276985301868,0.44285714285714284,2.8450299582592145,inside,10.663358854347555,inside,True
herg_blockade,QZVBLNIFHQHIJS-IBGZPJMESA-N,8971,0.6094850948509485,0.5555555555555556,3.962768933453971,inside,11.15400451104839,inside,True
herg_blockade,JGVMWDMAURDGRG-UHFFFAOYSA-N,8971,0.6142017982017981,0.5636363636363636,3.661578941943664,inside,10.999807913784625,inside,True
herg_blockade,JQEUMGMNJYJROS-BJWYYQGGSA-N,8971,0.38208116981215856,0.3010752688172043,2.2976625309171483,inside,10.734451605814646,inside,True
herg_blockade,XXWFSNOROXVFAO-UHFFFAOYSA-N,8971,0.6479657658195627,0.611764705882353,5.855501985199214,inside,17.186560934694715,inside,True
herg_blockade,DQUUMUHVZGIZNI-NPFVIJTESA-N,8971,0.5161760588762878,0.42857142857142855,4.476046273340269,inside,16.01047652892832,inside,True
herg_blockade,TWHSRVVFCICXII-UHFFFAOYSA-N,8971,0.5366353430427643,0.4666666666666667,2.791519404431969,inside,12.2293429887599,inside,True
herg_blockade,QAOGVKCUBLBWDE-UHFFFAOYSA-N,8971,0.4806141186311222,0.4266666666666667,3.7800442632838576,inside,10.54812056652355,inside,True
herg_blockade,DQUUMUHVZGIZNI-NYYVNYEXSA-N,8971,0.5161760588762878,0.42857142857142855,4.476046273340269,inside,16.082814066777452,inside,True
herg_blockade,CHZPPTXHWFINSY-UHFFFAOYSA-N,8971,0.562871678315595,0.5294117647058824,5.301789035191829,inside,17.033560104979085,inside,True
herg_blockade,FJQGFNBIJJYDFG-UHFFFAOYSA-N,8971,0.3447844669183664,0.3263157894736842,3.8073307605285107,inside,14.215621919026258,inside,True
herg_blockade,NAQAAIFCDZVFEC-PXENEHLGSA-N,8971,0.5547944237894346,0.5,2.457838513308527,inside,12.604110781512627,inside,True
herg_blockade,UORXSNLDCGLILY-UHFFFAOYSA-N,8971,0.6577458506399052,0.5972222222222222,1.895307275799314,inside,13.945650295443217,inside,True
herg_blockade,OZDAKNOSLUMXBT-UHFFFAOYSA-O,8971,0.30226139626139625,0.28846153846153844,3.7303041270251156,inside,11.489070050504363,inside,True
herg_blockade,VJVSHXVHOJVSOB-UHFFFAOYSA-N,8971,0.6776154063813101,0.5443037974683544,7.538997503058085,borderline,16.469842873762143,inside,True
herg_blockade,GSKYNYTYBPKISP-UHFFFAOYSA-N,8971,0.7601969339150623,0.7441860465116279,5.832399109438169,inside,13.322694372613373,inside,True
herg_blockade,AYNVIPPTDMPZRW-UHFFFAOYSA-N,8971,0.7253611747729394,0.6984126984126984,2.544750669148984,inside,15.88650835693686,inside,True
herg_blockade,KRMBZIKXHYHITN-UHFFFAOYSA-N,8971,0.7144303585350513,0.6179775280898876,4.53103557570167,inside,13.92796219815095,inside,True
herg_blockade,MSXJZHUTIDWQBZ-ROUUACIJSA-N,8971,0.3579463322746905,0.32051282051282054,2.943574907605633,inside,9.832534071410649,inside,True
herg_blockade,TVMNFBNOOMKBOO-UHFFFAOYSA-N,8971,0.7670328605750601,0.6956521739130435,2.515641170620504,inside,22.110184559557776,inside,True
herg_blockade,KSAKMNJFOKNIAA-UHFFFAOYSA-N,8971,0.26331328320802005,0.24166666666666667,4.026245584285196,inside,11.804017253623927,inside,True
herg_blockade,MERGQUVOOIOLGE-UHFFFAOYSA-N,8971,0.6865040650406504,0.6463414634146342,3.0707704984710165,inside,14.32614893929679,inside,True
herg_blockade,USKMQJPSLXOQLF-HLADLETHSA-N,8971,0.6239985991879401,0.532608695652174,6.3678935357822555,borderline,16.3104234981193,inside,True
herg_blockade,AZPNIOXCMXPLKP-UHFFFAOYSA-N,8971,0.5334838977464642,0.3258426966292135,2.3188883661374193,inside,9.66588062415838,inside,True
herg_blockade,RCQHQUHUQJHYSW-UHFFFAOYSA-N,8971,0.7428061749571183,0.6909090909090909,3.0685256614091028,inside,19.8687558584985,inside,True
herg_blockade,MDOWVDCIVGXLBF-SFHVURJKSA-N,8971,0.7474772159723976,0.7051282051282052,2.7801196613203474,inside,18.677585752358734,inside,True
herg_blockade,ZIYMZLIFVYQZGG-JSOSNVBQSA-N,8971,0.39273619364335166,0.3058823529411765,6.061366199415636,inside,10.490345949707995,inside,True
herg_blockade,WTCFDFPSNBMAOR-UHFFFAOYSA-N,8971,0.5096471362942882,0.4307692307692308,4.94693659326683,inside,11.972236596746972,inside,True
herg_blockade,KQKPFRSPSRPDEB-UHFFFAOYSA-N,8971,0.336231884057971,0.32857142857142857,4.756795914577657,inside,10.999761796074493,inside,True
herg_blockade,DLXNCEJKEWNGNI-UHFFFAOYSA-N,8971,0.6304140731575775,0.3157894736842105,3.5529284031603234,inside,14.892501001538182,inside,True
herg_blockade,BTQUJFUWPMZTDJ-UHFFFAOYSA-N,8971,0.5168072618072619,0.28378378378378377,3.3409217341635387,inside,11.63421517623965,inside,True
herg_blockade,AXDZGPVPBMNCMT-UHFFFAOYSA-N,8971,0.8001001842178314,0.7567567567567568,3.094287857783303,inside,17.59389368282227,inside,True
herg_blockade,DLXYCZXEBQOCAR-UHFFFAOYSA-N,8971,0.5984206908115204,0.3448275862068966,5.122870466838281,inside,12.573246964720608,inside,True
herg_blockade,PFWZDYSBLPIXBI-GLRZTSSQSA-N,8971,0.5711487009221929,0.5483870967741935,4.263825436351867,inside,13.001902994733237,inside,True
herg_blockade,FLDDBSYUKQDTDX-UHFFFAOYSA-N,8971,0.7064856341869054,0.6363636363636364,2.1272117640325505,inside,13.315248053681449,inside,True
herg_blockade,OOVMTVFAEVACQP-GOSISDBHSA-N,8971,0.6730971694406375,0.5853658536585366,1.241658770450139,inside,14.267155316625205,inside,True
herg_blockade,SORMGDAGOZUFDS-XPNTWCBSSA-N,8971,0.430881982445002,0.3978494623655914,3.2475744296284113,inside,17.240478934985028,inside,True
herg_blockade,KTWRHJPPIZQGRW-KRWDZBQOSA-N,8971,0.7080046758282489,0.6710526315789473,3.7715535050837765,inside,19.455595037832314,inside,True
herg_blockade,XXNGRRJMDFPNGD-ULQDDVLXSA-N,8971,0.42761009456661625,0.3783783783783784,2.9218718761361626,inside,13.38361900931197,inside,True
herg_blockade,YYOXBGHALUHPAP-JTHBVZDNSA-N,8971,0.5650714272247614,0.4576271186440678,3.548900120441614,inside,16.738614314016168,inside,True
herg_blockade,ZHIFBXYCMMXVQR-UHFFFAOYSA-N,8971,0.47142392695024277,0.30526315789473685,2.38030302445294,inside,9.791547500226805,inside,True
herg_blockade,WHBCDNPPOUFKAB-UHFFFAOYSA-N,8971,0.5118784663612249,0.36363636363636365,2.9333304428270797,inside,10.293819196928355,inside,True
herg_blockade,ULKSZHJUNHCCEV-GQCTYLIASA-N,8971,0.7128218889784194,0.6610169491525424,3.5221243293547717,inside,21.50683204722636,inside,True
herg_blockade,WHIWOTLPHYDESG-WGSAOQKQSA-N,8971,0.44012512633240614,0.3384615384615385,3.5363286660821274,inside,12.388365276283581,inside,True
herg_blockade,MBPWBRLIXYHMKP-UHFFFAOYSA-N,8971,0.7396003182049106,0.7066666666666667,3.952215560443776,inside,11.997857889584202,inside,True
herg_blockade,ASMXERROSSALJP-UHFFFAOYSA-N,8971,0.49883547282439916,0.45454545454545453,2.895643967611129,inside,11.604306748051133,inside,True
herg_blockade,QTMPSRZWDIYDSN-UHFFFAOYSA-N,8971,0.6798799593980317,0.6265060240963856,2.520049180532617,inside,13.345918546594628,inside,True
herg_blockade,OEGNOLHLTZVBSU-WMLDXEAASA-N,8971,0.35371230358192146,0.25252525252525254,1.1133444137700625,inside,12.987669774171822,inside,True
herg_blockade,WCKJSDUJHUSOFY-UHFFFAOYSA-N,8971,0.7733881606935743,0.7368421052631579,2.6797918612733307,inside,11.114637883858073,inside,True
herg_blockade,KMFDXNUGIFDFHQ-LJQANCHMSA-N,8971,0.7379103158533449,0.6575342465753424,2.0497705512071867,inside,13.962329407279233,inside,True
herg_blockade,PFMIUDMPFMYSDC-WIYYLYMNSA-N,8971,0.37851733634718027,0.3181818181818182,2.146983949918873,inside,10.123167246065945,inside,True
herg_blockade,VVWTYHCFZJLFJA-SSEXGKCCSA-N,8971,0.6257355471989619,0.6,6.183429131181685,inside,16.32369271814688,inside,True
herg_blockade,LCSSAMUKAMRBCP-UHFFFAOYSA-N,8971,0.48545196004680563,0.38461538461538464,2.077225865563622,inside,11.827331241449555,inside,True
herg_blockade,JOLPIXRXMOTJNT-RUZDIDTESA-N,8971,0.565416045695932,0.4578313253012048,1.947146457910008,inside,13.464683306434917,inside,True
herg_blockade,FRIWLSNOZQHQEE-FQEVSTJZSA-N,8971,0.764305047411063,0.6986301369863014,1.5183660934120633,inside,14.007830195434513,inside,True
herg_blockade,DJVYXMINSBMUHH-QAQDUYKDSA-N,8971,0.2143165557016681,0.2087912087912088,2.0712271313935395,inside,13.553613399815818,inside,True
herg_blockade,PCLLBFUYVTXKME-UHFFFAOYSA-N,8971,0.6808519005418336,0.6626506024096386,3.498163327587611,inside,13.407411762558688,inside,True
herg_blockade,YABLRALLVGHPFP-UHFFFAOYSA-N,8971,0.3299176860463341,0.2328767123287671,4.951576093340672,inside,9.380697457843942,inside,True
herg_blockade,QOPBRVUVSGSTDY-MFKUBSTISA-N,8971,0.2664220501720501,0.2597402597402597,5.560167805634018,inside,11.787819591216518,inside,True
herg_blockade,FWYZZPBECMKUCM-UHFFFAOYSA-N,8971,0.4677879038939519,0.4,1.8591336713067628,inside,10.115455524062103,inside,True
herg_blockade,WHIWOTLPHYDESG-UHFFFAOYSA-N,8971,0.44012512633240614,0.3384615384615385,3.5363286660821274,inside,9.98620005720356,inside,True
herg_blockade,LUSGOTJDJQEKNQ-UHFFFAOYSA-N,8971,0.6562666699149216,0.5949367088607594,2.77442230424584,inside,11.653000310767235,inside,True
herg_blockade,IYRAMAFSUTZZIW-UHFFFAOYSA-N,8971,0.37189879265885556,0.3287671232876712,1.9969342238228946,inside,12.708922773509054,inside,True
herg_blockade,BIRGTUSYQWQJLK-LBZQVFOQSA-N,8971,0.7318868255421969,0.7105263157894737,2.7399412822815075,inside,16.902000710385042,inside,True
herg_blockade,ZPJNSZPJBCRZQR-UHFFFAOYSA-N,8971,0.6296534161566851,0.5348837209302325,4.3893209294309,inside,20.07004889056426,inside,True
herg_blockade,MHMGSQRAIMZTJJ-UHFFFAOYSA-N,8971,0.5044125465178096,0.42105263157894735,3.1586688507309155,inside,13.140957263316123,inside,True
herg_blockade,UPHWMYMEWKSHEJ-UHFFFAOYSA-N,8971,0.2854070423265914,0.27884615384615385,2.518286212272084,inside,10.410940034556676,inside,True
herg_blockade,HUZRXZVIBUNCKL-UHFFFAOYSA-N,8971,0.4620054329155711,0.37755102040816324,3.6846508518077354,inside,12.892367059253553,inside,True
herg_blockade,ICOHSUPELKBBLT-JTQLQIEISA-N,8971,0.41078608161357105,0.35714285714285715,6.9988449155946775,borderline,16.220695336834115,inside,True
herg_blockade,WRUVHZFRRXADMC-UHFFFAOYSA-N,8971,0.5370250896057347,0.4722222222222222,4.540413616332667,inside,12.624309040446802,inside,True
herg_blockade,ZPZJOEGHLORCHV-UHFFFAOYSA-N,8971,0.59567398023039,0.58,5.438470831146607,inside,14.345939009662914,inside,True
herg_blockade,WLEYNTYCJZCVJM-UHFFFAOYSA-N,8971,0.5532181112848128,0.5346534653465347,4.205053607983366,inside,20.283255013137477,inside,True
herg_blockade,ACZXUEYRPYGYKP-UHFFFAOYSA-N,8971,0.6474237996564123,0.6166666666666667,2.103001401764902,inside,14.454885045898484,inside,True
herg_blockade,YXFFFQHZJOYHAQ-HHHXNRCGSA-N,8971,0.5973061947104459,0.5476190476190477,3.6712200869456666,inside,13.858282636272618,inside,True
herg_blockade,BTFCCPKDGZFGPR-UHFFFAOYSA-N,8971,0.39489790833994726,0.3146067415730337,2.039970687880185,inside,11.795246095207508,inside,True
herg_blockade,JLQIFJGNKYLVFX-RBZQAINGSA-N,8971,0.3409991809991809,0.2545454545454545,5.854674001141454,inside,13.20703052279296,inside,True
herg_blockade,RZPOCZHUFDCVQZ-QGZVFWFLSA-N,8971,0.46744609686455485,0.4020618556701031,4.773459190679571,inside,12.837448755070012,inside,True
herg_blockade,HGYKCQUYMKJVQI-OAHLLOKOSA-N,8971,0.7064494002729298,0.6617647058823529,4.178844229349498,inside,11.62213270062323,inside,True
herg_blockade,GMMHLRXVGDOCDA-UHFFFAOYSA-N,8971,0.42312717972564523,0.391304347826087,5.961721210365164,inside,11.38387154474473,inside,True
herg_blockade,GDAWAZUHXHQFEX-CVEARBPZSA-N,8971,0.4288486536601698,0.2875,3.355146738072375,inside,9.577086582194708,inside,True
herg_blockade,VQXQTZDDHVPBQB-OTYXRUKQSA-N,8971,0.5451215609703182,0.5081967213114754,2.876772989190594,inside,12.952334285873684,inside,True
herg_blockade,KATDCUORFQOJBY-QAPCUYQASA-N,8971,0.3650174507887756,0.2923076923076923,3.5022796784974193,inside,11.584393867581888,inside,True
herg_blockade,NZOQVGKUAPXCFT-NQIIRXRSSA-N,8971,0.42602643627233794,0.3333333333333333,2.4842487027600146,inside,15.958350885968985,inside,True
herg_blockade,FXTNDHMZDXBWDO-UHFFFAOYSA-N,8971,0.41404582763708075,0.3563218390804598,3.6323541987475476,inside,10.238602868130059,inside,True
herg_blockade,CNYVJDHTGDPUBS-UHFFFAOYSA-N,8971,0.3022461814914645,0.2857142857142857,3.0923255684423734,inside,10.222900797669805,inside,True
herg_blockade,HVHWAHSJCSERGA-VWLOTQADSA-N,8971,0.6988968633705477,0.6447368421052632,2.384848812216312,inside,12.470743037604324,inside,True
herg_blockade,YSGLQQUCJIOYSX-TUXUZCGSSA-N,8971,0.6379624893435635,0.5166666666666667,3.2799282599749158,inside,12.127073466240036,inside,True
herg_blockade,DFCUYQJNXQZEGT-UHFFFAOYSA-N,8971,0.7556672625464692,0.696969696969697,3.0662390717215415,inside,25.027072495639164,borderline,True
herg_blockade,DYMOFCTVBPZWIC-UHFFFAOYSA-N,8971,0.7808791284173288,0.7142857142857143,2.1366452998929075,inside,15.356554961331886,inside,True
herg_blockade,BBOKUHUUNUYCGA-HHHXNRCGSA-N,8971,0.5255134518210351,0.4935064935064935,3.6647530441047325,inside,13.00532551061612,inside,True
herg_blockade,HGPBSZHFLNTGOF-UHFFFAOYSA-N,8971,0.7462749586106512,0.7282608695652174,5.765719810661475,inside,27.369377275983837,borderline,True
herg_blockade,UZFWWSXEIJUCEB-UHFFFAOYSA-N,8971,0.4234157174792603,0.313953488372093,2.2654140099339037,inside,9.672460840405138,inside,True
herg_blockade,MYBGWENAVMIGMM-SONWIMMPSA-N,8971,0.5015076236620952,0.35802469135802467,1.9860673062796017,inside,11.120386243388682,inside,True
herg_blockade,KYHAUJGXNUJCTC-VQIMIIECSA-N,8971,0.3219938377485547,0.2909090909090909,5.084694088310563,inside,12.0915578359135,inside,True
herg_blockade,PRFPBWPICIUVRO-UHFFFAOYSA-N,8971,0.6420185206949913,0.5882352941176471,5.450804208417773,inside,11.715691779966628,inside,True
herg_blockade,AVVKTTRYZQZYQY-DEOSSOPVSA-N,8971,0.7150696150696152,0.6493506493506493,1.8857845807686457,inside,12.393853183431908,inside,True
herg_blockade,DIPDQCKJSSRYPV-UHFFFAOYSA-N,8971,0.7344868824868825,0.6794871794871795,1.6617396707723682,inside,11.444025078130492,inside,True
herg_blockade,HJROKBCQCPEPDY-UHFFFAOYSA-N,8971,0.38340538765395293,0.3235294117647059,2.5765504709785643,inside,10.73751587268147,inside,True
herg_blockade,PETGITKEGWIZEL-UHFFFAOYSA-N,8971,0.38548831054470156,0.3469387755102041,5.251097297048259,inside,12.379957110113523,inside,True
herg_blockade,QVYRGXJJSLMXQH-UHFFFAOYSA-N,8971,0.30487481146304674,0.28846153846153844,5.769947803831092,inside,14.307037577791242,inside,True
herg_blockade,XBMIVRRWGCYBTQ-UHFFFAOYSA-N,8971,0.32233781414377555,0.3,4.377108945477737,inside,11.561468012088337,inside,True
herg_blockade,LJGLUGFCMXPVPW-UHFFFAOYSA-N,8971,0.6387513508203163,0.5862068965517241,1.4729049141488717,inside,11.661565148469071,inside,True
herg_blockade,PBVKGEMPZBKZOA-UHFFFAOYSA-N,8971,0.31420464496621864,0.2676056338028169,4.515099906028793,inside,11.084394885452342,inside,True
herg_blockade,NAGKIWFBALBSMD-UHFFFAOYSA-N,8971,0.718475172626116,0.6666666666666666,3.2077290708255064,inside,13.368624933688908,inside,True
herg_blockade,GFAWLUIEPMDUPY-UHFFFAOYSA-N,8971,0.32756177197948944,0.3076923076923077,2.977733741125853,inside,9.794975984559416,inside,True
herg_blockade,DBQBAHSSKFGSRU-ZBYYUNFXSA-N,8971,0.5506034261577148,0.2871287128712871,2.4271681551345834,inside,12.859443326331158,inside,True
herg_blockade,JWLQSWJBHJDZPV-IBGZPJMESA-N,8971,0.7213665973665974,0.7051282051282052,2.060992482847249,inside,13.641256004201272,inside,True
herg_blockade,LLXDSNCKQBRHMZ-INIZCTEOSA-N,8971,0.6987336473050758,0.6666666666666666,4.703797515325244,inside,11.77482780205574,inside,True
herg_blockade,RROHMTKNZJPZSQ-HOCLYGCPSA-N,8971,0.5924413019364796,0.5352112676056338,3.6731782692489943,inside,14.745805239576848,inside,True
herg_blockade,NBUWUTAUHCIKAE-UHFFFAOYSA-N,8971,0.6928840767076061,0.4725274725274725,2.439515372304705,inside,12.471256897176389,inside,True
herg_blockade,KBRWHYVGRXRJIC-MUJYYYPQSA-N,8971,0.45182362648042174,0.3191489361702128,1.6714859928095183,inside,10.823894820469604,inside,True
herg_blockade,PFMIUDMPFMYSDC-UHFFFAOYSA-N,8971,0.3891877457310441,0.323943661971831,2.146983949918873,inside,10.699985790321378,inside,True
herg_blockade,KEGOYMJCBYDQGI-UHFFFAOYSA-N,8971,0.6829610076873205,0.5932203389830508,2.213219266174094,inside,11.836352428703998,inside,True
herg_blockade,XJFDHGAJFIOKHQ-UHFFFAOYSA-N,8971,0.41594375658587984,0.3625,2.632190607145513,inside,12.221838951908797,inside,True
herg_blockade,ZJJMMLPXSVHEQZ-LSNHULEUSA-N,8971,0.5391730491940037,0.4523809523809524,8.586396570833545,outside,11.638347966969103,inside,True
herg_blockade,SAXJBNCVBXKLBA-UHFFFAOYSA-N,8971,0.25330386246524095,0.24050632911392406,4.872115692464135,inside,9.33917818617605,inside,True
herg_blockade,CVUGPAFCQJIYDT-UHFFFAOYSA-N,8971,0.26423529467989526,0.24528301886792453,6.763996933668139,borderline,9.588960693496585,inside,True
herg_blockade,HMZMHGXPYUPLSC-UHFFFAOYSA-N,8971,0.3185206408940586,0.2875,3.5104538649960997,inside,9.791903882773417,inside,True
herg_blockade,XAVJTYOBWCSWFJ-UHFFFAOYSA-N,8971,0.3549232167161264,0.30337078651685395,4.134294751417735,inside,10.093866335061259,inside,True
herg_blockade,DYLGFOYVTXJFJP-QFYGQVNBSA-N,8971,0.34876485610028285,0.3287671232876712,5.650927677129244,inside,12.754275008358556,inside,True
herg_blockade,WRGYDZSMTYBYJC-UHFFFAOYSA-N,8971,0.26275518296136846,0.25773195876288657,2.0662445425852938,inside,13.43755949805277,inside,True
herg_blockade,AXDZGPVPBMNCMT-SANMLTNESA-N,8971,0.8100574356725406,0.7671232876712328,3.094287857783303,inside,14.604669654177004,inside,True
herg_blockade,SEOMUFTWAUVWQZ-HVIPQOSHSA-N,8971,0.6483215633670162,0.5520833333333334,6.425578034478466,borderline,20.297952462183765,inside,True
herg_blockade,NMEALLMQARPNTN-UHFFFAOYSA-N,8971,0.5445684021037269,0.48,1.5155938084858822,inside,11.750431478272581,inside,True
herg_blockade,MCVXWPPVTYUESA-UHFFFAOYSA-N,8971,0.4832813611223483,0.3118279569892473,1.9783317561462652,inside,10.489854909320771,inside,True
herg_blockade,BGSBHLAICAANSC-UHFFFAOYSA-N,8971,0.3443550830889541,0.3225806451612903,5.026595787228359,inside,10.310808241072284,inside,True
herg_blockade,IKINOGQZTQWAIL-QFIPXVFZSA-N,8971,0.7299897736172704,0.6842105263157895,1.4930625539330469,inside,13.156554888628952,inside,True
herg_blockade,PPPZMROSISSZTE-UHFFFAOYSA-N,8971,0.7794348508634223,0.7307692307692307,3.464380395253147,inside,21.676099444549916,inside,True
herg_blockade,KJIIHQMAERQPHW-UHFFFAOYSA-N,8971,0.7189071729957807,0.6625,3.4688945393990567,inside,11.548850873541014,inside,True
herg_blockade,WFWWRMLXRXPPQR-UHFFFAOYSA-N,8971,0.646832710668327,0.6164383561643836,6.632268794654386,borderline,13.140077100110666,inside,True
herg_blockade,LMFPOQCLAWEMKA-UHFFFAOYSA-N,8971,0.6528119306419484,0.6027397260273972,2.659923577934687,inside,12.403492002605384,inside,True
herg_blockade,SCNBWTRGKZBRIY-UHFFFAOYSA-N,8971,0.49402077109119363,0.30303030303030304,3.1364884008192453,inside,11.376349447836379,inside,True
herg_blockade,DZXZQRMALFTZJB-UHFFFAOYSA-N,8971,0.41828876684228666,0.3382352941176471,2.7766731001988507,inside,11.02709719602691,inside,True
herg_blockade,TULDQRGKIWKKNV-SFHVURJKSA-N,8971,0.746621444553547,0.6986301369863014,2.89067291378882,inside,18.51617852238758,inside,True
herg_blockade,ACZCVZUKGWGYJX-QFIPXVFZSA-N,8971,0.764305047411063,0.6986301369863014,1.4850998390388022,inside,13.607373527454103,inside,True
herg_blockade,YBQZLWPFQRLDTC-UHFFFAOYSA-N,8971,0.7725687518417942,0.72,2.3732653654661964,inside,24.050116399543903,inside,True
herg_blockade,FWRAPQVKJFNVCO-MRXNPFEDSA-N,8971,0.6238295712372326,0.5901639344262295,1.9587308490037274,inside,14.378549674845237,inside,True
herg_blockade,ZKGWDQMQMQRGLJ-UHFFFAOYSA-N,8971,0.2779328608785973,0.2558139534883721,3.2397613222829227,inside,15.030588073943106,inside,True
herg_blockade,BFWQNCCFSCRIGZ-UHFFFAOYSA-N,8971,0.3247833563883796,0.2828282828282828,4.996268710503828,inside,11.961884546410051,inside,True
herg_blockade,HMBWNNQNRWCNOB-UHFFFAOYSA-N,8971,0.3695521677977818,0.3157894736842105,1.9053330945577154,inside,11.264016792141357,inside,True
herg_blockade,ZNNZYPQZGRGCGI-UHFFFAOYSA-N,8971,0.5925208641809127,0.4605263157894737,2.147762322358545,inside,12.27484002793807,inside,True
herg_blockade,XDHFXUPOAYNABB-UHFFFAOYSA-N,8971,0.6662373000253317,0.631578947368421,2.5130909911162758,inside,15.620288588921447,inside,True
herg_blockade,LGQNUICFRHAUDK-UHFFFAOYSA-N,8971,0.5909686741108204,0.569620253164557,1.8390643773233453,inside,11.75707289102802,inside,True
herg_blockade,UPZWINBEAHDTLA-UHFFFAOYSA-N,8971,0.27666666666666667,0.25,4.507987708349733,inside,9.854838183726207,inside,True
herg_blockade,MJXRIUSTMWJDCG-UHFFFAOYSA-N,8971,0.6406480726338333,0.559322033898305,4.445434498717263,inside,11.677378168169623,inside,True
herg_blockade,HGYKCQUYMKJVQI-HNNXBMFYSA-N,8971,0.6674113864054572,0.6301369863013698,4.178844229349498,inside,11.969051290676227,inside,True
herg_blockade,NFEQUCGNNCYRCD-ZDUSSCGKSA-N,8971,0.3864527629233511,0.36363636363636365,6.280029535860645,inside,10.897353664366051,inside,True
herg_blockade,BFWQNCCFSCRIGZ-VWLOTQADSA-N,8971,0.3247833563883795,0.2828282828282828,4.996268710503828,inside,11.259770258662174,inside,True
herg_blockade,LQVXSNNAFNGRAH-UHFFFAOYSA-N,8971,0.3359392260846302,0.24545454545454545,3.791652568165029,inside,11.315118543621729,inside,True
herg_blockade,CXKTZIIMLVMOEE-HYUPAJEBSA-N,8971,0.3770289949162983,0.33035714285714285,2.9534162969982427,inside,11.173576099217344,inside,True
herg_blockade,PUSGCGICUDEJIT-UHFFFAOYSA-N,8971,0.6896007259528131,0.6666666666666666,3.611023543478452,inside,17.33042848689577,inside,True
herg_blockade,NRWKEMOZVPFPJY-UHFFFAOYSA-N,8971,0.6923888771912055,0.6526315789473685,5.780043726505525,inside,24.18630207570657,borderline,True
herg_blockade,XNXUDGXKTVZKLB-SFHVURJKSA-N,8971,0.48199947551575156,0.449438202247191,2.4536234142223727,inside,12.504493925794966,inside,True
herg_blockade,CTAOATNVUQNVBF-UHFFFAOYSA-N,8971,0.4479690595584541,0.25806451612903225,3.003964295403531,inside,13.52948840253899,inside,True
herg_blockade,ARKYOPPYXOUDRK-UHFFFAOYSA-N,8971,0.47142392695024277,0.30526315789473685,1.4624474077511762,inside,9.805173312523769,inside,True
herg_blockade,INDBQLZJXZLFIT-UHFFFAOYSA-N,8971,0.2687820286995937,0.25925925925925924,5.128590338464813,inside,10.37336474017362,inside,True
herg_blockade,KYLOBHXXQOZRKK-UHFFFAOYSA-N,8971,0.43634670748110416,0.3068181818181818,2.9196239686201246,inside,11.415321246910134,inside,True
herg_blockade,ZNNLBTZKUZBEKO-UHFFFAOYSA-N,8971,0.42167931780761714,0.41333333333333333,2.920850900894415,inside,12.808600877880972,inside,True
herg_blockade,UGWHGJOPTDAWEZ-UHFFFAOYSA-N,8971,0.7088032026620816,0.6617647058823529,2.2212848111573504,inside,11.322656139189924,inside,True
herg_blockade,AJMOXIHRFKBMKQ-UHFFFAOYSA-N,8971,0.7520908173122317,0.7078651685393258,5.351892209446888,inside,18.249670300995607,inside,True
herg_blockade,ZMAHAONSAMATES-BDXSIMOUSA-N,8971,0.4502673390847474,0.4305555555555556,3.1441063583445863,inside,12.565618009910809,inside,True
herg_blockade,PFWVQEFSAUYDCS-GCJKJVERSA-N,8971,0.3539519947970652,0.25757575757575757,2.1824798614977676,inside,12.691336022191717,inside,True
herg_blockade,MDIKVAKEOQZBRR-UHFFFAOYSA-N,8971,0.4041707070317716,0.34065934065934067,2.4493871105274687,inside,10.585941715182665,inside,True
herg_blockade,WXIHXYDSBPDUPK-UHFFFAOYSA-N,8971,0.47996537800986133,0.2876712328767123,2.837537857928437,inside,11.395597487991765,inside,True
herg_blockade,YEGSREZTMOWGTG-MRXNPFEDSA-N,8971,0.7202981869631633,0.5882352941176471,7.237421783307801,borderline,18.028438775848116,inside,True
herg_blockade,VRMVSYUYAWQPOU-GOSISDBHSA-N,8971,0.7378239432525147,0.6938775510204082,2.2181810700809246,inside,11.51572992237887,inside,True
herg_blockade,KWGHMLKLMKELGP-UHFFFAOYSA-N,8971,0.32799454652200033,0.27710843373493976,2.559027634488615,inside,13.736388063716127,inside,True
herg_blockade,ZNKQZQCGGXGVRU-WAESHZATSA-N,8971,0.719368073316283,0.5797101449275363,2.4388909487027717,inside,14.884341031809296,inside,True
herg_blockade,VARRTAZUISVFHX-MOEXGYKKSA-N,8971,0.4118036469752647,0.375,2.7557191391565787,inside,11.160632045227237,inside,True
herg_blockade,SWPRXXOOLHFIKF-UHFFFAOYSA-N,8971,0.41671640666892246,0.38028169014084506,5.522633803758715,inside,10.008341545119496,inside,True
herg_blockade,KAUGEXWMBITOIF-DEOSSOPVSA-N,8971,0.6803013822001164,0.6282051282051282,2.9074781501227718,inside,14.560076574057604,inside,True
herg_blockade,VURLRACCOCGFDB-UHFFFAOYSA-N,8971,0.40269530341731735,0.3106796116504854,2.7524184545561403,inside,11.117045731049465,inside,True
herg_blockade,RZUWLMYXOXGJLS-UHFFFAOYSA-N,8971,0.5377888164302113,0.5060240963855421,3.759529038807526,inside,10.33086664675287,inside,True
herg_blockade,KRMBZIKXHYHITN-IBGZPJMESA-N,8971,0.7081212305573945,0.6136363636363636,4.53103557570167,inside,14.591714580836712,inside,True
herg_blockade,KMLLEVUPKXCGML-BVRKHOPBSA-N,8971,0.7228372292333572,0.6588235294117647,3.8106750531205593,inside,14.535324138052559,inside,True
herg_blockade,MSMLICOHMGLKMX-RUZDIDTESA-N,8971,0.47509792729877337,0.46875,1.6416807928812152,inside,11.454368569702224,inside,True
herg_blockade,COTBNYZFCXXYBD-UHFFFAOYSA-N,8971,0.7313120909371811,0.6493506493506493,2.7812396739488974,inside,24.710787994474572,borderline,True
herg_blockade,NDXWAAKFUDDIDP-PBHICJAKSA-N,8971,0.5325979223905954,0.40594059405940597,3.914722746402491,inside,13.777602978759203,inside,True
herg_blockade,HTMCDFJCNVHIQC-UHFFFAOYSA-N,8971,0.4174088325549481,0.3484848484848485,2.1906985589750714,inside,12.947024713063781,inside,True
herg_blockade,OHTNGFRHJDYZSO-UHFFFAOYSA-N,8971,0.24344458614520784,0.23170731707317074,4.362798338247759,inside,10.48558954080944,inside,True
herg_blockade,QYUZDDGWOYPEHN-COOPMVRXSA-N,8971,0.5384104828252505,0.5113636363636364,3.7538188406610553,inside,15.293237929632955,inside,True
herg_blockade,BGXXKJRUEAILQH-SFHVURJKSA-N,8971,0.6517826071424272,0.5217391304347826,4.532743914891421,inside,11.035270960869974,inside,True
herg_blockade,WTJRFDFYOQEAAP-BHWOZTKKSA-N,8971,0.43611948858343563,0.3787878787878788,1.9728359572429848,inside,11.67360136719904,inside,True
herg_blockade,OTWNXWHEBKCAMK-UHFFFAOYSA-N,8971,0.3845223053804937,0.3465346534653465,6.328014185452361,borderline,10.742305371716581,inside,True
herg_blockade,DATDVQKGDSNVRT-CYBMUJFWSA-N,8971,0.5706901829485609,0.4084507042253521,3.7982622347264883,inside,10.820935175846875,inside,True
herg_blockade,XZFBQMFLEPCQCW-JKSUJKDBSA-N,8971,0.3147887590956898,0.30303030303030304,2.20996612316443,inside,10.98711423260676,inside,True
herg_blockade,JASFWVIOOFYYRD-FWZXWOTPSA-N,8971,0.6492934482470086,0.5789473684210527,3.715879164787151,inside,12.587081875612206,inside,True
herg_blockade,RURMBSCVCKOVLA-CWLDZYDQSA-N,8971,0.650493349087437,0.5921052631578947,3.3122148820914386,inside,11.114636675156683,inside,True
herg_blockade,CMMVRTXWYOGXHR-UHFFFAOYSA-N,8971,0.7534539470587461,0.7349397590361446,5.474596659249893,inside,13.430048503527942,inside,True
herg_blockade,HIBZKCZRHCXVEZ-UHFFFAOYSA-N,8971,0.7593374741200828,0.7571428571428571,2.4931716401686956,inside,13.08110318441941,inside,True
herg_blockade,HTUXUNBQNWREPD-WDNDVIMCSA-N,8971,0.40910672704960416,0.30985915492957744,2.7708388574582323,inside,11.63693920012821,inside,True
herg_blockade,YBQCYKVJCJFFEK-UHFFFAOYSA-N,8971,0.4694990945498045,0.43103448275862066,4.647523226894777,inside,13.124764820606675,inside,True
herg_blockade,JVJNRJFMZQRGMT-UHFFFAOYSA-N,8971,0.5282155924570786,0.45454545454545453,1.4867495732806075,inside,10.78685557360788,inside,True
herg_blockade,KQVISHATXKRBGO-HGHGUNKESA-N,8971,0.6203011213537528,0.5844155844155844,1.6475356339734324,inside,12.728746867470818,inside,True
herg_blockade,DFHFANKUDVSVRU-QGZVFWFLSA-N,8971,0.25142718398551905,0.24615384615384617,3.905769506835586,inside,10.39977258318825,inside,True
herg_blockade,HVEVDFRWOQHAPJ-CKMNQQOVSA-N,8971,0.6129664119921898,0.527027027027027,2.5680836233309767,inside,11.063493704975125,inside,True
herg_blockade,KEJJLAINBBOGHE-UHFFFAOYSA-N,8971,0.39389552408624756,0.3235294117647059,2.5139856182433515,inside,11.031852029269249,inside,True
herg_blockade,NATFNVDYLPURMJ-UHFFFAOYSA-N,8971,0.7071629884174946,0.6710526315789473,1.7318441576606094,inside,17.551216821552046,inside,True
herg_blockade,SPCSFCKHCIOCTM-UHFFFAOYSA-N,8971,0.6216050765210899,0.5894736842105263,6.363336432252516,borderline,14.163940591458307,inside,True
herg_blockade,IHFKHNCURWJDHC-UHFFFAOYSA-N,8971,0.32719632507090884,0.2549019607843137,6.679750513200269,borderline,9.008733298243035,inside,True
herg_blockade,CJMZBKHNNKVAOE-UHFFFAOYSA-N,8971,0.6312888178949179,0.5555555555555556,1.5000538084014092,inside,11.114762871308686,inside,True
herg_blockade,CDWWTUFRRQNQHI-QEMZJVQQSA-N,8971,0.8293438269048025,0.7948717948717948,4.152279209000039,inside,20.24813720526223,inside,True
herg_blockade,LWZACJZVDHZBCL-UHFFFAOYSA-N,8971,0.7643308801759506,0.6805555555555556,2.629550530222723,inside,11.620705682593387,inside,True
herg_blockade,XQLWNAFCTODIRK-NDEPHWFRSA-N,8971,0.44387356649453424,0.3783783783783784,4.688048126924289,inside,17.54190825732258,inside,True
herg_blockade,QQMPCIKPHGIUMA-FKBYEOEOSA-N,8971,0.586944194057579,0.5060240963855421,3.8316058373393163,inside,15.507804545936839,inside,True
herg_blockade,QNZBVIYOTZMPOA-RMKNXTFCSA-N,8971,0.4816920863081825,0.4423076923076923,4.151210397901245,inside,12.844828619882254,inside,True
herg_blockade,WONXMHQMFAYOEG-UHFFFAOYSA-N,8971,0.6800256958823151,0.6585365853658537,3.836500152295274,inside,14.001624920779928,inside,True
herg_blockade,RWFDOORODPSNSN-ZHACJKMWSA-N,8971,0.5877490472109266,0.5483870967741935,3.4812612547930692,inside,11.863144284179713,inside,True
herg_blockade,ZMSOBBRPDJQSNR-UHFFFAOYSA-N,8971,0.5898225957049487,0.4411764705882353,3.238938979174758,inside,16.72716078346516,inside,True
herg_blockade,YIDRPJAESDFDSG-UHFFFAOYSA-N,8971,0.6961796776145678,0.6385542168674698,5.754639734615215,inside,14.676304230454416,inside,True
herg_blockade,UQVNDLXCWMYEIP-UHFFFAOYSA-N,8971,0.8411491108071136,0.8372093023255814,5.968899241644335,inside,24.21527295464058,borderline,True
herg_blockade,PKPRDSSAMMLSLJ-UHFFFAOYSA-N,8971,0.29554739706709743,0.22580645161290322,4.90542685905201,inside,9.156669374083206,inside,True
herg_blockade,QDBPUGDJXGIOJW-HFYIJGDASA-N,8971,0.7218971107129002,0.6875,2.956597283759603,inside,16.660626660260956,inside,True
herg_blockade,XYELUSDGKSFNMV-UHFFFAOYSA-N,8971,0.4686337198093929,0.4339622641509434,2.472520977715206,inside,19.132223237178508,inside,True
herg_blockade,KLGZEZPTKHAQBU-UHFFFAOYSA-N,8971,0.3044067796610169,0.3,4.331697959338076,inside,10.652287419651174,inside,True
herg_blockade,DRENPJKBZNCGHQ-UHFFFAOYSA-N,8971,0.6730897646414888,0.625,1.8180230758990752,inside,12.061996948627682,inside,True
herg_blockade,RZIVGMQLIWOSLN-UHFFFAOYSA-N,8971,0.6494470209583827,0.5542168674698795,2.4955053280824204,inside,15.890039516820627,inside,True
herg_blockade,QFRFAEZUAFKYNV-NDEPHWFRSA-N,8971,0.741300649702009,0.7123287671232876,3.1241857627314262,inside,19.012195508111606,inside,True
herg_blockade,GRMUMARBFBEJJG-UHFFFAOYSA-N,8971,0.5090340700549201,0.3026315789473684,1.95269521889925,inside,15.02381522466525,inside,True
herg_blockade,CKOAURGENMZQGG-OAQYLSRUSA-N,8971,0.3816462657886023,0.36363636363636365,4.393810304370239,inside,13.05911514106778,inside,True
herg_blockade,YZCHAXFFYLAWEQ-UHFFFAOYSA-N,8971,0.6350717714320655,0.5675675675675675,2.297967839740054,inside,13.1992585498829,inside,True
herg_blockade,OXKRFEWMSWPKKV-GHTZIAJQSA-N,8971,0.32049844678474915,0.3037974683544304,2.4536042640357887,inside,9.139621953025985,inside,True
herg_blockade,OYCCHVFLJCOTKI-DEOSSOPVSA-N,8971,0.5898674242424242,0.5606060606060606,2.861007983779267,inside,12.625453438656617,inside,True
herg_blockade,JCBZELCVZUFNOM-IFXJQAMLSA-N,8971,0.3373398969131734,0.26,1.8500871270176684,inside,11.264592664831563,inside,True
herg_blockade,HMJIYCCIJYRONP-INIZCTEOSA-N,8971,0.2601170300758496,0.23404255319148937,3.038315614533865,inside,10.106950650932088,inside,True
herg_blockade,YGHVDZPXFIJELZ-DICHSLLOSA-N,8971,0.6457596355629966,0.5154639175257731,6.399093562441913,borderline,20.747751303781115,inside,True
herg_blockade,RPQXVSUAYFXFJA-HGRQIUPRSA-N,8971,0.1728554340176007,0.16853932584269662,11.120599597252967,outside,11.167247475698435,inside,True
herg_blockade,BPFSRDSVMKDEAX-UHFFFAOYSA-N,8971,0.49403368581270524,0.32222222222222224,2.1055599968323255,inside,9.385403091865046,inside,True
herg_blockade,OXQNLLVUVDAEHC-OAQYLSRUSA-N,8971,0.4049864953361292,0.32098765432098764,1.2871048329164043,inside,12.793775554662934,inside,True
herg_blockade,KZPYBMNBUZPMKP-UHFFFAOYSA-N,8971,0.317909469808204,0.2962962962962963,2.971168987925734,inside,14.84907857833097,inside,True
herg_blockade,ZLMMTVJZWSOPAL-HHHXNRCGSA-N,8971,0.5829694748184517,0.5348837209302325,3.3683125397712543,inside,14.187846110288412,inside,True
herg_blockade,ZMAHAONSAMATES-HLYMMOCJSA-N,8971,0.4329575773626865,0.3783783783783784,3.1441063583445863,inside,13.834946539140962,inside,True
herg_blockade,ISKBVCXTQANZNE-MHZLTWQESA-N,8971,0.6754877618809033,0.6056338028169014,2.3062694945735394,inside,9.602836590407229,inside,True
herg_blockade,KVDPUCCGORKFOD-QHCPKHFHSA-N,8971,0.7220296468061428,0.6710526315789473,1.844843947128508,inside,17.009166321945507,inside,True
herg_blockade,LPMXVESGRSUGHW-HYWDAXSBSA-N,8971,0.18005286624919176,0.17045454545454544,10.863537944238127,outside,27.80638424712735,borderline,True
herg_blockade,NAYKAMBMTPIGPM-UHFFFAOYSA-N,8971,0.5001297113921523,0.33695652173913043,2.9513463115084,inside,10.534058957792148,inside,True
herg_blockade,KPSCTAUZOJQHBV-NZQKXSOJSA-N,8971,0.7609280178905129,0.7323943661971831,2.7437398694178845,inside,18.638950808680605,inside,True
herg_blockade,RRGCMCQNBGLNIY-UHFFFAOYSA-N,8971,0.6857725945310426,0.62,3.9079890298906785,inside,12.55724837222277,inside,True
herg_blockade,VHVPQPYKVGDNFY-UHFFFAOYSA-N,8971,0.23459353471118177,0.22549019607843138,9.341750962073409,outside,11.304986557589285,inside,True
herg_blockade,FGTRDYXFZBKEJR-UHFFFAOYSA-N,8971,0.6974003139717426,0.66,4.462871015916945,inside,10.43679502748485,inside,True
herg_blockade,CGYKRSBZMBLFJC-UHFFFAOYSA-N,8971,0.3891326803945622,0.3055555555555556,2.741665667823363,inside,11.530586927159439,inside,True
herg_blockade,DLOHVTTXAKGJHW-UHFFFAOYSA-N,8971,0.38531511121454154,0.2872340425531915,1.5759518938399832,inside,10.789616990048808,inside,True
herg_blockade,JQQRLDARMNMUCR-GFCCVEGCSA-N,8971,0.7241324200913242,0.7083333333333334,3.2774375704029324,inside,17.40596276663607,inside,True
herg_blockade,UICGRIRUICYDHQ-UHFFFAOYSA-N,8971,0.6664098624909421,0.5774647887323944,2.821043274976861,inside,10.316629994878234,inside,True
herg_blockade,MMUUBQDBHIQDCJ-UHFFFAOYSA-N,8971,0.6391246414188134,0.5959595959595959,5.227633769897385,inside,10.930600315930125,inside,True
herg_blockade,WGOANEPMJOTKQS-HXUWFJFHSA-N,8971,0.26316891107882145,0.25675675675675674,4.601022121379287,inside,11.60340750228013,inside,True
herg_blockade,JIZUYTTWXWPPBM-KRWDZBQOSA-N,8971,0.30558793317985816,0.2702702702702703,5.078801160651726,inside,9.845862526180504,inside,True
herg_blockade,XEVJUIZOZCFECP-UHFFFAOYSA-N,8971,0.2905938181219806,0.27956989247311825,2.7813618291206312,inside,9.867224135598802,inside,True
herg_blockade,IFMHKFFMKJBKQU-UILWBTOOSA-N,8971,0.7417545214387319,0.7105263157894737,2.463509692491723,inside,18.281197740508745,inside,True
herg_blockade,VCLTUEPMXZBALZ-FHZUCYEKSA-N,8971,0.5759767064720626,0.5,3.185989431640322,inside,9.639660128746451,inside,True
herg_blockade,ZQJWIIWQYCWBIS-IRXDYDNUSA-N,8971,0.6707934922220636,0.6326530612244898,3.8763913181488108,inside,10.832926859608431,inside,True
herg_blockade,KSXFPISTQAHGIE-NRFANRHFSA-N,8971,0.8183491403407253,0.7272727272727273,3.070998201355298,inside,13.103232373033634,inside,True
herg_blockade,ITFHIAOKCYYBNR-UHFFFAOYSA-N,8971,0.7480147953832164,0.6883116883116883,3.471384089391253,inside,11.826400351783015,inside,True
herg_blockade,QZUKGDYPSXQBSQ-VXKWHMMOSA-N,8971,0.6251643547418195,0.5641025641025641,3.3355574024636536,inside,11.63464551145883,inside,True
herg_blockade,RTBICRVBMOJALC-UHFFFAOYSA-N,8971,0.3621737466513586,0.31343283582089554,2.2614389008725078,inside,10.895246855711246,inside,True
herg_blockade,CLKWUUNGQCSMKW-UHFFFAOYSA-N,8971,0.7588265379019768,0.72,3.310509891637467,inside,22.535472685062313,inside,True
herg_blockade,HWSSZEHYQJYQQM-UHFFFAOYSA-N,8971,0.6476098352369538,0.6296296296296297,4.075942059306178,inside,9.711478128842352,inside,True
herg_blockade,SWTYJFXTOTYOGR-UHFFFAOYSA-N,8971,0.7061787815212474,0.6891891891891891,4.6227462462367175,inside,11.517789118084568,inside,True
herg_blockade,YSGLQQUCJIOYSX-UHFFFAOYSA-N,8971,0.6509927923738665,0.5454545454545454,3.2799282599749158,inside,11.889145666578775,inside,True
herg_blockade,VJJSHVKIAZAPRG-SANMLTNESA-N,8971,0.7747266214177979,0.7205882352941176,2.6256329143695316,inside,11.112080328490583,inside,True
herg_blockade,ULPLMNIDEXAPFB-UHFFFAOYSA-N,8971,0.585525380058348,0.5,4.643822424818698,inside,17.526501592851425,inside,True
herg_blockade,HMSHXTUFXMZOJG-IBGZPJMESA-N,8971,0.2981513694795567,0.2891566265060241,2.840156652281265,inside,15.321442307992974,inside,True
herg_blockade,WCNVCGGOZIHRLK-UHFFFAOYSA-N,8971,0.5156920183210322,0.475,7.596925121150305,borderline,12.056900546374573,inside,True
herg_blockade,XBIDNEGDXXMQIB-UHFFFAOYSA-N,8971,0.5660507438692152,0.54,4.348418608786215,inside,11.693014361918115,inside,True
herg_blockade,RUDSQAKPIYHENP-UHFFFAOYSA-N,8971,0.40699423899317866,0.3146067415730337,1.7360517981295231,inside,10.905342451591876,inside,True
herg_blockade,RDZUCMBSXVPKNU-UHFFFAOYSA-N,8971,0.7451800232288037,0.7380952380952381,6.466032923332082,borderline,13.064526969791599,inside,True
herg_blockade,YCUKJXACAKDNPS-OKDASEJXSA-N,8971,0.7094958782498415,0.6987951807228916,3.0827272358274738,inside,19.454018566109966,inside,True
herg_blockade,HPWMKYFRFGYUQL-MSOLQXFVSA-N,8971,0.5703467321512873,0.5555555555555556,2.426292732063778,inside,12.650379391608178,inside,True
herg_blockade,QENXTKAMWKICNF-HNNXBMFYSA-N,8971,0.4629850655597478,0.34523809523809523,2.7550772975684814,inside,12.888073157608957,inside,True
herg_blockade,NBRHHKSETRXRCP-QGZVFWFLSA-N,8971,0.6229444444444445,0.5,4.417255072564953,inside,13.506127536531642,inside,True
herg_blockade,XIQZPYGWBQASSN-UTKZUKDTSA-N,8971,0.443064671664541,0.3064516129032258,1.7431910775503876,inside,11.728510314001838,inside,True
herg_blockade,GMIRQOTUZHAPAO-UHFFFAOYSA-N,8971,0.6315651269043787,0.5903614457831325,3.011528722115248,inside,11.845435412124248,inside,True
herg_blockade,AWVFHDAVDXQSNU-UHFFFAOYSA-N,8971,0.5227379197768587,0.45263157894736844,5.671334821590141,inside,12.486379969588334,inside,True
herg_blockade,HRJNXIYDEXHXQM-PNFNHJRFSA-N,8971,0.5641201893194303,0.4946236559139785,6.2492169170444765,inside,11.721129600591151,inside,True
herg_blockade,DGVNGMXASUNRAO-UHFFFAOYSA-N,8971,0.35202558667791023,0.2988505747126437,4.011478484144081,inside,10.662966105785474,inside,True
herg_blockade,MMAIBGHDBYQYDI-UHFFFAOYSA-N,8971,0.2772712623358105,0.22641509433962265,8.441806243764642,outside,16.425796530139326,inside,True
herg_blockade,RYSJYSNSALLKRM-UHFFFAOYSA-N,8971,0.704897601645569,0.6463414634146342,3.799693556173748,inside,11.284297938816641,inside,True
herg_blockade,LALUMVWWVOZFGT-UHFFFAOYSA-N,8971,0.4131196581196582,0.34444444444444444,3.5990242647818307,inside,14.749503551237591,inside,True
herg_blockade,DYPIWIAOPDZEOO-UHFFFAOYSA-N,8971,0.7635365853658538,0.7560975609756098,5.880386339784513,inside,11.255150004934753,inside,True
herg_blockade,OCXCCNYHGSRYEK-UHFFFAOYSA-N,8971,0.6075450077114894,0.5454545454545454,5.005283466811058,inside,9.97681268160235,inside,True
herg_blockade,WXQUVTDLXMNHNT-UHFFFAOYSA-N,8971,0.6020950102529049,0.5535714285714286,4.424447457532028,inside,11.138945819053347,inside,True
herg_blockade,JGRNPFVRYKMKOL-UHFFFAOYSA-N,8971,0.4635016663384192,0.3026315789473684,3.574378541141805,inside,10.884425539375185,inside,True
herg_blockade,PQIYMULTKYMCAI-QHCPKHFHSA-N,8971,0.6981430745814309,0.6712328767123288,2.825387096356471,inside,17.389750520156863,inside,True
herg_blockade,KYLOZBUIUJEBQB-SSEXGKCCSA-N,8971,0.6101807156138902,0.5581395348837209,5.6034164890606935,inside,16.99260380891584,inside,True
herg_blockade,FVPLZFJOCQVBPV-AATRIKPKSA-N,8971,0.43842992145979576,0.4,2.8895644678690955,inside,13.368898205324914,inside,True
herg_blockade,XVMSTDBLFRGHSD-GOSISDBHSA-N,8971,0.4936012691697515,0.4838709677419355,3.639656791701292,inside,12.182564912617472,inside,True
herg_blockade,ZCGGXOWJUQLYTA-AEFFLSMTSA-N,8971,0.44254991765540286,0.4074074074074074,2.868787755016467,inside,11.23618299980798,inside,True
herg_blockade,ITYMMRKSCDTSQX-VGSWGCGISA-N,8971,0.5172775185667655,0.4727272727272727,2.124333130928134,inside,12.395311928548288,inside,True
herg_blockade,SMANXXCATUTDDT-QPJJXVBHSA-N,8971,0.38051315885397685,0.36,3.972327463671962,inside,16.00885260268822,inside,True
herg_blockade,VRMVSYUYAWQPOU-UHFFFAOYSA-N,8971,0.7378239432525147,0.6938775510204082,2.2181810700809246,inside,10.364809502516367,inside,True
herg_blockade,AYGOUVZBEXIJRN-UHFFFAOYSA-N,8971,0.7031468889200542,0.6756756756756757,1.4993190289677245,inside,11.708455557901534,inside,True
herg_blockade,VPDZTPHDUAHHPV-KRWDZBQOSA-N,8971,0.6813844488844488,0.6623376623376623,3.7840485975538845,inside,20.1546225190122,inside,True
herg_blockade,GFCUTNCDZAGBBE-UHFFFAOYSA-N,8971,0.509276637947065,0.29411764705882354,2.441158492205794,inside,11.25447271738424,inside,True
herg_blockade,FONBZQATAUXFLY-UHFFFAOYSA-N,8971,0.4438938159765436,0.37755102040816324,3.7028938334263275,inside,14.413855040158301,inside,True
herg_blockade,MLGRCKZMFCALCK-UHFFFAOYSA-N,8971,0.8620036989436068,0.8157894736842105,5.3751752911947825,inside,17.4510880298698,inside,True
herg_blockade,LIBZEAOXJBJGPH-SFHVURJKSA-N,8971,0.7520565163494057,0.7027027027027027,2.6825364588868563,inside,19.518237603063657,inside,True
herg_blockade,NMHTYHFKNNSTEZ-UHFFFAOYSA-N,8971,0.6566775203235019,0.6065573770491803,2.8699885252555077,inside,9.739349352824519,inside,True
herg_blockade,WUKAZLUXSULUEP-LJQANCHMSA-N,8971,0.6664502164502164,0.6181818181818182,1.8748677215801155,inside,12.18695534995968,inside,True
herg_blockade,YBNJBOFVFABRQR-UHFFFAOYSA-N,8971,0.7849699183678261,0.7528089887640449,4.720279320966997,inside,26.30871368093098,borderline,True
herg_blockade,UWCNFUQEKWPTHW-UHFFFAOYSA-N,8971,0.6078637224483127,0.59375,2.9315811587417775,inside,10.756276301947182,inside,True
herg_blockade,FMRNKJBMXLVUBM-UHFFFAOYSA-N,8971,0.39446457084684644,0.2638888888888889,4.529296823999273,inside,10.455607788404558,inside,True
herg_blockade,OPKIDMJRRILWGI-UHFFFAOYSA-N,8971,0.4952025701778441,0.46774193548387094,2.841410451448389,inside,10.5736695510489,inside,True
herg_blockade,VYDCJJLOXCGZJB-UHFFFAOYSA-N,8971,0.6966071825249907,0.68,4.719454302601506,inside,12.348881441030521,inside,True
herg_blockade,OWCJFUQFNJPKER-DOMZBBRYSA-N,8971,0.705089486784402,0.5384615384615384,3.9744992240842634,inside,13.217981402666146,inside,True
herg_blockade,CINPRJQIFUMQBC-UHFFFAOYSA-N,8971,0.656108003485082,0.5555555555555556,4.360119734828025,inside,16.86400430357533,inside,True
herg_blockade,LEKYBEUSNCUHQO-NSHDSACASA-N,8971,0.5402941695772623,0.3717948717948718,2.779157521698871,inside,10.663111012775252,inside,True
herg_blockade,WWDAJXARVJHRBI-UHFFFAOYSA-N,8971,0.6220985402958837,0.5645161290322581,3.965758347538695,inside,11.9801519530803,inside,True
herg_blockade,IFMZPRCGPCQBAP-AOMKIAJQSA-N,8971,0.38423807189910153,0.32978723404255317,3.349844793297999,inside,17.453681289968426,inside,True
herg_blockade,JNTWHFOMVSHHKK-UHFFFAOYSA-N,8971,0.6491784444113211,0.5974025974025974,2.988881226677884,inside,18.677912930698316,inside,True
herg_blockade,YIXQZLPGNXXTFM-UHFFFAOYSA-N,8971,0.3378152434855087,0.3191489361702128,4.517348920355191,inside,14.423903218227457,inside,True
herg_blockade,KGWCLBPCJLUGQJ-UHFFFAOYSA-N,8971,0.43011915311811844,0.3220338983050847,6.219247433920375,inside,15.89273658624802,inside,True
herg_blockade,JNGNNZPGWQOPGA-SNVBAGLBSA-N,8971,0.679432554501725,0.5915492957746479,2.505458875239223,inside,14.258274997111506,inside,True
herg_blockade,LXARJHMGHFCGNE-UHFFFAOYSA-N,8971,0.6751409018170262,0.6301369863013698,2.99704098910359,inside,11.55838339757261,inside,True
herg_blockade,HPCPCLJRBNRLLW-UHFFFAOYSA-N,8971,0.33246629702638053,0.29411764705882354,1.7533989778008485,inside,9.808937744079863,inside,True
herg_blockade,XJNOJISWTROLSF-UHFFFAOYSA-N,8971,0.32100705683375613,0.2676056338028169,5.225547292386091,inside,9.695274936968737,inside,True
herg_blockade,OLOYPXPKAJGIQP-UHFFFAOYSA-N,8971,0.7629210658622423,0.7407407407407407,2.929124344099553,inside,14.122988900593722,inside,True
herg_blockade,HATHVQLHSBBXIA-UHFFFAOYSA-N,8971,0.473940750624336,0.31521739130434784,1.8730981283472816,inside,11.573091058638653,inside,True
herg_blockade,HOTTYHVEFWTDND-IBGZPJMESA-N,8971,0.31600861935961655,0.2823529411764706,3.2772456264300676,inside,11.850028479561782,inside,True
herg_blockade,PWZJJDJNMPHXPO-UHFFFAOYSA-N,8971,0.7133752956851549,0.6794871794871795,1.7623127683955015,inside,14.446641398530673,inside,True
herg_blockade,PHDDUIXSXSRRQU-SANMLTNESA-N,8971,0.7519295449295449,0.7051282051282052,3.6176701083847744,inside,18.88171427855743,inside,True
herg_blockade,ZDYQLRISEQXUFS-UHFFFAOYSA-N,8971,0.38054520795660035,0.3037974683544304,2.3582861932955277,inside,10.186372559534018,inside,True
herg_blockade,FBRKYRSUSJWLHH-IOZGHAEBSA-N,8971,0.29952153110047847,0.2727272727272727,2.727260248296698,inside,10.35773263270984,inside,True
herg_blockade,XMDRMFODQNHFJV-NQCNTLBGSA-N,8971,0.6020934153565732,0.5454545454545454,2.5963619920971057,inside,11.929688771887612,inside,True
herg_blockade,BOZSXZIQCWSGSF-ZWDAVXSWSA-N,8971,0.8339989461214655,0.7051282051282052,2.9224920853917205,inside,19.994647250227462,inside,True
herg_blockade,QUPWUPKWKXKEEQ-SJPCQFCGSA-N,8971,0.6582733478959895,0.6363636363636364,3.7540535236925265,inside,18.69112077847254,inside,True
herg_blockade,RUIBVXOIMNQJGF-RUZDIDTESA-N,8971,0.4423439881170008,0.4358974358974359,2.1954711658522896,inside,11.29721538566841,inside,True
herg_blockade,UBBYLYDQJUESJK-UHFFFAOYSA-N,8971,0.6748019063897743,0.6545454545454545,2.5774974533404365,inside,11.902378364782379,inside,True
herg_blockade,JPKSISIJPSXDLA-UHFFFAOYSA-N,8971,0.7660896713528292,0.7272727272727273,3.128017020723807,inside,13.949180312453498,inside,True
herg_blockade,MJXRIUSTMWJDCG-HNNXBMFYSA-N,8971,0.6372913534205182,0.5517241379310345,4.445434498717263,inside,12.0784665650631,inside,True
herg_blockade,GIBAIOYUTQRQGB-JCAXBWHZSA-N,8971,0.24137728448092438,0.22950819672131148,3.6786025042416726,inside,11.281618528709867,inside,True
herg_blockade,FLTAIVXWWOKLBO-CYBMUJFWSA-N,8971,0.594451384724536,0.5769230769230769,2.0525381978184725,inside,11.985481954834551,inside,True
herg_blockade,SCTJLRDEEBEWHL-VIFPVBQESA-N,8971,0.4755259714817458,0.3855421686746988,2.663042963685388,inside,11.886859209793068,inside,True
herg_blockade,NLCPRZAGRMCLTB-ZSEKCTLFSA-N,8971,0.6582128290693363,0.6129032258064516,2.0373655628573046,inside,15.410164909832002,inside,True
herg_blockade,VCQUPPLFOBCIHW-UHFFFAOYSA-N,8971,0.6535042209103321,0.6052631578947368,4.60253080221882,inside,13.265488659445946,inside,True
herg_blockade,AOHYTTMQYWIGBI-UHFFFAOYSA-N,8971,0.7305775182190276,0.6607142857142857,3.5964186209748785,inside,11.762414583199106,inside,True
herg_blockade,VUNVHTRIAQAVIJ-GOSISDBHSA-N,8971,0.3489286102409268,0.3157894736842105,4.854377723220942,inside,11.413802755832984,inside,True
herg_blockade,DJTVQVIZMNHBCR-UHFFFAOYSA-N,8971,0.40681021715456167,0.34523809523809523,3.3584013539232545,inside,14.158030379093315,inside,True
herg_blockade,OENWMSHFDNZIBX-UHFFFAOYSA-N,8971,0.5861820907039588,0.48717948717948717,4.0238741832486,inside,10.456930300331187,inside,True
herg_blockade,RXQPWAXTLUQACC-UHFFFAOYSA-N,8971,0.29226234207393115,0.2777777777777778,2.150568249733413,inside,11.860719897018905,inside,True
herg_blockade,JBPKCJMARVRSBZ-UHFFFAOYSA-N,8971,0.4881306392800317,0.43283582089552236,3.5771517640698463,inside,11.156548398585175,inside,True
herg_blockade,FGXVJHYCASUBMZ-UHFFFAOYSA-N,8971,0.3351064025075838,0.3055555555555556,3.681668543478485,inside,9.844163169399303,inside,True
herg_blockade,BUKVGHYPCOCXBN-UHFFFAOYSA-N,8971,0.5265250081726054,0.3,3.526726252107367,inside,21.21079703623196,inside,True
herg_blockade,PWTDZYJFBSXIIK-UHFFFAOYSA-N,8971,0.36990820424555365,0.3614457831325301,2.860043210213251,inside,9.824960634012363,inside,True
herg_blockade,WVWNZETXSLNDSS-UHFFFAOYSA-N,8971,0.6772080205576458,0.6351351351351351,2.6874813459713134,inside,12.845949786131442,inside,True
herg_blockade,AJRJPORIQGYFMT-FLJZTZRASA-N,8971,0.25021312872975277,0.23529411764705882,6.012186219966417,inside,8.939473475283025,inside,True
herg_blockade,WLXLHHAZRRMMDZ-UHFFFAOYSA-N,8971,0.48659322447585895,0.37373737373737376,2.8123558797273716,inside,14.555367704551196,inside,True
herg_blockade,UEQXFWJTIUWOKP-UHFFFAOYSA-N,8971,0.8330098762174234,0.7592592592592593,2.984575056230682,inside,20.86353643116954,inside,True
herg_blockade,CNHLUIVXXBPRHX-UHFFFAOYSA-N,8971,0.6680486794669782,0.6024096385542169,2.7772777290940436,inside,10.821651108925609,inside,True
herg_blockade,MPDGHEJMBKOTSU-YKLVYJNSSA-N,8971,0.2542492187070501,0.19480519480519481,4.122120247688902,inside,23.885821458201722,inside,True
herg_blockade,RHKOFLSVENLYDP-LJQANCHMSA-N,8971,0.5390183416879746,0.4731182795698925,3.51481267294046,inside,14.36448486858774,inside,True
herg_blockade,QSDLVBSOCJOFJV-FNLKRUPLSA-N,8971,0.54581036700021,0.5168539325842697,2.6781045858876995,inside,23.291756602087247,inside,True
herg_blockade,RKZCJFSJVDANFF-RUZDIDTESA-N,8971,0.584044103141054,0.5411764705882353,2.626119695513439,inside,15.344289188577072,inside,True
herg_blockade,WBCSOAILRDZMDJ-MRXNPFEDSA-N,8971,0.528053827053553,0.5121951219512195,1.962446108978895,inside,16.2921285281413,inside,True
herg_blockade,XHNXDERATDTZIU-MZNJEOGPSA-N,8971,0.3533406402191238,0.2804878048780488,2.1347304629533452,inside,11.431195614556543,inside,True
herg_blockade,ZNGNLXZBVWXEKM-GOSISDBHSA-N,8971,0.5694556083302886,0.4642857142857143,5.528149811815001,inside,16.65414097278028,inside,True
herg_blockade,SBIMUGAYTIMITB-QFIPXVFZSA-N,8971,0.6107355237790021,0.5540540540540541,1.382691601841828,inside,19.297579117276893,inside,True
herg_blockade,FRELOBIEQMKJKH-UHFFFAOYSA-N,8971,0.5929246243952127,0.509090909090909,3.7521722244388376,inside,20.1120174915337,inside,True
herg_blockade,HTTJCVMWSJWZID-UHFFFAOYSA-N,8971,0.5764389039659639,0.45348837209302323,2.942558967621252,inside,11.89051629933804,inside,True
herg_blockade,CHFJPWYYMLQDHW-KCESLBEFSA-N,8971,0.7691934731934732,0.7435897435897436,2.5646230864862094,inside,14.009382677366622,inside,True
herg_blockade,WFBIDTFPRPTEMD-UHFFFAOYSA-N,8971,0.6142540755464913,0.5657894736842105,2.0778611257835324,inside,12.185715434460194,inside,True
herg_blockade,MJAFQRMQGNRMGJ-UHFFFAOYSA-N,8971,0.723360481326583,0.711864406779661,3.2857464568749415,inside,20.810170006195694,inside,True
herg_blockade,FFHBRHCAYNKEBM-UHFFFAOYSA-N,8971,0.4577811295191956,0.38636363636363635,4.049581642593985,inside,13.974212776282942,inside,True
herg_blockade,PRKSFFICZODUDK-UHFFFAOYSA-N,8971,0.6078507776068752,0.56,3.194836338023538,inside,10.469742293650942,inside,True
herg_blockade,SJPXJRVMKATQCT-HLADLETHSA-N,8971,0.60886756946818,0.5217391304347826,6.393763358271105,borderline,16.260461875133803,inside,True
herg_blockade,BXDCBYARCQQTBD-UHFFFAOYSA-N,8971,0.2867370478495562,0.2465753424657534,2.6550955729975523,inside,11.040410522710749,inside,True
herg_blockade,ULIBEBYWDFTIOT-UHFFFAOYSA-N,8971,0.8815732838589982,0.7090909090909091,2.6671364428914077,inside,19.372055543220352,inside,True
herg_blockade,AJBBNBBBDUCRTB-UHFFFAOYSA-N,8971,0.7149800916623035,0.6623376623376623,3.371950998023822,inside,19.607082658081584,inside,True
herg_blockade,BUPUWXSDCRZSDH-GOSISDBHSA-N,8971,0.36267137479880834,0.24770642201834864,2.784909151356096,inside,9.647110610808301,inside,True
herg_blockade,YRDBYJNFZJBXNY-UHFFFAOYSA-N,8971,0.59596081545488,0.5409836065573771,4.774412116102354,inside,15.90635287717655,inside,True
herg_blockade,WNZKLSJSPOZSAM-LJQANCHMSA-N,8971,0.7195385596479442,0.6164383561643836,2.1771151625215026,inside,14.157539549330442,inside,True
herg_blockade,UMVYPSXZCLWWSG-SFHVURJKSA-N,8971,0.7411958459273038,0.7246376811594203,1.754347323822731,inside,12.132393153082857,inside,True
herg_blockade,HJOYSJFIOFFFHQ-UHFFFAOYSA-N,8971,0.6375706847440635,0.5465116279069767,3.4360613986428805,inside,17.922334014349474,inside,True
herg_blockade,DGXDAZZWYZDTDW-UHFFFAOYSA-N,8971,0.7556477332947921,0.6486486486486487,2.474189242012626,inside,14.297558647247318,inside,True
herg_blockade,KALSMXLQRKFVPO-UHFFFAOYSA-N,8971,0.5355634430830614,0.45614035087719296,6.445763421338139,borderline,19.20890873203182,inside,True
herg_blockade,CZEDAPGUDUPBHW-UHFFFAOYSA-N,8971,0.3901691316403503,0.37209302325581395,1.6831459604447947,inside,12.526870399500758,inside,True
herg_blockade,ICGMZCVSHDKQTE-UHFFFAOYSA-N,8971,0.6810682667715915,0.6029411764705882,1.286899246751564,inside,11.550997774379328,inside,True
herg_blockade,PAYUNELULSPXRL-UHFFFAOYSA-N,8971,0.5057001428544694,0.38461538461538464,3.343616042554066,inside,10.97273822345061,inside,True
herg_blockade,VMKVDAAFMQKZJS-LFIBNONCSA-N,8971,0.6407671232876712,0.6133333333333333,1.9038726089220293,inside,28.870147429884447,borderline,True
herg_blockade,ZCGGXOWJUQLYTA-WMZOPIPTSA-N,8971,0.44133626297184414,0.4090909090909091,2.868787755016467,inside,14.269699859772762,inside,True
herg_blockade,VYLABSMQLHGDJB-MHZLTWQESA-N,8971,0.43185176645253864,0.32,4.145830789186667,inside,11.924494564929173,inside,True
herg_blockade,BMLUECIKNCZOMW-RHNCMZPLSA-N,8971,0.7563782696177062,0.7464788732394366,2.1094417023972443,inside,21.104476562161345,inside,True
herg_blockade,NMYGSMGORGHTCL-QHCPKHFHSA-N,8971,0.33304212625753526,0.3106796116504854,6.411923437153444,borderline,12.09570404122137,inside,True
herg_blockade,MQAYCYSVHQWNLG-IKPAITLHSA-N,8971,0.5192322363768411,0.4722222222222222,3.0915086490297354,inside,11.299720381803835,inside,True
herg_blockade,LHROVEQUEJTMFN-CTNGQTDRSA-N,8971,0.5390533260459065,0.5056179775280899,2.3142499884776324,inside,17.818818253517204,inside,True
herg_blockade,QRLQBEGHUYUGEC-UHFFFAOYSA-N,8971,0.5597484020127839,0.39473684210526316,4.434027198863872,inside,11.18767353401131,inside,True
herg_blockade,KMUOWVJTLAOVPK-PZJWPPBQSA-N,8971,0.4098841733999821,0.3707865168539326,2.4626665307782516,inside,12.180712851011377,inside,True
herg_blockade,UBUZPRWNQWEPLH-KBXCAEBGSA-N,8971,0.32308896422847255,0.26666666666666666,1.3661255838943,inside,12.295034373940005,inside,True
herg_blockade,BZZOYRXQTHGWNC-UHFFFAOYSA-N,8971,0.5867971845980955,0.5344827586206896,2.8733669965843096,inside,12.421831231393757,inside,True
herg_blockade,DLXYCZXEBQOCAR-SOAUALDESA-N,8971,0.5945491866103031,0.3176470588235294,5.122870466838281,inside,13.790845452342266,inside,True
herg_blockade,WCKJSDUJHUSOFY-SFHVURJKSA-N,8971,0.7514079147640791,0.7397260273972602,2.6797918612733307,inside,11.149899824445749,inside,True
herg_blockade,VIQAUCPQTICPGJ-PWOUQQLPSA-N,8971,0.7567500231545801,0.7377049180327869,3.1101124090674097,inside,27.203855573038258,borderline,True
herg_blockade,YLYLACPJBIYCIG-UHFFFAOYSA-N,8971,0.7764556489262372,0.5686274509803921,4.937877793367821,inside,11.818484594434576,inside,True
herg_blockade,HZNTWQAMIOKCMC-JTSKRJEESA-N,8971,0.5961195966856344,0.5,3.569545505836463,inside,18.980876597227805,inside,True
herg_blockade,IOTQMKWKQPFOSC-UHFFFAOYSA-N,8971,0.65797491293649,0.5609756097560976,2.6589343567457746,inside,16.886956839855777,inside,True
herg_blockade,NSHMANQZSCXBCX-AWEZNQCLSA-N,8971,0.6495184935722546,0.5434782608695652,2.5511649948519852,inside,11.805663184285526,inside,True
herg_blockade,GZIJLFNNAVWXNH-QFIPXVFZSA-N,8971,0.36961017783189476,0.2912621359223301,3.3284540184237743,inside,11.887863087244746,inside,True
herg_blockade,KKCWWVHNSBBMSH-UHFFFAOYSA-N,8971,0.2505050505050505,0.23595505617977527,2.697741127984863,inside,15.180162252305596,inside,True
herg_blockade,BCFDOHOQDUCYBU-UHFFFAOYSA-N,8971,0.5520409918648986,0.5081967213114754,3.041873001952887,inside,10.663460289979396,inside,True
herg_blockade,HRZRYVPXWIYFIB-UHFFFAOYSA-N,8971,0.7878278122843339,0.7222222222222222,4.002695076738686,inside,14.230028221554749,inside,True
herg_blockade,YERUGZMUTOOIMT-NHRRVRGUSA-N,8971,0.8029820922614335,0.7872340425531915,4.454473579305929,inside,25.08323783731107,borderline,True
herg_blockade,WPLIOUGEFJMVJY-UHFFFAOYSA-N,8971,0.6852564102564103,0.6282051282051282,2.957907210844433,inside,15.104286119204849,inside,True
herg_blockade,LYYAOAAEQUTERQ-GOSISDBHSA-N,8971,0.7007841337759327,0.6075949367088608,1.243190092737861,inside,14.583219390449651,inside,True
herg_blockade,GQLRKTKPJZISGL-UHFFFAOYSA-N,8971,0.6990451664116077,0.6463414634146342,5.034832662590577,inside,13.089511262401691,inside,True
herg_blockade,ACZXUEYRPYGYKP-OPVJXMOQSA-N,8971,0.6844882240287774,0.6666666666666666,2.103001401764902,inside,20.15917762754293,inside,True
herg_blockade,YHXISWVBGDMDLQ-UHFFFAOYSA-N,8971,0.39802235503783934,0.37735849056603776,5.87348517003905,inside,9.693935071162363,inside,True
herg_blockade,JIHJKNMBUYNINN-UHFFFAOYSA-N,8971,0.48892399180104873,0.3770491803278688,3.4918058834282295,inside,15.335866139725052,inside,True
herg_blockade,UHGHALWOVVUXKD-UHFFFAOYSA-N,8971,0.3508735150244584,0.3333333333333333,5.140519848906492,inside,14.898585390545659,inside,True
herg_blockade,OIMRVAOKBZRYOZ-NYYWCZLTSA-N,8971,0.3136845654775484,0.25555555555555554,2.3853848372016553,inside,11.655261484549113,inside,True
herg_blockade,QZAVQVPYZPNEQB-UHFFFAOYSA-N,8971,0.5666126948403767,0.4791666666666667,7.945655643600815,borderline,11.316410753582176,inside,True
herg_blockade,PWZJJDJNMPHXPO-OQIWPSSASA-N,8971,0.7432655509024588,0.6986301369863014,1.7623127683955015,inside,15.030199405981925,inside,True
herg_blockade,BEWXCKHNNXXEFC-UHFFFAOYSA-N,8971,0.6290580313980632,0.5694444444444444,2.5994475858442505,inside,13.588465375589706,inside,True
herg_blockade,AHSRGBXUKPJFAB-RUZDIDTESA-N,8971,0.5475050570940982,0.37037037037037035,1.9247243478940645,inside,11.381444137817379,inside,True
herg_blockade,ZNLCRBCFRLCIFE-UHFFFAOYSA-N,8971,0.8068654303208079,0.7142857142857143,2.8058504599331195,inside,11.603492686881784,inside,True
herg_blockade,OBNKFNGNJOPUNY-SAIGFBBZSA-N,8971,0.7673477711432565,0.7272727272727273,2.445561565246579,inside,18.29391990683712,inside,True
herg_blockade,XBMIVRRWGCYBTQ-XMSQKQJNSA-N,8971,0.32233781414377555,0.3,4.377108945477737,inside,10.930676922649859,inside,True
herg_blockade,QOTDZEUUPREESE-MUJYYYPQSA-N,8971,0.38415480858394957,0.30303030303030304,2.465614508736726,inside,12.338956855195367,inside,True
herg_blockade,QCTIKCLKJVJKPA-UHFFFAOYSA-N,8971,0.6705471104618259,0.6210526315789474,4.86921579987654,inside,20.027559633107575,inside,True
herg_blockade,ODIJMXCJWMOZFJ-PGRDOPGGSA-N,8971,0.6850931032437881,0.6623376623376623,2.7381421879195944,inside,17.76765765144885,inside,True
herg_blockade,OLHRLKFUMOQGCV-PMACEKPBSA-N,8971,0.6867492394611039,0.6153846153846154,2.582066560054871,inside,11.845421064846235,inside,True
herg_blockade,IADBDKSADXUIBX-UHFFFAOYSA-N,8971,0.33371974842548097,0.32098765432098764,2.485788200392832,inside,11.33690313234252,inside,True
herg_blockade,WIQRCHMSJFFONW-UHFFFAOYSA-N,8971,0.29487082066869297,0.28125,5.27415805857417,inside,12.083115421179546,inside,True
herg_blockade,JIAYOIBUKDISBO-OXEWVQNLSA-N,8971,0.6190469598920304,0.527027027027027,2.182071337906996,inside,12.035855888543875,inside,True
herg_blockade,YHGLBPUDIFJMHI-UHFFFAOYSA-N,8971,0.6105127385449965,0.5135135135135135,5.6090122465157695,inside,23.880706075833302,inside,True
herg_blockade,QZUKGDYPSXQBSQ-FCHUYYIVSA-N,8971,0.6422725654716502,0.5789473684210527,3.3355574024636536,inside,12.236738575212136,inside,True
herg_blockade,LRXGBYNAHIRXGB-UHFFFAOYSA-N,8971,0.6563769388352355,0.6,1.2656164174740405,inside,13.764298511254935,inside,True
herg_blockade,XNBYYJPLEOIBSP-UHFFFAOYSA-N,8971,0.817543153636066,0.7702702702702703,2.211710433362982,inside,13.1821727878819,inside,True
herg_blockade,BMOBPUAXMGRSJZ-OAHLLOKOSA-N,8971,0.6806662075189399,0.6341463414634146,2.8945354708289646,inside,11.183843086504892,inside,True
herg_blockade,XBIPCIFARHCNNE-UHFFFAOYSA-N,8971,0.72056881868674,0.6708860759493671,2.5864440200855787,inside,17.351895620581992,inside,True
herg_blockade,GLWBJILVHXSPHS-UHFFFAOYSA-N,8971,0.6880089211505075,0.6578947368421053,2.064452156369334,inside,12.656103953257736,inside,True
herg_blockade,VLXAEAXVQDCEEW-UHFFFAOYSA-N,8971,0.7078198603385016,0.7,3.964561794783328,inside,29.965206386366965,outside,True
herg_blockade,PPHVBIYZGFXZSA-GFMRDNFCSA-N,8971,0.5590239986336296,0.5316455696202531,2.324152408510695,inside,12.617777423479533,inside,True
herg_blockade,MNODGVITNFISIZ-UHFFFAOYSA-N,8971,0.6539194124627791,0.5645161290322581,4.614436238100283,inside,11.34508239162145,inside,True
herg_blockade,LZYXXAWRBSUKEJ-INIZCTEOSA-N,8971,0.6727493053411546,0.6463414634146342,3.8506825818503976,inside,20.129433776005474,inside,True
herg_blockade,FADBATKBLUKKLI-UHFFFAOYSA-N,8971,0.6057618092682162,0.5483870967741935,3.2659802613356237,inside,20.940015782753097,inside,True
herg_blockade,WAFZISBSKUIZLT-UHFFFAOYSA-N,8971,0.15533168561391292,0.13513513513513514,5.549005648154002,inside,9.87604998542332,inside,True
herg_blockade,WYRUGBCTQBZIHO-KRWDZBQOSA-N,8971,0.7292481203007519,0.65,2.855287371047508,inside,20.96753097171833,inside,True
herg_blockade,DLONTNINHYMHFB-CYBMUJFWSA-N,8971,0.47949149964844634,0.45977011494252873,2.6265956856497286,inside,11.044482179723488,inside,True
herg_blockade,XNXUDGXKTVZKLB-GOSISDBHSA-N,8971,0.5285938298411847,0.4642857142857143,2.4536234142223727,inside,12.936863017063564,inside,True
herg_blockade,AUTMMRXGMHRYPS-OSBDVLARSA-N,8971,0.2832398777692896,0.24285714285714285,4.054733285958493,inside,11.329491944915668,inside,True
herg_blockade,CJSJNSBZZGUXSR-SNVBAGLBSA-N,8971,0.4108963370611651,0.37142857142857144,5.266817697970725,inside,10.57733321356724,inside,True
herg_blockade,SUQZCEUKWPKXEE-UHFFFAOYSA-N,8971,0.24076798047636525,0.23255813953488372,2.7841557797937515,inside,15.13523411947384,inside,True
herg_blockade,LRRPBUZCJGWMNN-FKHAVUOCSA-N,8971,0.7670348514729446,0.71875,3.3998256876843533,inside,31.768904299010416,outside,True
herg_blockade,XEAVDDGTTWTWSB-UHFFFAOYSA-N,8971,0.2444347175133202,0.22666666666666666,3.5993986115829637,inside,11.256993192010516,inside,True
herg_blockade,STCUWCYDLVMFEY-UHFFFAOYSA-N,8971,0.6545621045621045,0.6346153846153846,3.318626321180625,inside,19.408384276986425,inside,True
herg_blockade,CGYKRSBZMBLFJC-PBHICJAKSA-N,8971,0.35789372350117915,0.2972972972972973,2.741665667823363,inside,12.238090162768216,inside,True
herg_blockade,JWGSDBMJBSBRAV-BUHFOSPRSA-N,8971,0.5527587951954149,0.5064935064935064,2.2506869646211265,inside,13.006176988205398,inside,True
herg_blockade,UJROOJDBGFVVCM-PGWJBFNOSA-N,8971,0.7448464173669102,0.7108433734939759,3.355008355991181,inside,16.144572348076476,inside,True
herg_blockade,XMHSFTLIAYTIQQ-ZDUSSCGKSA-N,8971,0.5256262196994463,0.4342105263157895,1.9389808485046862,inside,14.09475617395252,inside,True
herg_blockade,XOVVMEVNXYGYEG-UHFFFAOYSA-N,8971,0.2924497174651973,0.2727272727272727,3.3024616157819935,inside,11.26505716030806,inside,True
herg_blockade,ODKRBJGIPOQDPJ-OAHLLOKOSA-N,8971,0.45185775960276875,0.4318181818181818,2.4335857560583554,inside,10.593915138767821,inside,True
herg_blockade,KPSCTAUZOJQHBV-GWQXNCQPSA-N,8971,0.7021567431237392,0.6619718309859155,2.7437398694178845,inside,21.934149198165198,inside,True
herg_blockade,RNJUEBJYAQKYPA-WNLQSZPLSA-N,8971,0.6219533275713051,0.6067415730337079,2.746389597706857,inside,22.523116961922884,inside,True
herg_blockade,SGTNSNPWRIOYBX-HHHXNRCGSA-N,8971,0.460834114438761,0.39436619718309857,4.125409036394557,inside,16.545320995903936,inside,True
herg_blockade,LSHDMKHXFDYKLP-CQSZACIVSA-N,8971,0.45740732675886403,0.42696629213483145,2.3709127002137986,inside,10.99783666926906,inside,True
herg_blockade,HOPDHEHFNMVVFR-UHFFFAOYSA-N,8971,0.6231042723086787,0.5476190476190477,2.9641977269344038,inside,11.398622764440677,inside,True
herg_blockade,LYLLLJJYBWLGHW-CIZVZKTGSA-N,8971,0.35814482615188464,0.2549019607843137,5.598162134955022,inside,10.77521699157445,inside,True
herg_blockade,OFNLJMKINPWAFW-UHFFFAOYSA-N,8971,0.33737317958315727,0.3176470588235294,3.2639931413153542,inside,14.788275656523519,inside,True
herg_blockade,SEQPRQVDYIFAIS-UHFFFAOYSA-N,8971,0.42434243176178665,0.35,3.575909802551458,inside,10.99138759545558,inside,True
herg_blockade,XMHSFTLIAYTIQQ-UHFFFAOYSA-N,8971,0.5256262196994463,0.4342105263157895,1.9389808485046862,inside,13.917778387630522,inside,True
herg_blockade,PHWDAICGTWFRGW-UHFFFAOYSA-N,8971,0.6600656859391036,0.64,1.902838175251199,inside,11.676542672397254,inside,True
herg_blockade,BRHJRCGJFSUKGB-UHFFFAOYSA-N,8971,0.391,0.3333333333333333,3.5398907729760345,inside,15.19870129624858,inside,True
herg_blockade,ZUBZEOWJXKKPSY-NQIIRXRSSA-N,8971,0.7462023288110246,0.6756756756756757,2.129772517061235,inside,20.878417829579405,inside,True
herg_blockade,KLPJBSUBJNVPFZ-YGRLFVJLSA-N,8971,0.6491141722127638,0.49295774647887325,3.2129992897970223,inside,11.570690119773376,inside,True
herg_blockade,OZKZPUAEFNLTGL-UHFFFAOYSA-N,8971,0.6871187025534852,0.6,3.111884511093031,inside,10.29478117281377,inside,True
herg_blockade,MQYKOKBVZHWQOH-GFCCVEGCSA-N,8971,0.36990820424555365,0.3614457831325301,2.5343768959305146,inside,10.706009129344856,inside,True
herg_blockade,CNHLUIVXXBPRHX-SFHVURJKSA-N,8971,0.667078946878086,0.5975609756097561,2.7772777290940436,inside,10.310430850706105,inside,True
herg_blockade,ZMAHAONSAMATES-FJIDUMEYSA-N,8971,0.4718732087218716,0.43283582089552236,3.1441063583445863,inside,13.090546521486832,inside,True
herg_blockade,KRDDFKSJWNNSAT-UHFFFAOYSA-N,8971,0.3352963891379615,0.26373626373626374,2.1758576999890393,inside,11.477049671975314,inside,True
herg_blockade,DZNKRRCJQVRIHF-HPFZXNJXSA-N,8971,0.5658110666947191,0.5567010309278351,3.0287274855754687,inside,22.1378696687495,inside,True
herg_blockade,UDDLGZQDALRQID-UHFFFAOYSA-N,8971,0.8167058134825964,0.7804878048780488,5.811880821158118,inside,12.83365802963945,inside,True
herg_blockade,FWKBFPQWMNWVEP-UHFFFAOYSA-N,8971,0.7192784890153311,0.6973684210526315,1.9727826606085086,inside,12.519244780080243,inside,True
herg_blockade,DNJDUXGUNICGRU-CQSZACIVSA-N,8971,0.4497214502756,0.30337078651685395,3.441939506828023,inside,11.247101080300423,inside,True
herg_blockade,AXIFLPLKZRNVDP-INIZCTEOSA-N,8971,0.5222676797194622,0.5084745762711864,4.09083366499674,inside,14.642339360979184,inside,True
herg_blockade,XSJFHFJEAPYHDH-UHFFFAOYSA-N,8971,0.4861911465531775,0.3770491803278688,2.271241140101369,inside,14.376944527817754,inside,True
herg_blockade,ZBUMCITULAAXBQ-UHFFFAOYSA-N,8971,0.7906773916773917,0.7333333333333333,3.3033817129358507,inside,18.552034168366504,inside,True
herg_blockade,VYLNAVUTPJRLHH-UHFFFAOYSA-N,8971,0.6383991586930683,0.5802469135802469,2.3367515651036235,inside,11.911499413188986,inside,True
herg_blockade,WCTZPQWLFWZYJE-UHFFFAOYSA-N,8971,0.29704031953110227,0.26666666666666666,7.302767885822946,borderline,10.013136546843475,inside,True
herg_blockade,YRLVAGKNAGMCLM-KSZLIROESA-N,8971,0.49026628429613506,0.3068181818181818,3.700679975289533,inside,10.598576682085985,inside,True
herg_blockade,CTAOATNVUQNVBF-HXUWFJFHSA-N,8971,0.45744937195590885,0.2553191489361702,3.003964295403531,inside,14.672204799820149,inside,True
herg_blockade,XQACARRZCTWBNC-UHFFFAOYSA-N,8971,0.5672268550690688,0.5185185185185185,3.773721937386647,inside,10.349426463259519,inside,True
herg_blockade,PVQZLFGKXHAYPL-FHZYATBESA-N,8971,0.5560784192295729,0.38461538461538464,2.5574032631254613,inside,13.552283050997096,inside,True
herg_blockade,NANVTFZFOLWGPW-UHFFFAOYSA-N,8971,0.7081844712155025,0.6530612244897959,4.624770118546123,inside,18.615787975387704,inside,True
herg_blockade,UAEARXVVDWXLHE-UHFFFAOYSA-N,8971,0.41938707609428416,0.39759036144578314,1.5362889151371937,inside,11.381781083495168,inside,True
herg_blockade,GDAGKQMCMNZJDE-UHFFFAOYSA-N,8971,0.4476703145026127,0.3888888888888889,4.952516513340665,inside,18.25938322475905,inside,True
herg_blockade,UFXCEAJTAFSFJV-NRFANRHFSA-N,8971,0.332117280388246,0.22916666666666666,2.8364532746143367,inside,10.63833866356122,inside,True
herg_blockade,KWOVTHWLRKOCTM-UHFFFAOYSA-N,8971,0.7524156250827424,0.6865671641791045,4.166140482803483,inside,24.992096811503295,borderline,True
herg_blockade,XUBSUXYAIPDFRU-UHFFFAOYSA-N,8971,0.7496289776058452,0.7205882352941176,2.635567584013465,inside,12.92386315079397,inside,True
herg_blockade,AUMMEWJHZYQLQC-UHFFFAOYSA-N,8971,0.502572960821583,0.29577464788732394,2.719216624701897,inside,10.986989028528749,inside,True
herg_blockade,USSIQXCVUWKGNF-QGZVFWFLSA-N,8971,0.3713863355372789,0.35185185185185186,5.180711845289023,inside,15.349497759048505,inside,True
herg_blockade,BPSOBLSKOWSARC-UHFFFAOYSA-N,8971,0.34068888795600516,0.32142857142857145,2.318269716501171,inside,11.502322587575211,inside,True
herg_blockade,WFOBNYAVMIYRCG-UHFFFAOYSA-N,8971,0.2912352894590956,0.2777777777777778,2.5159401556826055,inside,10.096563093904537,inside,True
herg_blockade,SXVSUPYHNNTUMY-FTJBHMTQSA-N,8971,0.6960994001969022,0.5824175824175825,4.827464754550445,inside,12.465855025208219,inside,True
herg_blockade,MYTRTEZPNKENOK-UHFFFAOYSA-N,8971,0.2846118052120725,0.27631578947368424,2.218693446430962,inside,9.668556632787078,inside,True
herg_blockade,RLYMZSRJLRBKEY-DABQJJPHSA-N,8971,0.7067354727732086,0.6923076923076923,5.438794175624191,inside,18.393376680342616,inside,True
herg_blockade,ARCCMXIHDKFBOJ-UHFFFAOYSA-N,8971,0.7759036144578313,0.7590361445783133,5.833286427614507,inside,12.712274346434024,inside,True
herg_blockade,QHCMTLXVYCXROC-UHFFFAOYSA-N,8971,0.7160405929546783,0.7068965517241379,3.50590000518924,inside,18.235583577995925,inside,True
herg_blockade,MJSSERWIBBMXQD-UHFFFAOYSA-N,8971,0.3143569601753745,0.23529411764705882,4.9526092840784255,inside,10.047956410562076,inside,True
herg_blockade,FVSIYTJTQCCANT-LVVZLTOESA-N,8971,0.7284868886147611,0.6875,2.609267741213773,inside,15.446748772097424,inside,True
herg_blockade,DYLGFOYVTXJFJP-MFKUBSTISA-N,8971,0.3532457304172227,0.3287671232876712,5.650927677129244,inside,13.712453893073222,inside,True
herg_blockade,XONVFTCAGXZIPY-UHFFFAOYSA-N,8971,0.25643924033155685,0.22988505747126436,3.1462690077516853,inside,10.86942328295622,inside,True
herg_blockade,KHPZRFSKOJGJEJ-YYHAPLCHSA-N,8971,0.18108495145631068,0.17708333333333334,6.2786538680435005,inside,12.710669874964168,inside,True
herg_blockade,RYMZCHJPSKPZRX-UHFFFAOYSA-N,8971,0.6108969471754861,0.6049382716049383,2.4555801851167476,inside,12.209394210456212,inside,True
herg_blockade,HZNTWQAMIOKCMC-UHFFFAOYSA-N,8971,0.6005546177959971,0.4909090909090909,3.569545505836463,inside,22.251413580878435,inside,True
herg_blockade,XCSCLYXZRRLYSC-UHFFFAOYSA-N,8971,0.43780970965943933,0.3235294117647059,3.198644849290359,inside,14.67124560831553,inside,True
herg_blockade,QLZIXVQVKSLLGB-UHFFFAOYSA-N,8971,0.880796244903553,0.7037037037037037,3.5166059304766963,inside,16.590029456759712,inside,True
herg_blockade,OSWRMNQCTUFSFD-UHFFFAOYSA-N,8971,0.6884869174458215,0.6296296296296297,2.940177374976669,inside,13.570395952846113,inside,True
herg_blockade,COVZSEBDZICBKI-UHFFFAOYSA-N,8971,0.7114942528735633,0.6349206349206349,1.8254994962070457,inside,13.419695789581066,inside,True
herg_blockade,GMJXFEMNNKZIHB-QFIPXVFZSA-N,8971,0.7680496328374511,0.7027027027027027,1.5507512171902753,inside,14.170250451756669,inside,True
herg_blockade,FHIRATRLDJRXHH-PMACEKPBSA-N,8971,0.6523247635217075,0.5967741935483871,3.3486676717889448,inside,12.72592404514793,inside,True
herg_blockade,RLDCTYNUILGEQM-UHFFFAOYSA-N,8971,0.5518644367328578,0.44642857142857145,3.8070566678308877,inside,10.245495707990568,inside,True
herg_blockade,QLWUWVNGTYIEIX-UHFFFAOYSA-N,8971,0.6635114057890587,0.6301369863013698,2.15078585051314,inside,19.797013354341274,inside,True
herg_blockade,DAUSNPVLXKKGNQ-WOJBJXKFSA-N,8971,0.7225597147950088,0.6545454545454545,4.281749008842095,inside,24.313656578637982,borderline,True
herg_blockade,PZFVISYBXMCPDS-KRWDZBQOSA-N,8971,0.4031730069664271,0.375,4.917688362202317,inside,10.116112377387626,inside,True
herg_blockade,XMLJHUDPEAJQOK-UHFFFAOYSA-N,8971,0.3005555555555556,0.2916666666666667,2.9705596755717805,inside,14.53078136793876,inside,True
herg_blockade,RLDCTYNUILGEQM-UAPYVXQJSA-N,8971,0.5518644367328578,0.44642857142857145,3.8070566678308877,inside,10.974043539338467,inside,True
herg_blockade,UPKQNCPKPOLASS-UHFFFAOYSA-N,8971,0.5974595188180094,0.38095238095238093,3.7148879108368353,inside,12.927559654572182,inside,True
herg_blockade,PRUISXHHETXRED-UHFFFAOYSA-N,8971,0.39212795033933245,0.38271604938271603,2.496866384729371,inside,10.65674333259551,inside,True
herg_blockade,OEVJSSULLRZFHY-UHFFFAOYSA-N,8971,0.5686769937102273,0.35802469135802467,2.228607621919575,inside,14.234356369121675,inside,True
herg_blockade,TXNYQEAVYPCWIN-MNEFBYGVSA-N,8971,0.45198561930375014,0.42,3.8167541399753975,inside,13.064752254392928,inside,True
herg_blockade,UBKXEHHBQTWHJR-UHFFFAOYSA-N,8971,0.641219055734137,0.6046511627906976,5.273671808326204,inside,14.52509922277923,inside,True
herg_blockade,HOTTYHVEFWTDND-UHFFFAOYSA-N,8971,0.33073841618608923,0.29411764705882354,3.2772456264300676,inside,11.073244188944024,inside,True
herg_blockade,AOJJSUZBOXZQNB-TZSSRYMLSA-N,8971,0.21217640992797104,0.20869565217391303,8.968953368181115,outside,15.290535873539353,inside,True
herg_blockade,BESRCGRINPRVRC-PKOBYXMFSA-N,8971,0.7428190564763455,0.6764705882352942,2.338944415728977,inside,12.656624019705422,inside,True
herg_blockade,MSRMXMWRFIIIMJ-UHFFFAOYSA-N,8971,0.33661254551892494,0.3088235294117647,2.8822844542909722,inside,10.01401183674889,inside,True
herg_blockade,ZYMQTVWPXPPWAB-IBGZPJMESA-N,8971,0.6595668695520002,0.5490196078431373,5.032216819022803,inside,14.784088979905285,inside,True
herg_blockade,VJZZBIGBOAIJJM-UHFFFAOYSA-N,8971,0.6897464622441467,0.6097560975609756,2.646091712365305,inside,11.101948350121573,inside,True
herg_blockade,KYHYNSQLYDXSNK-SFTVLIKPSA-N,8971,0.2737559840126408,0.25925925925925924,5.515638210448495,inside,9.650395501587832,inside,True
herg_blockade,HCBUNSUWIBHQRV-UHFFFAOYSA-N,8971,0.6738906926406927,0.5584415584415584,2.013048046311284,inside,14.240361686592172,inside,True
herg_blockade,QBOWGZQRUNUQGL-ZDLGFXPLSA-N,8971,0.28283180579484135,0.25510204081632654,3.898302110360094,inside,11.572324238438382,inside,True
herg_blockade,VNEJEACQXCJUFD-QOLIVUAPSA-N,8971,0.40420415389878783,0.35365853658536583,2.6861086160795824,inside,11.671675932541762,inside,True
herg_blockade,YVOIVVWXMHBXQF-UHFFFAOYSA-N,8971,0.7898469151483878,0.7619047619047619,2.0552940176366894,inside,21.76684281894005,inside,True
herg_blockade,ZBQRTZASISFMBS-UHFFFAOYSA-N,8971,0.5959155982186214,0.5222222222222223,5.931887953023846,inside,18.484381996964384,inside,True
herg_blockade,BUDOEDOHAZRHPB-UHFFFAOYSA-N,8971,0.7879123894942135,0.6712328767123288,1.8983032307016399,inside,12.527273601978044,inside,True
herg_blockade,YFKOVEAYCFZGHJ-UHFFFAOYSA-N,8971,0.6177184018167624,0.47619047619047616,3.6184541783374824,inside,11.533315864430051,inside,True
herg_blockade,AUVVAXYIELKVAI-TXQMCKRASA-N,8971,0.28723732407942937,0.28205128205128205,2.2638100361757636,inside,9.669119472087583,inside,True
herg_blockade,GJXBTFZLJZMFBR-TZIWHRDSSA-N,8971,0.7724395094886898,0.7538461538461538,2.973090831311558,inside,34.62862006580214,outside,True
herg_blockade,WPTTVJLTNAWYAO-KPOXMGGZSA-N,8971,0.1989733687957684,0.18811881188118812,4.481342127282474,inside,15.919486176439076,inside,True
herg_blockade,KXHNUWUNTMEVFU-HXUWFJFHSA-N,8971,0.6168556178899797,0.5,2.322738790427508,inside,10.954009473509656,inside,True
herg_blockade,GHZHZIJXYOTTAA-UHFFFAOYSA-N,8971,0.5732844932844933,0.5538461538461539,1.5959457434494104,inside,12.952557789069424,inside,True
herg_blockade,PXZVRKSGUYKVGK-NRFANRHFSA-N,8971,0.3242835139799551,0.23300970873786409,3.644033936573901,inside,10.9227368090388,inside,True
herg_blockade,WIQRCHMSJFFONW-HNNXBMFYSA-N,8971,0.2957636778115501,0.28125,5.27415805857417,inside,12.213830252860507,inside,True
herg_blockade,ZZVUWRFHKOJYTH-UHFFFAOYSA-N,8971,0.35462492315535366,0.3333333333333333,6.108142775777646,inside,14.074042216744916,inside,True
herg_blockade,SHCFFLWIRMAQPN-UHFFFAOYSA-N,8971,0.6524980259097906,0.581081081081081,4.444395582046714,inside,16.483565990466648,inside,True
herg_blockade,HHLWIDWXYQZCBR-UHFFFAOYSA-N,8971,0.36595176500461335,0.3548387096774194,3.121033862155199,inside,11.500843902004384,inside,True
herg_blockade,HYMKTJILLZRYQV-UHFFFAOYSA-N,8971,0.43223380652751653,0.3880597014925373,5.617132333693193,inside,10.308701727249462,inside,True
herg_blockade,GGPDSNHLDADOIF-RPLLCQBOSA-N,8971,0.7061367846719959,0.6666666666666666,3.5850357955026104,inside,17.18717691781285,inside,True
herg_blockade,MEBYDATXPNEUSM-SZPZYZBQSA-N,8971,0.31634593097726077,0.30864197530864196,2.257036360578096,inside,10.704958002710427,inside,True
herg_blockade,WDEOCFLEVBXBHE-UHFFFAOYSA-N,8971,0.6550563350306611,0.5844155844155844,3.192290814012793,inside,10.969173675652902,inside,True
herg_blockade,QEIUUWQTMLQILI-PIIMJCKOSA-N,8971,0.518798491712243,0.3020833333333333,2.1736488618165435,inside,11.590074137327765,inside,True
herg_blockade,KJCBAAYRHXGRON-UHFFFAOYSA-N,8971,0.4947267038046019,0.40540540540540543,2.161406746287659,inside,10.979298872500236,inside,True
herg_blockade,LPMXVESGRSUGHW-HBYQJFLCSA-N,8971,0.17888429217840981,0.17307692307692307,10.863537944238127,outside,24.658077608212324,borderline,True
herg_blockade,OOSPJTCEPLZEPX-UHFFFAOYSA-N,8971,0.5822928562365182,0.5492957746478874,4.706758578886764,inside,12.698920289430696,inside,True
herg_blockade,UZLABACTMPVNHT-UHFFFAOYSA-N,8971,0.43355521420037546,0.4032258064516129,2.30037387977513,inside,12.132159448326826,inside,True
herg_blockade,UJIBXDMNCMEJAY-UHFFFAOYSA-N,8971,0.4425027202637037,0.39361702127659576,2.013677762403126,inside,13.165361596609186,inside,True
herg_blockade,DIKDHUPJACSGDO-KRWDZBQOSA-N,8971,0.6576538990574079,0.5833333333333334,2.9919646445969312,inside,11.626786012151541,inside,True
herg_blockade,VVTNGPQJVGKJLG-UHFFFAOYSA-N,8971,0.641490795142969,0.618421052631579,2.5066739683297694,inside,17.779689953009594,inside,True
herg_blockade,VTANGSDRFFLTSQ-UHFFFAOYSA-N,8971,0.5557977207977208,0.3076923076923077,3.0192397344082815,inside,12.170625532618885,inside,True
herg_blockade,WWJUMKBYECETBC-UHFFFAOYSA-N,8971,0.6663979416809606,0.625,3.6391284976023153,inside,10.510169325371644,inside,True
herg_blockade,JVIJZLPTVSWJDD-UHFFFAOYSA-N,8971,0.7908442327456413,0.7402597402597403,3.4260551533632286,inside,14.48332965358846,inside,True
herg_blockade,YKYRALGUUUMXIK-UHFFFAOYSA-N,8971,0.6813944368533431,0.5636363636363636,1.7356837908628844,inside,10.00086408894935,inside,True
herg_blockade,PAFDEAYHVWIWMO-UHFFFAOYSA-N,8971,0.6124895671302475,0.5058823529411764,7.718508089409338,borderline,13.377025383421572,inside,True
herg_blockade,APXCHRRPLFZFMP-NCHVAJSOSA-N,8971,0.6319288242592321,0.5735294117647058,2.867004013045629,inside,10.942679667112861,inside,True
herg_blockade,RYSJYSNSALLKRM-MRXNPFEDSA-N,8971,0.704897601645569,0.6463414634146342,3.799693556173748,inside,11.086044035062052,inside,True
herg_blockade,IWFOFMOHDIUVDV-UHFFFAOYSA-N,8971,0.2966813509994616,0.2676056338028169,4.1315537469185974,inside,12.751199522065788,inside,True
herg_blockade,AJRJPORIQGYFMT-UHFFFAOYSA-N,8971,0.2498209718670077,0.23333333333333334,6.012186219966417,inside,9.846217607192752,inside,True
herg_blockade,ZUJPXZIUFHGAJI-FQEVSTJZSA-N,8971,0.7336556967617123,0.6753246753246753,1.7222815706617198,inside,14.025268743098861,inside,True
herg_blockade,GXUZUPUMLJASRP-UHFFFAOYSA-N,8971,0.7919930989118718,0.684931506849315,1.5983317057254365,inside,11.502506533437106,inside,True
herg_blockade,PMFZSFXXKBALEZ-UHFFFAOYSA-N,8971,0.42805353687706627,0.35185185185185186,3.8803669215148138,inside,16.243943949013087,inside,True
herg_blockade,DZQFDSBQRPUTFZ-UHFFFAOYSA-N,8971,0.783069836014431,0.7640449438202247,6.267252624797237,inside,25.958399811080767,borderline,True
herg_blockade,HBGLVJABBICLQC-RUZDIDTESA-N,8971,0.46046954141634605,0.4492753623188406,2.2907070844163258,inside,11.42574796947669,inside,True
herg_blockade,HSUGRBWQSSZJOP-RTWAWAEBSA-N,8971,0.2728383387093542,0.2631578947368421,2.251133691901549,inside,14.162094962206579,inside,True
herg_blockade,CVUXESFCUHCXHB-UHFFFAOYSA-N,8971,0.6827173124066999,0.5901639344262295,2.4114940149393065,inside,14.46586974195837,inside,True
herg_blockade,VIEHHRQCEMIKCL-UHFFFAOYSA-N,8971,0.6115145631736393,0.5172413793103449,3.9617006911165147,inside,14.525616072230159,inside,True
herg_blockade,ZNGNLXZBVWXEKM-UHFFFAOYSA-N,8971,0.5447460747526132,0.4811320754716981,5.528149811815001,inside,15.693061038455223,inside,True
herg_blockade,MGDUSVURWJQDOM-SANMLTNESA-N,8971,0.424598247219215,0.3918918918918919,3.8276746235971357,inside,19.070224951358142,inside,True
herg_blockade,XSIJYOFJNDFHGL-UHFFFAOYSA-N,8971,0.43730424566622095,0.2988505747126437,1.565915275720404,inside,12.217758666864961,inside,True
herg_blockade,KDDZVJQCAMDQTB-FQEVSTJZSA-N,8971,0.6540338400597484,0.6164383561643836,1.893591130131282,inside,15.656864861651355,inside,True
herg_blockade,RYSJYSNSALLKRM-INIZCTEOSA-N,8971,0.704897601645569,0.6463414634146342,3.799693556173748,inside,10.923508182526035,inside,True
herg_blockade,VEXIRMNIIKRZHJ-UHFFFAOYSA-N,8971,0.6174404287266164,0.5287356321839081,4.55771435403548,inside,19.12464198485988,inside,True
herg_blockade,LBGWPPMYVZTKSF-UHFFFAOYSA-N,8971,0.698561571780468,0.6,2.0823789347734474,inside,16.769500088243152,inside,True
herg_blockade,PSUZWXPLCPNBMO-UHFFFAOYSA-N,8971,0.6142376142376142,0.5636363636363636,2.8904959678407414,inside,12.694202503228118,inside,True
herg_blockade,GTKXPBNPVIGANR-UHFFFAOYSA-N,8971,0.7123291533628592,0.631578947368421,2.2657118824758626,inside,14.49423026963931,inside,True
herg_blockade,XYUMIRJLHXWAGA-QFIPXVFZSA-N,8971,0.6734353687743517,0.625,2.059118177412859,inside,11.265018018967206,inside,True
herg_blockade,PMXSQTYWBDXQET-YGRLFVJLSA-N,8971,0.7255221790920944,0.640625,3.421170608797287,inside,11.650479419798605,inside,True
herg_blockade,MUZLNSIUFMZLMA-UHFFFAOYSA-N,8971,0.7448410735961876,0.6896551724137931,2.334440376273589,inside,15.756932736897385,inside,True
herg_blockade,IWGVFEQPKZLBMA-UHFFFAOYSA-N,8971,0.31239493898759296,0.2345679012345679,3.9720388271476708,inside,11.666927675815108,inside,True
herg_blockade,BMOBPUAXMGRSJZ-HNNXBMFYSA-N,8971,0.6806662075189399,0.6341463414634146,2.8945354708289646,inside,11.228581038516582,inside,True
herg_blockade,BBYDRFMSSSQLBT-UHFFFAOYSA-N,8971,0.5742485163415396,0.3488372093023256,4.123127793515168,inside,13.600317532560876,inside,True
herg_blockade,WUKUWTPQBFXVJN-UHFFFAOYSA-N,8971,0.36485695491914055,0.3561643835616438,2.864872515634604,inside,11.955223348986726,inside,True
herg_blockade,ADFVBEOHHMMWBZ-UHFFFAOYSA-N,8971,0.35729266742628507,0.30612244897959184,1.1828120593353084,inside,9.473760680874225,inside,True
herg_blockade,AEOVORPOZVUOMW-UHFFFAOYSA-N,8971,0.6928121208586608,0.6666666666666666,2.2734240688525484,inside,12.634539867747407,inside,True
herg_blockade,KZXMFJORGLUXJN-UHFFFAOYSA-N,8971,0.4800123237700877,0.4,3.042667156909223,inside,10.985301277588498,inside,True
herg_blockade,HMBDRQWHUAJJFY-NHYWBVRUSA-N,8971,0.27842245937484034,0.21212121212121213,2.302549264199886,inside,12.254357643431316,inside,True
herg_blockade,SSUPLUNANJLTQW-UHFFFAOYSA-N,8971,0.4704305973362766,0.40229885057471265,4.560844838938193,inside,13.253312044467794,inside,True
herg_blockade,PHDDUIXSXSRRQU-UHFFFAOYSA-N,8971,0.7480182841068916,0.6962025316455697,3.6176701083847744,inside,21.95438157066042,inside,True
herg_blockade,QDLSQZUNQXEAFR-UXHICEINSA-N,8971,0.34963715206362267,0.3333333333333333,3.47582947570584,inside,9.666162197628154,inside,True
herg_blockade,LPDWDIUXYGHQGU-UHFFFAOYSA-N,8971,0.6759012534330713,0.6197183098591549,2.841833056186017,inside,14.66011718897174,inside,True
herg_blockade,BASHYZBACCLMHK-UHFFFAOYSA-N,8971,0.5158530710327356,0.41935483870967744,3.219980429840757,inside,11.4572432735891,inside,True
herg_blockade,MIXYMKFBPWKETL-GFCCVEGCSA-N,8971,0.4124013851249623,0.4024390243902439,2.2295603928711962,inside,11.744364652855598,inside,True
herg_blockade,VVCYJFVTVHMTBV-UHFFFAOYSA-N,8971,0.38714295030650836,0.34146341463414637,3.938954587978859,inside,10.967846697230005,inside,True
herg_blockade,HXCDTJYGISYPIQ-UHFFFAOYSA-N,8971,0.7536215966622141,0.735632183908046,5.621438039336788,inside,24.072743719662643,inside,True
herg_blockade,RHKBXXBUIGYJKK-UHFFFAOYSA-N,8971,0.6253669101133653,0.5402298850574713,4.665688427352574,inside,18.850082067755856,inside,True
herg_blockade,NWCMUBVTFZOFKO-VBUUOAMHSA-N,8971,0.5463438556562166,0.5294117647058824,2.873047941237254,inside,22.752039188848503,inside,True
herg_blockade,MQFMYYCALRUDSV-UHFFFAOYSA-N,8971,0.7010591406373872,0.6792452830188679,4.704807784471068,inside,10.567948096492911,inside,True
herg_blockade,DQXQJNGABWAYSC-LJQANCHMSA-N,8971,0.5704945416901939,0.48484848484848486,2.2674533719953818,inside,11.347589067893516,inside,True
herg_blockade,IZQJTFHYUKUPBZ-UHFFFAOYSA-N,8971,0.5820706227329483,0.5538461538461539,3.3893745980796073,inside,24.04240363324278,inside,True
herg_blockade,PYHPYRVGHHVGEC-FYDYYVQNSA-N,8971,0.4816363921429391,0.43529411764705883,2.7018917404743403,inside,10.875449745468513,inside,True
herg_blockade,LWHDRLMMISVIJK-LJHODMEESA-N,8971,0.5191876705054999,0.45348837209302323,2.146829334249129,inside,11.986381955824712,inside,True
herg_blockade,RMQXJQUUIKBXMM-OAHLLOKOSA-N,8971,0.6926386162443496,0.6363636363636364,2.537645718010207,inside,15.340065947972475,inside,True
herg_blockade,OWUIQMLTTIDFOA-UHFFFAOYSA-N,8971,0.6908905114301254,0.6222222222222222,9.9262815657232,outside,11.56110348795917,inside,True
herg_blockade,KFWVYZRFXBKHPC-UHFFFAOYSA-N,8971,0.703349201154384,0.6833333333333333,3.882852145725708,inside,19.03336082807687,inside,True
herg_blockade,XIDSCJTYNIXZGW-UHFFFAOYSA-N,8971,0.35495923402730833,0.2926829268292683,2.464146262560834,inside,9.839178579847871,inside,True
herg_blockade,LLIPALBHLJKSHD-VWLOTQADSA-N,8971,0.5858561499980907,0.5357142857142857,3.752307843812795,inside,15.13889120420422,inside,True
herg_blockade,QYYQCMLJQKNZQZ-UHFFFAOYSA-N,8971,0.6722425483453545,0.6461538461538462,1.64664595225362,inside,18.054883923375385,inside,True
herg_blockade,FMFDMLOLARMKOL-UHFFFAOYSA-N,8971,0.6024169689959165,0.3717948717948718,2.015060447522535,inside,16.49674135878368,inside,True
herg_blockade,GUTYUCQVLRHHTF-MDWZMJQESA-N,8971,0.2979756828606575,0.2602739726027397,2.39037228683441,inside,9.861651148299883,inside,True
herg_blockade,SEXLTEXEWXMLIQ-UHFFFAOYSA-N,8971,0.6863261400637533,0.6119402985074627,3.3442740038147747,inside,12.936099690587342,inside,True
herg_blockade,UJRWZLOYJFZKKG-UHFFFAOYSA-N,8971,0.7486299498776635,0.7191011235955056,3.7806659368561157,inside,16.969594438063158,inside,True
herg_blockade,MSZGDWBPXMYARO-UHFFFAOYSA-N,8971,0.5586676062955133,0.5,3.4312764789299135,inside,10.260774174184904,inside,True
herg_blockade,STVUFIPEQOBZAX-WJOKGBTCSA-N,8971,0.5952594749202271,0.5454545454545454,6.020805428502393,inside,19.691917761681395,inside,True
herg_blockade,ADYZVNMLQOHYDE-BAYWULLTSA-N,8971,0.5755778017060242,0.37719298245614036,5.717094493159721,inside,18.31436758872356,inside,True
herg_blockade,PFWVQEFSAUYDCS-UHFFFAOYSA-N,8971,0.3908983817434521,0.29577464788732394,2.1824798614977676,inside,11.734132738579897,inside,True
herg_blockade,QWNYBZNKNGRQMW-UHFFFAOYSA-N,8971,0.6321967145910807,0.581081081081081,3.1185903972258346,inside,10.289017148045787,inside,True
herg_blockade,NNDBXESVYQQFSH-PJKMFFJWSA-N,8971,0.2572555416198231,0.25,1.336189494932152,inside,12.012140239191393,inside,True
herg_blockade,OAGMVCCGAJTQIV-MBOZVWFJSA-N,8971,0.5116963234085335,0.2803738317757009,2.2692161143672758,inside,16.80111115821197,inside,True
herg_blockade,LXUYAULCTIKKQB-UHFFFAOYSA-N,8971,0.6720666222518321,0.6578947368421053,2.1140419919855526,inside,15.864845770203933,inside,True
herg_blockade,XCPGHVQEEXUHNC-UHFFFAOYSA-N,8971,0.3322666872167307,0.3157894736842105,1.881317207333025,inside,10.458024150639496,inside,True
herg_blockade,MGFCEPMRHAQAGX-UHFFFAOYSA-N,8971,0.5075000000000001,0.4125,3.794246518409619,inside,11.89869643318754,inside,True
herg_blockade,GIIZNNXWQWCKIB-UHFFFAOYSA-N,8971,0.3051153096776752,0.2894736842105263,5.553090687651291,inside,11.868732582904606,inside,True
herg_blockade,IRAYWAXVFOQLKB-CPAHRSPMSA-N,8971,0.3036214625945643,0.29069767441860467,3.316070097659604,inside,10.853727065081545,inside,True
herg_blockade,YHEWTLLIVPRLRS-OAQYLSRUSA-N,8971,0.4412334364241716,0.4084507042253521,2.4966485564707463,inside,12.051359454982405,inside,True
herg_blockade,FGTRDYXFZBKEJR-KRWDZBQOSA-N,8971,0.6921454120109581,0.6470588235294118,4.462871015916945,inside,11.362941528116924,inside,True
herg_blockade,QZJOUUZWBUBKLN-UHFFFAOYSA-N,8971,0.25024865123875023,0.23076923076923078,3.193222382456676,inside,14.183757694928062,inside,True
herg_blockade,UWJWFBNYVTWXCN-UHFFFAOYSA-N,8971,0.6357326918520949,0.6,3.0084019612130035,inside,22.654634879699625,inside,True
herg_blockade,MMMVCRCPRDJPIZ-UHFFFAOYSA-N,8971,0.32330529097970956,0.27906976744186046,6.112834397865608,inside,9.482120657299259,inside,True
herg_blockade,WAFZISBSKUIZLT-FAWQMPIZSA-N,8971,0.1466320483482955,0.1346153846153846,5.549005648154002,inside,11.458013501222904,inside,True
herg_blockade,VNFPBHJOKIVQEB-UHFFFAOYSA-N,8971,0.2687149009474591,0.24,4.44818405749906,inside,10.444482443901064,inside,True
herg_blockade,UORXSNLDCGLILY-VQHVLOKHSA-N,8971,0.6594281667588411,0.6056338028169014,1.895307275799314,inside,12.860724868571454,inside,True
herg_blockade,UKPYAHVTVCYHSG-UHFFFAOYSA-N,8971,0.5921246605457131,0.5844155844155844,2.6777098127465275,inside,21.55092873597374,inside,True
herg_blockade,SRWZVQFYHLGQAA-UHFFFAOYSA-N,8971,0.3419422493601105,0.3068181818181818,5.833216193569075,inside,10.847270703250093,inside,True
herg_blockade,YSQQOGOBORIIMG-OAHLLOKOSA-N,8971,0.7662810710416345,0.7323943661971831,2.3701580853293773,inside,17.939050217052678,inside,True
herg_blockade,RZCBOZFAZHVGKU-VVONHTQRSA-N,8971,0.6968376775110328,0.6712328767123288,2.049801274283472,inside,13.31196805159006,inside,True
herg_blockade,UBKXEHHBQTWHJR-QFIPXVFZSA-N,8971,0.6349647949936961,0.6046511627906976,5.273671808326204,inside,16.35205832069278,inside,True
herg_blockade,FJUYVGXXNUNWDT-UHFFFAOYSA-N,8971,0.20087320782156462,0.19718309859154928,5.280148383017188,inside,13.486899299890549,inside,True
herg_blockade,VHGCDTVCOLNTBX-QGZVFWFLSA-N,8971,0.3331714811528476,0.30434782608695654,5.741077257831488,inside,13.233234076024655,inside,True
herg_blockade,HDXLFCMABRPUOD-UHFFFAOYSA-N,8971,0.49278419701213816,0.390625,2.5876039257557375,inside,10.197331327930723,inside,True
herg_blockade,WZSXQZNHMKLIIQ-UHFFFAOYSA-N,8971,0.5796262622043071,0.5510204081632653,4.935889212885807,inside,15.37152275696561,inside,True
herg_blockade,LKKIXTRVSFNACN-UHFFFAOYSA-N,8971,0.7628323291537751,0.7391304347826086,6.558640653089678,borderline,25.19834335081059,borderline,True
herg_blockade,GENLRMUFBFSRLA-UHFFFAOYSA-N,8971,0.6340636997660101,0.5972222222222222,5.6617734016008,inside,16.76030198709178,inside,True
herg_blockade,TVMSDNWCQAGRCR-UHFFFAOYSA-N,8971,0.5851030999572367,0.5294117647058824,4.455050260100166,inside,24.806694503644596,borderline,True
herg_blockade,VTSMNPQRBXHIOD-UHFFFAOYSA-N,8971,0.8272348744185731,0.7848101265822784,6.1843426873190674,inside,21.598420288810384,inside,True
herg_blockade,XILBJBALCLVHMC-HYFKYTBRSA-N,8971,0.41569835482759243,0.32978723404255317,2.995680141166105,inside,10.579682474504365,inside,True
herg_blockade,STCUWCYDLVMFEY-GQCTYLIASA-N,8971,0.6545621045621044,0.6346153846153846,3.318626321180625,inside,21.12055602266847,inside,True
herg_blockade,TURPRGIRJQCJLP-UHFFFAOYSA-N,8971,0.4104630754113985,0.391304347826087,2.4112521419302193,inside,12.73427763345374,inside,True
herg_blockade,FEVDGOBPECQEPO-UHFFFAOYSA-N,8971,0.7236884468224096,0.6764705882352942,3.1356696876680394,inside,10.324991187717737,inside,True
herg_blockade,LXEBBSCEMHHDNI-UHFFFAOYSA-N,8971,0.7162770562770563,0.7,3.244292980505967,inside,11.628276205650932,inside,True
herg_blockade,SEQPRQVDYIFAIS-SAABIXHNSA-N,8971,0.42434243176178665,0.35,3.575909802551458,inside,12.624219296282531,inside,True
herg_blockade,VJHZHULJJWZPDU-UHFFFAOYSA-M,8971,0.6093846014964737,0.6049382716049383,3.5495093752594293,inside,12.227535894547161,inside,True
herg_blockade,RBHXOMJETACHEF-INIZCTEOSA-N,8971,0.6921321307745052,0.6385542168674698,4.012578434708991,inside,10.83886133303736,inside,True
herg_blockade,NIUDDYDKJLAUNZ-ZKVVCRCRSA-N,8971,0.2920706547645905,0.28205128205128205,3.658477636973293,inside,10.795263852465624,inside,True
herg_blockade,QPXDFWVAPQNHHH-UHFFFAOYSA-N,8971,0.6390222520657304,0.5945945945945946,3.2275594266850756,inside,12.017668269411514,inside,True
herg_blockade,PNDMVZNLSJMDRP-UHFFFAOYSA-N,8971,0.40878255473294123,0.22580645161290322,3.5550348959384857,inside,9.88464252802832,inside,True
herg_blockade,CBAMKUWAFADTHH-UHFFFAOYSA-N,8971,0.3914684892284278,0.33663366336633666,3.7026018506483847,inside,13.081999652799558,inside,True
herg_blockade,NSLNCWBNXXAFCL-TYPHKJRUSA-N,8971,0.4058095378240568,0.2988505747126437,2.676692009949577,inside,10.149532727205756,inside,True
herg_blockade,VMQGBVQYFCUCDZ-UHFFFAOYSA-N,8971,0.4138514330109981,0.38461538461538464,1.5463904472105703,inside,12.797197913109576,inside,True
herg_blockade,QIXQLHIFDXGXNQ-HXUWFJFHSA-N,8971,0.34124598353610347,0.25,5.33634517305903,inside,11.231158451676531,inside,True
herg_blockade,DDLIGBOFAVUZHB-UHFFFAOYSA-N,8971,0.32606315335643143,0.28,4.428222972739462,inside,9.814614205137191,inside,True
herg_blockade,YHWWKRCQPVDEBT-UHFFFAOYSA-N,8971,0.43940914158305466,0.4166666666666667,2.336917441496493,inside,10.85233531966198,inside,True
herg_blockade,MEDCQBUTCWNKGW-CLWVCHIJSA-N,8971,0.2338415441260821,0.22772277227722773,2.225483369976425,inside,12.104346996766498,inside,True
herg_blockade,RTBICRVBMOJALC-KNQAVFIVSA-N,8971,0.37025641025641026,0.3333333333333333,2.2614389008725078,inside,11.695823766892833,inside,True
herg_blockade,YENDMGDQIBLVIY-UHFFFAOYSA-N,8971,0.6499672838280433,0.5568181818181818,2.599007133674339,inside,16.894935694458987,inside,True
herg_blockade,UAFLFKVRPASPTL-CQSZACIVSA-N,8971,0.610927186927187,0.4222222222222222,2.4351257827800623,inside,12.284154698563132,inside,True
herg_blockade,SBASPANLGYDWOU-GFCCVEGCSA-N,8971,0.7286904032893011,0.7183098591549296,3.263333733908675,inside,17.81843509759541,inside,True
herg_blockade,HSUGRBWQSSZJOP-UHFFFAOYSA-N,8971,0.2844084470017817,0.26865671641791045,2.251133691901549,inside,11.535425589493233,inside,True
herg_blockade,ZBGKXIUDBXMCLF-ZSEKCTLFSA-N,8971,0.6918413069494308,0.6666666666666666,2.037365562857304,inside,14.238365974235634,inside,True
herg_blockade,KIHGALWXDRTVFU-UHFFFAOYSA-N,8971,0.25054945054945055,0.25,3.309632692707674,inside,11.231295498951454,inside,True
herg_blockade,MLKYZAOUHNKPGX-CYBMUJFWSA-N,8971,0.7587827047536712,0.7391304347826086,3.0433643695251846,inside,16.410814984934245,inside,True
herg_blockade,HPOUSNSHNPFEKM-AMVUTOCUSA-N,8971,0.36511143177809846,0.33766233766233766,2.4900647415667434,inside,11.611033101062713,inside,True
herg_blockade,IGDZHDGNJOJQBX-UHFFFAOYSA-N,8971,0.7548346630538412,0.6923076923076923,3.2853419050166868,inside,17.31742181437064,inside,True
herg_blockade,YHILGVDMHJDXDW-BZZOAKBMSA-N,8971,0.25529848957084633,0.24742268041237114,1.9953920949970088,inside,10.133724187085509,inside,True
herg_blockade,QFOOZQUUYROMBF-QFIPXVFZSA-N,8971,0.36289154286142233,0.2708333333333333,3.5606005675234944,inside,12.485118212217623,inside,True
herg_blockade,ITFNJBROEOCSOJ-UHFFFAOYSA-N,8971,0.7004688644688645,0.6794871794871795,3.770507193824347,inside,12.856426359277412,inside,True
herg_blockade,LLIPALBHLJKSHD-RUZDIDTESA-N,8971,0.6121206664434256,0.5542168674698795,3.752307843812795,inside,15.810146872515295,inside,True
herg_blockade,GELAFISMURFRCA-UHFFFAOYSA-N,8971,0.30575646697224385,0.2972972972972973,4.992036986259147,inside,10.51960639842977,inside,True
herg_blockade,BFJPAWFOPSWRPQ-VQFNDLOPSA-N,8971,0.4365524583817266,0.275,3.580763649677323,inside,15.225570035075355,inside,True
herg_blockade,IKWARAQMGAFTPX-JGCGQSQUSA-N,8971,0.6135718514461898,0.5476190476190477,5.768009706865111,inside,13.766168088305346,inside,True
herg_blockade,FJEFLHYWSUMBKN-GVWQBGCGSA-N,8971,0.4478815369885082,0.296875,2.751879048594191,inside,14.340099254408576,inside,True
herg_blockade,LAZXHFSAEUPKJW-UHFFFAOYSA-N,8971,0.40342693174830907,0.38571428571428573,2.3846649275856167,inside,12.484966673667596,inside,True
herg_blockade,UTNIKRVBYGTXDR-UHFFFAOYSA-N,8971,0.46903559560605396,0.40384615384615385,3.967054008040953,inside,18.388221788619234,inside,True
herg_blockade,DGXDAZZWYZDTDW-WIOPSUGQSA-N,8971,0.7556477332947921,0.6486486486486487,2.474189242012626,inside,13.298821351413668,inside,True
herg_blockade,ZVQVWCQOAHBIGN-UHFFFAOYSA-N,8971,0.5467236580166658,0.5283018867924528,3.2755800167015474,inside,12.60103271917698,inside,True
herg_blockade,DSRZHYGLARQICV-UHFFFAOYSA-N,8971,0.7237207345624818,0.6567164179104478,1.4138453148021228,inside,13.645215004355839,inside,True
herg_blockade,XRZMHKTZJWSXPQ-GOSISDBHSA-N,8971,0.5012393360479018,0.4626865671641791,2.2632252195648204,inside,12.803543960947755,inside,True
herg_blockade,MKDLXJCYMYXNFZ-UHFFFAOYSA-N,8971,0.6447235018194821,0.5961538461538461,3.6755837645065443,inside,11.180479858303958,inside,True
herg_blockade,HPFQZAZYDYBLPR-UHFFFAOYSA-N,8971,0.659527186371055,0.5783132530120482,3.742638833873485,inside,11.349141812616725,inside,True
herg_blockade,OMDQMYACEIXKDK-UHFFFAOYSA-N,8971,0.6721422663358146,0.6612903225806451,3.854969597318005,inside,9.771721373862288,inside,True
herg_blockade,ZUBZEOWJXKKPSY-GHTZIAJQSA-N,8971,0.7462023288110243,0.6756756756756757,2.129772517061235,inside,17.033502225758767,inside,True
herg_blockade,OEMCDHMYVREMSY-UHFFFAOYSA-N,8971,0.4061426429642322,0.37142857142857144,1.937532671761176,inside,10.347923030414242,inside,True
herg_blockade,FEGHNCJTPWNNJZ-UHFFFAOYSA-N,8971,0.7777773270227633,0.5862068965517241,8.094699071297411,borderline,12.093846348298978,inside,True
herg_blockade,GGFQOAKBKNUHNP-UHFFFAOYSA-N,8971,0.6228147202937119,0.5384615384615384,4.66749013771448,inside,15.851736339502136,inside,True
herg_blockade,UWWSISYOFNGXQB-HZPDHXFCSA-N,8971,0.6202793352038445,0.6027397260273972,2.7458757697844853,inside,17.196742352137086,inside,True
herg_blockade,NLNRKGPNHIQIDK-UHFFFAOYSA-N,8971,0.6944700460829493,0.6666666666666666,1.8452123826486588,inside,11.491654799518006,inside,True
herg_blockade,XUEDXKOJFFAPRP-DICHSLLOSA-N,8971,0.6463063532212467,0.5204081632653061,6.425578034478466,borderline,21.208628002898937,inside,True
herg_blockade,WNEODWDFDXWOLU-QHCPKHFHSA-N,8971,0.20918527836077735,0.2076923076923077,8.708540967521895,outside,11.91561650938215,inside,True
herg_blockade,DOCZCUVTYQVYMT-FNDUUJAJSA-N,8971,0.5896034053883614,0.5205479452054794,3.0814834757453284,inside,15.422040215155414,inside,True
herg_blockade,YFXZMKFNFADEMD-UHFFFAOYSA-N,8971,0.6834851518184852,0.654320987654321,2.849415529890706,inside,13.126964524129576,inside,True
herg_blockade,CHCVZZOPCAVWNV-HTAPYJJXSA-N,8971,0.45831981355146,0.42857142857142855,1.8425835550381637,inside,11.494161507389133,inside,True
herg_blockade,XBIPCIFARHCNNE-QHCPKHFHSA-N,8971,0.722516870634792,0.6708860759493671,2.5864440200855787,inside,14.744161366312083,inside,True
herg_blockade,TXTDBHGRQKDAGP-AUSIDOKSSA-N,8971,0.6262195925257774,0.5866666666666667,2.053624855674926,inside,9.768475583814324,inside,True
herg_blockade,LYHNSWOZRDSWLX-MRXNPFEDSA-N,8971,0.24833123305456906,0.2413793103448276,2.153011117685211,inside,10.569014210503676,inside,True
herg_blockade,NTUAWRQDBAVJLK-UHFFFAOYSA-N,8971,0.7455468882894705,0.7272727272727273,6.089514554291675,inside,13.253466578250725,inside,True
herg_blockade,BAZCORFCZVDJNX-UHFFFAOYSA-N,8971,0.732365921373901,0.704225352112676,1.391986666130718,inside,16.507657657276592,inside,True
herg_blockade,AKTHZRZKYPJJRC-UHFFFAOYSA-N,8971,0.7762174422007609,0.7083333333333334,3.3693445502500854,inside,17.804457886171733,inside,True
herg_blockade,DGBKNTVAKIFYNU-UHFFFAOYSA-N,8971,0.3074619183042924,0.2857142857142857,5.064042320087528,inside,13.312073957055052,inside,True
herg_blockade,GMNVCBCXIRKAHE-CTNGQTDRSA-N,8971,0.5653464758493194,0.5294117647058824,1.9299148610053933,inside,16.596330003771385,inside,True
herg_blockade,WGUVPQBJXJTWIH-UHFFFAOYSA-N,8971,0.713125319335855,0.6833333333333333,4.111690127844547,inside,13.346042366502182,inside,True
herg_blockade,KODLQRCYGZOTLD-MGFGWZDJSA-N,8971,0.7289317832205686,0.6829268292682927,3.5156577365336315,inside,16.652135135410393,inside,True
herg_blockade,PIBCEYLKROLZIT-SJHOIFEDSA-N,8971,0.7781967364204155,0.7159090909090909,5.773133893099884,inside,19.42387501373402,inside,True
herg_blockade,GUNCOSCOXDDNME-LJQANCHMSA-N,8971,0.6558252449305081,0.5714285714285714,1.425946772124286,inside,16.134492941277703,inside,True
herg_blockade,YGHVDZPXFIJELZ-HVIPQOSHSA-N,8971,0.6672292010667022,0.5625,6.399093562441913,borderline,20.7496898491061,inside,True
herg_blockade,KALSMXLQRKFVPO-GOSISDBHSA-N,8971,0.5556826796015736,0.48623853211009177,6.445763421338139,borderline,20.306749788727725,inside,True
herg_blockade,XYAPGPIGTTXTDZ-UHFFFAOYSA-N,8971,0.4725373600857347,0.43859649122807015,3.457179590394058,inside,12.03818674413772,inside,True
herg_blockade,VCOUEHUEFUDZIS-PMACEKPBSA-N,8971,0.6878620304426757,0.6129032258064516,3.2488280979411748,inside,12.429803605229173,inside,True
herg_blockade,OUQIHZQQYQPARR-HNNXBMFYSA-N,8971,0.6821718815185649,0.6274509803921569,4.9794902988781296,inside,12.346193661365538,inside,True
herg_blockade,UTAJHKSGYJSZBR-UHFFFAOYSA-N,8971,0.4418730732863013,0.3709677419354839,2.3312251709764835,inside,9.960331981782733,inside,True
herg_blockade,JUXXIYAVSKUWCR-UHFFFAOYSA-N,8971,0.6252058279370952,0.6041666666666666,4.159441228061033,inside,23.00965173096756,inside,True
herg_blockade,RZUKTDWPBQOSBE-PQFSURCISA-N,8971,0.2682398145137468,0.25252525252525254,5.466010832686459,inside,11.133083529368227,inside,True
herg_blockade,VRBKIVRKKCLPHA-UHFFFAOYSA-N,8971,0.47370052587409156,0.4126984126984127,2.863326625755991,inside,18.633821661548993,inside,True
herg_blockade,QUASBPFEEGUFFV-BZSNNMDCSA-N,8971,0.479905381692907,0.4411764705882353,3.3236696163864794,inside,11.947657556670345,inside,True
herg_blockade,ILRMRAZASPTXGW-UHFFFAOYSA-N,8971,0.6334595114222087,0.5764705882352941,3.468769916214822,inside,15.799125943567942,inside,True
herg_blockade,BUWGUNXFUYHXOP-UHFFFAOYSA-N,8971,0.46923541902560073,0.3382352941176471,3.4624926565458196,inside,10.769227139883453,inside,True
herg_blockade,DFCUYQJNXQZEGT-HYMMBLMBSA-N,8971,0.7420164688956755,0.696969696969697,3.0662390717215415,inside,25.964836388649278,borderline,True
herg_blockade,UOGVQPFUBRCCIE-UHFFFAOYSA-N,8971,0.7329266537485715,0.7012987012987013,2.7144114075075616,inside,13.1652051572285,inside,True
herg_blockade,BPGDVHWVHMDFBK-IQWVOLIVSA-N,8971,0.5197392523735449,0.391304347826087,4.177639105772854,inside,11.586196191320465,inside,True
herg_blockade,VPCYWMAVRBKXBM-UHFFFAOYSA-N,8971,0.6444201064566286,0.6197183098591549,2.9039481703881553,inside,19.763062485140495,inside,True
herg_blockade,VGDSHTUMLMFITI-UHFFFAOYSA-N,8971,0.7269059035784233,0.7,2.3929677640560225,inside,15.640487994694578,inside,True
herg_blockade,JLVIGDFBOJCXJJ-UHFFFAOYSA-N,8971,0.6437904687904688,0.625,4.278957194002604,inside,11.671992383735956,inside,True
herg_blockade,VHVPQPYKVGDNFY-ZPGVKDDISA-N,8971,0.23525820735990227,0.2288135593220339,9.341750962073409,outside,10.560532428838172,inside,True
herg_blockade,AQNABTLMNVINSV-AWEZNQCLSA-N,8971,0.4716789856414829,0.32989690721649484,3.4847239044891505,inside,10.730659143047182,inside,True
herg_blockade,DXYSKGKXGZPWKS-AZUAARDMSA-N,8971,0.7808165186978746,0.7,2.8489965118641454,inside,12.411421966116611,inside,True
herg_blockade,INGZRGKJUHWGLX-UHFFFAOYSA-N,8971,0.6871187025534852,0.6,3.057951954825479,inside,10.891472490375644,inside,True
herg_blockade,ONPRQZJDKZHNQE-UHFFFAOYSA-N,8971,0.17215048304419006,0.15384615384615385,7.636571433831319,borderline,13.399936894635337,inside,True
herg_blockade,SPZFQVGCRNKKKI-UHFFFAOYSA-N,8971,0.3940499425947187,0.373134328358209,4.425426523520976,inside,15.446524189657659,inside,True
herg_blockade,QERUDLNIHPVYAZ-UHFFFAOYSA-N,8971,0.4888242368687202,0.2876712328767123,2.997153275519118,inside,12.898642887567055,inside,True
herg_blockade,PIVQVFFIZHFKHL-UHFFFAOYSA-N,8971,0.318175202597695,0.30612244897959184,4.107896665697259,inside,14.629774939617008,inside,True
herg_blockade,LMMJFBMMJUMSJS-UHFFFAOYSA-N,8971,0.2523424248412319,0.22580645161290322,3.7866011635654866,inside,10.041522405264011,inside,True
herg_blockade,VQXQTZDDHVPBQB-UHFFFAOYSA-N,8971,0.5427267859340337,0.5081967213114754,2.876772989190594,inside,11.163253320183648,inside,True
herg_blockade,QDWSBBOTCRPBCJ-GDLZYMKVSA-N,8971,0.34925994337438604,0.336734693877551,6.4642658643658155,borderline,11.203984026252773,inside,True
herg_blockade,LYYAOAAEQUTERQ-UHFFFAOYSA-N,8971,0.7221235137056033,0.6266666666666667,1.243190092737861,inside,13.472105278362806,inside,True
herg_blockade,ZFRMTOKAIQWRKF-INIZCTEOSA-N,8971,0.6859185002206322,0.6625,3.8649081604356215,inside,20.855421729517357,inside,True
herg_blockade,IWQGPODHFRYDTL-UHFFFAOYSA-N,8971,0.7138302723564824,0.654320987654321,3.633512890166415,inside,12.107549117701677,inside,True
herg_blockade,YKYQOSSJIYZLAT-IBGZPJMESA-N,8971,0.6496911199315755,0.5903614457831325,2.605233430008799,inside,10.346582645592894,inside,True
herg_blockade,NLFVFVQFPLEKDA-UHFFFAOYSA-N,8971,0.29109843758332,0.28421052631578947,3.3269757351911555,inside,11.218244754259791,inside,True
herg_blockade,VFXSQHCHKHAECA-UHFFFAOYSA-N,8971,0.3622074227337385,0.3188405797101449,2.9782561611523075,inside,10.346179484360745,inside,True
herg_blockade,GGTFAVLCBBVKHN-UHFFFAOYSA-N,8971,0.7313940658744122,0.7037037037037037,4.939135562045948,inside,21.895844497724873,inside,True
herg_blockade,IATGNHOMUXVGCQ-UHFFFAOYSA-N,8971,0.4660497990349414,0.39436619718309857,3.9968253428163556,inside,9.898944866608533,inside,True
herg_blockade,KRJOUGOTSWPYDG-UHFFFAOYSA-N,8971,0.31272881838975186,0.2894736842105263,3.406964743151145,inside,9.680820973289439,inside,True
herg_blockade,BTIHMVBBUGXLCJ-OAHLLOKOSA-N,8971,0.40782918640253135,0.34210526315789475,3.0441921878973726,inside,13.487387888961779,inside,True
herg_blockade,MFQAAAUYZQZOIP-UHFFFAOYSA-N,8971,0.6402761128858689,0.5512820512820513,2.940890797322296,inside,9.801892338130289,inside,True
herg_blockade,HNNZHBUCQUZFCY-UHFFFAOYSA-N,8971,0.4387521898391464,0.3974358974358974,1.8159254526629258,inside,15.17661437125688,inside,True
herg_blockade,JRAIDSQDLQLLFW-UHFFFAOYSA-N,8971,0.5933607305936073,0.5789473684210527,3.5899509752788217,inside,12.694063144671677,inside,True
herg_blockade,ZBHRLPNPRGWPMD-UHFFFAOYSA-N,8971,0.47135922586088697,0.4444444444444444,4.883935458870806,inside,10.364624196385703,inside,True
herg_blockade,WOIDDZSLDVWACJ-UHFFFAOYSA-N,8971,0.6900151247581306,0.6551724137931034,3.3250548183875654,inside,9.995482582027496,inside,True
herg_blockade,RZCBOZFAZHVGKU-UHFFFAOYSA-N,8971,0.6968376775110328,0.6712328767123288,2.049801274283472,inside,12.331502354667037,inside,True
herg_blockade,XCSCLYXZRRLYSC-CXGRPWHSSA-N,8971,0.43780970965943933,0.3235294117647059,3.198644849290359,inside,14.127590303183142,inside,True
herg_blockade,VKCFTTCFIPFHON-UHFFFAOYSA-N,8971,0.6320090064734027,0.543859649122807,3.262174829403096,inside,9.434072012608125,inside,True
herg_blockade,SQDAPOIXVBVEAA-UHFFFAOYSA-N,8971,0.3828293612484427,0.3626373626373626,3.1218231910253897,inside,10.794568120296677,inside,True
herg_blockade,NTDCJCJMRHYSCZ-HXUWFJFHSA-N,8971,0.6260710076774335,0.5783132530120482,2.1681334352676562,inside,16.52942682429892,inside,True
herg_blockade,AEXFOTSQBUVBKJ-GCJKJVERSA-N,8971,0.7294676717018529,0.68,2.2519323937987292,inside,21.468674680306012,inside,True
herg_blockade,SHEDQJAJKFPZHY-UHFFFAOYSA-N,8971,0.516686854922149,0.4166666666666667,1.6418562306454392,inside,12.142714291838132,inside,True
herg_blockade,CHCVZZOPCAVWNV-VGSWGCGISA-N,8971,0.4611769564086029,0.43333333333333335,1.8425835550381637,inside,11.617839618110018,inside,True
herg_blockade,QVYRGXJJSLMXQH-GOSISDBHSA-N,8971,0.30487481146304674,0.28846153846153844,5.769947803831092,inside,11.436394969307434,inside,True
herg_blockade,JHZTZJQZFCCJBJ-QGZVFWFLSA-N,8971,0.6253415160780508,0.5945945945945946,3.9761101619052135,inside,11.132493297418922,inside,True
herg_blockade,ORTPWEWMSRZRJZ-UHFFFAOYSA-N,8971,0.37495439176019485,0.36619718309859156,2.964838435202331,inside,11.76540196932602,inside,True
herg_blockade,BFMVLFRBLSHGFU-OALUTQOASA-N,8971,0.3869310109289617,0.30666666666666664,2.5425894402907083,inside,8.889267490425128,inside,True
herg_blockade,UHPDNBNYOLQPBZ-UHFFFAOYSA-N,8971,0.633272383566882,0.5909090909090909,2.528352563857723,inside,12.092021126892991,inside,True
herg_blockade,KQVISHATXKRBGO-JUAJCIKASA-N,8971,0.6747207953603976,0.6266666666666667,1.6475356339734324,inside,13.764238665283953,inside,True
herg_blockade,BNBVVCKYMUYEOC-JWTNVVGKSA-N,8971,0.6637138986826765,0.6271186440677966,3.5123214427489517,inside,19.879247649188727,inside,True
herg_blockade,RVDUVVPILREHEK-UHFFFAOYSA-N,8971,0.32196890164503883,0.296875,4.974996403094398,inside,10.816381139805046,inside,True
herg_blockade,YOWSJEFTYPIJNP-SFHVURJKSA-N,8971,0.7042398837469259,0.6805555555555556,1.632145198001743,inside,12.42458780372231,inside,True
herg_blockade,CWJLAVRXVFHDSJ-UHFFFAOYSA-N,8971,0.2799675024350349,0.256198347107438,5.234835569617368,inside,12.33273283263918,inside,True
herg_blockade,GZHRZQIKHYTBFX-UHFFFAOYSA-N,8971,0.2826913242439968,0.25,5.252228329650827,inside,9.357502293415683,inside,True
herg_blockade,LFOZGFISIUFCQY-UHFFFAOYSA-N,8971,0.680601996985518,0.6164383561643836,3.8513629895082833,inside,10.297831984058957,inside,True
herg_blockade,MHIRFBQJARARKL-UHFFFAOYSA-N,8971,0.44224831881609,0.3333333333333333,2.3965200793482864,inside,10.113162479478964,inside,True
herg_blockade,AVXNZTZDFIBZSK-UHFFFAOYSA-N,8971,0.6958505140717,0.6708860759493671,4.541846903413162,inside,12.544930982647246,inside,True
herg_blockade,HZNTWQAMIOKCMC-VGSWGCGISA-N,8971,0.5852659426343637,0.47368421052631576,3.569545505836463,inside,18.702694868655012,inside,True
herg_blockade,PKHMAUVAHJMDLV-JOCHJYFZSA-N,8971,0.7716523637458597,0.75,4.437834950191737,inside,15.046029193370215,inside,True
herg_blockade,GMJXFEMNNKZIHB-UHFFFAOYSA-N,8971,0.7660676508554692,0.7027027027027027,1.5507512171902753,inside,18.425839503531606,inside,True
herg_blockade,CYJPXJAPGFPLKU-UHFFFAOYSA-N,8971,0.32899693143114195,0.32222222222222224,2.3960228550912945,inside,10.042925504394859,inside,True
herg_blockade,JPDUMUHTXIBGHJ-MRXNPFEDSA-N,8971,0.7250994575045209,0.5833333333333334,5.1513390185131875,inside,19.593802835302498,inside,True
herg_blockade,BLMUTZYJPAPONW-UHFFFAOYSA-N,8971,0.7879996474927925,0.7727272727272727,5.969498418032199,inside,24.819182426864305,borderline,True
herg_blockade,SJXHOSOXNVFLKW-UHFFFAOYSA-N,8971,0.6626996769568013,0.611764705882353,5.518463741535473,inside,14.410445136721979,inside,True
herg_blockade,NNUKCIPJCGVOKK-LLVKDONJSA-N,8971,0.6237481750525229,0.5454545454545454,2.3870737170082936,inside,14.65857469914045,inside,True
herg_blockade,NUKYPUAOHBNCPY-UHFFFAOYSA-N,8971,0.2849614313453385,0.23076923076923078,10.372639374285292,outside,11.471990570272848,inside,True
herg_blockade,NKKNQMFHKZEGQU-KQWNVCNZSA-N,8971,0.3013167659559412,0.2972972972972973,6.850648996006209,borderline,9.886419447875307,inside,True
herg_blockade,NSJMTJKYDCNXPE-GOSISDBHSA-N,8971,0.7688268272921086,0.6170212765957447,5.103011693768478,inside,11.257155248540357,inside,True
herg_blockade,OSHBEPOEBKFEEK-UHFFFAOYSA-N,8971,0.3939960310142866,0.24675324675324675,2.9841109840943125,inside,10.86780604032956,inside,True
herg_blockade,XUZTUGWOFAKLPB-UHFFFAOYSA-N,8971,0.4451638482777927,0.3176470588235294,2.5078637106053794,inside,11.487686580559101,inside,True
herg_blockade,BBYRVOHZWJHMHW-UHFFFAOYSA-N,8971,0.6025934755924842,0.5168539325842697,3.7242011884520845,inside,14.262083091346765,inside,True
herg_blockade,BKUGFUFCKHPDFF-UHFFFAOYSA-N,8971,0.6696385083713852,0.6125,3.0646499713549513,inside,12.445350919800818,inside,True
herg_blockade,NRMBCLVVHWHCEG-UHFFFAOYSA-N,8971,0.6806454009196782,0.6623376623376623,3.0535965093512605,inside,13.08984505858665,inside,True
herg_blockade,PCJJNURFVMXJPE-UHFFFAOYSA-N,8971,0.5948105114850508,0.4367816091954023,2.78186645228828,inside,11.844698069984535,inside,True
herg_blockade,UGDZLVKFUTUOFP-SABLBXBCSA-N,8971,0.33431541814885407,0.24561403508771928,4.333138622390799,inside,10.68690942942608,inside,True
herg_blockade,DSTJFWHEXWTHCF-UHFFFAOYSA-N,8971,0.6763664060842376,0.6086956521739131,1.7111131426655353,inside,13.528098337985643,inside,True
herg_blockade,ZIYMZLIFVYQZGG-UHFFFAOYSA-N,8971,0.38808277078392023,0.32142857142857145,6.061366199415636,inside,9.83589304307079,inside,True
herg_blockade,VSUIPPNTBHQYNE-UHFFFAOYSA-N,8971,0.22198781838316722,0.2125,2.1511902861567442,inside,14.895606218752057,inside,True
herg_blockade,QZHOKWHGBRFWKM-UHFFFAOYSA-N,8971,0.622240868246003,0.573170731707317,3.1464578934051968,inside,18.51295546468391,inside,True
herg_blockade,SUXQDLLXIBLQHW-MRVPVSSYSA-N,8971,0.474539106658157,0.3246753246753247,3.269494708432576,inside,15.195522362034655,inside,True
herg_blockade,UKPYAHVTVCYHSG-FNLKRUPLSA-N,8971,0.5717762090230445,0.5625,2.6777098127465275,inside,24.447486063899493,borderline,True
herg_blockade,DUTWTXOACRXDLB-HSZRJFAPSA-N,8971,0.5482671417271083,0.47126436781609193,1.9380675596191757,inside,16.51706900659509,inside,True
herg_blockade,TWALCELCFWKCMR-UHFFFAOYSA-N,8971,0.3200485590359008,0.30303030303030304,4.308500173662528,inside,12.130052369399765,inside,True
herg_blockade,RMGICGFOXRNYOB-QGZVFWFLSA-N,8971,0.31351910529044014,0.24752475247524752,3.240985365635402,inside,11.948672734566449,inside,True
herg_blockade,BIJSJQXDPUAQLO-UADZTWIMSA-N,8971,0.48439332241859423,0.47560975609756095,2.931254756485649,inside,24.916494596719037,borderline,True
herg_blockade,MZEOSVPWMSEFPW-UTWBDPIXSA-N,8971,0.7221178108956371,0.5862068965517241,4.376411185799054,inside,13.175969329908229,inside,True
herg_blockade,QOSMEMHKXNNIGG-SSEXGKCCSA-N,8971,0.6696589960224854,0.5595238095238095,5.561505227356849,inside,14.602935073803259,inside,True
herg_blockade,JAQALBAETFFRFN-UHFFFAOYSA-N,8971,0.5642677893103304,0.5121951219512195,5.626614785798809,inside,15.53788278348557,inside,True
herg_blockade,SPLKTVKAAPXPPZ-UHFFFAOYSA-N,8971,0.7347618721148134,0.6666666666666666,2.4628951830746986,inside,12.467789036854217,inside,True
herg_blockade,XHCPCYVQXFHJAU-UHFFFAOYSA-N,8971,0.2857719743029022,0.28125,2.225667247362553,inside,10.511327498374124,inside,True
herg_blockade,GJJRSPSNZFRQIQ-GOSISDBHSA-N,8971,0.5375796148463341,0.43478260869565216,4.2594507095909515,inside,12.301273602017403,inside,True
herg_blockade,LQEPWBRAWCLZPC-UHFFFAOYSA-N,8971,0.5028788198103267,0.48717948717948717,2.254501166527785,inside,20.22454444314812,inside,True
herg_blockade,ILQPFWGPYWQTHJ-ACCUITESSA-N,8971,0.44783913404603054,0.4090909090909091,2.602756134464412,inside,12.596087458559397,inside,True
herg_blockade,GNYBHKXPQGYGCV-UHFFFAOYSA-N,8971,0.3250076243300287,0.30666666666666664,4.491308128746688,inside,10.76587402642732,inside,True
herg_blockade,JZADUPQYVWWLBA-UHFFFAOYSA-N,8971,0.7461475778258301,0.7142857142857143,2.7357007091013994,inside,17.65267521820819,inside,True
herg_blockade,HGULPEXUXHAGBL-VWLOTQADSA-N,8971,0.30225607087299283,0.29,4.465006697328569,inside,9.71475929240771,inside,True
herg_blockade,QYXHDXVSRFUNRT-UHFFFAOYSA-N,8971,0.5504159824849479,0.49206349206349204,1.8694933244393597,inside,16.626628139646797,inside,True
herg_blockade,VYDCJJLOXCGZJB-RUZDIDTESA-N,8971,0.7013059360730594,0.684931506849315,4.719454302601506,inside,11.606549068999064,inside,True
herg_blockade,QGYPCOPTJYNXJQ-UHFFFAOYSA-N,8971,0.7822654428904429,0.7692307692307693,3.1107264248605366,inside,12.708762742849903,inside,True
herg_blockade,NRWKEMOZVPFPJY-RBUKOAKNSA-N,8971,0.7674528959412681,0.7032967032967034,5.780043726505525,inside,27.041416051203502,borderline,True
herg_blockade,CDWWTUFRRQNQHI-UHFFFAOYSA-N,8971,0.7429410074196197,0.6179775280898876,4.152279209000039,inside,21.064085793563038,inside,True
herg_blockade,AOIKKLIBKSSHQP-UHFFFAOYSA-N,8971,0.6788474683211525,0.5384615384615384,7.0253620874168075,borderline,19.564914277343743,inside,True
herg_blockade,OCXCCNYHGSRYEK-INIZCTEOSA-N,8971,0.6095579947244765,0.5454545454545454,5.005283466811058,inside,10.457260893161477,inside,True
herg_blockade,HKMZTVMDWMICAE-UHFFFAOYSA-N,8971,0.61136814842078,0.5370370370370371,5.331470081738363,inside,9.757173328343347,inside,True
herg_blockade,MCANUWBJKZYIBC-HSZRJFAPSA-N,8971,0.43926788124156546,0.39473684210526316,2.6144782783660134,inside,10.895995663051169,inside,True
herg_blockade,AMEQLQYPRVOFMB-OAHLLOKOSA-N,8971,0.7435632640451918,0.5903614457831325,5.50371662103706,inside,17.435535230363037,inside,True
herg_blockade,KJISMMFJJNLRBV-OKDASEJXSA-N,8971,0.7703639570306237,0.7283950617283951,3.161510022428392,inside,16.121529805713376,inside,True
herg_blockade,CXGFHAFDFOMUEC-UHFFFAOYSA-N,8971,0.7399776035834267,0.7368421052631579,6.604149269477455,borderline,25.707217265070476,borderline,True
herg_blockade,GOGGRAWNDKPWNO-UHFFFAOYSA-N,8971,0.6845092472644084,0.6712328767123288,2.1384705919303078,inside,12.961586561511872,inside,True
herg_blockade,DJFZOPTYMZKMLN-UHFFFAOYSA-N,8971,0.568556183301946,0.5166666666666667,1.884620067755779,inside,16.730111688675112,inside,True
herg_blockade,FTALBRSUTCGOEG-UHFFFAOYSA-N,8971,0.34123385203137857,0.3333333333333333,6.8369194375895495,borderline,10.19866527170075,inside,True
herg_blockade,ACZCVZUKGWGYJX-UHFFFAOYSA-N,8971,0.7622122011401344,0.6986301369863014,1.4850998390388022,inside,18.210156936050755,inside,True
herg_blockade,GNDHXHLGYBJDRD-UHFFFAOYSA-N,8971,0.29148602156897535,0.27586206896551724,7.478076372377784,borderline,12.706618621503878,inside,True
herg_blockade,NDISOCGETLUCIC-GFCCVEGCSA-N,8971,0.44428739969475367,0.4342105263157895,3.2750255277301794,inside,11.190645590089797,inside,True
herg_blockade,PEIFUGDCVSOBAT-UHFFFAOYSA-N,8971,0.8279951051195633,0.8059701492537313,1.9030307595379266,inside,12.432408205377607,inside,True
herg_blockade,LUJZZYWHBDHDQX-QFIPXVFZSA-N,8971,0.27946321272659747,0.2619047619047619,5.625313993657762,inside,11.108127661876258,inside,True
herg_blockade,QMEGWSCLBODMOW-UHFFFAOYSA-N,8971,0.5226759309967142,0.3253012048192771,2.4784668255392335,inside,10.70626602005794,inside,True
herg_blockade,IENZQIKPVFGBNW-UHFFFAOYSA-N,8971,0.5030611569205543,0.32926829268292684,2.8912440400508204,inside,10.840855698717554,inside,True
herg_blockade,BNRNXUUZRGQAQC-UHFFFAOYSA-N,8971,0.3359860801676825,0.24742268041237114,3.287840812996054,inside,12.744022563496213,inside,True
herg_blockade,WTZRZLGEZIFRDO-UHFFFAOYSA-N,8971,0.34900025833359166,0.30864197530864196,2.1284624769851557,inside,10.44646501938788,inside,True
herg_blockade,OCRUGJLMFZVFHV-UHFFFAOYSA-N,8971,0.32070104025327906,0.26865671641791045,6.258214018319814,inside,10.029646951785695,inside,True
herg_blockade,OGHNVEJMJSYVRP-QGZVFWFLSA-N,8971,0.34389846502849597,0.32432432432432434,2.775944062201678,inside,11.951916790917458,inside,True
herg_blockade,PNRIEBLYDWPIDU-YDZHTSKRSA-N,8971,0.24815273477812175,0.23529411764705882,5.441802886693005,inside,11.558725507567281,inside,True
herg_blockade,SCMHOQQKHHUZOM-UHFFFAOYSA-N,8971,0.48659420988880464,0.41935483870967744,3.633579617807234,inside,17.872614344498057,inside,True
herg_blockade,OIDBKVMEVCCZHO-UHFFFAOYSA-N,8971,0.27079292885883344,0.24675324675324675,2.780771702394988,inside,13.517039633612843,inside,True
herg_blockade,HQAFUFZLXKZIGD-AKJUYKBHSA-N,8971,0.30278013842228135,0.20833333333333334,4.74077087480412,inside,9.952060740788346,inside,True
herg_blockade,RZNZEVDHFNSYRY-UHFFFAOYSA-N,8971,0.2131343428225318,0.18461538461538463,13.113769119541928,outside,19.206002423819644,inside,True
herg_blockade,MKUXAQIIEYXACX-UHFFFAOYSA-N,8971,0.20938707500806197,0.18840579710144928,7.506970029663923,borderline,19.50265115125833,inside,True
herg_blockade,GLKCOBIIZKYKFN-UHFFFAOYSA-N,8971,0.21403508771929824,0.21052631578947367,8.70021360235536,outside,19.678798450714194,inside,True
herg_blockade,RPTUSVTUFVMDQK-UHFFFAOYSA-N,8971,0.23739232948261213,0.20967741935483872,8.046422815100005,borderline,9.462997879305028,inside,True
herg_blockade,YVGGHNCTFXOJCH-UHFFFAOYSA-N,8971,0.26714017689627445,0.2564102564102564,6.803665355048659,borderline,9.357747576152533,inside,True
herg_blockade,ZAJXXUDARPGGOC-UHFFFAOYSA-N,8971,0.43401955929815195,0.35714285714285715,2.5542814059778722,inside,10.981046155119103,inside,True
herg_blockade,VVZNWYXIOADGSW-UHFFFAOYSA-N,8971,0.2939776622747029,0.2777777777777778,3.7852284100026288,inside,12.656936867024031,inside,True
herg_blockade,VAARYSWULJUGST-UHFFFAOYSA-N,8971,0.30079709514461017,0.26881720430107525,2.312656968541689,inside,11.459908933507762,inside,True
herg_blockade,IFPPYSWJNWHOLQ-UHFFFAOYSA-N,8971,0.3279366895499618,0.3194444444444444,3.307600815889383,inside,12.828223901779362,inside,True
herg_blockade,ZYQXEVJIFYIBHZ-UHFFFAOYSA-N,8971,0.3300734155048158,0.31683168316831684,4.220317925619055,inside,14.321384967932012,inside,True
herg_blockade,INJUVNWOFHYUIN-UHFFFAOYSA-N,8971,0.27934815891640563,0.2621359223300971,4.59149340942701,inside,16.396461364639478,inside,True
herg_blockade,JSKUWFIZUALZLX-UHFFFAOYSA-N,8971,0.33469837020786264,0.2696629213483146,2.1714292289594312,inside,20.295333729902367,inside,True
herg_blockade,QRDAPCMJAOQZSU-UHFFFAOYSA-N,8971,0.34649221425340826,0.32857142857142857,3.8633662015419397,inside,12.091927100182863,inside,True
herg_blockade,PTJGLFIIZFVFJV-UHFFFAOYSA-N,8971,0.44068203038791276,0.35294117647058826,6.058215972075999,inside,15.130378835663116,inside,True
herg_blockade,KTEXNACQROZXEV-RMRHIDDWSA-N,8971,0.18837249037570003,0.1791044776119403,6.623391733952901,borderline,16.82795848681881,inside,True
herg_blockade,YUKWVHPTFRQHMF-UHFFFAOYSA-N,8971,0.3877086582462199,0.36585365853658536,2.5305157704123733,inside,10.070041797943468,inside,True
herg_blockade,PWKSKIMOESPYIA-UHFFFAOYSA-N,8971,0.24879444491513455,0.21621621621621623,9.82803358719025,outside,22.05405223106675,inside,False
herg_blockade,PDOQBOJDRPLBQU-QMMMGPOBSA-N,8971,0.4553991193991195,0.3466666666666667,3.582258783934568,inside,18.672669783357616,inside,True
herg_blockade,TVIVJHZHPKNDAQ-UHFFFAOYSA-N,8971,0.26340697943971897,0.2037037037037037,3.8509331173630215,inside,14.5415161756594,inside,True
herg_blockade,ZEYYDOLCHFETHQ-JOCHJYFZSA-N,8971,0.2941767187887813,0.27058823529411763,2.428443099754564,inside,9.207461431884626,inside,True
herg_blockade,LLVZBTWPGQVVLW-UHFFFAOYSA-N,8971,0.2995851029283464,0.2926829268292683,3.041538333594471,inside,13.292344050573226,inside,True
herg_blockade,JFVNFXCESCXMBC-UHFFFAOYSA-N,8971,0.27935002365896666,0.25609756097560976,3.8143491633964683,inside,16.76930708483843,inside,True
herg_blockade,RBURTLAMOSHNGX-UHFFFAOYSA-N,8971,0.322570990788045,0.3076923076923077,2.177864126764307,inside,14.110886427818098,inside,True
herg_blockade,AHJRHEGDXFFMBM-UHFFFAOYSA-N,8971,0.42514131607335487,0.29,2.813856487471803,inside,10.419187659322464,inside,True
herg_blockade,RQBRFKKFZPOBFG-UHFFFAOYSA-N,8971,0.2859042997779677,0.2676056338028169,3.37444534170932,inside,10.79299380706684,inside,True
herg_blockade,CMKMGFAUKPAOMG-AWEZNQCLSA-N,8971,0.25247678414448976,0.24742268041237114,3.08258435383387,inside,12.48731155560166,inside,True
herg_blockade,HIJMSZGHKQPPJS-UHFFFAOYSA-N,8971,0.31506543305740087,0.27710843373493976,3.1483986177720573,inside,11.067871203255006,inside,True
herg_blockade,AXRCEOKUDYDWLF-UHFFFAOYSA-N,8971,0.3838500460418269,0.3333333333333333,4.795048603635409,inside,11.809221207122537,inside,True
herg_blockade,CXJCGSPAPOTTSF-UHFFFAOYSA-N,8971,0.24756460166936506,0.24,4.054718029215447,inside,9.586075124222445,inside,True
herg_blockade,DGWXOLHKVGDQLN-UHFFFAOYSA-N,8971,0.24845112781954884,0.23684210526315788,6.161976638831694,inside,9.024684818919066,inside,True
herg_blockade,OBWNXGOQPLDDPS-UHFFFAOYSA-N,8971,0.3584645633063205,0.28735632183908044,3.3241992190254153,inside,9.058796413660621,inside,True
herg_blockade,YULUCECVQOCQFQ-UHFFFAOYSA-N,8971,0.2676722453110934,0.24390243902439024,3.4546774841220436,inside,9.761075975090913,inside,True
herg_blockade,ATSWBWHRHAQVFM-UHFFFAOYSA-N,8971,0.2375479737653651,0.225,2.7811315482954266,inside,14.635591726422868,inside,True
herg_blockade,MIQPIUSUKVNLNT-UHFFFAOYSA-N,8971,0.27344880357274265,0.23880597014925373,5.044562079743559,inside,14.464135552752403,inside,True
herg_blockade,UJIAQDJKSXQLIT-UHFFFAOYSA-N,8971,0.2640157845552528,0.2549019607843137,5.612930240378176,inside,15.516274529338272,inside,True
herg_blockade,LSXUTRRVVSPWDZ-MKKUMYSQSA-N,8971,0.29221046575491566,0.2727272727272727,4.643531605916811,inside,12.132874647645423,inside,True
herg_blockade,PYEFPDQFAZNXLI-UHFFFAOYSA-N,8971,0.34203519167100854,0.3170731707317073,2.262014768217543,inside,15.76654552097661,inside,True
herg_blockade,ZJDOESGVOWAULF-OGJQONSISA-N,8971,0.23866568257613033,0.17857142857142858,8.36572753016252,outside,17.02167230967153,inside,True
herg_blockade,YABJJWZLRMPFSI-UHFFFAOYSA-N,8971,0.3128766513549122,0.28378378378378377,3.912764992118986,inside,10.889900030074529,inside,True
herg_blockade,BGFHMYJZJZLMHW-UHFFFAOYSA-N,8971,0.2808802829688487,0.24719101123595505,2.8421794162950316,inside,11.507636157867253,inside,True
herg_blockade,NVRXTLZYXZNATH-UHFFFAOYSA-N,8971,0.32798086671216387,0.3116883116883117,3.5708034337729306,inside,11.698861720835318,inside,True
herg_blockade,PSPFQEBFYXJZEV-UHFFFAOYSA-N,8971,0.2343073999552873,0.22666666666666666,4.93331036674777,inside,14.518270410291986,inside,True
herg_blockade,YKKFPCDGRUDPJE-PZJWPPBQSA-N,8971,0.2522232619556365,0.2391304347826087,4.869293528036106,inside,15.745203646300473,inside,True
herg_blockade,JRWCBEOAFGHNNU-UHFFFAOYSA-N,8971,0.43232509559625776,0.29411764705882354,3.4249707687363418,inside,15.708622131715853,inside,True
herg_blockade,DGEBYERMQBTMHV-UHFFFAOYSA-N,8971,0.3593165895829674,0.3118279569892473,3.1552489427341444,inside,12.900395394299506,inside,True
herg_blockade,GKJCVYLDJWTWQU-CYBMUJFWSA-N,8971,0.2576136528685548,0.24705882352941178,1.771264782459913,inside,11.930114563771506,inside,True
herg_blockade,BMKPVDQDJQWBPD-UHFFFAOYSA-N,8971,0.3220069702519902,0.2898550724637681,4.316468418239797,inside,12.695462434022753,inside,True
herg_blockade,OWXORKPNCHJYOF-UHFFFAOYSA-N,8971,0.2822559763911827,0.27058823529411763,3.618477316776856,inside,9.53384518009698,inside,True
herg_blockade,YKRGDOXKVOZESV-WRJNSLSBSA-N,8971,0.2263033792477931,0.2159090909090909,7.683069874956489,borderline,12.530861309713515,inside,True
herg_blockade,QSUSKMBNZQHHPA-UHFFFAOYSA-N,8971,0.2917445533865538,0.26865671641791045,2.3035972334154935,inside,10.927891465854726,inside,True
herg_blockade,OKFYOOFXVBCIIP-UHFFFAOYSA-N,8971,0.22930963477749283,0.20987654320987653,2.4332011475585436,inside,12.89488722449483,inside,True
herg_blockade,HMABYWSNWIZPAG-UHFFFAOYSA-N,8971,0.2785518312031947,0.2608695652173913,3.8682978833093893,inside,10.161026908582002,inside,True
herg_blockade,CHILCFMQWMQVAL-UHFFFAOYSA-N,8971,0.30232729022783206,0.296875,4.564378745531438,inside,11.272858256958271,inside,True
herg_blockade,DMMILYKXNCVKOJ-UHFFFAOYSA-N,8971,0.3519738240554856,0.3,3.415068934764972,inside,9.989854490833377,inside,True
herg_blockade,VDJHFHXMUKFKET-IYACTCEOSA-N,8971,0.18374160509498855,0.17543859649122806,3.4458341573979405,inside,18.749472955973157,inside,True
herg_blockade,HVXKQKFEHMGHSL-GOOCMWNKSA-N,8971,0.40676814619066687,0.34579439252336447,2.083423492275743,inside,12.12899333157931,inside,True
herg_blockade,JWQOJVOKBAAAAR-UHFFFAOYSA-N,8971,0.26926843769376063,0.2631578947368421,3.139157269851215,inside,11.56734315661941,inside,True
herg_blockade,XEOSTBFUCNZKGS-UHFFFAOYSA-N,8971,0.4193630146156666,0.3387096774193548,2.5519451139660054,inside,16.130492515556387,inside,True
herg_blockade,WBLZCNIEEVRRTG-UHFFFAOYSA-N,8971,0.31982284283103346,0.3142857142857143,2.657010087335783,inside,14.443602641377916,inside,True
herg_blockade,WQGDQGAFSDMBLA-UHFFFAOYSA-N,8971,0.2931362320619432,0.25,3.4917274987753046,inside,10.796998278934089,inside,True
herg_blockade,BLPWNGOQQLJQOL-NRYAXDJKSA-N,8971,0.3400047210173792,0.31645569620253167,4.219454903764016,inside,16.418988451733185,inside,True
herg_blockade,INYYVPJSBIVGPH-QHRIQVFBSA-N,8971,0.33524621504569885,0.2839506172839506,3.757475514193193,inside,13.706242309425171,inside,True
herg_blockade,FVYXIJYOAGAUQK-UHFFFAOYSA-N,8971,0.21116687192118225,0.2,5.333946676196545,inside,11.94877595460313,inside,True
herg_blockade,GQMYQEAXTITUAE-UHFFFAOYSA-N,8971,0.311949392820842,0.27419354838709675,8.260614346876421,outside,10.730657941849449,inside,True
herg_blockade,ZQWBOKJVVYNKTL-UHFFFAOYSA-N,8971,0.2521895424836601,0.24705882352941178,3.232582573818174,inside,10.517637014173815,inside,True
herg_blockade,KHZOJCQBHJUJFY-UHFFFAOYSA-N,8971,0.36827074283214634,0.32894736842105265,2.4877615172361045,inside,11.79533162233813,inside,True
herg_blockade,MJQMRGWYPNIERM-HNNXBMFYSA-N,8971,0.520935960591133,0.5172413793103449,3.97730919322861,inside,16.31798024895958,inside,True
herg_blockade,NBZFRTJWEIHFPF-UHFFFAOYSA-N,8971,0.3636495651058758,0.3300970873786408,4.488728120597865,inside,13.491194912875798,inside,True
herg_blockade,LDTAHRLHGHFHKP-UHFFFAOYSA-N,8971,0.24734131408849808,0.23529411764705882,3.303582618158129,inside,13.64532901924679,inside,True
herg_blockade,YBGGBHCJSAEIAS-UHFFFAOYSA-N,8971,0.39072688022965696,0.2839506172839506,1.9406219341484672,inside,13.373098295037684,inside,True
herg_blockade,RWEVIPRMPFNTLO-UHFFFAOYSA-N,8971,0.44409078251183515,0.37037037037037035,3.5381121457522466,inside,12.498446302715122,inside,True
herg_blockade,RXZDWPYJFCAZCW-UHFFFAOYSA-N,8971,0.3030744952712758,0.27956989247311825,3.8569200535454105,inside,10.10563800966619,inside,True
herg_blockade,KWMBIIQCLUIHDI-UHFFFAOYSA-N,8971,0.26757514194494997,0.25882352941176473,2.487024242288242,inside,10.78932018463171,inside,True
herg_blockade,SSNQAUBBJYCSMY-JFNHYPKTSA-N,8971,0.23466695216343103,0.2112676056338028,4.706334679676517,inside,12.076630887908996,inside,True
herg_blockade,JVDOKQYTTYUYDV-UHFFFAOYSA-N,8971,0.5787981454716389,0.43373493975903615,3.547695270130347,inside,11.761501858524266,inside,True
herg_blockade,UELNISCINDEYPN-KRWDZBQOSA-N,8971,0.254026020006482,0.23809523809523808,3.2224400319430493,inside,12.3826920252816,inside,True
herg_blockade,YVXCDLCJCIDFHE-UHFFFAOYSA-N,8971,0.2715261755077291,0.25925925925925924,3.790018142127881,inside,11.279449876912127,inside,True
herg_blockade,CDOVNWNANFFLFJ-UHFFFAOYSA-N,8971,0.32241078978521903,0.2716049382716049,2.9908280958673203,inside,11.355494191366766,inside,True
herg_blockade,QOECJCJVIMVJGX-UHFFFAOYSA-N,8971,0.35913551344291383,0.3333333333333333,3.642756033796564,inside,9.96968765012592,inside,True
herg_blockade,SJFBTAPEPRWNKH-CCKFTAQKSA-N,8971,0.2927591791649298,0.2631578947368421,5.431254290306524,inside,12.200700697800338,inside,True
herg_blockade,NPHPNBGYPKBDDB-UHFFFAOYSA-N,8971,0.3873019836078934,0.36363636363636365,2.676457150847961,inside,9.144068110957638,inside,True
herg_blockade,UXXQOJXBIDBUAC-UHFFFAOYSA-N,8971,0.4164866505273978,0.39,4.856719695577332,inside,12.052962214749702,inside,True
herg_blockade,ZVIWALRWYYSHSU-UHFFFAOYSA-N,8971,0.37078675503173075,0.3368421052631579,2.612613635236219,inside,11.98860189879302,inside,True
herg_blockade,XRKYMMUGXMWDAO-UHFFFAOYSA-N,8971,0.35574003004035076,0.2988505747126437,2.9826741111485666,inside,12.322773412426415,inside,True
herg_blockade,XQVVPGYIWAGRNI-JOCHJYFZSA-N,8971,0.47091061238341114,0.34444444444444444,3.7052125509193012,inside,13.696179144954437,inside,True
herg_blockade,HSKAZIJJKRAJAV-UHFFFAOYSA-N,8971,0.2790683561873548,0.2717391304347826,1.9948549612364566,inside,10.113907917210353,inside,True
herg_blockade,CBJJSCYIXJYEAW-UHFFFAOYSA-N,8971,0.3183003378901656,0.2826086956521739,3.277656107904413,inside,8.627948606683207,inside,True
herg_blockade,UDNNLEQKNPVZON-UHFFFAOYSA-N,8971,0.3169621490151474,0.28735632183908044,4.064701534482721,inside,13.046508213353821,inside,True
herg_blockade,GFMMXOIFOQCCGU-UHFFFAOYSA-N,8971,0.43307796005164434,0.375,2.8884005350496444,inside,9.641701926135017,inside,True
herg_blockade,DCCSDBARQIPTGU-HSZRJFAPSA-N,8971,0.2727051779274682,0.25333333333333335,3.495941280605332,inside,15.471979147188268,inside,True
herg_blockade,AUJRCFUBUPVWSZ-XTZHGVARSA-M,8971,0.15403257391061537,0.14705882352941177,6.350520106386813,borderline,14.27631734657601,inside,True
herg_blockade,JLOXTZFYJNCPIS-UHFFFAOYSA-N,8971,0.2765309360126917,0.25806451612903225,4.496640568778324,inside,12.752055972525145,inside,True
herg_blockade,XCWPUUGSGHNIDZ-UHFFFAOYSA-N,8971,0.4007549101145161,0.36363636363636365,1.8620853307747784,inside,15.818164200752777,inside,True
herg_blockade,HEAIZQNMNCHNFD-UHFFFAOYSA-N,8971,0.38905712060066866,0.3333333333333333,3.01618411041371,inside,10.028021236394038,inside,True
herg_blockade,YALNUENQHAQXEA-UHFFFAOYSA-N,8971,0.32305607328885577,0.2948717948717949,2.334439997973092,inside,13.159319279827285,inside,True
herg_blockade,JTVBXQAYBIJXRP-SNVBAGLBSA-N,8971,0.32315492957746483,0.32,4.706501990863853,inside,16.173679778535377,inside,True
herg_blockade,CVWXJKQAOSCOAB-UHFFFAOYSA-N,8971,0.3154906835071033,0.3106796116504854,5.526959657314826,inside,14.195526287600176,inside,True
herg_blockade,VKHAHZOOUSRJNA-GCNJZUOMSA-N,8971,0.23189534816212332,0.21978021978021978,3.3642071728797767,inside,14.26471797455726,inside,True
herg_blockade,AEQDJSLRWYMAQI-KRWDZBQOSA-N,8971,0.3833240048751194,0.25806451612903225,2.9245829948565905,inside,10.638329720595184,inside,True
herg_blockade,LAMIXXKAWNLXOC-INIZCTEOSA-N,8971,0.3012893738413195,0.2923076923076923,4.22184376184351,inside,15.088614025782201,inside,True
herg_blockade,WWGBHDIHIVGYLZ-UHFFFAOYSA-N,8971,0.3337008547008547,0.29333333333333333,4.827445018432269,inside,15.528549292677672,inside,True
herg_blockade,VFSUUTYAEQOIMW-UHFFFAOYSA-N,8971,0.3049993384201473,0.27848101265822783,3.415408774010024,inside,9.937646112146199,inside,True
herg_blockade,KQDBVHKNIYROHU-UHFFFAOYSA-N,8971,0.3449763087740305,0.25316455696202533,3.472313934484496,inside,13.437317436522632,inside,True
ames_mutagenicity,VYHYUQJBLGBWIS-UHFFFAOYSA-N,5015,0.6548343971019492,0.6176470588235294,4.916441953831228,inside,16.159492057812,inside,True
ames_mutagenicity,PEWFNAORWLNPHN-UHFFFAOYSA-N,5015,0.6335996032209127,0.6136363636363636,3.910113966326437,inside,14.371138984120526,inside,True
ames_mutagenicity,JSBXCTZQDYMKJQ-UHFFFAOYSA-N,5015,0.36522251694665486,0.25925925925925924,4.204307565438667,inside,12.83672739319206,inside,False
ames_mutagenicity,XCTWLIUNPSHBSS-UHFFFAOYSA-N,5015,0.43562380860691247,0.38,2.707858533856648,inside,26.46759605767723,borderline,True
ames_mutagenicity,GIWNXRDIAVQJNF-UHFFFAOYSA-N,5015,0.2934534329528072,0.27450980392156865,2.56576227939195,inside,20.02417695180952,inside,True
ames_mutagenicity,FWUCNXBOHHWZQZ-UHFFFAOYSA-N,5015,0.43561320117683094,0.41509433962264153,1.6291510027736085,inside,12.62967626461866,inside,True
ames_mutagenicity,HUFSSWANTRLACE-UHFFFAOYSA-N,5015,0.6452082790978811,0.631578947368421,3.053289653185422,inside,15.355920455474534,inside,True
ames_mutagenicity,VQKLRVZQQYVIJW-UHFFFAOYSA-N,5015,0.36829710144927535,0.30434782608695654,4.233782395502093,inside,9.238064886842585,inside,True
ames_mutagenicity,ALLIZEAXNXSFGD-UHFFFAOYSA-N,5015,0.458743961352657,0.391304347826087,2.967601772292639,inside,8.845551591387757,inside,True
ames_mutagenicity,VXFDOYXVHRYCGS-UHFFFAOYSA-N,5015,0.6084779244053438,0.5483870967741935,3.3272426305552125,inside,10.860895418122762,inside,True
ames_mutagenicity,WEBQKRLKWNIYKK-UHFFFAOYSA-N,5015,0.4510947814173621,0.3,3.053701342951918,inside,10.747635608782856,inside,False
ames_mutagenicity,AHXGXXJEEHFHDK-UHFFFAOYSA-N,5015,0.3957477069546035,0.36363636363636365,4.115673172770416,inside,8.816208937298345,inside,True
ames_mutagenicity,MQSXZQXHIJMNAF-UHFFFAOYSA-N,5015,0.6662860100051751,0.6,10.150768069252846,borderline,13.497908721729855,inside,True
ames_mutagenicity,KLECYOQFQXJYBC-UHFFFAOYSA-N,5015,0.4112352092352093,0.32142857142857145,2.984688231072373,inside,9.282761652777591,inside,True
ames_mutagenicity,WIDHRBRBACOVOY-UHFFFAOYSA-N,5015,0.39746031746031746,0.37037037037037035,3.5492810146308447,inside,13.735158330762205,inside,True
ames_mutagenicity,ONKNPOPIGWHAQC-UHFFFAOYSA-N,5015,0.23995761657095152,0.19607843137254902,2.6869056666142406,inside,11.521986758274299,inside,True
ames_mutagenicity,AOJJSUZBOXZQNB-UHFFFAOYSA-N,5015,0.47881242172161187,0.38095238095238093,10.296959644977747,borderline,19.046620723775472,inside,True
ames_mutagenicity,LVLNPXCISNPHLE-UHFFFAOYSA-N,5015,0.4082466245509724,0.37037037037037035,1.474683520845863,inside,14.342728351611035,inside,True
ames_mutagenicity,SJFVAXDVZIQNMC-UHFFFAOYSA-N,5015,0.3042450019109058,0.28205128205128205,3.8919061907192187,inside,10.579381199580528,inside,True
ames_mutagenicity,YMUAXKYTHNCMAS-UHFFFAOYSA-N,5015,0.5673202614379085,0.5277777777777778,3.04364522285973,inside,21.18588380646099,inside,False
ames_mutagenicity,SJQPCKVDKVTPGZ-UHFFFAOYSA-N,5015,0.27702898550724636,0.2608695652173913,4.981763167801393,inside,13.432999480581787,inside,True
ames_mutagenicity,KTBMNVXAXVLZKK-UHFFFAOYSA-N,5015,0.2572187246806845,0.24324324324324326,7.29794942191774,borderline,13.239403880175399,inside,True
ames_mutagenicity,OFOBLEOULBTSOW-UHFFFAOYSA-N,5015,0.4769230769230769,0.46153846153846156,3.982567851624735,inside,10.828980516301865,inside,False
ames_mutagenicity,KESBTXYVIXLVMH-UHFFFAOYSA-N,5015,0.40861021331609565,0.3333333333333333,1.8967498239740652,inside,9.3687889854,inside,True
ames_mutagenicity,XIKICBSLAFJTDZ-UHFFFAOYSA-N,5015,0.5214925253648836,0.45454545454545453,2.9741599409564583,inside,9.109823176711044,inside,True
ames_mutagenicity,XDPAJYXBLBWLGJ-UHFFFAOYSA-N,5015,0.7576028622540251,0.7209302325581395,2.6769882358371917,inside,18.51350785283298,inside,True
ames_mutagenicity,PBQAAWLLAFMZRU-UHFFFAOYSA-N,5015,0.38543393032166084,0.3194444444444444,9.386552696341383,borderline,22.288618821745935,inside,True
ames_mutagenicity,FUSNPOOETKRESL-HTXNQAPBSA-N,5015,0.4564752252252252,0.40625,14.344559315289233,outside,21.820444515835348,inside,False
ames_mutagenicity,RXPKOTQRDGEKFY-UHFFFAOYSA-N,5015,0.4592305037957212,0.391304347826087,3.588984702635278,inside,9.718984079568763,inside,False
ames_mutagenicity,ZLAQATDNGLKIEV-UHFFFAOYSA-N,5015,0.2613001277139208,0.2413793103448276,2.7830756784383497,inside,8.566857946884761,inside,True
ames_mutagenicity,VXNBYQYOFXSMOE-UHFFFAOYSA-N,5015,0.46893106893106895,0.4166666666666667,3.1793678485312666,inside,9.767896930842744,inside,True
ames_mutagenicity,WREVVZMUNPAPOV-UHFFFAOYSA-N,5015,0.5136738623695145,0.45454545454545453,2.265275677193246,inside,11.108418646015448,inside,True
ames_mutagenicity,GHKHTBMTSUEBJD-UHFFFAOYSA-N,5015,0.2838505747126437,0.27586206896551724,1.7000343408623164,inside,8.959719372589914,inside,True
ames_mutagenicity,KNDOFJFSHZCKGT-UHFFFAOYSA-N,5015,0.3885738380809595,0.34782608695652173,2.744771257774195,inside,10.434267351272444,inside,True
ames_mutagenicity,MCWXGJITAZMZEV-UHFFFAOYSA-N,5015,0.39999999999999997,0.3333333333333333,2.754703653712834,inside,13.677498525411568,inside,False
ames_mutagenicity,CVOBONSFYKLOBD-UHFFFAOYSA-N,5015,0.31530530429438003,0.26582278481012656,3.879099307887985,inside,14.983277216042108,inside,True
ames_mutagenicity,RCLDHCIEAUJSBD-UHFFFAOYSA-N,5015,0.4163118854579955,0.3939393939393939,5.355207104001057,inside,10.904069755651852,inside,True
ames_mutagenicity,LUXHBZJUOYPKHY-VIFPVBQESA-N,5015,0.4658858858858858,0.4444444444444444,1.9119767973027944,inside,11.563607535797283,inside,True
ames_mutagenicity,SXTAYKAGBXMACB-UHFFFAOYSA-N,5015,0.423423250177814,0.3939393939393939,3.9543858143572725,inside,13.400302882742,inside,False
ames_mutagenicity,LFSXCDWNBUNEEM-UHFFFAOYSA-N,5015,0.4183915885194658,0.3888888888888889,2.8009912656081317,inside,8.747513437682981,inside,True
ames_mutagenicity,NTXCSKZBHUKPQU-UHFFFAOYSA-N,5015,0.573015873015873,0.5,2.975618633590058,inside,10.093399414498284,inside,True
ames_mutagenicity,LPKIJQXIHVWSIQ-UHFFFAOYSA-N,5015,0.29578834163739826,0.2641509433962264,1.115851199632103,inside,10.743006976015137,inside,True
ames_mutagenicity,CBYWHFTZNVZQHV-UHFFFAOYSA-N,5015,0.47984221497275215,0.4117647058823529,3.231474873477835,inside,14.469626507547414,inside,True
ames_mutagenicity,NYPJDWWKZLNGGM-UHFFFAOYSA-N,5015,0.4276706791787407,0.2807017543859649,5.0145705951840895,inside,17.609399553292693,inside,True
ames_mutagenicity,SFLGSKRGOWRGBR-UHFFFAOYSA-N,5015,0.37000762776506485,0.3333333333333333,3.307073525491688,inside,8.61555884771848,inside,True
ames_mutagenicity,GUZBPGZOTDAWBO-UHFFFAOYSA-N,5015,0.4846403411197627,0.41379310344827586,4.587579449587636,inside,12.263291823432082,inside,True
ames_mutagenicity,NSSJCBLIILRMRW-UHFFFAOYSA-N,5015,0.5693802035152636,0.5,4.012561856961506,inside,21.33832234948894,inside,True
ames_mutagenicity,ZPVSFHWMXABGPU-UHFFFAOYSA-N,5015,0.44824109824109826,0.42857142857142855,1.7909479650234925,inside,13.258103818326648,inside,True
ames_mutagenicity,JTJBOKJQQFQURC-UHFFFAOYSA-N,5015,0.5369988479262673,0.53125,3.4418400499977357,inside,15.409515003173881,inside,True
ames_mutagenicity,OGQYPPBGSLZBEG-UHFFFAOYSA-N,5015,0.5274074074074073,0.5185185185185185,13.576610754906696,outside,17.736112492880455,inside,False
ames_mutagenicity,MVNXSXOJYGSNQZ-UHFFFAOYSA-N,5015,0.6137522692361401,0.5428571428571428,3.8180800768742236,inside,10.396625052078852,inside,True
ames_mutagenicity,WTARULDDTDQWMU-UHFFFAOYSA-N,5015,0.3026984751414334,0.2619047619047619,3.650604020244155,inside,17.75685897574076,inside,True
ames_mutagenicity,NMTGSDIMWJJCNO-UHFFFAOYSA-N,5015,0.6225575078516254,0.5925925925925926,1.970677758534042,inside,9.757044759018045,inside,True
ames_mutagenicity,SFOZSUOXRHKVCL-UHFFFAOYSA-N,5015,0.4882352941176471,0.47058823529411764,2.267129615006914,inside,11.057645250156483,inside,True
ames_mutagenicity,YXVFYQXJAXKLAK-UHFFFAOYSA-N,5015,0.49243221690590105,0.4090909090909091,2.171771575110449,inside,12.89229287100065,inside,True
ames_mutagenicity,MNZPHZWBCGOICS-CXALEUKOSA-N,5015,0.4916634416896807,0.3119266055045872,9.01735237481992,borderline,17.018686675304565,inside,True
ames_mutagenicity,YNHRJXOYFHWPDK-UHFFFAOYSA-N,5015,0.5800477440100081,0.5636363636363636,2.505924572874409,inside,13.137818012935037,inside,True
ames_mutagenicity,KMZHZAAOEWVPSE-RXMQYKEDSA-N,5015,0.43433048433048427,0.35714285714285715,3.6425820180910606,inside,10.832435887495539,inside,False
ames_mutagenicity,NOSXDHLEUPGNMK-UHFFFAOYSA-N,5015,0.5293019480519481,0.45454545454545453,2.1282856713673874,inside,9.909863793197234,inside,True
ames_mutagenicity,PXOZAFXVEWKXED-UHFFFAOYSA-N,5015,0.44655504804742047,0.4,1.737590163201658,inside,11.685636620472383,inside,True
ames_mutagenicity,XMQACTYLNNBBEQ-UHFFFAOYSA-N,5015,0.42649116696303635,0.37037037037037035,3.924651600396788,inside,13.060193266678898,inside,False
ames_mutagenicity,FSSPGSAQUIYDCN-UHFFFAOYSA-N,5015,0.43289473684210533,0.25,3.7349275335735945,inside,10.777851311875724,inside,True
ames_mutagenicity,GXLBMEWXUAEPIY-UHFFFAOYSA-N,5015,0.36002612330198536,0.3125,2.58316522189664,inside,9.04741200225317,inside,True
ames_mutagenicity,NIWHWZPMEARREK-UHFFFAOYSA-N,5015,0.6213086770981507,0.6,2.062316804260075,inside,12.329732880100606,inside,True
ames_mutagenicity,SAPGBCWOQLHKKZ-UHFFFAOYSA-N,5015,0.89,0.8333333333333334,2.9214919484256083,inside,20.739114110743586,inside,False
ames_mutagenicity,BYYQBAWEAGLGPF-IHWYPQMZSA-N,5015,0.42786813186813183,0.38461538461538464,3.1996802947010448,inside,13.457196075071554,inside,False
ames_mutagenicity,HWYHZTIRURJOHG-UHFFFAOYSA-N,5015,0.3709858136803108,0.3333333333333333,3.106107684428286,inside,9.048446344129292,inside,True
ames_mutagenicity,DLMVVDUVGYXJMF-UHFFFAOYSA-N,5015,0.5657400147022789,0.5454545454545454,2.505924572874409,inside,12.27972678843529,inside,True
ames_mutagenicity,QBSMHWVGUPQNJJ-UHFFFAOYSA-N,5015,0.5454545454545455,0.5,2.7651707946733852,inside,8.890723264959766,inside,True
ames_mutagenicity,FEJKLNWAOXSSNR-UHFFFAOYSA-N,5015,0.4439491369723928,0.41025641025641024,2.2791876990788866,inside,11.444428981292603,inside,True
ames_mutagenicity,FBZONXHGGPHHIY-UHFFFAOYSA-N,5015,0.35112877583465824,0.34285714285714286,2.346448349662884,inside,10.423016294560101,inside,True
ames_mutagenicity,GWZMWHWAWHPNHN-UHFFFAOYSA-N,5015,0.5910229885057471,0.5416666666666666,3.236187728539191,inside,15.564029885697868,inside,False
ames_mutagenicity,SVNCRRZKBNSMIV-UHFFFAOYSA-N,5015,0.4835,0.4375,2.251669838628486,inside,11.112983318844254,inside,True
ames_mutagenicity,YUTZYVTZDVZBJJ-UHFFFAOYSA-N,5015,0.35222777200731886,0.2857142857142857,9.947777172311023,borderline,17.81069526960654,inside,True
ames_mutagenicity,FRZPYFUNNLIMEC-UHFFFAOYSA-N,5015,0.5750135538086203,0.5483870967741935,2.2725688192639173,inside,16.12957367181975,inside,True
ames_mutagenicity,SLRQNUOHLJYXRG-UHFFFAOYSA-N,5015,0.5432153022499322,0.5,2.1419500837859147,inside,11.389199793253393,inside,True
ames_mutagenicity,GKJSZXGYFJBYRQ-UHFFFAOYSA-N,5015,0.4099896808617739,0.39285714285714285,2.7335846251123552,inside,13.480326748218435,inside,True
ames_mutagenicity,SBPBAQFWLVIOKP-UHFFFAOYSA-N,5015,0.3366349341669035,0.275,2.5436493976179326,inside,14.357556089714661,inside,True
ames_mutagenicity,BLYXNIHKOMELAP-UHFFFAOYSA-N,5015,0.6911981566820277,0.6774193548387096,3.3820641699041682,inside,15.999177459652898,inside,True
ames_mutagenicity,ADTJPOBHAXXXFS-UHFFFAOYSA-N,5015,0.4228423591658886,0.3,2.9243922324492924,inside,11.416991476293921,inside,False
ames_mutagenicity,WWKLDZDOXNNLAM-UHFFFAOYSA-N,5015,0.561593172119488,0.5526315789473685,3.290719659555731,inside,17.615539082393283,inside,True
ames_mutagenicity,IHLWXZNPOVMUFQ-UHFFFAOYSA-N,5015,0.34474530400846193,0.31666666666666665,11.23450173531343,outside,12.910585728666717,inside,True
ames_mutagenicity,ZGDMDBHLKNQPSD-UHFFFAOYSA-N,5015,0.46050527572266703,0.38461538461538464,3.705571448273737,inside,8.945081301496376,inside,True
ames_mutagenicity,UFULAYFCSOUIOV-UHFFFAOYSA-N,5015,0.3555555555555555,0.3333333333333333,4.494776884870935,inside,11.630856588839686,inside,False
ames_mutagenicity,FLEWLXKAEGLVCO-UHFFFAOYSA-N,5015,0.4040416887475711,0.3783783783783784,2.6959663397332196,inside,9.217735520925737,inside,True
ames_mutagenicity,NCKMMSIFQUPKCK-UHFFFAOYSA-N,5015,0.41030748663101607,0.3939393939393939,1.8719379177211974,inside,11.713527322896988,inside,True
ames_mutagenicity,MUNOBADFTHUUFG-UHFFFAOYSA-N,5015,0.5307017543859649,0.4583333333333333,2.1265848525030426,inside,9.00283462249281,inside,True
ames_mutagenicity,GEODGDMMLTYIFV-UHFFFAOYSA-N,5015,0.37461254961254964,0.36363636363636365,1.5066842439554973,inside,11.900211179639513,inside,True
ames_mutagenicity,CGHZWNPIJUGWBQ-UHFFFAOYSA-N,5015,0.6384479934479935,0.6,4.481167665010509,inside,19.402121102134654,inside,True
ames_mutagenicity,CQBOBCAMYWRTNO-STAPSFGWSA-N,5015,0.748868778280543,0.5,2.9215206596169927,inside,15.761567071051259,inside,False
ames_mutagenicity,DASPVRBQHVXYOC-UHFFFAOYSA-N,5015,0.37730374381537174,0.32432432432432434,1.4572222855621433,inside,11.672108141802035,inside,True
ames_mutagenicity,RINCXYDBBGOEEQ-UHFFFAOYSA-N,5015,0.40175184337655734,0.35,3.8169973137372386,inside,12.16984836443511,inside,True
ames_mutagenicity,YVGGHNCTFXOJCH-UHFFFAOYSA-N,5015,0.38941062801932363,0.34782608695652173,3.6617688346697976,inside,11.77950291670423,inside,True
ames_mutagenicity,QDTNJAYLSJACEQ-UHFFFAOYSA-N,5015,0.34778691735213474,0.3333333333333333,4.193050791252425,inside,10.618687176292713,inside,True
ames_mutagenicity,LLRWRZXFCFYZCL-UHFFFAOYSA-N,5015,0.48888294314381275,0.4230769230769231,1.9107805989328277,inside,9.69761061001795,inside,True
ames_mutagenicity,AJKVQEKCUACUMD-UHFFFAOYSA-N,5015,0.38630036630036624,0.35714285714285715,3.0190780220442703,inside,9.259180357423134,inside,True
ames_mutagenicity,GCVCOKIMPXJYFY-UHFFFAOYSA-N,5015,0.3701377250904223,0.24561403508771928,2.1585297625123268,inside,12.695532523348797,inside,True
ames_mutagenicity,CMLRUUHRGSJVMD-UHFFFAOYSA-N,5015,0.27890356265356264,0.2702702702702703,4.818981914593589,inside,14.68742522637814,inside,True
ames_mutagenicity,UHGULLIUJBCTEF-UHFFFAOYSA-N,5015,0.4150567174760723,0.375,2.3068679565352457,inside,9.39434973969843,inside,True
ames_mutagenicity,PXPGRGGVENWVBD-UHFFFAOYSA-N,5015,0.5753968253968254,0.5333333333333333,2.6715532946552982,inside,12.031873767328564,inside,True
ames_mutagenicity,IWRVPXDHSLTIOC-UHFFFAOYSA-N,5015,0.47074844368986984,0.3548387096774194,2.0673481987523794,inside,12.457146560309843,inside,True
ames_mutagenicity,ZZVUWRFHKOJYTH-UHFFFAOYSA-N,5015,0.37899617761583254,0.3548387096774194,2.2254948642582746,inside,13.546711682824116,inside,True
ames_mutagenicity,IMAVJBXAMPPGAO-UHFFFAOYSA-N,5015,0.425291280535183,0.38636363636363635,1.1975006839008522,inside,12.299079446593025,inside,True
ames_mutagenicity,CAGBLWRDOQVQDD-UHFFFAOYSA-N,5015,0.3763013510072334,0.35294117647058826,2.06739934512399,inside,9.75226183057566,inside,True
ames_mutagenicity,LQZZUXJYWNFBMV-UHFFFAOYSA-N,5015,0.9274725274725275,0.7142857142857143,3.6827969644451777,inside,18.661890285025812,inside,False
ames_mutagenicity,ZCPCFLWBEJAHSZ-UHFFFAOYSA-N,5015,0.2356818181818182,0.225,8.713056167325176,borderline,11.97812951634546,inside,True
ames_mutagenicity,YYAVCPKLYXJPGJ-UHFFFAOYSA-N,5015,0.28886027811656534,0.2765957446808511,3.763991438560308,inside,11.254099871922843,inside,True
ames_mutagenicity,GOHBXWHNJHENRX-UHFFFAOYSA-N,5015,0.6277649769585254,0.6129032258064516,3.991078232894814,inside,13.750463877230663,inside,True
ames_mutagenicity,WYKYKTKDBLFHCY-UHFFFAOYSA-N,5015,0.3267586950213489,0.27906976744186046,1.1872979211720955,inside,10.580737850257211,inside,True
ames_mutagenicity,STQGQHZAVUOBTE-UHFFFAOYSA-N,5015,0.48955328202302706,0.3786407766990291,9.234492935250447,borderline,17.40319086654315,inside,True
ames_mutagenicity,ISAKRJDGNUQOIC-UHFFFAOYSA-N,5015,0.25717948717948713,0.25,3.4226569125759037,inside,10.477506100752363,inside,True
ames_mutagenicity,OFYLBLSSPQTTHT-VMPITWQZSA-N,5015,0.27023508564109233,0.23809523809523808,2.752551882332822,inside,9.959231215437223,inside,True
ames_mutagenicity,RHGQIWVTIHZRLI-UHFFFAOYSA-N,5015,0.6053975895384383,0.5,3.5715350242451347,inside,18.110281092522776,inside,True
ames_mutagenicity,HFACYLZERDEVSX-UHFFFAOYSA-N,5015,0.5454545454545455,0.5,2.276186136706074,inside,8.890723264959766,inside,True
ames_mutagenicity,PGJREAGDCYDOOF-UHFFFAOYSA-N,5015,0.6442409442409442,0.6071428571428571,3.2667683703796615,inside,21.21888762536828,inside,False
ames_mutagenicity,GIVUQTUKKWDKHE-UHFFFAOYSA-N,5015,0.4340997067448681,0.3939393939393939,2.7165146678595304,inside,10.880199719137327,inside,True
ames_mutagenicity,RXKJFZQQPQGTFL-UHFFFAOYSA-N,5015,0.3542905623787977,0.29411764705882354,4.2702285587817155,inside,10.564363616456086,inside,False
ames_mutagenicity,GOPFSGIKKZFUJK-UHFFFAOYSA-N,5015,0.41691067441500174,0.3548387096774194,2.5730963476130793,inside,11.27411559855902,inside,True
ames_mutagenicity,IBPJJMOCMKEXHI-UHFFFAOYSA-N,5015,0.5722048066875652,0.5454545454545454,3.300754677127971,inside,11.119438524666748,inside,True
ames_mutagenicity,RUGDURZULGJEHD-UHFFFAOYSA-N,5015,0.5671709306637004,0.5483870967741935,2.762720546077638,inside,10.22045191360923,inside,True
ames_mutagenicity,UTMZWCTVPHAOJZ-UHFFFAOYSA-N,5015,0.33217368896236776,0.2826086956521739,2.1887628676529856,inside,9.882482114536941,inside,True
ames_mutagenicity,VKTBLHRTAVWXIJ-UHFFFAOYSA-N,5015,0.4206048906048906,0.4,1.8470013353067722,inside,10.514911200279961,inside,True
ames_mutagenicity,DYKNUIKMDGBXED-UHFFFAOYSA-N,5015,0.3525283797729618,0.3333333333333333,2.413470718494822,inside,9.597686112368148,inside,True
ames_mutagenicity,DUTMSHWTRSUNIF-UHFFFAOYSA-N,5015,0.433250773993808,0.39473684210526316,2.6342045454338003,inside,10.082072707660213,inside,True
ames_mutagenicity,IQVHLIMILWPTRL-UHFFFAOYSA-N,5015,0.4187152733003797,0.37037037037037035,3.430454841840543,inside,14.49934923369477,inside,True
ames_mutagenicity,RPQHVGSJKJADLO-UHFFFAOYSA-N,5015,0.4079153086933408,0.391304347826087,3.0127411660836145,inside,10.186126502427797,inside,True
ames_mutagenicity,DZQXBXZZSKPMDV-UHFFFAOYSA-N,5015,0.6461981566820276,0.5357142857142857,1.5310046909722872,inside,10.988863060475971,inside,True
ames_mutagenicity,VJHINFRRDQUWOJ-DNQXCXABSA-N,5015,0.6418155097590581,0.53125,7.753258773735749,borderline,24.59444081634915,inside,False
ames_mutagenicity,WSRGCUOXXGIVCV-UHFFFAOYSA-N,5015,0.4388567227276905,0.37037037037037035,1.8808712651568107,inside,8.520261021533557,inside,True
ames_mutagenicity,AAWMBIUFIQYVAV-UHFFFAOYSA-N,5015,0.3469230769230769,0.3333333333333333,3.0478140705927683,inside,10.844219430026868,inside,True
ames_mutagenicity,BDERNNFJNOPAEC-UHFFFAOYSA-N,5015,0.5354700854700856,0.5,4.646534630202576,inside,11.6218378218425,inside,False
ames_mutagenicity,LLEMOWNGBBNAJR-UHFFFAOYSA-N,5015,0.46079365079365087,0.39285714285714285,2.1593609867834647,inside,11.027286248278914,inside,True
ames_mutagenicity,KOYJWFGMEBETBU-UHFFFAOYSA-N,5015,0.3932581453634085,0.325,1.237154184863057,inside,10.639164635643345,inside,True
ames_mutagenicity,RJFYXEGJMSZKIR-UHFFFAOYSA-N,5015,0.44855072855072853,0.43243243243243246,1.9045905480111178,inside,16.576020360619278,inside,True
ames_mutagenicity,MBMQEIFVQACCCH-MIBUCLJRSA-N,5015,0.3923184223184223,0.2597402597402597,2.4492172290139944,inside,13.52634879754191,inside,True
ames_mutagenicity,WHFLEYTWERSAMD-UHFFFAOYSA-N,5015,0.5181631670124447,0.4772727272727273,4.194795681017336,inside,18.566842374279144,inside,True
ames_mutagenicity,DSLLNRXGDQGJJM-UHFFFAOYSA-N,5015,0.41005291005291006,0.3333333333333333,1.507950488514354,inside,9.55875073141406,inside,True
ames_mutagenicity,CRSYKZZUXKPAFM-UHFFFAOYSA-N,5015,0.5426468155500414,0.46153846153846156,2.527057638161565,inside,10.873813286001438,inside,True
ames_mutagenicity,SEPQTYODOKLVSB-UHFFFAOYSA-N,5015,0.35753715170278644,0.3125,4.23580516411835,inside,10.96462165529552,inside,False
ames_mutagenicity,DTAKJBSJVRKEMD-UHFFFAOYSA-N,5015,0.26058383760977366,0.25,6.629520407507075,borderline,17.762657915016835,inside,True
ames_mutagenicity,SVLDILRDQOVJED-UHFFFAOYSA-N,5015,0.6432804232804232,0.5925925925925926,1.5516344737534185,inside,10.369715501556277,inside,True
ames_mutagenicity,NXDIFTHOTABWBY-UHFFFAOYSA-N,5015,0.4792367738235053,0.3684210526315789,2.0221314662577865,inside,19.13867168978816,inside,True
ames_mutagenicity,GPQQDGWBQBCOSQ-UHFFFAOYSA-N,5015,0.3015431213135661,0.2777777777777778,6.27664723793201,inside,10.374907290257084,inside,True
ames_mutagenicity,AYBSKADMMKVOIV-UHFFFAOYSA-N,5015,0.5697619047619048,0.5357142857142857,3.0881608408563483,inside,13.619779740230648,inside,True
ames_mutagenicity,CSDTZUBPSYWZDX-UHFFFAOYSA-N,5015,0.5560063060878001,0.41935483870967744,3.508946587731039,inside,14.814717331090515,inside,False
ames_mutagenicity,SUNMBRGCANLOEG-UHFFFAOYSA-N,5015,0.4409724778145831,0.3684210526315789,3.9671505626304753,inside,9.157865176039774,inside,False
ames_mutagenicity,MIQPIUSUKVNLNT-UHFFFAOYSA-N,5015,0.4333220245736292,0.42105263157894735,2.0753701289779944,inside,10.723131294390855,inside,True
ames_mutagenicity,WPGHPGAUFIJVJF-UHFFFAOYSA-N,5015,0.38943191311612363,0.32142857142857145,3.335805649051359,inside,9.715574832850306,inside,True
ames_mutagenicity,CSCPPACGZOOCGX-UHFFFAOYSA-N,5015,0.4886363636363636,0.45454545454545453,4.729375625255433,inside,10.716246197108097,inside,False
ames_mutagenicity,ZDQMYXXOUIFQQE-UHFFFAOYSA-N,5015,0.26003246753246756,0.22916666666666666,2.098749311403245,inside,14.56281365047058,inside,True
ames_mutagenicity,IWPIZNNXCSPCSE-UHFFFAOYSA-N,5015,0.18135178688571346,0.16129032258064516,3.291936458015562,inside,10.328159397670742,inside,True
ames_mutagenicity,PKJBWOWQJHHAHG-UHFFFAOYSA-N,5015,0.4639473684210526,0.4,2.9152339181282514,inside,11.99267839932285,inside,True
ames_mutagenicity,ZFVUXWHEALDAJN-UHFFFAOYSA-N,5015,0.41959564982820796,0.37209302325581395,6.130335479161688,inside,13.177535655228084,inside,True
ames_mutagenicity,VGPIJNLQDSYRBZ-UHFFFAOYSA-N,5015,0.3322077674988634,0.2876712328767123,10.235719750705682,borderline,16.24527262363439,inside,True
ames_mutagenicity,CZCGRCFUEPALNV-UHFFFAOYSA-N,5015,0.6136571618037135,0.59375,3.328269586287093,inside,11.520202974670084,inside,True
ames_mutagenicity,GMLDCZYTIPCVMO-UHFFFAOYSA-N,5015,0.38459968102073366,0.3157894736842105,4.178972739385212,inside,9.929933327387085,inside,False
ames_mutagenicity,SMUQFGGVLNAIOZ-UHFFFAOYSA-N,5015,0.38761370466840317,0.34782608695652173,2.805492782621839,inside,9.581567231552986,inside,True
ames_mutagenicity,SIYISNUJKMAQBV-UHFFFAOYSA-N,5015,0.48747659662991466,0.45454545454545453,2.854672684988037,inside,9.867166877023687,inside,True
ames_mutagenicity,YKOCPBMVMBUTAX-UHFFFAOYSA-N,5015,0.47873707771609075,0.45454545454545453,1.5955609885816415,inside,12.5898944810164,inside,True
ames_mutagenicity,GSRITSVNVVVOBJ-UHFFFAOYSA-N,5015,0.5226454677398074,0.5,2.663049481150496,inside,14.182833380035037,inside,True
ames_mutagenicity,ULTHEAFYOOPTTB-UHFFFAOYSA-N,5015,0.5826923076923076,0.5,3.9989358938717054,inside,9.380082143966932,inside,False
ames_mutagenicity,KKKDZZRICRFGSD-UHFFFAOYSA-N,5015,0.38844385987243124,0.3469387755102041,2.296706228925085,inside,10.166272997762148,inside,True
ames_mutagenicity,JZRWCGZRTZMZEH-UHFFFAOYSA-N,5015,0.24717842096757564,0.21875,2.0133144570463926,inside,10.37802685312769,inside,True
ames_mutagenicity,BRHWSCIEJDCELY-UHFFFAOYSA-N,5015,0.5523419293124043,0.5142857142857142,3.556329044012444,inside,13.334204589183098,inside,True
ames_mutagenicity,GFBDGCLMYOEFQI-UHFFFAOYSA-N,5015,0.38080930295086374,0.3333333333333333,2.3785242047861135,inside,9.365275511017224,inside,True
ames_mutagenicity,ZQBAKBUEJOMQEX-UHFFFAOYSA-N,5015,0.5243177042954574,0.45161290322580644,0.8895274542435798,inside,12.933023576145425,inside,True
ames_mutagenicity,RNAAXKYOTPSFGV-UHFFFAOYSA-N,5015,0.5768100069072164,0.5333333333333333,2.877329318203639,inside,10.41444083410668,inside,True
ames_mutagenicity,RFVBTMAHKTUIBO-UHFFFAOYSA-N,5015,0.5718386491557224,0.5384615384615384,4.442421266298739,inside,17.709218931256746,inside,True
ames_mutagenicity,FOGHOCONSBRFHA-UHFFFAOYSA-N,5015,0.32994726313875244,0.3111111111111111,2.8092200972235712,inside,13.21594631017939,inside,True
ames_mutagenicity,UHALAAGWENHOHX-UHFFFAOYSA-N,5015,0.44640603085554,0.391304347826087,1.7385416029200444,inside,10.255256801493646,inside,True
ames_mutagenicity,QKDHBVNJCZBTMR-UHFFFAOYSA-N,5015,0.46748724671259884,0.35064935064935066,4.532273156450888,inside,15.888186876409083,inside,True
ames_mutagenicity,KNAHARQHSZJURB-UHFFFAOYSA-N,5015,0.25191236462096545,0.23076923076923078,2.0617274174420115,inside,9.922102517762035,inside,True
ames_mutagenicity,JYWIYHUXVMAGLG-UHFFFAOYSA-N,5015,0.3765284470431529,0.358974358974359,3.373566803329107,inside,15.970006303803652,inside,True
ames_mutagenicity,DFPAKSUCGFBDDF-UHFFFAOYSA-N,5015,0.4307032967032967,0.37142857142857144,2.9500174193872972,inside,14.694669276405678,inside,True
ames_mutagenicity,RIZMRRKBZQXFOY-UHFFFAOYSA-N,5015,0.5320579710144927,0.43333333333333335,5.09718171160648,inside,13.377892932317936,inside,False
ames_mutagenicity,RFCAUADVODFSLZ-UHFFFAOYSA-N,5015,0.5103535353535353,0.375,4.567123321049763,inside,11.099269372072587,inside,False
ames_mutagenicity,WPYCRFCQABTEKC-RYUDHWBXSA-N,5015,0.5759494423631045,0.5128205128205128,2.1315272198569186,inside,12.790282355041388,inside,True
ames_mutagenicity,VHKOGTWROZZNFC-CBAPKCEASA-N,5015,0.40313812987753933,0.34146341463414637,2.6342045454338003,inside,12.36039564258512,inside,True
ames_mutagenicity,DDSFKIFGAPZBSR-UHFFFAOYSA-N,5015,0.503507986266607,0.3939393939393939,2.117971706105504,inside,11.923839709980047,inside,True
ames_mutagenicity,CIJBKNZDKBKMFU-UHFFFAOYSA-N,5015,0.26796134721831316,0.23529411764705882,4.480891219155738,inside,9.798485376801066,inside,False
ames_mutagenicity,YBRVSVVVWCFQMG-UHFFFAOYSA-N,5015,0.5658506881013275,0.4782608695652174,2.1537555788611984,inside,8.318169110606913,inside,True
ames_mutagenicity,RCYFOPUXRMOLQM-UHFFFAOYSA-N,5015,0.45319304351562417,0.42424242424242425,3.2697531813562044,inside,10.835004487548536,inside,True
ames_mutagenicity,HTKFORQRBXIQHD-UHFFFAOYSA-N,5015,0.3078039927404718,0.2631578947368421,3.792562815755241,inside,12.773032956996555,inside,False
ames_mutagenicity,GYSSRZJIHXQEHQ-UHFFFAOYSA-N,5015,0.38563870034494263,0.37209302325581395,0.8629401367080507,inside,10.471729133934854,inside,True
ames_mutagenicity,WEMRWGUFDIQNDO-UHFFFAOYSA-N,5015,0.5010837438423644,0.4482758620689655,4.427292878032575,inside,11.550344273247413,inside,True
ames_mutagenicity,BDFXHTDKDCYUHS-UHFFFAOYSA-N,5015,0.4508111174134998,0.425,4.303217387397428,inside,11.846111307620665,inside,True
ames_mutagenicity,VDQGVVQLXXAWOU-UHFFFAOYSA-N,5015,0.3943776223776224,0.36,2.0487263048434907,inside,9.384083228228375,inside,True
ames_mutagenicity,XCRPPAPDRUBKRJ-UHFFFAOYSA-N,5015,0.42123737373737374,0.4,2.265032644802162,inside,11.722772009310745,inside,True
ames_mutagenicity,BOFVBIYTBGDQGY-UHFFFAOYSA-N,5015,0.6952380952380952,0.6190476190476191,0.957216235524616,inside,17.268519272102147,inside,True
ames_mutagenicity,OMBRRTHRPGDGPK-UHFFFAOYSA-N,5015,0.5945179997811577,0.5526315789473685,3.5574379966408736,inside,19.62913236051454,inside,True
ames_mutagenicity,HWMXXSVWKYRIKG-UHFFFAOYSA-N,5015,0.4816756965944272,0.42105263157894735,1.0706427079487657,inside,10.551035193482626,inside,True
ames_mutagenicity,BATOPAZDIZEVQF-LDIADDGTSA-N,5015,0.4142857142857143,0.2857142857142857,3.962530190351918,inside,9.136673385435486,inside,False
ames_mutagenicity,KLOAGCHCLPAICO-UHFFFAOYSA-N,5015,0.33813788367031944,0.28205128205128205,3.0696168611617645,inside,10.09537730773573,inside,True
ames_mutagenicity,LVKLJLYFIFXBKM-UHFFFAOYSA-N,5015,0.6105699855699857,0.5454545454545454,4.080300797490609,inside,10.110760481298218,inside,True
ames_mutagenicity,BYGQBDHUGHBGMD-UHFFFAOYSA-N,5015,0.3907608695652174,0.375,4.180010946180058,inside,13.500354135031015,inside,False
ames_mutagenicity,RUBNRLJEHIJVHG-OWOJBTEDSA-N,5015,0.4784940622440622,0.4166666666666667,2.8592662721813693,inside,16.302439061108604,inside,False
ames_mutagenicity,VJANPCXLBDGFCT-UHFFFAOYSA-N,5015,0.3253169174646603,0.3023255813953488,2.0281288022974686,inside,9.599807228223993,inside,True
ames_mutagenicity,KUBYVPFVNKJERF-QZTJIDSGSA-N,5015,0.5798286090969018,0.5405405405405406,2.5958406544502832,inside,15.685805635366831,inside,True
ames_mutagenicity,ISPKZLDOQRNGIX-UHFFFAOYSA-N,5015,0.34950835452994633,0.32558139534883723,1.7718899829431667,inside,10.795295327641966,inside,True
ames_mutagenicity,LVTFSVIRYMXRSR-UHFFFAOYSA-N,5015,0.49929071362214633,0.4482758620689655,1.7643519861541277,inside,11.005256736043306,inside,True
ames_mutagenicity,YOJKKXRJMXIKSR-UHFFFAOYSA-N,5015,0.5217391304347826,0.5,1.525313672539793,inside,10.186707259227823,inside,True
ames_mutagenicity,CIIFKVFOVFJZDM-UHFFFAOYSA-N,5015,0.46403048193926943,0.4230769230769231,2.287429186722065,inside,11.452100577050501,inside,True
ames_mutagenicity,FADNSVDEAHIDRF-UHFFFAOYSA-N,5015,0.6337864230278023,0.5517241379310345,3.9299783981053547,inside,11.806549382473467,inside,False
ames_mutagenicity,QPQKUYVSJWQSDY-UHFFFAOYSA-N,5015,0.4581520467836257,0.44,1.2355952571279292,inside,9.408674350828747,inside,True
ames_mutagenicity,JNVGBRQYZHTBTP-UHFFFAOYSA-N,5015,0.4865212751767373,0.47058823529411764,3.0823289299106515,inside,10.892614386145496,inside,True
ames_mutagenicity,VLBRWDJSOHOVGF-UHFFFAOYSA-N,5015,0.33137419027996534,0.3090909090909091,2.6068696040544075,inside,12.68055328246069,inside,True
ames_mutagenicity,OTMOUPHCTWPNSL-UHFFFAOYSA-N,5015,0.33368620181473335,0.2826086956521739,2.411898643527988,inside,11.707866923822651,inside,True
ames_mutagenicity,OAGOUCJGXNLJNL-UHFFFAOYSA-N,5015,0.3184135472370766,0.25,4.411389311325057,inside,10.857395753296087,inside,False
ames_mutagenicity,AOCCBINRVIKJHY-UHFFFAOYSA-N,5015,0.26639217549547534,0.25,1.9256041134606081,inside,16.548021917879126,inside,True
ames_mutagenicity,DXGLGDHPHMLXJC-UHFFFAOYSA-N,5015,0.41236204521513653,0.4,0.6705777008555567,inside,14.121409443005149,inside,True
ames_mutagenicity,AUNZGHUJTRYJJH-UHFFFAOYSA-N,5015,0.5693802035152636,0.5,4.0124382411467145,inside,21.33832234948894,inside,True
ames_mutagenicity,GOXQRTZXKQZDDN-SNVBAGLBSA-N,5015,0.5722316039653501,0.5277777777777778,3.083053883980808,inside,21.252548190875878,inside,False
ames_mutagenicity,LMIMSGCBKHFTDY-UHFFFAOYSA-N,5015,0.38055205663901315,0.32142857142857145,3.8132670302418554,inside,13.336660581788166,inside,False
ames_mutagenicity,AGMMTXLNIQSRCG-VIFPVBQESA-N,5015,0.35165979853479856,0.265625,2.791825202315496,inside,12.968305920147563,inside,True
ames_mutagenicity,NQRBQOCXMQTXJL-UHFFFAOYSA-N,5015,0.51337513061651,0.5,3.43878869323166,inside,12.808680163607681,inside,True
ames_mutagenicity,CZVHCFKUXGRABC-UHFFFAOYSA-N,5015,0.6700289855072463,0.64,1.4898342146280381,inside,9.54893603930699,inside,True
ames_mutagenicity,BIMHDDVPPBAOOS-OMKQZNDVSA-N,5015,0.23845920922913927,0.20967741935483872,4.8956282437774705,inside,11.55327424622039,inside,True
ames_mutagenicity,PULKTNQKGZNFNB-UHFFFAOYSA-N,5015,0.6568681688681688,0.5925925925925926,3.3315377811590943,inside,12.296732696232068,inside,True
ames_mutagenicity,VHNQIURBCCNWDN-UHFFFAOYSA-N,5015,0.3683660130718954,0.35,3.6045463839282608,inside,8.73653513973273,inside,True
ames_mutagenicity,UDJCKALRMXKDIT-UHFFFAOYSA-N,5015,0.6344729344729345,0.6296296296296297,5.3009848151416055,inside,16.482305107499585,inside,True
ames_mutagenicity,PQCAUHUKTBHUSA-UHFFFAOYSA-N,5015,0.4462458262458263,0.42424242424242425,1.9100534970696945,inside,11.821159953601509,inside,True
ames_mutagenicity,VIOBPYITUPAFAV-UHFFFAOYSA-N,5015,0.524011098531771,0.4225352112676056,3.8480754463324383,inside,23.058802990615423,inside,True
ames_mutagenicity,JEXVOGNRCWDQFR-UHFFFAOYSA-N,5015,0.45730313320741994,0.2830188679245283,3.416344912188744,inside,11.467352811859362,inside,True
ames_mutagenicity,XCPGHVQEEXUHNC-UHFFFAOYSA-N,5015,0.33672924297924295,0.30357142857142855,4.8076599462199665,inside,11.36914335304063,inside,True
ames_mutagenicity,MYLYRYCVWROLJA-UHFFFAOYSA-N,5015,0.3305220407023164,0.2926829268292683,2.4364967627270033,inside,12.753805430764116,inside,True
ames_mutagenicity,MDWVSAYEQPLWMX-UHFFFAOYSA-N,5015,0.5449524702939337,0.4146341463414634,5.233056328218698,inside,22.850849788601636,inside,True
ames_mutagenicity,ZGHFDIIVVIFNPS-UHFFFAOYSA-N,5015,0.5314802844214608,0.45454545454545453,4.268642892161623,inside,12.813805168376856,inside,False
ames_mutagenicity,GULYLTIQNWOTCD-UHFFFAOYSA-N,5015,0.31883830845771144,0.3,4.80108460076665,inside,12.314982886813757,inside,True
ames_mutagenicity,WZIYCIBURCPKAR-UHFFFAOYSA-N,5015,0.4954609116373822,0.45454545454545453,3.351692912561347,inside,10.058270725088612,inside,True
ames_mutagenicity,KXXRNNGEMNIAFA-UHFFFAOYSA-N,5015,0.5808898348028784,0.49230769230769234,13.679397987595873,outside,17.01501544944777,inside,True
ames_mutagenicity,YRNWIFYIFSBPAU-UHFFFAOYSA-N,5015,0.606265664160401,0.5,2.0287983848512674,inside,8.635996849190022,inside,True
ames_mutagenicity,MHVJRUONOLUWIE-KGENOOAVSA-N,5015,0.49900085175106745,0.25,3.5528160711483188,inside,14.339948628664906,inside,True
ames_mutagenicity,IIWRHLBIOWIXHR-UHFFFAOYSA-N,5015,0.33779005940296264,0.24242424242424243,2.688937005917106,inside,15.65322077794314,inside,True
ames_mutagenicity,HXVOYNIFZXGULL-UHFFFAOYSA-N,5015,0.6365797204425458,0.5681818181818182,2.991786714796269,inside,16.130087359973757,inside,True
ames_mutagenicity,LBBAKTMYSIFTBS-UHFFFAOYSA-N,5015,0.36748226747814244,0.32608695652173914,3.548842129935334,inside,11.845994569991701,inside,True
ames_mutagenicity,SSPYSWLZOPCOLO-UHFFFAOYSA-N,5015,0.24766414141414145,0.2222222222222222,3.713370703421567,inside,11.653350591490238,inside,True
ames_mutagenicity,QBYQOTZDHUGJAZ-UHFFFAOYSA-N,5015,0.4114123847167326,0.391304347826087,1.9936275576643077,inside,9.852694738143152,inside,True
ames_mutagenicity,QIONYIKHPASLHO-UHFFFAOYSA-N,5015,0.3381578947368421,0.3157894736842105,3.3679057215211037,inside,9.646492490485873,inside,False
ames_mutagenicity,LUUJHZXJXVGGIV-UHFFFAOYSA-N,5015,0.39216580520928346,0.375,1.2421525912276523,inside,12.951976105454317,inside,True
ames_mutagenicity,FBNQVDBEPCPMLA-UHFFFAOYSA-N,5015,0.48269578762411786,0.46296296296296297,3.796368763685007,inside,13.241013454273046,inside,True
ames_mutagenicity,LXNHXLLTXMVWPM-UHFFFAOYSA-N,5015,0.2635066929997806,0.25,2.8158716479067905,inside,10.52155796260906,inside,True
ames_mutagenicity,AFFXEGNIYQJTQQ-UHFFFAOYSA-N,5015,0.589033189033189,0.5555555555555556,1.8465421471001418,inside,11.637572040890804,inside,True
ames_mutagenicity,IAHFWCOBPZCAEA-UHFFFAOYSA-N,5015,0.5192074592074591,0.45454545454545453,4.016702728453937,inside,12.091031428636065,inside,False
ames_mutagenicity,OKDGRDCXVWSXDC-UHFFFAOYSA-N,5015,0.40394062078272597,0.35,3.6709198308370627,inside,9.86169877360723,inside,True
ames_mutagenicity,VLOODHWTRPYFIS-UHFFFAOYSA-N,5015,0.25077066456376806,0.23076923076923078,2.4482760950655624,inside,10.816158836375314,inside,True
ames_mutagenicity,ZUOUZKKEUPVFJK-UHFFFAOYSA-N,5015,0.5388493859082095,0.42857142857142855,3.108366994875194,inside,9.463611621819688,inside,True
ames_mutagenicity,RDJMBJBJQWPDEA-UHFFFAOYSA-N,5015,0.6156288156288157,0.5897435897435898,4.03994567897934,inside,12.37051563206548,inside,True
ames_mutagenicity,MXWQJYPMZBPDRV-UHFFFAOYSA-N,5015,0.7053178847296495,0.6388888888888888,4.483855894430757,inside,17.704981914150896,inside,True
ames_mutagenicity,RMDCSDVIVXJELQ-UHFFFAOYSA-N,5015,0.4553958704693999,0.4117647058823529,2.8666600165596092,inside,11.108358061135302,inside,True
ames_mutagenicity,RIFXIBQABYTNNQ-UHFFFAOYSA-N,5015,0.30787908496732025,0.2777777777777778,2.5651932802820796,inside,10.164697760685645,inside,True
ames_mutagenicity,RFPCZCUWSKCJNM-UHFFFAOYSA-N,5015,0.36366907057774894,0.35,4.111408280747896,inside,10.629694331136973,inside,True
ames_mutagenicity,VFOOHDPIWYRUFJ-UHFFFAOYSA-N,5015,0.5690601838821653,0.5294117647058824,3.57474679137371,inside,23.26242032771267,inside,True
ames_mutagenicity,YKBWNTIWQMGILB-UHFFFAOYSA-N,5015,0.4939444868856634,0.47058823529411764,2.2239220649596607,inside,13.346163707622733,inside,True
ames_mutagenicity,MDNWOSOZYLHTCG-UHFFFAOYSA-N,5015,0.5006296296296295,0.48,1.5538607419697397,inside,12.872445069414974,inside,True
ames_mutagenicity,IEXUMDBQLIVNHZ-UHFFFAOYSA-N,5015,0.4214301906328594,0.26506024096385544,5.447669784871209,inside,21.004645885282233,inside,True
ames_mutagenicity,BCJMNZRQJAVDLD-HKKPUIFWSA-N,5015,0.4521929824561403,0.3815789473684211,3.725263567353213,inside,17.2046283789474,inside,True
ames_mutagenicity,OWBTYPJTUOEWEK-UHFFFAOYSA-N,5015,0.4271978021978022,0.35714285714285715,4.156054525883778,inside,12.947643616112545,inside,False
ames_mutagenicity,FAOPMOSOIJRQBP-UHFFFAOYSA-N,5015,0.4157455908871003,0.36538461538461536,1.6687169965100457,inside,11.917359485022478,inside,True
ames_mutagenicity,GESPRUVYTLDFDD-UHFFFAOYSA-N,5015,0.4630781499202552,0.3333333333333333,2.053990945046419,inside,9.3549003080929,inside,True
ames_mutagenicity,WECDUOXQLAIPQW-UHFFFAOYSA-N,5015,0.4969846245708315,0.45454545454545453,2.0741429251470125,inside,11.173506073927596,inside,True
ames_mutagenicity,LVQIWDUSUJTZJF-UHFFFAOYSA-N,5015,0.5678877729953771,0.4666666666666667,2.7339251442587336,inside,14.002993106379307,inside,True
ames_mutagenicity,RJSRSRITMWVIQT-UHFFFAOYSA-N,5015,0.4877060490492081,0.4375,2.2516698386284864,inside,12.08113884518743,inside,True
ames_mutagenicity,VBLJFQYCTRKKKF-UHFFFAOYSA-N,5015,0.31226817042606514,0.2833333333333333,2.5902927762706085,inside,12.702737714775777,inside,True
ames_mutagenicity,UYVSZHKDKAJWPP-UHFFFAOYSA-N,5015,0.4946705224494271,0.38235294117647056,3.072912926140406,inside,9.59413138679775,inside,True
ames_mutagenicity,KLIHYVJAYWCEDM-UHFFFAOYSA-N,5015,0.7703118089341,0.7058823529411765,4.9977668640524975,inside,11.550090088895521,inside,True
ames_mutagenicity,RVHSTXJKKZWWDQ-UHFFFAOYSA-N,5015,0.3024242424242424,0.2727272727272727,4.120090324702496,inside,9.721751366379591,inside,False
ames_mutagenicity,SCMDZPRUOBLVPI-UHFFFAOYSA-N,5015,0.6388657843832934,0.6046511627906976,2.8792695910126485,inside,15.528224768898937,inside,True
ames_mutagenicity,HLCJPUJUJMVQRZ-UHFFFAOYSA-N,5015,0.6893650793650794,0.6071428571428571,4.377720754169381,inside,12.092942596104155,inside,True
ames_mutagenicity,MNOILHPDHOHILI-UHFFFAOYSA-N,5015,0.33386809269162204,0.2727272727272727,3.9129109352095917,inside,10.741166612307527,inside,False
ames_mutagenicity,BYHBFTWVLBYPJO-UHFFFAOYSA-N,5015,0.5344046107998521,0.5106382978723404,2.258329095278708,inside,12.98087322885613,inside,True
ames_mutagenicity,UFIGOYSEDNHKGT-UHFFFAOYSA-N,5015,0.49978997346739285,0.48,2.8666600165596092,inside,9.907675728755393,inside,True
ames_mutagenicity,FEJXQZAKAOGYBC-UHFFFAOYSA-N,5015,0.642958892958893,0.6071428571428571,3.5537526311011787,inside,15.714008972368495,inside,True
ames_mutagenicity,IJAPPYDYQCXOEF-UHFFFAOYSA-N,5015,0.3739226750261233,0.36,2.1763401824832966,inside,9.53769567404878,inside,True
ames_mutagenicity,VEDXDZRQOYXKTL-UHFFFAOYSA-N,5015,0.3918405444615122,0.25925925925925924,5.5853594460920695,inside,11.204051111054765,inside,True
ames_mutagenicity,XEZPSTVEIZNGRR-UHFFFAOYSA-N,5015,0.43237284487284483,0.38461538461538464,3.196602377282947,inside,9.389520227881874,inside,True
ames_mutagenicity,YEEFLZIZMHPFFY-UHFFFAOYSA-N,5015,0.4333900508094056,0.36666666666666664,2.729124161138077,inside,9.748559867565122,inside,True
ames_mutagenicity,VEORPZCZECFIRK-UHFFFAOYSA-N,5015,0.36783616128443714,0.3,4.253766850831616,inside,12.455950685790773,inside,True
ames_mutagenicity,JXTHNDFMNIQAHM-UHFFFAOYSA-N,5015,0.5439560439560438,0.5,3.7746908297807464,inside,10.853211630942983,inside,False
ames_mutagenicity,MJQZGYWXOBLRPT-CQSZACIVSA-N,5015,0.26939875092622,0.25,3.8087214803772196,inside,11.110535132669284,inside,True
ames_mutagenicity,GHGZVWOTJDLREY-UHFFFAOYSA-N,5015,0.3537066099784566,0.2857142857142857,1.5728436680907634,inside,10.867586746548026,inside,True
ames_mutagenicity,QZWKEPYTBWZJJA-UHFFFAOYSA-N,5015,0.36311327561327555,0.30357142857142855,2.527350930470724,inside,10.506764562542365,inside,True
ames_mutagenicity,DUEPRVBVGDRKAG-UHFFFAOYSA-N,5015,0.35177615644828764,0.2692307692307692,0.8531829063818159,inside,11.874384227797982,inside,True
ames_mutagenicity,RUSMDMDNFUYZTM-UHFFFAOYSA-N,5015,0.5227647714604237,0.4666666666666667,2.7447712577741945,inside,13.590903306732221,inside,True
ames_mutagenicity,QVYRGXJJSLMXQH-GOSISDBHSA-N,5015,0.3196400326597095,0.29545454545454547,2.3446686993672223,inside,12.181243403991486,inside,True
ames_mutagenicity,HKOIFYLIHVRRCI-UHFFFAOYSA-N,5015,0.5167105838537908,0.4186046511627907,3.977307115256286,inside,12.503299390887742,inside,True
ames_mutagenicity,FVGANPIKNNCIKX-UHFFFAOYSA-O,5015,0.28484696025805734,0.26666666666666666,12.697525846626137,outside,18.344121044464814,inside,True
ames_mutagenicity,CTSLUCNDVMMDHG-UHFFFAOYSA-N,5015,0.19838948281344596,0.1891891891891892,1.4137697419567703,inside,10.625160238649931,inside,True
ames_mutagenicity,YIMDLWDNDGKDTJ-IDLCANFOSA-N,5015,0.4092073930797334,0.2727272727272727,11.921239579381398,outside,20.927114944570388,inside,True
ames_mutagenicity,JOJKDEYBURDPEB-UHFFFAOYSA-N,5015,0.48277537701737366,0.4057971014492754,5.097345483224929,inside,20.2054911942193,inside,True
ames_mutagenicity,MZPCTRNDYNHZQE-UHFFFAOYSA-N,5015,0.42277311941922946,0.3958333333333333,1.6224235813785295,inside,12.034645339082244,inside,True
ames_mutagenicity,IRTWLWBEQPMVNM-UHFFFAOYSA-N,5015,0.4567736185383245,0.4166666666666667,2.7435391937692164,inside,10.79047345598833,inside,True
ames_mutagenicity,KJRCEJOSASVSRA-UHFFFAOYSA-N,5015,0.35,0.3333333333333333,4.663964437515314,inside,11.071803133944933,inside,False
ames_mutagenicity,VCLWCBGOALUALI-UHFFFAOYSA-N,5015,0.4722365353944301,0.41025641025641024,3.124639014443162,inside,12.595198405813951,inside,True
ames_mutagenicity,LJFWQNJLLOFIJK-UHFFFAOYSA-N,5015,0.4899238231878117,0.4523809523809524,3.346162331677094,inside,14.214821080577128,inside,True
ames_mutagenicity,PPKWFXHUJIGMNJ-UHFFFAOYSA-N,5015,0.5646125116713352,0.5,1.6907658487054038,inside,11.939963734828034,inside,True
ames_mutagenicity,KOIAGEVXJHBTJX-UHFFFAOYSA-N,5015,0.5375933245498462,0.5217391304347826,2.4563597957372374,inside,11.475536800484946,inside,True
ames_mutagenicity,TZXATTMVGZDPHM-UHFFFAOYSA-N,5015,0.3597546160831399,0.32075471698113206,4.26134977332308,inside,15.144805689254715,inside,True
ames_mutagenicity,OZXZZEYYEFHGKA-UHFFFAOYSA-N,5015,0.39911520477361756,0.35555555555555557,2.4807911528423743,inside,10.600332543176524,inside,True
ames_mutagenicity,WTUNGUOZHBRADH-UHFFFAOYSA-N,5015,0.4227038183694531,0.3684210526315789,3.459853530623241,inside,10.701630411016195,inside,False
ames_mutagenicity,UOYJBGYNFMPCLV-UHFFFAOYSA-N,5015,0.3896004968880059,0.375,2.5488880238958336,inside,10.631012745783586,inside,True
ames_mutagenicity,HSTOKWSFWGCZMH-UHFFFAOYSA-N,5015,0.4393704850361197,0.3684210526315789,4.756777211847492,inside,8.856025173792073,inside,True
ames_mutagenicity,LLOUAGKAVSGKKD-UHFFFAOYSA-N,5015,0.44746747505368195,0.42857142857142855,2.8147935774120763,inside,11.805340243732488,inside,True
ames_mutagenicity,JAHUHVVHFLBQSP-UHFFFAOYSA-N,5015,0.28336850165338534,0.2558139534883721,6.350995280127682,borderline,13.466158432108625,inside,True
ames_mutagenicity,ZVLOPMNVFLSSAA-GLWQHLDKSA-N,5015,0.29722182111782053,0.265625,1.7694552468826616,inside,12.020691311697163,inside,True
ames_mutagenicity,FYUFQYDLNJTYNP-NSCUHMNNSA-N,5015,0.408573505676954,0.37037037037037035,3.1957381931433013,inside,11.91568295695136,inside,False
ames_mutagenicity,JXDASSXQWMYQGN-UHFFFAOYSA-N,5015,0.45327962552352796,0.4318181818181818,1.313846892586775,inside,10.983649362352555,inside,True
ames_mutagenicity,UGRGZOJMYMJWLZ-UHFFFAOYSA-N,5015,0.4411006314232121,0.40540540540540543,1.9696234239140762,inside,11.497367600688406,inside,True
ames_mutagenicity,FDAYLTPAFBGXAB-UHFFFAOYSA-N,5015,0.3660606060606061,0.3333333333333333,3.5210237528559243,inside,13.635213733885754,inside,False
ames_mutagenicity,XXMVNOYKYOCDTD-UHFFFAOYSA-N,5015,0.3358878033972209,0.25862068965517243,1.2734459988171176,inside,13.345417978667617,inside,True
ames_mutagenicity,GJFPGGGITOORJL-UHFFFAOYSA-N,5015,0.5733076676689601,0.5365853658536586,1.3415031100823438,inside,22.430058023433638,inside,True
ames_mutagenicity,ORZRMRUXSPNQQL-UHFFFAOYSA-N,5015,0.46874825785641716,0.4411764705882353,1.8967268960815633,inside,12.740056237070473,inside,True
ames_mutagenicity,UHOJIEBXMNJROQ-UHFFFAOYSA-N,5015,0.5236268115942029,0.48,2.1292766739927558,inside,13.575688670203254,inside,True
ames_mutagenicity,WDECIBYCCFPHNR-UHFFFAOYSA-N,5015,0.7921303258145364,0.6666666666666666,3.818348484352418,inside,10.064634147454633,inside,True
ames_mutagenicity,MBJAPGAZEWPEFB-UHFFFAOYSA-N,5015,0.5485253954219471,0.4666666666666667,5.235311884972382,inside,11.659184328597636,inside,True
ames_mutagenicity,QFDPVUTXKUGISP-UHFFFAOYSA-N,5015,0.38418708620571973,0.3469387755102041,10.217341751362751,borderline,13.93178172409609,inside,True
ames_mutagenicity,SMHPLBXIVNQFBA-UHFFFAOYSA-N,5015,0.5028980838283165,0.48484848484848486,1.774563911609079,inside,15.804431058165619,inside,True
ames_mutagenicity,QXTOLYZIJUDOIT-UHFFFAOYSA-N,5015,0.43610939112487096,0.4117647058823529,1.7460764261232031,inside,11.200031961648122,inside,True
ames_mutagenicity,UNHSJQXRZCIATF-UHFFFAOYSA-N,5015,0.6487344668679484,0.5862068965517241,0.9863090029679522,inside,9.995221707282758,inside,True
ames_mutagenicity,WKRPJRMGCMKTHF-UHFFFAOYSA-N,5015,0.3713550957552042,0.3333333333333333,1.9806136249907256,inside,10.044796007158384,inside,True
ames_mutagenicity,XVEXEHQNOGGQQU-WLGLDCGKSA-N,5015,0.3260329941412273,0.2978723404255319,2.453451969271787,inside,11.860352511581391,inside,True
ames_mutagenicity,UYCICMIUKYEYEU-VNDWYCCKSA-N,5015,0.3250970000809539,0.2894736842105263,3.1242126920168487,inside,17.50088082371069,inside,True
ames_mutagenicity,HWGBHCRJGXAGEU-UHFFFAOYSA-N,5015,0.2607300745231779,0.2413793103448276,2.827143430585583,inside,9.30473714615598,inside,True
ames_mutagenicity,MAZCGYFIOOIVHE-UHFFFAOYSA-N,5015,0.629546963946869,0.5588235294117647,2.9344818209939043,inside,16.630118905298048,inside,True
ames_mutagenicity,VOVYJERDZWLXIU-UHFFFAOYSA-N,5015,0.3693523411910832,0.3191489361702128,2.730151684739364,inside,11.049544085687847,inside,True
ames_mutagenicity,CRYMJHJFLJAFNU-UHFFFAOYSA-N,5015,0.5265861344537814,0.5,4.361501048959615,inside,12.935690348790107,inside,True
ames_mutagenicity,DRINJBFRTLBHNF-UHFFFAOYSA-N,5015,0.3084570400359874,0.2777777777777778,3.87612354162787,inside,9.823555460389182,inside,False
ames_mutagenicity,YBWWRMMAWZGAPQ-UHFFFAOYSA-N,5015,0.440746423941345,0.425,1.3138468925867752,inside,10.97738786842103,inside,True
ames_mutagenicity,QHKJQSUMJUIIAA-JMOVZRAMSA-N,5015,0.3388259327782917,0.32608695652173914,2.278466252721028,inside,11.806751687520459,inside,True
ames_mutagenicity,QYIMZXITLDTULQ-UHFFFAOYSA-N,5015,0.5552081252081252,0.46153846153846156,2.123388198497299,inside,15.652334629439515,inside,True
ames_mutagenicity,ZJBMQVPEJHVSQA-UHFFFAOYSA-N,5015,0.4869071792588896,0.2808988764044944,10.117050689885334,borderline,22.505900539292718,inside,True
ames_mutagenicity,VHHHONWQHHHLTI-UHFFFAOYSA-N,5015,0.39166666666666666,0.3333333333333333,4.113481515382511,inside,9.823233694461486,inside,False
ames_mutagenicity,KHZRTXVUEZJYNE-UHFFFAOYSA-N,5015,0.34324594050017776,0.32,4.336926926768213,inside,17.249091796078748,inside,True
ames_mutagenicity,INYHZQLKOKTDAI-UHFFFAOYSA-N,5015,0.21830882352941178,0.2,3.6965285077649286,inside,11.809443433490493,inside,True
ames_mutagenicity,WHTVZRBIWZFKQO-CQSZACIVSA-N,5015,0.45363346331088267,0.35714285714285715,2.9121404258513404,inside,19.341714797039128,inside,True
ames_mutagenicity,SFMGKSXWKHFCQN-UHFFFAOYSA-N,5015,0.276545771479982,0.23684210526315788,4.790063670233237,inside,10.039129042716704,inside,True
ames_mutagenicity,KHBXRZGALJGBPA-UHFFFAOYSA-N,5015,0.5798988143391648,0.5151515151515151,4.150205185019929,inside,17.604055444210562,inside,True
ames_mutagenicity,YEBCRAVYUWNFQT-UHFFFAOYSA-N,5015,0.3221756579896115,0.2972972972972973,1.6045568397153858,inside,9.825035566055053,inside,True
ames_mutagenicity,FILKGCRCWDMBKA-UHFFFAOYSA-N,5015,0.36281045751633983,0.3333333333333333,3.335805649051359,inside,8.593425569851881,inside,True
ames_mutagenicity,KDSNLYIMUZNERS-UHFFFAOYSA-N,5015,0.46769230769230763,0.4,4.323336795452306,inside,10.769784712319906,inside,False
ames_mutagenicity,CFXQEHVMCRXUSD-UHFFFAOYSA-N,5015,0.5222777222777223,0.46153846153846156,4.175317982529206,inside,11.99829812237736,inside,False
ames_mutagenicity,YYNCOERMULFLJD-UHFFFAOYSA-N,5015,0.5664421252371916,0.5483870967741935,2.2178927385597937,inside,15.096027876157317,inside,True
ames_mutagenicity,XDXDZDZNSLXDNA-UHFFFAOYSA-N,5015,0.4139438368198835,0.38144329896907214,8.516073680567764,borderline,14.32925436405234,inside,True
ames_mutagenicity,JUWIZCRFZRYYJW-UHFFFAOYSA-N,5015,0.2808820346320346,0.26785714285714285,2.9422195318207303,inside,14.675628484302788,inside,True
ames_mutagenicity,FQYRLEXKXQRZDH-UHFFFAOYSA-N,5015,0.41414750957854396,0.4,2.2652756771932454,inside,10.24118822163949,inside,True
ames_mutagenicity,HSQVHYANHDSFFI-UHFFFAOYSA-N,5015,0.44388736263736267,0.38461538461538464,1.9197222848521347,inside,11.398455183413358,inside,True
ames_mutagenicity,NSBUPCKUCOQNMX-UHFFFAOYSA-N,5015,0.3501511500759621,0.3333333333333333,3.783074309374505,inside,12.640006479094156,inside,True
ames_mutagenicity,MEZZCSHVIGVWFI-UHFFFAOYSA-N,5015,0.4284514260249554,0.4,1.1004327666863034,inside,12.54672152271573,inside,True
ames_mutagenicity,ITQTTZVARXURQS-UHFFFAOYSA-N,5015,0.3741880191880192,0.35135135135135137,3.7879896748584523,inside,14.303739928475714,inside,True
ames_mutagenicity,PAJDGJYLNJGDDA-UHFFFAOYSA-N,5015,0.561593172119488,0.5526315789473685,3.2906086959214917,inside,17.615539082393283,inside,True
ames_mutagenicity,BNWLLBQXGNEQKJ-UHFFFAOYSA-N,5015,0.6083693354168582,0.5869565217391305,5.900194374256024,inside,14.715738517610244,inside,True
ames_mutagenicity,SVIPDPNCURSLKO-UHFFFAOYSA-N,5015,0.43068988610393016,0.40625,3.4670953328845178,inside,10.231246631118577,inside,True
ames_mutagenicity,JLIDVCMBCGBIEY-UHFFFAOYSA-N,5015,0.4091787439613527,0.3888888888888889,4.178972739385212,inside,14.047711734704349,inside,False
ames_mutagenicity,CELKOWQJPVJKIL-UHFFFAOYSA-N,5015,0.33402212166918044,0.3055555555555556,3.8793482260239176,inside,11.83821505219065,inside,True
ames_mutagenicity,WMQUKDQWMMOHSA-UHFFFAOYSA-N,5015,0.4621792001102346,0.41379310344827586,3.0190780220442703,inside,9.660388256886982,inside,True
ames_mutagenicity,VHLPNAMZTUCDKW-UHFFFAOYSA-N,5015,0.40109183814663274,0.36507936507936506,4.797610716147065,inside,18.003047377808112,inside,True
ames_mutagenicity,GOSNNEXEDSMCOM-UHFFFAOYSA-N,5015,0.4502563828269862,0.3902439024390244,2.055805946753381,inside,11.117365338406364,inside,True
ames_mutagenicity,BQCIDUSAKPWEOX-UHFFFAOYSA-N,5015,0.30903263403263403,0.23076923076923078,5.042124638565582,inside,11.150871002512007,inside,False
ames_mutagenicity,NXFQHRVNIOXGAQ-YCRREMRBSA-N,5015,0.6012880175196813,0.5,3.1418219117637243,inside,18.904446606312344,inside,True
ames_mutagenicity,HJSRGOVAIOPERP-UHFFFAOYSA-N,5015,0.4108511974973076,0.375,2.744771257774195,inside,11.356151507585812,inside,True
ames_mutagenicity,SHWMLKYICHRJFM-UHFFFAOYSA-N,5015,0.4538576640426729,0.425531914893617,5.690197603664865,inside,17.17127059211393,inside,True
ames_mutagenicity,USMNOWBWPHYOEA-XKSSXDPKSA-N,5015,0.24961126923887839,0.21568627450980393,2.9812180044659176,inside,11.752855955136582,inside,True
ames_mutagenicity,DUHHIDHETBMUJJ-OXQOHEQNSA-N,5015,0.49197305839703526,0.44680851063829785,4.275132920815713,inside,12.06442451855722,inside,True
ames_mutagenicity,MBEIHNKADVMCJM-UHFFFAOYSA-N,5015,0.1892956605359015,0.15151515151515152,4.622742140780687,inside,12.20710022910105,inside,True
ames_mutagenicity,UVBUBMSSQKOIBE-UHFFFAOYSA-N,5015,0.5511506037821827,0.2807017543859649,16.725030631917907,outside,27.94374040112622,borderline,False
ames_mutagenicity,UJDATCBZIHYYMW-UHFFFAOYSA-N,5015,0.5217027417027417,0.4166666666666667,1.519186869339895,inside,10.8973333151704,inside,True
ames_mutagenicity,OVQPXFFZKPEXMR-UHFFFAOYSA-N,5015,0.5271048567119857,0.46511627906976744,1.8081360914588933,inside,13.546509458139493,inside,True
ames_mutagenicity,FSLFRCJTFQJXBD-CQSZACIVSA-N,5015,0.2779040929804758,0.26,2.622170161758054,inside,13.029016884562864,inside,True
ames_mutagenicity,WMBRESALSWMMHD-UHFFFAOYSA-N,5015,0.3090909090909091,0.26666666666666666,3.540006170128535,inside,10.31843121290272,inside,True
ames_mutagenicity,BHMHNSQLZKUIMD-UHFFFAOYSA-N,5015,0.4172388040809093,0.3684210526315789,3.6488050482838696,inside,13.252616481194835,inside,False
ames_mutagenicity,YLQOANKELSHGPB-UHFFFAOYSA-N,5015,0.5328176586400121,0.4722222222222222,5.76574034165134,inside,23.38693693927218,inside,True
ames_mutagenicity,ZPEZGWPZHITXSF-UHFFFAOYSA-N,5015,0.5305277502181527,0.5135135135135135,1.9883188862536567,inside,14.9489152420213,inside,True
ames_mutagenicity,GKQREIUTZBDBND-UHFFFAOYSA-N,5015,0.34693939393939394,0.3333333333333333,3.092149497584887,inside,26.036940252889046,borderline,True
ames_mutagenicity,MTJUOHUSWWHAHJ-UHFFFAOYSA-N,5015,0.5774417562724015,0.53125,2.7454125762607244,inside,11.448215037867033,inside,True
ames_mutagenicity,HGMCWLNLXMIMEQ-UHFFFAOYSA-N,5015,0.6955095785440613,0.5925925925925926,4.601489843984483,inside,11.720800350610391,inside,True
ames_mutagenicity,DQEPMTIXHXSFOR-UHFFFAOYSA-N,5015,0.6604822954822954,0.6190476190476191,3.938442180175276,inside,13.277388134385616,inside,True
ames_mutagenicity,GUXACCKTQWVTLG-UHFFFAOYSA-N,5015,0.6911981566820277,0.6774193548387096,3.381316402822424,inside,15.999177459652898,inside,True
ames_mutagenicity,ORFLDOJIHBGTDF-UHFFFAOYSA-N,5015,0.31066176470588236,0.296875,1.5011781867409242,inside,11.127497422545368,inside,True
ames_mutagenicity,IKAAEAIINMTXAH-UHFFFAOYSA-N,5015,0.48227279300689796,0.3076923076923077,5.766627570110298,inside,22.53527765592588,inside,True
ames_mutagenicity,ZSJLQEPLLKMAKR-UHFFFAOYSA-N,5015,0.2954480861571902,0.2857142857142857,6.054603524731238,inside,17.547820084146196,inside,True
ames_mutagenicity,OWYKQTDOYDDHKU-UHFFFAOYSA-N,5015,0.46851305875696114,0.40476190476190477,2.012148891008591,inside,12.885455193250449,inside,True
ames_mutagenicity,KZHGPDSVHSDCMX-UHFFFAOYSA-N,5015,0.38108058608058604,0.358974358974359,1.5933953571453163,inside,11.154695379850466,inside,True
ames_mutagenicity,CBRSQTHEDKOXCT-UHFFFAOYSA-N,5015,0.4088809523809524,0.3958333333333333,2.2581424739692997,inside,12.161128498438561,inside,True
ames_mutagenicity,ZMNSHBTYBQNBPV-UHFFFAOYSA-N,5015,0.3990274699134308,0.37037037037037035,3.0403882550844377,inside,17.47397227742639,inside,True
ames_mutagenicity,RCUCNKLTNYOKIJ-UHFFFAOYSA-N,5015,0.5794496029835461,0.4925373134328358,4.197650659328872,inside,18.816152529534296,inside,True
ames_mutagenicity,CIHOLLKRGTVIJN-UHFFFAOYSA-N,5015,0.38383838383838387,0.36363636363636365,4.013574021270323,inside,9.587613309573015,inside,False
ames_mutagenicity,FAZDYVMEXQHRLI-UHFFFAOYSA-N,5015,0.35082123960695394,0.3148148148148148,12.210355431676538,outside,13.897306574425754,inside,True
ames_mutagenicity,TYABARRZSWMSHQ-UHFFFAOYSA-N,5015,0.4793010752688172,0.45161290322580644,1.7909065676711415,inside,10.49629081778368,inside,True
ames_mutagenicity,KRMGRLDDZCFISE-UHFFFAOYSA-N,5015,0.42545409605185236,0.39473684210526316,1.9779348508057106,inside,12.830633176309226,inside,True
ames_mutagenicity,YCMNFTXISHKEBZ-UHFFFAOYSA-N,5015,0.3348910018552876,0.32142857142857145,4.889062594939218,inside,13.967020295076578,inside,True
ames_mutagenicity,GCTDNKDBEKYVPV-UHFFFAOYSA-N,5015,0.47885952788500336,0.4,9.968469660067793,borderline,17.923453404664684,inside,True
ames_mutagenicity,MYVLYOJYVMLSFA-UHFFFAOYSA-N,5015,0.5247618377046295,0.4230769230769231,1.6980318585393883,inside,9.429290783993032,inside,True
ames_mutagenicity,NQDLNSRKFPKZCV-RPGAGZLDSA-N,5015,0.457459268819448,0.30851063829787234,9.169911721767688,borderline,21.94815631004907,inside,True
ames_mutagenicity,DXYYSGDWQCSKKO-UHFFFAOYSA-N,5015,0.3923992673992674,0.3333333333333333,2.784636852881738,inside,8.861712665359738,inside,True
ames_mutagenicity,OQHHSGRZCKGLCY-UHFFFAOYSA-N,5015,0.48915379665379666,0.4594594594594595,1.7909479650234925,inside,13.025544102822241,inside,True
ames_mutagenicity,LUYISICIYVKBTA-UHFFFAOYSA-N,5015,0.42167997890620984,0.40625,2.805492782621839,inside,10.79425332444507,inside,True
ames_mutagenicity,UTESMPAHZRAKMZ-UHFFFAOYSA-N,5015,0.6217948717948717,0.5833333333333334,3.3169498292743045,inside,16.592007130631668,inside,True
ames_mutagenicity,FDJAMXYLIRPRIS-UHFFFAOYSA-N,5015,0.3646078431372549,0.325,2.2809824557684486,inside,10.322374679882307,inside,True
ames_mutagenicity,CEQFOVLGLXCDCX-UHFFFAOYSA-N,5015,0.43283549783549785,0.3939393939393939,1.4822418771394308,inside,11.336161924368305,inside,True
ames_mutagenicity,WTSKMKRYHATLLL-UHFFFAOYSA-N,5015,0.23564049814672003,0.22727272727272727,9.574503094395777,borderline,16.34587128279318,inside,True
ames_mutagenicity,ZLWJEEVJKLGSRT-UHFFFAOYSA-N,5015,0.41373323013415886,0.3333333333333333,3.873266723161626,inside,11.83896049270407,inside,False
ames_mutagenicity,RCOWGILQXUPXEW-LNKIKWGQSA-N,5015,0.38773950732001083,0.2553191489361702,5.399773923791605,inside,17.784833755981182,inside,True
ames_mutagenicity,BFIXSNRLSBRJQT-UHFFFAOYSA-N,5015,0.4643149893584676,0.4230769230769231,2.208172977427715,inside,9.565372530787483,inside,True
ames_mutagenicity,ZUPMZPDNCIDBJG-UHFFFAOYSA-N,5015,0.5043988269794721,0.4,3.3991786318391326,inside,17.37553128541406,inside,False
ames_mutagenicity,ISTXQGWVNRUWBU-UHFFFAOYSA-N,5015,0.5258128969297134,0.5128205128205128,2.8296653226523545,inside,15.244546495573482,inside,True
ames_mutagenicity,MWWLXWJCCZTCCQ-UHFFFAOYSA-N,5015,0.4399013654044614,0.43137254901960786,1.316990081146309,inside,11.388821095733253,inside,True
ames_mutagenicity,YACLQRRMGMJLJV-UHFFFAOYSA-N,5015,0.4099567099567099,0.3333333333333333,4.564957514627049,inside,10.603416181330985,inside,False
ames_mutagenicity,OMNKZBIFPJNNIO-UHFFFAOYSA-N,5015,0.35057142857142853,0.3333333333333333,2.8629772539743907,inside,13.879293551250116,inside,False
ames_mutagenicity,UOAMTSKGCBMZTC-UHFFFAOYSA-N,5015,0.4769412552021247,0.4090909090909091,2.9411934271068967,inside,10.621674582515164,inside,True
ames_mutagenicity,OZFPSOBLQZPIAV-UHFFFAOYSA-N,5015,0.5150169319927385,0.48484848484848486,1.7662124368169143,inside,13.55249334815778,inside,True
ames_mutagenicity,OESUYYFUIPUBIV-UHFFFAOYSA-N,5015,0.5975345622119816,0.5483870967741935,2.218895233538632,inside,16.64101268676574,inside,True
ames_mutagenicity,NGDMLQSGYUCLDC-UHFFFAOYSA-N,5015,0.5510075757575758,0.52,3.012233754088891,inside,9.89079183100833,inside,True
ames_mutagenicity,KVNGDDJGBRCFHD-UHFFFAOYSA-N,5015,0.46919529157068923,0.38461538461538464,4.807187241000819,inside,12.344095911345756,inside,True
ames_mutagenicity,NJWIMFZLESWFIM-UHFFFAOYSA-N,5015,0.3832569826198012,0.3448275862068966,3.351692912561347,inside,8.913119112139874,inside,True
ames_mutagenicity,DCUJJWWUNKIJPH-UHFFFAOYSA-N,5015,0.3166287735253252,0.3076923076923077,2.7252370124853984,inside,10.274923588720677,inside,True
ames_mutagenicity,LFCWFVPSUMBNQM-LLVKDONJSA-N,5015,0.42546473134708435,0.4166666666666667,3.1633067934332075,inside,9.684657465947216,inside,True
ames_mutagenicity,GHASVSINZRGABV-UHFFFAOYSA-N,5015,0.22693462693462693,0.21621621621621623,3.2241755652754516,inside,11.307361269098134,inside,True
ames_mutagenicity,ITGZYPQCNIMBRB-UHFFFAOYSA-N,5015,0.44751891003053795,0.4186046511627907,2.9025399307697035,inside,12.89094658405687,inside,True
ames_mutagenicity,FIISKTXZUZBTRC-UHFFFAOYSA-N,5015,0.36343291487896606,0.32142857142857145,2.203545067055391,inside,10.742645492586798,inside,True
ames_mutagenicity,UZRBMLVHWQLFQF-UHFFFAOYSA-N,5015,0.3489493521674479,0.3170731707317073,1.8933599816519615,inside,10.17054299750524,inside,True
ames_mutagenicity,BQARVUKCXRAJKO-UHFFFAOYSA-N,5015,0.446096042832312,0.38,3.969569087865661,inside,12.320556358311212,inside,True
ames_mutagenicity,HBFJNZBYSXSNHZ-UHFFFAOYSA-N,5015,0.4542445481534666,0.35135135135135137,2.5698201036767556,inside,14.060784883082665,inside,True
ames_mutagenicity,AWJUIBRHMBBTKR-UHFFFAOYSA-N,5015,0.5469501073639005,0.5,3.05852753980788,inside,10.245276366451161,inside,True
ames_mutagenicity,BGQHJKADBZPYGJ-UHFFFAOYSA-N,5015,0.3411764705882353,0.3333333333333333,3.9393130071839795,inside,11.616138416283862,inside,False
ames_mutagenicity,AMJPOSPVYFVPOR-UHFFFAOYSA-N,5015,0.5070945945945946,0.4864864864864865,3.00585783044168,inside,10.597988495411508,inside,True
ames_mutagenicity,DMVOXQPQNTYEKQ-UHFFFAOYSA-N,5015,0.5316666666666666,0.5,2.137518278249414,inside,8.449485789200306,inside,True
ames_mutagenicity,VADSDVGLFDVIMG-UHFFFAOYSA-N,5015,0.47735247208931425,0.42424242424242425,2.8321483215348637,inside,15.189261099764142,inside,True
ames_mutagenicity,BSHDUMDXSRLRBI-UHFFFAOYSA-N,5015,0.3584384734734133,0.25,2.21912349114178,inside,13.063729364682953,inside,True
ames_mutagenicity,ZNRLMGFXSPUZNR-UHFFFAOYSA-N,5015,0.27234071376513236,0.2564102564102564,2.2919407914128493,inside,9.976066890630522,inside,True
ames_mutagenicity,TUNFSRHWOTWDNC-UHFFFAOYSA-N,5015,1.0,1.0,3.8890362692860267,inside,22.42276996578682,inside,False
ames_mutagenicity,YWMTVUUYOAIDBC-RYUDHWBXSA-N,5015,0.2269215237582447,0.21052631578947367,2.6869056666142406,inside,10.402479355545346,inside,True
ames_mutagenicity,FPLFMMYMWKRIFA-UTPIQSGESA-N,5015,0.40311598274083754,0.2980769230769231,10.414676870214018,borderline,18.33425710740807,inside,True
ames_mutagenicity,HXXLWTPFYWMBSC-UHFFFAOYSA-N,5015,0.39736855736855736,0.35555555555555557,4.851175370502127,inside,18.48493775121718,inside,True
ames_mutagenicity,LQKGSLMFGWWLIU-UHFFFAOYSA-N,5015,0.7458689458689458,0.6666666666666666,3.994675004281685,inside,10.502814650181728,inside,True
ames_mutagenicity,GYESAYHWISMZOK-UHFFFAOYSA-N,5015,0.4268421884882986,0.4,2.278520844072346,inside,12.699393240579111,inside,True
ames_mutagenicity,CWXUUUREGLBAQA-UHFFFAOYSA-N,5015,0.5410594370872424,0.5094339622641509,2.5138810295360856,inside,11.81026265288711,inside,True
ames_mutagenicity,YJQJOONVCZZDPE-UHFFFAOYSA-N,5015,0.35016042780748663,0.3235294117647059,1.7177912229394465,inside,10.219742209769217,inside,True
ames_mutagenicity,MTFJSAGADRTKCI-VMPITWQZSA-N,5015,0.3334401709401709,0.2777777777777778,2.752551882332822,inside,10.521797930790838,inside,True
ames_mutagenicity,QXSZNDIIPUOQMB-UHFFFAOYSA-N,5015,0.36454545454545456,0.2727272727272727,4.05175028272278,inside,10.162279475317556,inside,False
ames_mutagenicity,SRNADEMZUKHZGO-UHFFFAOYSA-N,5015,0.28838506534174213,0.24358974358974358,4.131275528082492,inside,14.570125758095568,inside,True
ames_mutagenicity,NJHURJLQAMUPST-UHFFFAOYSA-N,5015,0.39479859296260766,0.32558139534883723,2.121079198837045,inside,11.785754079312484,inside,True
ames_mutagenicity,HZKMTYYMOHISRX-UHFFFAOYSA-N,5015,0.5462524810549126,0.46153846153846156,3.982554812715531,inside,14.916464230533643,inside,True
ames_mutagenicity,WEQODPBVLBGVHC-UHFFFAOYSA-N,5015,0.4012626262626263,0.3333333333333333,4.103113452661008,inside,13.904565673734083,inside,False
ames_mutagenicity,UNXHWFMMPAWVPI-UHFFFAOYSA-N,5015,0.4535897435897436,0.38461538461538464,4.8963076071154665,inside,11.826472895443514,inside,False
ames_mutagenicity,GCTFDMFLLBCLPF-UHFFFAOYSA-N,5015,0.3406559714795009,0.3181818181818182,3.3472810412902305,inside,9.670228281457723,inside,True
ames_mutagenicity,HAADFRCWPFJSDV-UHFFFAOYSA-N,5015,0.4095964240102171,0.3333333333333333,1.6287392684641737,inside,12.986438518302899,inside,True
ames_mutagenicity,ZUZJJOZXFBPXOA-UHFFFAOYSA-N,5015,0.4767829097240862,0.45714285714285713,1.780911915250077,inside,10.651446766473518,inside,True
ames_mutagenicity,DTOSIQBPPRVQHS-IUQGRGSQSA-N,5015,0.5241379310344827,0.4827586206896552,4.330639722339505,inside,20.033940731142117,inside,False
ames_mutagenicity,OEONEHOVSJDOGK-UHFFFAOYSA-N,5015,0.44457303991830843,0.41025641025641024,1.3138468925867752,inside,10.744242830324536,inside,True
ames_mutagenicity,APQIUTYORBAGEZ-UHFFFAOYSA-N,5015,0.48538961038961037,0.375,4.417209179376881,inside,9.495975394022244,inside,False
ames_mutagenicity,WERYXYBDKMZEQL-UHFFFAOYSA-N,5015,0.5397435897435897,0.5,4.110871495668959,inside,13.017719550916683,inside,False
ames_mutagenicity,GXLYVLHWXVRVKI-UHFFFAOYSA-N,5015,0.5348938381196445,0.5135135135135135,1.9861227784186242,inside,15.093712837449274,inside,True
ames_mutagenicity,UVSDNCAZVSQJQA-UHFFFAOYSA-N,5015,0.33891539354953987,0.3269230769230769,1.7014339040259079,inside,9.88088366644561,inside,True
ames_mutagenicity,KUIZRZFISMTDJY-UHFFFAOYSA-N,5015,0.7903743315508021,0.7878787878787878,4.4872055952700345,inside,18.39539807012902,inside,True
ames_mutagenicity,LQIOLFAOWGBWPX-UHFFFAOYSA-N,5015,0.29765983606302626,0.25,4.79035951986134,inside,15.583988823322446,inside,True
ames_mutagenicity,JWBOIMRXGHLCPP-CYBMUJFWSA-N,5015,0.31796195202646815,0.2903225806451613,3.3243386375438426,inside,13.813230641849266,inside,True
ames_mutagenicity,TURHTASYUMWZCC-UHFFFAOYSA-N,5015,0.27967231238393364,0.2727272727272727,2.6121139935251527,inside,11.082045231864893,inside,True
ames_mutagenicity,FLPAHYRBIDJSAP-UHFFFAOYSA-N,5015,0.43914141414141417,0.375,2.741840268816574,inside,9.461198467408417,inside,True
ames_mutagenicity,VQHSOMBJVWLPSR-WUJBLJFYSA-N,5015,0.28766728421970356,0.265625,10.238902068594989,borderline,11.891919065080733,inside,True
ames_mutagenicity,LNBSOHHDTLWCJR-UHFFFAOYSA-N,5015,0.5730040649061755,0.5581395348837209,2.7734917029464303,inside,16.056252032030173,inside,True
ames_mutagenicity,JSJBYUNWLNWERF-UHFFFAOYSA-N,5015,0.21944291012388542,0.21052631578947367,3.4957741175944017,inside,10.165338353359546,inside,False
ames_mutagenicity,LNFYSRMCCKKDEH-UHFFFAOYSA-N,5015,0.35265944058782933,0.2608695652173913,5.663080855916408,inside,11.290278593175763,inside,True
ames_mutagenicity,NAFQRMMXAUBUQJ-UHFFFAOYSA-N,5015,0.3645933014354067,0.3333333333333333,2.846065541914243,inside,10.517267366752522,inside,True
ames_mutagenicity,ASMCYZCLGKOSEL-UHFFFAOYSA-N,5015,0.3587719298245614,0.21052631578947367,3.6774653408506426,inside,14.465120099077257,inside,True
ames_mutagenicity,UJJYHXUOXFTWOO-RTBURBONSA-N,5015,0.5712639720194934,0.5106382978723404,2.7732500749361857,inside,20.159462813843408,inside,True
ames_mutagenicity,HBIBQTBRVIDUFD-UHFFFAOYSA-N,5015,0.3274447098082837,0.27586206896551724,3.0207414289210655,inside,10.036266809175192,inside,True
ames_mutagenicity,DCTOHCCUXLBQMS-UHFFFAOYSA-N,5015,1.0,1.0,4.047076429108544,inside,21.383516493498202,inside,False
ames_mutagenicity,RYUJRXVZSJCHDZ-UHFFFAOYSA-N,5015,0.4962167902656779,0.46511627906976744,5.196751045767646,inside,23.647703104052155,inside,True
ames_mutagenicity,FHIVAFMUCKRCQO-UHFFFAOYSA-N,5015,0.31063075742878693,0.25862068965517243,2.566078767217869,inside,14.57552734635469,inside,True
ames_mutagenicity,FBTJXIHXAORGIR-UHFFFAOYSA-N,5015,0.38221744471744473,0.3333333333333333,2.4238865906129927,inside,12.976775707963444,inside,True
ames_mutagenicity,KGIGUEBEKRSTEW-UHFFFAOYSA-N,5015,0.3920692431561997,0.37037037037037035,3.4872223763774493,inside,10.616337690538245,inside,True
ames_mutagenicity,WXUAQHNMJWJLTG-VKHMYHEASA-N,5015,0.4818181818181818,0.45454545454545453,3.5059184659424356,inside,14.43341070146578,inside,False
ames_mutagenicity,ASVDRLYVNFOSCI-UHFFFAOYSA-N,5015,0.6650659710659711,0.5925925925925926,3.992026673638346,inside,12.258212628821429,inside,True
ames_mutagenicity,AFQHMLMYZPOSFP-UHFFFAOYSA-N,5015,0.526363064942512,0.4576271186440678,4.861526740933487,inside,22.652677498985806,inside,True
ames_mutagenicity,ZXEKIIBDNHEJCQ-UHFFFAOYSA-N,5015,0.40594268476621415,0.38461538461538464,4.351302990545965,inside,12.256292207068899,inside,False
ames_mutagenicity,ZKHILWNFXSZCCP-UHFFFAOYSA-N,5015,0.36716640085061136,0.3111111111111111,1.4757684158882551,inside,10.334826561330896,inside,True
ames_mutagenicity,QRXWMOHMRWLFEY-UHFFFAOYSA-N,5015,0.34991789819376024,0.3333333333333333,3.0162239111465095,inside,8.502580395503484,inside,True
ames_mutagenicity,IRGWFPQSVKCDEC-UHFFFAOYSA-N,5015,0.5428834007522532,0.47619047619047616,11.366046553617812,outside,17.575920957489803,inside,True
ames_mutagenicity,UDOPVQJLNAVEPC-UHFFFAOYSA-N,5015,0.4382590885816692,0.4222222222222222,1.8379718644249154,inside,10.884026639410662,inside,True
ames_mutagenicity,OZOQTNHPJBUEGC-UHFFFAOYSA-N,5015,0.5483453007125737,0.5294117647058824,3.6648928109078587,inside,13.985753976812807,inside,True
ames_mutagenicity,XSQUKJJJFZCRTK-UHFFFAOYSA-N,5015,0.44848484848484843,0.4166666666666667,5.009939437625158,inside,10.167225671056313,inside,False
ames_mutagenicity,XLRYBCRFFFGIBX-UHFFFAOYSA-N,5015,0.42593051255589953,0.39473684210526316,3.2959664530556734,inside,10.122808201639645,inside,True
ames_mutagenicity,XUIRHRWOJCYEDJ-UHFFFAOYSA-N,5015,0.4718108504398827,0.42424242424242425,2.8666600165596092,inside,11.098418282255786,inside,True
ames_mutagenicity,PFRYFZZSECNQOL-UHFFFAOYSA-N,5015,0.4306653746770026,0.40625,1.2319568949952426,inside,11.593416640058342,inside,True
ames_mutagenicity,IETWCRRCPURZOC-UHFFFAOYSA-N,5015,0.5093897696508053,0.4473684210526316,2.108258211496567,inside,12.813803001783262,inside,True
ames_mutagenicity,DKYWVDODHFEZIM-UHFFFAOYSA-N,5015,0.3889473684210526,0.375,1.0895205756275244,inside,13.536481317502016,inside,True
ames_mutagenicity,LPQDGVLVYVULMX-QPFGOUBPSA-N,5015,0.5215947742323238,0.40540540540540543,4.404825765709446,inside,16.672187738620796,inside,False
ames_mutagenicity,VOCYGZAHYQXJOF-UHFFFAOYSA-N,5015,0.44440892372598684,0.39622641509433965,6.448685829614741,borderline,22.727106094521947,inside,True
ames_mutagenicity,RWCCWEUUXYIKHB-UHFFFAOYSA-N,5015,0.6061919504643962,0.5789473684210527,2.268557566946692,inside,9.979309626397692,inside,True
ames_mutagenicity,PHOLIFLKGONSGY-NTMALXAHSA-N,5015,0.3060979347400953,0.27906976744186046,1.88829713140831,inside,10.118856883710029,inside,True
ames_mutagenicity,ISHBWEUQYFEVES-UHFFFAOYSA-N,5015,0.6392600832200387,0.5925925925925926,3.3304196356280418,inside,10.137264053590355,inside,True
ames_mutagenicity,NISVZEWKUNUGQQ-UHFFFAOYSA-N,5015,0.4391039279869068,0.3541666666666667,4.866960360237191,inside,12.19904549000157,inside,True
ames_mutagenicity,GOLXRNDWAUTYKT-UHFFFAOYSA-N,5015,0.4104945172751776,0.36363636363636365,1.602552553333572,inside,11.681019039255053,inside,True
ames_mutagenicity,KXYNLLGPBDUAHW-UHFFFAOYSA-N,5015,0.4025666144200627,0.3793103448275862,1.9324018695888896,inside,10.75250792076144,inside,True
ames_mutagenicity,UIMOJFJSJSIGLV-IDUWFGFVSA-N,5015,0.2299034739652222,0.19540229885057472,10.22424506756242,borderline,16.45814841616595,inside,True
ames_mutagenicity,HQABUPZFAYXKJW-UHFFFAOYSA-N,5015,0.6395604395604396,0.5,4.301164480629476,inside,12.80134266858661,inside,False
ames_mutagenicity,CNQCWYFDIQSALX-UHFFFAOYSA-N,5015,0.4050344582953279,0.3333333333333333,3.351692912561347,inside,12.258564738546774,inside,True
ames_mutagenicity,MCJGNVYPOGVAJF-UHFFFAOYSA-N,5015,0.5136738623695145,0.45454545454545453,2.278520844072346,inside,12.705896307844638,inside,True
ames_mutagenicity,WNYHOOQHJMHHQW-UHFFFAOYSA-N,5015,0.48373885172798214,0.46153846153846156,3.823707614853044,inside,10.132745690237902,inside,True
ames_mutagenicity,HUKBLXWCSKZXPO-UHFFFAOYSA-N,5015,0.45631656918086383,0.4117647058823529,5.421591026642584,inside,12.262655042289122,inside,True
ames_mutagenicity,QNAYBMKLOCPYGJ-UHFFFAOYSA-N,5015,0.46907563025210075,0.4,4.261958867075738,inside,13.080315555143315,inside,False
ames_mutagenicity,YMTINGFKWWXKFG-UHFFFAOYSA-N,5015,0.3761904761904762,0.3333333333333333,3.1421347446683154,inside,20.346250042743907,inside,True
ames_mutagenicity,XBHBWNFJWIASRO-UHFFFAOYSA-N,5015,0.45167216790328923,0.3466666666666667,4.024583318902173,inside,15.871650592811777,inside,True
ames_mutagenicity,XFCMNSHQOZQILR-UHFFFAOYSA-N,5015,0.7757971014492753,0.6666666666666666,2.89983580124934,inside,17.191517537010903,inside,False
ames_mutagenicity,AVUYBPJIKGDENR-UHFFFAOYSA-N,5015,0.5628703703703704,0.5,2.6801228247213955,inside,16.521562922212063,inside,False
ames_mutagenicity,XTJBUPXVQDLXRF-UHFFFAOYSA-N,5015,0.4888410681877106,0.42105263157894735,3.3297579505451513,inside,11.563933990959168,inside,True
ames_mutagenicity,AEOCXXJPGCBFJA-UHFFFAOYSA-N,5015,0.2603872064884377,0.23076923076923078,2.107711308768205,inside,10.882726672589206,inside,True
ames_mutagenicity,BDLNCFCZHNKBGI-UHFFFAOYSA-N,5015,0.6577380952380952,0.6190476190476191,1.7502323989065909,inside,13.269717771561359,inside,True
ames_mutagenicity,LMYVCXSKCQSIEQ-UHFFFAOYSA-N,5015,0.4277193814707546,0.4117647058823529,2.816465615291618,inside,10.20157777812607,inside,True
ames_mutagenicity,OREQWMWYRYXCDF-UHFFFAOYSA-N,5015,0.5589426877470356,0.391304347826087,2.0141397024044636,inside,10.024338608801056,inside,True
ames_mutagenicity,WXSUJWYXGUYPCU-UHFFFAOYSA-N,5015,0.31492726122707143,0.2903225806451613,2.155349918641117,inside,10.36693771816564,inside,True
ames_mutagenicity,SWXVUIWOUIDPGS-UHFFFAOYSA-N,5015,0.35954279638490166,0.3181818181818182,3.5358504294023287,inside,11.93071765578432,inside,False
ames_mutagenicity,UUDPHSBAQDGNLA-UHFFFAOYSA-N,5015,0.41556324110671944,0.375,1.3349264682291107,inside,11.033446559495026,inside,True
ames_mutagenicity,JUIKUQOUMZUFQT-UHFFFAOYSA-N,5015,0.42333333333333334,0.3333333333333333,3.96277922770792,inside,9.847623646347063,inside,False
ames_mutagenicity,KEQGZUUPPQEDPF-UHFFFAOYSA-N,5015,0.22074534161490683,0.2,2.5976486796252534,inside,10.192421277799323,inside,True
ames_mutagenicity,YCPOZVAOBBQLRI-PHDIDXHHSA-N,5015,0.48097916576177446,0.38461538461538464,4.850557618749426,inside,11.09428341812346,inside,False
ames_mutagenicity,PJVVBVYEMMJZCY-UHFFFAOYSA-N,5015,0.7623914914237495,0.6451612903225806,3.9974207020921715,inside,11.690610548487939,inside,True
ames_mutagenicity,ALRLPDGCPYIVHP-UHFFFAOYSA-N,5015,0.755634206357232,0.696969696969697,2.9824729794965044,inside,16.280915311552196,inside,True
ames_mutagenicity,ROWKJAVDOGWPAT-GSVOUGTGSA-N,5015,0.4091452991452991,0.38461538461538464,4.051167360452396,inside,11.582896273210427,inside,False
ames_mutagenicity,WQLVFSAGQJTQCK-UHFFFAOYSA-N,5015,0.37320918763019495,0.25742574257425743,5.105252706510069,inside,22.77435328782402,inside,True
ames_mutagenicity,JDPAVWAQGBGGHD-UHFFFAOYSA-N,5015,0.5832575757575758,0.5,3.412439347749437,inside,13.933628842808789,inside,True
ames_mutagenicity,IRTYFKFEHWLYEZ-UHFFFAOYSA-N,5015,0.42734586164995436,0.3333333333333333,1.4167125957407218,inside,18.584559975171842,inside,True
ames_mutagenicity,CBEQULMOCCWAQT-WOJGMQOQSA-N,5015,0.24653542728179914,0.23255813953488372,2.418740398768324,inside,10.580428048212955,inside,True
ames_mutagenicity,PMZDQRJGMBOQBF-UHFFFAOYSA-N,5015,0.4278975095785441,0.375,2.278520844072346,inside,10.134316442807144,inside,True
ames_mutagenicity,VZRXIAGWZWMHMI-NFANXEPYSA-N,5015,0.43884084624761355,0.4098360655737705,8.019732542295793,borderline,21.259478221259528,inside,False
ames_mutagenicity,BWQSLRZZOVFVHJ-UHFFFAOYSA-N,5015,0.3061244019138756,0.25,2.365272518591982,inside,19.67608138949437,inside,True
ames_mutagenicity,ILJRPHVFFPPMOZ-UHFFFAOYSA-N,5015,0.6468184693232132,0.4666666666666667,2.8793993399945084,inside,13.570459393879231,inside,False
ames_mutagenicity,BAJQRLZAPXASRD-UHFFFAOYSA-N,5015,0.6284126984126984,0.5925925925925926,1.5419175269183913,inside,10.412399704305312,inside,True
ames_mutagenicity,QZAYGJVTTNCVMB-UHFFFAOYSA-N,5015,0.32564893458562566,0.2962962962962963,2.5465742224408614,inside,10.331193585796834,inside,True
ames_mutagenicity,WUSMTEDKVPWFDN-UHFFFAOYSA-N,5015,0.5726959115445958,0.46875,3.6136334668504393,inside,17.44163985981302,inside,True
ames_mutagenicity,KXXIUGHYTQVIRG-UHFFFAOYSA-N,5015,0.5004778972520908,0.4838709677419355,3.424101308135425,inside,12.533154919932068,inside,True
ames_mutagenicity,QTCRJMWMGZQPMN-UHFFFAOYSA-N,5015,0.4581981588391324,0.44,4.323640128826877,inside,10.785346200151633,inside,True
ames_mutagenicity,TWMLBTXFCAIQRJ-UHFFFAOYSA-N,5015,0.5796635150166851,0.53125,2.7435391937692164,inside,10.588656997716626,inside,True
ames_mutagenicity,BHCBXWDGURYFKJ-UHFFFAOYSA-N,5015,0.24662839575883053,0.2391304347826087,2.5556865415939134,inside,11.150529049683147,inside,True
ames_mutagenicity,LISFMEBWQUVKPJ-UHFFFAOYSA-N,5015,0.422796294160612,0.3793103448275862,2.2650326448021625,inside,8.711209054521836,inside,True
ames_mutagenicity,PQJIXFVXQRCTKI-UHFFFAOYSA-N,5015,0.25300699300699303,0.23076923076923078,4.592248506286663,inside,11.156796023322338,inside,False
ames_mutagenicity,XEDZOKHSJROQER-UHFFFAOYSA-N,5015,0.5874034462269757,0.4117647058823529,7.093089293521401,borderline,13.77022390562979,inside,True
ames_mutagenicity,JURAJLFHWXNPHG-UHFFFAOYSA-N,5015,0.42516594895111515,0.29411764705882354,3.6682657603377464,inside,10.291722627332485,inside,False
ames_mutagenicity,IDPUKCWIGUEADI-UHFFFAOYSA-N,5015,0.27893096852393795,0.2553191489361702,1.860664248915163,inside,12.132475479323007,inside,True
ames_mutagenicity,XFRVVPUIAFSTFO-UHFFFAOYSA-N,5015,0.9274725274725275,0.7142857142857143,3.867196913277322,inside,18.661890285025812,inside,False
ames_mutagenicity,MAKFMOSBBNKPMS-UHFFFAOYSA-N,5015,0.37696621989757,0.34782608695652173,3.3479903983206354,inside,12.542480830074025,inside,True
ames_mutagenicity,DVAGODIJCZDNNQ-UHFFFAOYSA-N,5015,0.4153276353276353,0.38461538461538464,1.739390764508408,inside,10.19172621302176,inside,True
ames_mutagenicity,ACGUYXCXAPNIKK-UHFFFAOYSA-N,5015,0.4726720217603808,0.4166666666666667,3.323866591423531,inside,15.915963084451581,inside,True
ames_mutagenicity,LNMWZEQIOGPZNO-UHFFFAOYSA-N,5015,0.6931784639564527,0.6470588235294118,4.485652376520321,inside,18.750919787853597,inside,True
ames_mutagenicity,NGPGYVQZGRJHFJ-UHFFFAOYSA-N,5015,0.44301304162993266,0.41025641025641024,2.526597094926082,inside,15.843104311225632,inside,True
ames_mutagenicity,JWOJCMLFEHGEJS-UHFFFAOYSA-N,5015,0.5523793631688368,0.525,4.441439718710359,inside,16.906343067236026,inside,True
ames_mutagenicity,KGHGZRVXCKCJGX-UHFFFAOYSA-N,5015,0.5297423183832921,0.4166666666666667,2.191674814627537,inside,10.856321070894763,inside,True
ames_mutagenicity,JOLCVJZULGERDC-UHFFFAOYSA-N,5015,0.4052259503671345,0.3793103448275862,4.722336092079597,inside,16.947364594014314,inside,True
ames_mutagenicity,OGEJWUCJPHHMCE-UHFFFAOYSA-N,5015,0.5033466533466533,0.4230769230769231,1.3650270183857525,inside,10.437066267473472,inside,True
ames_mutagenicity,WHUUTDBJXJRKMK-VKHMYHEASA-N,5015,0.47590902389664,0.4166666666666667,4.115173733682145,inside,12.067392303263617,inside,False
ames_mutagenicity,YJDFGVFSSDEVQT-UHFFFAOYSA-N,5015,0.3225559163059163,0.2777777777777778,2.1808112756904694,inside,10.223857191676677,inside,True
ames_mutagenicity,FHDAHNBPYOFJMC-UHFFFAOYSA-N,5015,0.290971397418174,0.2727272727272727,2.1320029723954357,inside,9.385054169332406,inside,True
ames_mutagenicity,JCHPXNSTFVJJLN-UHFFFAOYSA-N,5015,0.38859486759486767,0.375,2.1414231169966564,inside,13.277269723318902,inside,True
ames_mutagenicity,LMVILOHJDARIKK-UHFFFAOYSA-N,5015,0.5084158659768416,0.4772727272727273,3.2918175613334153,inside,10.19732245740211,inside,True
ames_mutagenicity,VILCJCGEZXAXTO-UHFFFAOYSA-N,5015,0.6943181818181818,0.35714285714285715,5.128630617268734,inside,10.496644717350772,inside,False
ames_mutagenicity,JCYPECIVGRXBMO-UHFFFAOYSA-N,5015,0.591267582991721,0.5384615384615384,1.6526718491727161,inside,9.448081215670305,inside,True
ames_mutagenicity,XFNJVJPLKCPIBV-UHFFFAOYSA-N,5015,0.5036630036630038,0.42857142857142855,4.6332694874614395,inside,11.555868007602538,inside,False
ames_mutagenicity,KESAQCMKDBKYJD-UHFFFAOYSA-N,5015,0.481704021094265,0.4146341463414634,3.0720285605194886,inside,13.08506568263438,inside,True
ames_mutagenicity,PVNIIMVLHYAWGP-UHFFFAOYSA-N,5015,0.45677803203661327,0.4,2.848573006608645,inside,15.106198485022595,inside,True
ames_mutagenicity,WXDXQSMFRITTEJ-UHFFFAOYSA-N,5015,0.33146247572799026,0.30303030303030304,7.8130960615491585,borderline,21.082521743262678,inside,True
ames_mutagenicity,PWYBEZFEEJBETN-UHFFFAOYSA-N,5015,0.5787859547859548,0.5185185185185185,4.928301385543654,inside,9.282834748034748,inside,True
ames_mutagenicity,XOZUGNYVDXMRKW-UHFFFAOYSA-N,5015,0.32976190476190476,0.3125,4.53232867738057,inside,8.943231820152063,inside,False
ames_mutagenicity,KPWKQHVVKGWRLS-UHFFFAOYSA-N,5015,0.46347338935574234,0.42857142857142855,2.7234223623205853,inside,9.861393329330108,inside,True
ames_mutagenicity,JEXMUMPNDAMQMP-UHFFFAOYSA-N,5015,0.5102248608077763,0.47368421052631576,2.5219503090808524,inside,14.542709196391677,inside,True
ames_mutagenicity,QCHDDHDFIRXWDQ-UHFFFAOYSA-N,5015,0.47199345243075896,0.38235294117647056,2.7942117382302665,inside,10.750321623057225,inside,True
ames_mutagenicity,LVGUZGTVOIAKKC-UHFFFAOYSA-N,5015,0.29960127591706537,0.2631578947368421,4.808033613985416,inside,11.769144621156807,inside,False
ames_mutagenicity,AYZXZPXOQBNTBL-IMVLJIQESA-N,5015,0.29594115318643616,0.23076923076923078,4.815012670959043,inside,13.713549516060247,inside,True
ames_mutagenicity,RXZTWBVFHQLTBU-UHFFFAOYSA-N,5015,0.31204762291971594,0.2708333333333333,0.9114043337997327,inside,13.557007019702162,inside,True
ames_mutagenicity,XBDQKXXYIPTUBI-UHFFFAOYSA-N,5015,0.5066666666666666,0.46153846153846156,4.241824012121571,inside,15.481396720693416,inside,False
ames_mutagenicity,WNCAJASYDRNBHG-UHFFFAOYSA-N,5015,0.4947514698218095,0.4411764705882353,2.3173053227289713,inside,11.310014815014858,inside,True
ames_mutagenicity,YMFWYDYJHRGGPF-UHFFFAOYSA-N,5015,0.2958689839572192,0.26666666666666666,4.108551057667912,inside,10.426392249769977,inside,False
ames_mutagenicity,INZXMQZBAFIWAU-ISFAVVKVSA-N,5015,0.587699646253595,0.4827586206896552,2.8218290104704313,inside,13.830807615098161,inside,False
ames_mutagenicity,RIOQSEWOXXDEQQ-UHFFFAOYSA-N,5015,0.35294117647058826,0.35294117647058826,3.082065813128689,inside,9.037935323449094,inside,True
ames_mutagenicity,WJRBRSLFGCUECM-UHFFFAOYSA-N,5015,0.31300690899489525,0.2608695652173913,3.9457916795730887,inside,9.306207654288235,inside,True
ames_mutagenicity,FHRIZMNCAYWJAF-UHFFFAOYSA-N,5015,0.20737078182861315,0.2,4.522676068196893,inside,13.965806197056583,inside,True
ames_mutagenicity,ROUCWEBNTWMOKZ-UHFFFAOYSA-N,5015,0.5378144654088051,0.5283018867924528,3.829332832739865,inside,21.706982945261668,inside,True
ames_mutagenicity,JYFXFYUCSUBKGZ-UHFFFAOYSA-N,5015,0.5141033926381688,0.48,2.7318415639953755,inside,10.873605884615625,inside,True
ames_mutagenicity,VADKJOKAEOPSCX-UHFFFAOYSA-N,5015,0.4162257803978385,0.3469387755102041,3.533089024316043,inside,9.858489865378361,inside,True
ames_mutagenicity,PYUCWBMGSCOWQF-UHFFFAOYSA-N,5015,0.39139957737480957,0.34210526315789475,2.265988084898003,inside,11.871602435984057,inside,True
ames_mutagenicity,IQQINRUQUTUNST-UHFFFAOYSA-N,5015,0.4647586206896552,0.41379310344827586,3.399419775798281,inside,13.034251834060132,inside,False
ames_mutagenicity,HQHACWYQWDKBOZ-UHFFFAOYSA-N,5015,0.8833333333333332,0.6666666666666666,2.385118057661385,inside,17.36024304166378,inside,True
ames_mutagenicity,MQOBSOSZFYZQOK-UHFFFAOYSA-N,5015,0.4714881609618452,0.39473684210526316,1.9583321262088078,inside,21.836696721140832,inside,True
ames_mutagenicity,ZBQZFRCGVXEYCL-UHFFFAOYSA-N,5015,0.5072303921568627,0.4722222222222222,4.274257822311717,inside,12.672706667019044,inside,True
ames_mutagenicity,JRLTTZUODKEYDH-UHFFFAOYSA-N,5015,0.5227647714604237,0.4666666666666667,2.816465615291618,inside,11.057852722888809,inside,True
ames_mutagenicity,UVUYJSIOQIOBGD-UHFFFAOYSA-N,5015,0.44926520102990686,0.38235294117647056,1.8991680636653034,inside,9.68508566080946,inside,True
ames_mutagenicity,DWZYLQQRBUCHIM-UHFFFAOYSA-N,5015,0.6038483379974064,0.54,2.5835946920777255,inside,12.790739008053482,inside,True
ames_mutagenicity,GZPLNLYPOUPYOX-UHFFFAOYSA-N,5015,0.6204665959703076,0.5869565217391305,3.939190895912588,inside,20.3747734377895,inside,True
ames_mutagenicity,JSWCBDPQYMLZPU-UHFFFAOYSA-N,5015,0.4636006683375104,0.36666666666666664,2.068252531537684,inside,11.793939218570953,inside,True
ames_mutagenicity,AUVVAXYIELKVAI-CUVLDTKSSA-N,5015,0.3002698935287255,0.2236842105263158,6.183996193981469,inside,16.156683238271345,inside,True
ames_mutagenicity,SIKJAQJRHWYJAI-UHFFFAOYSA-N,5015,0.32248729531338227,0.2916666666666667,3.2072768829861094,inside,8.94301915309043,inside,True
ames_mutagenicity,HCLIIKXGJGYUBQ-UHFFFAOYSA-N,5015,0.6278670323928945,0.5625,4.14389826208775,inside,12.599557364708245,inside,True
ames_mutagenicity,MBNVSWHUJDDZRH-UHFFFAOYSA-N,5015,0.21754385964912282,0.2,4.667976407645524,inside,9.872718242577221,inside,True
ames_mutagenicity,SQTDJPRWHARDHF-UHFFFAOYSA-N,5015,0.6006880953750023,0.5161290322580645,1.579454342539259,inside,10.816019197031789,inside,True
ames_mutagenicity,MTAODLNXWYIKSO-UHFFFAOYSA-N,5015,0.40455748552522747,0.3548387096774194,3.8793482260239176,inside,9.605605699315284,inside,True
ames_mutagenicity,MLBDNMLMTHXYQX-UHFFFAOYSA-N,5015,0.479398176457,0.4358974358974359,2.2501973042828607,inside,9.834653602837031,inside,True
ames_mutagenicity,DLOBKMWCBFOUHP-UHFFFAOYSA-N,5015,0.4750503663003663,0.45714285714285713,2.9507638931501177,inside,12.013944071710856,inside,True
ames_mutagenicity,LUMLZKVIXLWTCI-NSCUHMNNSA-N,5015,0.4061111111111111,0.35,3.4282531982421074,inside,11.495350785794221,inside,False
ames_mutagenicity,NLWCWEGVNJVLAX-UHFFFAOYSA-N,5015,0.4571192248611603,0.3870967741935484,2.3350950918182494,inside,9.261522514061408,inside,True
ames_mutagenicity,PFEJYMBOBAPJLI-UHFFFAOYSA-N,5015,0.4081391657987402,0.358974358974359,3.7594644259168963,inside,11.731629726752939,inside,True
ames_mutagenicity,GEHJBWKLJVFKPS-PVQJCKRUSA-N,5015,0.5213533834586467,0.4,3.577671311938306,inside,11.558037586318115,inside,False
ames_mutagenicity,CLJAWWBXVXWHFD-UHFFFAOYSA-N,5015,0.41212710125753593,0.3409090909090909,2.1070116349711965,inside,15.243224262784173,inside,True
ames_mutagenicity,NLEPLDKPYLYCSY-UHFFFAOYSA-N,5015,0.385150650481211,0.3448275862068966,2.8666600165596092,inside,8.960839395535366,inside,True
ames_mutagenicity,BZLVMXJERCGZMT-UHFFFAOYSA-N,5015,0.35305194805194806,0.2857142857142857,4.335456029171155,inside,12.338689135444273,inside,False
ames_mutagenicity,CLULZEOSYJWPEL-UHFFFAOYSA-N,5015,0.510629677402876,0.49019607843137253,1.501008037150296,inside,16.29516989753064,inside,True
ames_mutagenicity,IMHDGJOMLMDPJN-UHFFFAOYSA-N,5015,0.5068996019460416,0.47058823529411764,1.6844091756431052,inside,9.923119863887445,inside,True
ames_mutagenicity,DEIGXXQKDWULML-PQTSNVLCSA-N,5015,0.2557387057387057,0.2222222222222222,5.886600986459554,inside,11.242772849393495,inside,True
ames_mutagenicity,LZKDSQWEMJZWMS-UHFFFAOYSA-N,5015,0.4850607698890754,0.4146341463414634,2.786884420038565,inside,10.841274426892861,inside,True
ames_mutagenicity,HXBFULVLSKAGSQ-LLVKDONJSA-N,5015,0.5096945757349302,0.3939393939393939,3.182939037798494,inside,22.63201641392432,inside,False
ames_mutagenicity,NUOCMFNNHSVGOL-UHFFFAOYSA-N,5015,0.33462202089617327,0.3191489361702128,8.737675636572261,borderline,9.620158612525822,inside,True
ames_mutagenicity,DLFVBJFMPXGRIB-UHFFFAOYSA-N,5015,0.45366300366300366,0.4166666666666667,4.633214401022296,inside,10.912096113119052,inside,False
ames_mutagenicity,RFVTVWCEUKOOFY-UHFFFAOYSA-N,5015,0.5045867470257714,0.3902439024390244,2.2499909567776797,inside,12.753217933987127,inside,True
ames_mutagenicity,MMMBGVIQQKBMFC-UHFFFAOYSA-N,5015,0.32664835164835165,0.3076923076923077,2.6183569957209407,inside,10.167996790322787,inside,True
ames_mutagenicity,DKGAVHZHDRPRBM-UHFFFAOYSA-N,5015,0.35,0.3333333333333333,4.410862896875954,inside,13.057011916520015,inside,False
ames_mutagenicity,RTWNYYOXLSILQN-UHFFFAOYSA-N,5015,0.3545454545454545,0.2727272727272727,5.276865344398124,inside,10.757202686735821,inside,False
ames_mutagenicity,FUZORIOHZSVKAW-UHFFFAOYSA-N,5015,0.34108705727781274,0.2608695652173913,3.7283597092413787,inside,13.505873500452301,inside,True
ames_mutagenicity,OAYXUHPQHDHDDZ-UHFFFAOYSA-N,5015,0.7714285714285716,0.6190476190476191,3.2490944598167473,inside,17.341019211005378,inside,False
ames_mutagenicity,BIGJLAIGYQRCLC-UHFFFAOYSA-N,5015,0.47849485691919347,0.3902439024390244,2.997231011798301,inside,11.836430755810659,inside,True
ames_mutagenicity,HXKKHQJGJAFBHI-GSVOUGTGSA-N,5015,0.5092458521870287,0.4166666666666667,4.488182675925517,inside,12.745388075442488,inside,False
ames_mutagenicity,AXMCBAWKHOPUEZ-UHFFFAOYSA-N,5015,0.2794639893176479,0.2564102564102564,2.126894941979863,inside,18.567340605501123,inside,True
ames_mutagenicity,HZYHMHHBBBSGHB-DYWGDJMRSA-N,5015,0.4932622069006508,0.32142857142857145,3.3776497517767305,inside,11.745581843709695,inside,False
ames_mutagenicity,LSXFCKKEJKCERY-UHFFFAOYSA-N,5015,0.5472692262807796,0.5263157894736842,1.5173656858608078,inside,11.80639031635295,inside,True
ames_mutagenicity,IAKOZHOLGAGEJT-UHFFFAOYSA-N,5015,0.43322158365261815,0.4074074074074074,2.762098953534968,inside,9.043187279603838,inside,True
ames_mutagenicity,XCTWLIUNPSHBSS-GFCCVEGCSA-N,5015,0.4246551476382515,0.38,2.707858533856648,inside,29.266357657701402,borderline,True
ames_mutagenicity,IZMJMCDDWKSTTK-UHFFFAOYSA-N,5015,0.33093436848105784,0.3076923076923077,2.581094583897819,inside,8.836303143099864,inside,True
ames_mutagenicity,QTBSBXVTEAMEQO-UHFFFAOYSA-N,5015,0.4666666666666666,0.4166666666666667,4.56901554476705,inside,11.171759519981041,inside,False
ames_mutagenicity,MOANQCLTXTXKAF-UHFFFAOYSA-N,5015,0.5172531769305962,0.45454545454545453,2.1432522935792697,inside,11.161823758323226,inside,True
ames_mutagenicity,KYKPQGNQCUTHNH-UHFFFAOYSA-N,5015,0.40247432306255837,0.3611111111111111,4.934910781403197,inside,10.206135915933578,inside,True
ames_mutagenicity,IJWZCUDUUDYUBR-UAIRBZDXSA-N,5015,0.38700571810175716,0.3333333333333333,9.261637623187879,borderline,16.866807774135854,inside,True
ames_mutagenicity,HVOMEBJURVZDKM-UHFFFAOYSA-N,5015,0.4271583727940464,0.3611111111111111,2.121079198837045,inside,11.690368746085449,inside,True
ames_mutagenicity,NTMAGNRMERGORC-UHFFFAOYSA-N,5015,0.3569332311132143,0.3103448275862069,2.2345493664861773,inside,11.511933940049941,inside,True
ames_mutagenicity,KQIKKETXZQDHGE-UHFFFAOYSA-N,5015,0.4511278195488721,0.42105263157894735,2.0939008510883848,inside,10.389744873061392,inside,True
ames_mutagenicity,JDDNJJBXFOLPKX-UHFFFAOYSA-N,5015,0.5158766233766233,0.4523809523809524,0.8045329509359281,inside,10.261302844976125,inside,True
ames_mutagenicity,OEQQFQXMCPMEIH-UHFFFAOYSA-N,5015,0.3176190476190476,0.3,1.9277672381987523,inside,10.030514082656522,inside,True
ames_mutagenicity,XVNBZVNXJMOQEX-UHFFFAOYSA-N,5015,0.3091628598094115,0.25925925925925924,3.187074934356833,inside,10.224369162963924,inside,False
ames_mutagenicity,XNSVJANXWKEDCJ-UHFFFAOYSA-N,5015,0.6027177700348432,0.5333333333333333,2.9940933155484797,inside,14.602026913918065,inside,True
ames_mutagenicity,LJZPVWKMAYDYAS-UHFFFAOYSA-N,5015,0.5189557272150804,0.3068181818181818,9.207132513442074,borderline,22.407224503502846,inside,True
ames_mutagenicity,QCFYJCYNJLBDRT-PHDIDXHHSA-N,5015,0.46033097449506116,0.42105263157894735,3.509858877119886,inside,12.674854104279316,inside,False
ames_mutagenicity,TZTDJBMGPQLSLI-UHFFFAOYSA-N,5015,0.5675058438522674,0.5333333333333333,1.6057730779279027,inside,12.357971176878602,inside,True
ames_mutagenicity,YXIWHUQXZSMYRE-UHFFFAOYSA-N,5015,0.3994505494505495,0.3333333333333333,2.547646059157368,inside,8.957141345877146,inside,True
ames_mutagenicity,UXOXUHMFQZEAFR-UHFFFAOYSA-N,5015,0.43671497584541064,0.43478260869565216,2.723631115254473,inside,9.321572310439263,inside,True
ames_mutagenicity,PREOKNMPMCPQQJ-UHFFFAOYSA-N,5015,0.4648552123552124,0.425,1.7574667026067454,inside,11.336767852787276,inside,True
ames_mutagenicity,ZJBMWUSXWCQSJP-WCIQWLHISA-N,5015,0.4167943331373654,0.3902439024390244,3.600941501515678,inside,11.980418858633636,inside,True
ames_mutagenicity,XKXPBJBODVHDAW-UHFFFAOYSA-N,5015,0.5533766233766234,0.47619047619047616,2.2083542583530216,inside,11.472405601069084,inside,True
ames_mutagenicity,XQUPVDVFXZDTLT-UHFFFAOYSA-N,5015,0.24373626373626375,0.23076923076923078,3.597057924134228,inside,10.845277869167242,inside,True
ames_mutagenicity,CNXCLASNZDZCBC-UHFFFAOYSA-N,5015,0.3792320860846172,0.3103448275862069,2.5730963476130793,inside,10.682455624291642,inside,True
ames_mutagenicity,INYYVPJSBIVGPH-QHRIQVFBSA-N,5015,0.29433164929234035,0.2542372881355932,2.602109248566504,inside,20.179345132434175,inside,True
ames_mutagenicity,DJKGDNKYTKCJKD-BPOCMEKLSA-N,5015,0.2948033478601433,0.21428571428571427,2.3415266640903933,inside,18.43121040088117,inside,True
ames_mutagenicity,LNXOGILCIQPLRX-UHFFFAOYSA-N,5015,0.317459851975981,0.2909090909090909,3.7419274425568454,inside,15.255354991163923,inside,True
ames_mutagenicity,KXQDINHHHLYVOC-UHFFFAOYSA-N,5015,0.5871362229102168,0.5,2.8189657762100166,inside,11.339327116825629,inside,True
ames_mutagenicity,SKXCLBMELDCBLB-UHFFFAOYSA-N,5015,0.2889639038407198,0.27586206896551724,5.623614350924981,inside,12.573596055310933,inside,True
ames_mutagenicity,GNMSZMBBXYJFQB-UHFFFAOYSA-N,5015,0.39541626707775773,0.37037037037037035,3.0596229308498972,inside,14.065315821318926,inside,True
ames_mutagenicity,APJYDQYYACXCRM-UHFFFAOYSA-N,5015,0.36894460649808275,0.3333333333333333,2.2691144500223728,inside,9.740404261517334,inside,True
ames_mutagenicity,QBHRVJNBKGTANH-UHFFFAOYSA-N,5015,0.29256743105448246,0.2833333333333333,5.626463506887668,inside,13.15314480564486,inside,True
ames_mutagenicity,QDUIJCOKQCCXQY-MYKKPKGFSA-O,5015,0.23334168290512447,0.1941747572815534,9.230889942369496,borderline,18.742005932752363,inside,True
ames_mutagenicity,QLSULBKNODINGZ-UHFFFAOYSA-N,5015,0.46069686411149824,0.35555555555555557,2.912170268917404,inside,17.406078751926902,inside,True
ames_mutagenicity,FLORQCMDMHHIHN-UHFFFAOYSA-N,5015,0.40852907270704825,0.36363636363636365,2.7335846251123552,inside,9.930696664267726,inside,True
ames_mutagenicity,XZWMZFQOHTWGQE-UHFFFAOYSA-N,5015,0.23421900161030598,0.21739130434782608,3.39545993481338,inside,11.092530509496836,inside,True
ames_mutagenicity,RRVIAQKBTUQODI-UHFFFAOYSA-N,5015,0.34749687108886107,0.3137254901960784,0.8901310125656184,inside,9.99127924863271,inside,True
ames_mutagenicity,QTEULXFWUJXYPF-UHFFFAOYSA-N,5015,0.44815334091196163,0.4,1.7636786062495737,inside,10.251021559366581,inside,True
ames_mutagenicity,ZZPVSXOHHSGWMY-UHFFFAOYSA-N,5015,0.4502308802308802,0.24242424242424243,3.546471686018894,inside,13.673843944958877,inside,False
ames_mutagenicity,GNOIPBMMFNIUFM-UHFFFAOYSA-N,5015,0.2672121212121212,0.25,3.658986005244136,inside,8.876980339795987,inside,False
ames_mutagenicity,ZQOGZSOBQVRZRN-UHFFFAOYSA-N,5015,0.5880193517174648,0.5283018867924528,4.125054154029499,inside,16.89698833731995,inside,True
ames_mutagenicity,KDYVCOSVYOSHOL-UHFFFAOYSA-N,5015,0.4265898229607908,0.4074074074074074,2.805492782621839,inside,10.92602434204549,inside,True
ames_mutagenicity,IUKQXIVMVHBKCZ-LZYBPNLTSA-N,5015,0.4049467602366087,0.39344262295081966,3.331481143490811,inside,14.675358614116513,inside,True
ames_mutagenicity,VVBLNCFGVYUYGU-UHFFFAOYSA-N,5015,0.5137493399049463,0.46153846153846156,1.8159342865815968,inside,9.104770195117172,inside,True
ames_mutagenicity,AIKKULXCBHRFOS-UHFFFAOYSA-N,5015,0.3655429783249332,0.30612244897959184,3.154162527061899,inside,10.521225426078459,inside,False
ames_mutagenicity,DTBDAFLSBDGPEA-UHFFFAOYSA-N,5015,0.4132211548184852,0.36363636363636365,2.805492782621839,inside,10.204289486714273,inside,True
ames_mutagenicity,BQDAFHDHPLPCLC-UHFFFAOYSA-N,5015,0.46462108350054016,0.42105263157894735,1.0557727547055056,inside,9.666377328452088,inside,True
ames_mutagenicity,LVDKZNITIUWNER-UHFFFAOYSA-N,5015,0.3676353928299009,0.3333333333333333,3.712556374863852,inside,9.05950301011811,inside,False
ames_mutagenicity,AHHWIHXENZJRFG-UHFFFAOYSA-N,5015,0.52,0.5,4.783072544172678,inside,10.080292738493496,inside,True
ames_mutagenicity,OCEINMLGYDSKFW-UHFFFAOYSA-N,5015,0.6451770451770452,0.5555555555555556,3.549250494454622,inside,13.4229299838256,inside,True
ames_mutagenicity,INDBQLZJXZLFIT-LLVKDONJSA-N,5015,0.3014205618625365,0.28846153846153844,1.8640094640034957,inside,14.307312743978567,inside,True
ames_mutagenicity,JJLVGMHDHVCTOV-UHFFFAOYSA-N,5015,0.5499000999000998,0.42857142857142855,3.7925669662779486,inside,11.202363990834513,inside,False
ames_mutagenicity,GPNAVOJCQIEKQF-UHFFFAOYSA-N,5015,0.47947456656208454,0.4634146341463415,1.8146828558997499,inside,19.405640784717967,inside,True
ames_mutagenicity,OEAUPEOHNHSDSG-UHFFFAOYSA-N,5015,0.5520430107526881,0.5483870967741935,3.4282923845444357,inside,16.981492860486203,inside,True
ames_mutagenicity,NTSLROIKFLNUIJ-UHFFFAOYSA-N,5015,0.37000097751710653,0.3,3.225250000838024,inside,11.018657837868847,inside,True
ames_mutagenicity,DVECBJCOGJRVPX-UHFFFAOYSA-N,5015,0.43982683982683984,0.38095238095238093,4.026664580167657,inside,9.331053253168857,inside,False
ames_mutagenicity,OJGOKBGRPKCDBD-UHFFFAOYSA-N,5015,0.40005971880971886,0.38636363636363635,1.7787925724396312,inside,12.348257667443269,inside,True
ames_mutagenicity,DRLFMBDRBRZALE-UHFFFAOYSA-N,5015,0.3035972982694294,0.28846153846153844,1.1869206103149101,inside,12.68931171612996,inside,True
ames_mutagenicity,WFCUGFZWUAOXQR-UHFFFAOYSA-N,5015,0.43511500127779196,0.4186046511627907,1.4009241751979002,inside,13.59606104542786,inside,True
ames_mutagenicity,KRCPDXFCTQIOPS-UHFFFAOYSA-N,5015,0.5592592592592591,0.48148148148148145,3.099021177839073,inside,11.213444538191967,inside,True
ames_mutagenicity,PXQPEWDEAKTCGB-UHFFFAOYSA-N,5015,0.2832092476489028,0.2727272727272727,3.5898785681811236,inside,10.225028854391624,inside,True
ames_mutagenicity,NBZBEJOKMAJWOQ-UHFFFAOYSA-N,5015,0.47955050670153654,0.375,2.265484044682758,inside,9.018214202216658,inside,True
ames_mutagenicity,WJDNMDMNPIKDCP-UHFFFAOYSA-N,5015,0.4037112312974382,0.35714285714285715,2.5730963476130793,inside,10.46392745250032,inside,True
ames_mutagenicity,QPIOUFBAROSIAN-UHFFFAOYSA-N,5015,0.3145403768703883,0.2608695652173913,6.083835004272578,inside,11.094458233675603,inside,False
ames_mutagenicity,WYRBCAKPJHDISG-UHFFFAOYSA-N,5015,0.39827266599258515,0.375,2.378622698455784,inside,12.65648095167223,inside,True
ames_mutagenicity,HVLLSGMXQDNUAL-UHFFFAOYSA-N,5015,0.3631758493223024,0.34615384615384615,3.0319732473971026,inside,8.467570155914371,inside,True
ames_mutagenicity,PFANXOISJYKQRP-UHFFFAOYSA-N,5015,0.3606645156067492,0.3170731707317073,4.355923456576413,inside,18.528124995269597,inside,True
ames_mutagenicity,QPDGFLZXRKDMRL-UHFFFAOYSA-N,5015,0.3516708140830659,0.32786885245901637,4.410470435197893,inside,13.96906998435836,inside,True
ames_mutagenicity,JQYDZVJBMITZCN-UHFFFAOYSA-N,5015,0.724593837535014,0.6666666666666666,5.064298283756015,inside,19.373521913766506,inside,True
ames_mutagenicity,KBSPJIWZDWBDGM-UHFFFAOYSA-N,5015,0.6523809523809524,0.6296296296296297,3.763972300397271,inside,12.362012036796617,inside,True
ames_mutagenicity,XRWKADIRZXTTLH-UHFFFAOYSA-N,5015,0.37142857142857144,0.35714285714285715,4.209121516965888,inside,8.959450741767876,inside,False
ames_mutagenicity,IBOFVQJTBBUKMU-UHFFFAOYSA-N,5015,0.47988505747126436,0.4,2.1874791706879986,inside,9.199647474559692,inside,True
ames_mutagenicity,RAPBNVDSDCTNRC-UHFFFAOYSA-N,5015,0.4088972981784278,0.35714285714285715,1.7296995980913263,inside,11.71791930420428,inside,True
ames_mutagenicity,UISKIUIWPSPSAV-UHFFFAOYSA-N,5015,0.6628571428571428,0.6571428571428571,2.9986475764688554,inside,17.591314625218672,inside,True
ames_mutagenicity,DUFGYCAXVIUXIP-UHFFFAOYSA-N,5015,0.2716575091575092,0.23809523809523808,3.422656912575903,inside,9.769936346796774,inside,True
ames_mutagenicity,MXALHDCUOQFPNY-UHFFFAOYSA-N,5015,0.4064510170030193,0.39285714285714285,2.1428939695873868,inside,10.294870672082673,inside,True
ames_mutagenicity,ZTYZEUXZHGOXRT-UHFFFAOYSA-N,5015,0.5173170731707317,0.5121951219512195,1.5506112395048421,inside,16.68305962484613,inside,True
ames_mutagenicity,CPKPLXUDQINNSC-UHFFFAOYSA-N,5015,0.3930969480391816,0.3170731707317073,2.5708095601774916,inside,10.128983494183204,inside,True
ames_mutagenicity,RNDDJWKCHWDEDA-UHFFFAOYSA-N,5015,0.6667614983404457,0.6578947368421053,5.062111787904697,inside,20.357681899050615,inside,True
ames_mutagenicity,FAXDZWQIWUSWJH-UHFFFAOYSA-N,5015,0.3871303258145363,0.35714285714285715,4.007876755035705,inside,9.882496816976458,inside,False
ames_mutagenicity,OFUFXTHGZWIDDB-UHFFFAOYSA-N,5015,0.385150650481211,0.3448275862068966,2.7335846251123557,inside,9.97424075942518,inside,True
ames_mutagenicity,RZAUIOKDXQWSQE-UHFFFAOYSA-N,5015,0.47425925925925927,0.4375,2.2516698386284864,inside,11.307774767792033,inside,True
ames_mutagenicity,HVHPNXLNQJYDMK-UHFFFAOYSA-N,5015,0.42078112840070575,0.3225806451612903,1.6756823953542934,inside,8.006720958878105,inside,True
ames_mutagenicity,JLIHUJWAXSZIHS-UHFFFAOYSA-N,5015,0.7096135346135346,0.6785714285714286,3.995607266454816,inside,11.396367435569228,inside,True
ames_mutagenicity,MNWFXJYAOYHMED-UHFFFAOYSA-N,5015,1.0,1.0,3.2786443175491238,inside,22.42276996578682,inside,False
ames_mutagenicity,CHHPPGYOSWRCKO-UHFFFAOYSA-N,5015,0.43858529783174677,0.4,3.142204535639291,inside,14.644652484640693,inside,True
ames_mutagenicity,FLUOSFVUPTUYEX-UHFFFAOYSA-N,5015,0.5252140569472444,0.42857142857142855,3.031264553086717,inside,15.229955269853054,inside,True
ames_mutagenicity,YSVKKVUAUKQDBY-UHFFFAOYSA-N,5015,0.44780778164924506,0.3333333333333333,3.5925493237611996,inside,13.262043838080334,inside,True
ames_mutagenicity,QJENIOQDYXRGLF-UHFFFAOYSA-N,5015,0.3840102171136654,0.3333333333333333,2.613742951656654,inside,9.088215469147972,inside,True
ames_mutagenicity,AEUTYOVWOVBAKS-NXEZZACHSA-N,5015,0.2907982516678169,0.2608695652173913,4.204778626423882,inside,13.582989683089416,inside,False
ames_mutagenicity,LFAUQAQLVVJIAC-UHFFFAOYSA-N,5015,0.43449945466806306,0.3793103448275862,2.143469249716778,inside,10.915250068929211,inside,True
ames_mutagenicity,PIBRCTWMTUMMPZ-TZIWHRDSSA-N,5015,0.5366691461043251,0.48936170212765956,3.460496093700959,inside,23.91788642959534,inside,True
ames_mutagenicity,TUEYGBZZQFXBOS-UHFFFAOYSA-N,5015,0.45949874510934097,0.35514018691588783,10.000852126467061,borderline,21.055884104733163,inside,True
ames_mutagenicity,BQWQGEBNCNNFCI-UHFFFAOYSA-N,5015,0.4016894409937888,0.3333333333333333,3.3538708307908895,inside,11.141253504978472,inside,False
ames_mutagenicity,PICLONITXUFGCE-UHFFFAOYSA-N,5015,0.28235680985680983,0.2625,6.348587299907926,borderline,13.694609966966357,inside,True
ames_mutagenicity,VTDMOCLDFVEGNM-LLVKDONJSA-N,5015,0.4210858585858587,0.40625,3.1253642536556483,inside,9.441638302502657,inside,True
ames_mutagenicity,WBAXCOMEMKANRN-UHFFFAOYSA-N,5015,0.2839298245614035,0.2631578947368421,4.17575333234462,inside,12.652845996881938,inside,False
ames_mutagenicity,ZGVLZGGEFXEFQB-WDSKDSINSA-N,5015,0.4933379595032205,0.43859649122807015,7.1066805860642965,borderline,20.955379800429178,inside,False
ames_mutagenicity,KGRVJHAUYBGFFP-UHFFFAOYSA-N,5015,0.4623147605083089,0.36666666666666664,3.2867678338163713,inside,19.110224944440624,inside,True
ames_mutagenicity,XREUEWVEMYWFFA-UHFFFAOYSA-N,5015,0.4539962111258907,0.39805825242718446,9.564976612636489,borderline,17.96166821309773,inside,True
ames_mutagenicity,CSZDDLQVWPKXTC-GSVOUGTGSA-N,5015,0.4525490196078431,0.4,4.039793091223717,inside,17.76346258804901,inside,False
ames_mutagenicity,KSDIHKMNSYWRFB-UHFFFAOYSA-N,5015,0.7097772597772598,0.5925925925925926,3.3262734575559185,inside,15.479036962794092,inside,True
ames_mutagenicity,GYCGGBOAZZCQNE-UHFFFAOYSA-N,5015,0.3448198495401861,0.296875,10.522621489872163,borderline,12.133405888320782,inside,True
ames_mutagenicity,QRDZFPUVLYEQTA-UHFFFAOYSA-N,5015,0.508478684634291,0.4666666666666667,1.5900895693656552,inside,13.813606901411108,inside,True
ames_mutagenicity,UWROMTIFNKTGEH-BIIVOSGPSA-N,5015,0.3880487804878049,0.36363636363636365,2.948315087377915,inside,10.690986969213453,inside,True
ames_mutagenicity,YGJHZCLPZAZIHH-UHFFFAOYSA-N,5015,0.6745143460658334,0.6153846153846154,3.2560445328176435,inside,19.67570471725868,inside,False
ames_mutagenicity,UXANCUHUYCACQV-UHFFFAOYSA-N,5015,0.5586593326745027,0.45454545454545453,4.910818980157186,inside,19.885100073275623,inside,True
ames_mutagenicity,JNRLEMMIVRBKJE-UHFFFAOYSA-N,5015,0.5460784313725491,0.47619047619047616,2.167936506791675,inside,9.83817212571872,inside,True
ames_mutagenicity,TWBPWBPGNQWFSJ-UHFFFAOYSA-N,5015,0.4590545203588682,0.391304347826087,2.1249076419070727,inside,9.128043764768591,inside,True
ames_mutagenicity,ZJMAZGPQQSTXRS-UHFFFAOYSA-N,5015,0.503030303030303,0.5,5.338978222793617,inside,17.860247275279868,inside,True
ames_mutagenicity,HDHQZCHIXUUSMK-UHFFFAOYSA-N,5015,0.45783236371471664,0.4166666666666667,2.0378230537361413,inside,9.74018234716904,inside,True
ames_mutagenicity,PRBHEDKMKAOBBP-UHFFFAOYSA-N,5015,0.41663594470046084,0.2857142857142857,2.5206679439223767,inside,9.473024640223887,inside,True
ames_mutagenicity,OPNPQXLQERQBBV-UHFFFAOYSA-N,5015,0.28933918128654973,0.28,3.1045959375400516,inside,9.311303841582514,inside,False
ames_mutagenicity,HYNWUPUJMIJKMW-UHFFFAOYSA-N,5015,0.8488870644043057,0.7777777777777778,3.3599096728193807,inside,18.782976231894732,inside,True
ames_mutagenicity,KENYTAOVAUETRB-UHFFFAOYSA-N,5015,0.6163959955506118,0.5666666666666667,3.634934367610045,inside,13.25417115079882,inside,True
ames_mutagenicity,NHARPDSAXCBDDR-UHFFFAOYSA-N,5015,0.7124344640866379,0.6923076923076923,3.36324580512922,inside,14.348815403850985,inside,False
ames_mutagenicity,ILLOBGFGKYTZRO-WXFUMESZSA-N,5015,0.5150793650793651,0.4642857142857143,8.08736733854716,borderline,14.470293391840357,inside,False
ames_mutagenicity,NTGPGKFOILAMOT-UHFFFAOYSA-N,5015,0.4045975571348519,0.3829787234042553,2.9475009664974037,inside,11.674616878863336,inside,True
ames_mutagenicity,WSNATRDCOFYLCB-UHFFFAOYSA-N,5015,0.46274843065721816,0.4166666666666667,2.5488880238958336,inside,12.214880693192512,inside,True
ames_mutagenicity,QBDSZLJBMIMQRS-UHFFFAOYSA-N,5015,0.45328042328042334,0.4,1.8414685248082134,inside,14.568215845213699,inside,True
ames_mutagenicity,QCDFBFJGMNKBDO-UHFFFAOYSA-N,5015,0.3468556361239288,0.34146341463414637,1.735637290763364,inside,14.546095736321606,inside,True
ames_mutagenicity,MBTGBRYMJKYYOE-UHFFFAOYSA-N,5015,0.2990645161290323,0.28,3.707969207589002,inside,8.42893592110012,inside,True
ames_mutagenicity,VCCBEIPGXKNHFW-UHFFFAOYSA-N,5015,0.5387878787878788,0.4666666666666667,1.7119234408411386,inside,12.343583223926291,inside,True
ames_mutagenicity,DNVXWIINBUTFEP-UHFFFAOYSA-N,5015,0.6051377246230187,0.5833333333333334,1.9029029265284252,inside,14.960756161008337,inside,True
ames_mutagenicity,RPTUSVTUFVMDQK-UHFFFAOYSA-N,5015,0.4630781499202552,0.3333333333333333,2.2366711830413206,inside,11.560889262943194,inside,True
ames_mutagenicity,WHBAYNMEIXUTJV-UHFFFAOYSA-N,5015,0.6482919254658386,0.625,3.463203948374108,inside,12.51540286878711,inside,False
ames_mutagenicity,KODLUXHSIZOKTG-BYPYZUCNSA-N,5015,0.40522875816993464,0.3333333333333333,4.183766380590277,inside,13.258228442219176,inside,False
ames_mutagenicity,ICSNLGPSRYBMBD-UHFFFAOYSA-N,5015,0.40452885607684375,0.35294117647058826,3.464493036180302,inside,8.760050999526468,inside,True
ames_mutagenicity,CVURSMYMOJMTTI-UHFFFAOYSA-N,5015,0.49503557744937055,0.4722222222222222,1.6612732167769622,inside,9.891094627458319,inside,True
ames_mutagenicity,VKMAIBUIQMXHTR-UHFFFAOYSA-N,5015,0.4478344419807835,0.4090909090909091,2.4005552353851916,inside,11.051342315773695,inside,True
ames_mutagenicity,VCNUOYOAYWQUOJ-UHFFFAOYSA-N,5015,0.39220579647631654,0.3170731707317073,5.013137376428017,inside,19.70140859108001,inside,True
ames_mutagenicity,SRLZFYPFZJWWAE-UHFFFAOYSA-N,5015,0.5682815734989648,0.5,3.6473776483401985,inside,12.90145753973545,inside,True
ames_mutagenicity,FAYAYUOZWYJNBD-UHFFFAOYSA-N,5015,0.3579308565531476,0.34210526315789475,2.284641832867532,inside,12.4019352494773,inside,True
ames_mutagenicity,QTECDUFMBMSHKR-UHFFFAOYSA-N,5015,0.5712732919254658,0.5416666666666666,3.598652518230986,inside,14.213254830816686,inside,False
ames_mutagenicity,JIJLUTYMYCGIPG-UHFFFAOYSA-N,5015,0.6684210526315789,0.6578947368421053,2.8311296174586587,inside,16.904434115342692,inside,True
ames_mutagenicity,WXUJDJWTFDGTTE-UHFFFAOYSA-N,5015,0.5470697971343453,0.4528301886792453,4.447493125301318,inside,26.621167309873297,borderline,True
ames_mutagenicity,SOGAXMICEFXMKE-UHFFFAOYSA-N,5015,0.8355217391304348,0.782608695652174,3.1585736501849824,inside,20.167495899032165,inside,False
ames_mutagenicity,WPCVRWVBBXIRMA-UHFFFAOYSA-N,5015,0.5339737472427926,0.45714285714285713,3.7603569122796783,inside,18.285389009374,inside,True
ames_mutagenicity,HKODIGSRFALUTA-UUILKARUSA-N,5015,0.5288508937952475,0.417910447761194,3.018864394433735,inside,17.322958654121194,inside,True
ames_mutagenicity,IWBZRQVAXMXTDE-UHFFFAOYSA-N,5015,0.44798018645777427,0.35064935064935066,4.4818979541071835,inside,12.74317727639779,inside,True
ames_mutagenicity,ADLADNOVIJYIMA-UHFFFAOYSA-N,5015,0.492063492063492,0.47619047619047616,3.217162759027713,inside,13.066015507016044,inside,True
ames_mutagenicity,MUDSDYNRBDKLGK-UHFFFAOYSA-N,5015,0.3932943349753694,0.37142857142857144,2.816465615291618,inside,9.781620455892034,inside,True
ames_mutagenicity,CTRXDTYTAAKVSM-UHFFFAOYSA-O,5015,0.2574829849201199,0.23880597014925373,12.715568643043303,outside,22.60401981362461,inside,True
ames_mutagenicity,UGEFUZCXSPVSPJ-UHFFFAOYSA-N,5015,0.5355263157894736,0.525,2.811880643267949,inside,12.137099588600261,inside,True
ames_mutagenicity,AMFGWXWBFGVCKG-UHFFFAOYSA-N,5015,0.40804907829298076,0.37777777777777777,7.434982864896176,borderline,17.575987966946453,inside,True
ames_mutagenicity,QQQZGKVRDOCMAW-UHFFFAOYSA-N,5015,0.41426915586705537,0.38461538461538464,3.3504329648511315,inside,10.233502892508945,inside,True
ames_mutagenicity,IAHZBRPNDIVNNR-UHFFFAOYSA-N,5015,0.4514584701504206,0.3888888888888889,4.100089414051816,inside,10.350641915808199,inside,False
ames_mutagenicity,USYQKCQEVBFJRP-UHFFFAOYSA-N,5015,0.4907743496672715,0.3793103448275862,2.9072267786415362,inside,10.634701182406673,inside,True
ames_mutagenicity,ZPIAVZNPGIYODT-UHFFFAOYSA-N,5015,0.3585994901784375,0.3157894736842105,2.975822540479925,inside,24.419923802777483,inside,True
ames_mutagenicity,CKNAQFVBEHDJQV-UHFFFAOYSA-N,5015,0.29028811690102013,0.2564102564102564,1.9204873963745481,inside,12.452129081756143,inside,True
ames_mutagenicity,VKGLRCZFZSPDBU-UHFFFAOYSA-N,5015,0.5280550416281221,0.425531914893617,2.1786927620999736,inside,14.93084487553019,inside,True
ames_mutagenicity,DDUHZTYCFQRHIY-RBHXEPJQSA-N,5015,0.22426419355005764,0.20754716981132076,2.9099612165287105,inside,13.174603333475995,inside,True
ames_mutagenicity,VEFLKXRACNJHOV-UHFFFAOYSA-N,5015,0.5190476190476191,0.42857142857142855,4.173777695052075,inside,9.527677346344849,inside,False
ames_mutagenicity,IFVSROJIKNMTNX-UHFFFAOYSA-N,5015,0.4431133919843598,0.4166666666666667,1.9180604269735406,inside,12.640034269241719,inside,True
ames_mutagenicity,TXVHTIQJNYSSKO-UHFFFAOYSA-N,5015,0.7087809036658141,0.6521739130434783,4.666851711335206,inside,11.166463672180088,inside,True
ames_mutagenicity,IPABRQMUPPNSMO-UHFFFAOYSA-N,5015,0.39216580520928346,0.375,1.1720942447300595,inside,15.483535704667382,inside,True
ames_mutagenicity,MNIGYIKCFSPQRJ-PHDIDXHHSA-N,5015,0.5971111111111111,0.5,3.387327370780351,inside,15.85890862253566,inside,False
ames_mutagenicity,QTQWMSOQOSJFBV-OAHLLOKOSA-N,5015,0.35596720646866725,0.2894736842105263,3.019837582653031,inside,15.39071159578239,inside,True
ames_mutagenicity,TYLHNVQINZRZFJ-UHFFFAOYSA-N,5015,0.5216002388416182,0.48484848484848486,2.119871056735606,inside,10.606417029951311,inside,True
ames_mutagenicity,RSBSTIBFPNNSTH-UHFFFAOYSA-N,5015,0.6486126776449357,0.6363636363636364,3.333712469463886,inside,11.892285054810344,inside,True
ames_mutagenicity,RFJIAAZMIODMAF-UHFFFAOYSA-N,5015,0.4116141074761764,0.4,2.041122140664219,inside,10.200493921309187,inside,True
ames_mutagenicity,DPVIABCMTHHTGB-UHFFFAOYSA-N,5015,0.3283684210526316,0.28,2.816223748041539,inside,11.1001239498814,inside,True
ames_mutagenicity,WDFKMLRRRCGAKS-UHFFFAOYSA-N,5015,0.38150615011296124,0.3684210526315789,1.722776180640149,inside,14.326747391892674,inside,True
ames_mutagenicity,CDLZUDXUPFCTRJ-UHFFFAOYSA-N,5015,0.29166666666666663,0.25,3.5496164910073236,inside,11.847265872861351,inside,False
ames_mutagenicity,JRBJSXQPQWSCCF-UHFFFAOYSA-N,5015,0.5901818181818181,0.52,1.942578523251055,inside,9.479642671141796,inside,True
ames_mutagenicity,SURZCOVZXAXEDL-UHFFFAOYSA-N,5015,0.31714113073213834,0.2711864406779661,2.7298869134123245,inside,12.747605885118826,inside,True
ames_mutagenicity,NHUOEGBUOIDRLN-UHFFFAOYSA-N,5015,0.5612982679167329,0.4827586206896552,2.543024159922406,inside,14.201036628401784,inside,True
ames_mutagenicity,LJFPDQJQHXFUNM-UHFFFAOYSA-N,5015,0.6893846153846154,0.5769230769230769,3.4783996829068493,inside,19.160230644505933,inside,False
ames_mutagenicity,JYZYMYQSKZTOAC-UHFFFAOYSA-N,5015,0.28484370492383004,0.24489795918367346,3.0856623523865863,inside,11.271018915791085,inside,True
ames_mutagenicity,ZVZVVZQRKFQGAN-UHFFFAOYSA-N,5015,0.49806440849395484,0.43636363636363634,3.235911315761514,inside,21.180090905087614,inside,True
ames_mutagenicity,QDCYNNFGMVNKEX-UHFFFAOYSA-N,5015,0.596995841995842,0.575,2.830590534118623,inside,17.172149891183054,inside,True
ames_mutagenicity,ULXWIWCUCFCRSI-UHFFFAOYSA-N,5015,0.4080887825624667,0.3888888888888889,2.619044116455073,inside,10.226224618805936,inside,True
ames_mutagenicity,KFKSIUOALVIACE-UHFFFAOYSA-N,5015,0.5059143962369769,0.4230769230769231,2.2495441319720544,inside,10.675047174858053,inside,True
ames_mutagenicity,IODWHFFPQHUDAG-UHFFFAOYSA-N,5015,0.3108315589108272,0.2926829268292683,1.7848953301395054,inside,11.039348685463859,inside,True
ames_mutagenicity,VUAFHZCUKUDDBC-UHFFFAOYSA-N,5015,0.3830425142196086,0.2926829268292683,3.4864577670089743,inside,16.348805510647907,inside,False
ames_mutagenicity,KTNUVDBUEAQUON-UHFFFAOYSA-N,5015,0.6156238859180035,0.6,3.388608947220401,inside,15.704822776398837,inside,True
ames_mutagenicity,QYRKLZKJMKCVSE-UHFFFAOYSA-N,5015,0.454673676734698,0.37681159420289856,11.08706576813141,outside,17.55600515826591,inside,True
ames_mutagenicity,FOHQHSMQKDVWSW-UHFFFAOYSA-N,5015,0.4752043010752688,0.41935483870967744,2.411534195953026,inside,9.735682835293984,inside,True
ames_mutagenicity,XCGYUJZMCCFSRP-LBPRGKRZSA-N,5015,0.30562651185292694,0.2641509433962264,2.5465781781970716,inside,15.225909670873389,inside,True
ames_mutagenicity,GMGGMXJWIUFFNB-UHFFFAOYSA-N,5015,0.6204665959703076,0.5869565217391305,3.939327830841525,inside,20.3747734377895,inside,True
ames_mutagenicity,GUZQAKDCZSMXGS-UHFFFAOYSA-N,5015,0.26280011942080905,0.24242424242424243,7.212516150611523,borderline,13.323894185598274,inside,True
ames_mutagenicity,BDQXCXLDSXGMHE-UHFFFAOYSA-N,5015,0.47770804860588145,0.43137254901960786,5.246519549610854,inside,13.878928853300028,inside,True
ames_mutagenicity,LSCMDCFJJZUETI-UHFFFAOYSA-N,5015,0.38080930295086374,0.3333333333333333,2.0542879605542774,inside,9.194851335296354,inside,True
ames_mutagenicity,BLZIYSWEDXTZTE-UHFFFAOYSA-N,5015,0.6177120669056152,0.5925925925925926,3.3261046316420546,inside,11.242730380776948,inside,True
ames_mutagenicity,YQSIDWSTCJNDPD-UHFFFAOYSA-O,5015,0.2681306178177267,0.25,3.0012849452682016,inside,12.81324985997851,inside,True
ames_mutagenicity,UAIUNKRWKOVEES-UHFFFAOYSA-N,5015,0.5059667886293273,0.4090909090909091,2.230637607654091,inside,9.167053574603932,inside,True
ames_mutagenicity,MUWIANZPEBMVHH-SECBINFHSA-N,5015,0.5051491493876525,0.4473684210526316,2.0499894982528613,inside,17.732396630813117,inside,True
ames_mutagenicity,GDURQQNIYCFHSV-UHFFFAOYSA-N,5015,0.3929601869108392,0.375,1.94695157912814,inside,10.028675261708393,inside,True
ames_mutagenicity,GQCZPFJGIXHZMB-ZCFIWIBFSA-N,5015,0.4651082251082251,0.3333333333333333,3.2880366001846184,inside,13.40547291924833,inside,False
ames_mutagenicity,XJKZOAGQMDVYBE-UHFFFAOYSA-N,5015,0.49097643097643096,0.4,1.681022995049654,inside,9.541117188947444,inside,True
ames_mutagenicity,JTEDVYBZBROSJT-UHFFFAOYSA-N,5015,0.38606373330831534,0.3508771929824561,1.5412144529342726,inside,10.350963331181871,inside,True
ames_mutagenicity,CIIOACBBIMHZQA-UHFFFAOYSA-N,5015,0.599055330634278,0.5897435897435898,2.8301916893582004,inside,14.990181310393883,inside,True
ames_mutagenicity,OWUAMBVUIQBHJG-UHFFFAOYSA-N,5015,0.48174539861102683,0.45652173913043476,5.437263750511342,inside,15.877999999126983,inside,True
ames_mutagenicity,DPZYLEIWHTWHCU-UHFFFAOYSA-N,5015,0.3545239687848384,0.3076923076923077,3.4872223763774493,inside,14.327920254075913,inside,True
ames_mutagenicity,YZVWKHVRBDQPMQ-UHFFFAOYSA-N,5015,0.568898090637221,0.5185185185185185,3.074779803662253,inside,12.403971090598517,inside,True
ames_mutagenicity,OMYMRCXOJJZYKE-UHFFFAOYSA-N,5015,0.3205857693124955,0.3050847457627119,1.9899691972438744,inside,11.311679110649196,inside,True
ames_mutagenicity,RRKIIWROEQLDQF-PXNSSMCTSA-N,5015,0.47038028699326445,0.41509433962264153,3.2401344471092246,inside,12.440629276658015,inside,True
ames_mutagenicity,FFDZEKYNUVRVOG-UHFFFAOYSA-N,5015,0.5015452630158512,0.44642857142857145,2.899930601891056,inside,26.368842702465287,borderline,True
ames_mutagenicity,OILAIQUEIWYQPH-UHFFFAOYSA-N,5015,0.38368421052631574,0.35,3.5371184279092227,inside,11.76122117441142,inside,True
ames_mutagenicity,CGSLYBDCEGBZCG-GOSISDBHSA-N,5015,0.49527777777777776,0.4444444444444444,4.253363740752378,inside,19.666229532864307,inside,True
ames_mutagenicity,VHMPUASQIHDEJU-UHFFFAOYSA-N,5015,0.4719120598430943,0.4074074074074074,2.9711473927239647,inside,10.046749507021493,inside,True
ames_mutagenicity,SJJISKLXUJVZOA-UHFFFAOYSA-N,5015,0.5753489061920652,0.4838709677419355,2.1063837323619286,inside,9.901807078412551,inside,True
ames_mutagenicity,QIVBCDIJIAJPQS-SECBINFHSA-N,5015,0.39341976609134865,0.37209302325581395,2.4580188755515135,inside,10.123855061980919,inside,True
ames_mutagenicity,BJMILJUXEDKWDJ-UHFFFAOYSA-N,5015,0.3353531913407211,0.32653061224489793,2.3153042351247626,inside,11.96331560663377,inside,True
ames_mutagenicity,YVJPMMYYRNHJAU-UHFFFAOYSA-N,5015,0.47664731494920176,0.4716981132075472,3.1320061314990135,inside,16.00557577710442,inside,True
ames_mutagenicity,KIVUHCNVDWYUNP-UHFFFAOYSA-N,5015,0.6425690235690235,0.5555555555555556,3.3197891210084376,inside,13.0275944367147,inside,True
ames_mutagenicity,BSKHPKMHTQYZBB-UHFFFAOYSA-N,5015,0.4167781493868451,0.38461538461538464,3.787989674858452,inside,11.260688321691918,inside,True
ames_mutagenicity,VBICKXHEKHSIBG-UHFFFAOYSA-N,5015,0.5679290533417668,0.5483870967741935,6.210359619802502,inside,22.140966085032296,inside,False
ames_mutagenicity,NKWCTWMIROYAIF-UHFFFAOYSA-N,5015,0.4500013177313936,0.4117647058823529,2.7454125762607244,inside,10.273139577549482,inside,True
ames_mutagenicity,IISBACLAFKSPIT-UHFFFAOYSA-N,5015,0.4913768115942029,0.4,1.3841730372760062,inside,14.220991588521924,inside,True
ames_mutagenicity,QXOIWROBEFMORO-UHFFFAOYSA-N,5015,0.43147642862813135,0.358974358974359,2.0795841469117087,inside,10.43713422496189,inside,True
ames_mutagenicity,BGCUVRJKBSXIDZ-UHFFFAOYSA-N,5015,0.5389776876267748,0.5,3.418636441227052,inside,13.49000974191156,inside,True
ames_mutagenicity,OHDJGZUFFIQWCM-UHFFFAOYSA-N,5015,0.40501956109786663,0.3333333333333333,4.066738229675976,inside,15.348785049342327,inside,False
ames_mutagenicity,ASGVEEBOYNWWJR-UHFFFAOYSA-N,5015,0.36020997108520825,0.32142857142857145,3.0723352266949493,inside,11.668614443110055,inside,False
ames_mutagenicity,LNPDDCYXLWMYKF-UHFFFAOYSA-N,5015,0.41883539493896027,0.3684210526315789,3.961092181503291,inside,9.476720121461952,inside,True
ames_mutagenicity,QRKGKRSGMAWUMO-UHFFFAOYSA-N,5015,0.3559073552433874,0.32098765432098764,7.1738650090832214,borderline,23.28497582929504,inside,True
ames_mutagenicity,IDYZIJYBMGIQMJ-UHFFFAOYSA-N,5015,0.49986925262777754,0.4307692307692308,2.97140229967678,inside,15.02175023748093,inside,True
ames_mutagenicity,AUZONCFQVSMFAP-UHFFFAOYSA-N,5015,0.35390142021720966,0.2631578947368421,3.18095525252915,inside,12.407515180719358,inside,False
ames_mutagenicity,COAUHYBSXMIJDK-UHFFFAOYSA-N,5015,0.36843911248710015,0.3333333333333333,4.268945491432052,inside,12.606370902575055,inside,False
ames_mutagenicity,VFEDRRNHLBGPNN-UHFFFAOYSA-N,5015,0.41808619192357793,0.35714285714285715,3.0912846061564534,inside,18.463416006276123,inside,True
ames_mutagenicity,GJNGMQYHOZFQNX-UHFFFAOYSA-N,5015,0.5287483414418399,0.42105263157894735,3.144353967812523,inside,11.704718303044686,inside,True
ames_mutagenicity,YFNKIDBQEZZDLK-UHFFFAOYSA-N,5015,0.5461408199643494,0.4117647058823529,3.5372606334219587,inside,10.414264231740002,inside,False
ames_mutagenicity,DMLAVOWQYNRWNQ-UHFFFAOYSA-N,5015,0.49808384597858285,0.4090909090909091,2.0712969462838755,inside,8.769779996443203,inside,True
ames_mutagenicity,IXORZMNAPKEEDV-YBIIQOTESA-N,5015,0.223265570700614,0.21052631578947367,3.9719039941007623,inside,15.893434120466779,inside,True
ames_mutagenicity,UOOUHGJOQYHONI-UHFFFAOYSA-N,5015,0.29214929214929214,0.25,1.5384885229619032,inside,11.795336911305187,inside,True
ames_mutagenicity,RONPMXQSZMYCGD-UHFFFAOYSA-N,5015,0.5714442636451124,0.5076923076923077,4.469499308632918,inside,26.06330859945961,borderline,True
ames_mutagenicity,CKDMBDPJWHDRFQ-MRVPVSSYSA-O,5015,0.3912552246603971,0.2727272727272727,3.015145848200821,inside,18.971100941688537,inside,False
ames_mutagenicity,MIMUSZHMZBJBPO-UHFFFAOYSA-N,5015,0.39380283954850015,0.375,1.5034094833497247,inside,13.26990235293985,inside,True
ames_mutagenicity,KYPOHTVBFVELTG-UPHRSURJSA-N,5015,0.3260780885780886,0.23076923076923078,4.172768487820236,inside,10.857561212113255,inside,False
ames_mutagenicity,GLJRUXJFSCIQFV-GSVOUGTGSA-N,5015,0.3906045751633987,0.3125,3.616686143115312,inside,10.674191769790266,inside,False
ames_mutagenicity,ITSGNOIFAJAQHJ-UHFFFAOYSA-N,5015,0.46823217767029446,0.32710280373831774,9.24090260392916,borderline,18.242122552162368,inside,True
ames_mutagenicity,GJEUIVYGSBNNKW-UHFFFAOYSA-N,5015,0.44601838668105714,0.43137254901960786,1.316990081146309,inside,10.76797015400933,inside,True
ames_mutagenicity,BDEQORMNBOXDSS-UHFFFAOYSA-N,5015,0.3769245377958753,0.2786885245901639,2.0764432069866445,inside,10.659806352844251,inside,True
ames_mutagenicity,KIEMDHJPRIFLDJ-UHFFFAOYSA-N,5015,0.43198657762225123,0.3939393939393939,2.265988084898003,inside,13.449209638392695,inside,True
ames_mutagenicity,YVUQSNJEYSNKRX-UHFFFAOYSA-N,5015,0.2420129457752866,0.20588235294117646,6.196013238334848,inside,15.93952310126147,inside,True
ames_mutagenicity,PWRBCZZQRRPXAB-UHFFFAOYSA-N,5015,0.3520791542423421,0.3225806451612903,3.6709198308370627,inside,13.574119189001884,inside,True
ames_mutagenicity,WQUGQUBOZLDSAX-UHFFFAOYSA-N,5015,0.5883542078664029,0.4864864864864865,4.38078688330517,inside,12.149472447749622,inside,True
ames_mutagenicity,MAVZUIFIVMZYMX-UHFFFAOYSA-N,5015,0.5770270270270271,0.5675675675675675,2.832012904771531,inside,15.603664556017208,inside,True
ames_mutagenicity,PVMNPAUTCMBOMO-UHFFFAOYSA-N,5015,0.4322276278932625,0.3684210526315789,3.6709198308370627,inside,9.705117556796708,inside,True
ames_mutagenicity,VVJKKKDJADMKNM-UHFFFAOYSA-O,5015,0.24211060004704682,0.2235294117647059,13.351092434176666,outside,20.821458293283317,inside,True
ames_mutagenicity,WMFXCDGQRHJFKL-UHFFFAOYSA-N,5015,0.45376955034213096,0.42424242424242425,2.8773293182036386,inside,9.898867754518703,inside,True
ames_mutagenicity,VOVUARRWDCVURC-UHFFFAOYSA-N,5015,0.25653421655743636,0.1875,4.917786475400592,inside,9.3974489192126,inside,True
ames_mutagenicity,DUUGKQCEGZLZNO-UHFFFAOYSA-N,5015,0.32059270798560885,0.3023255813953488,2.1489666502163223,inside,11.356000760835624,inside,True
ames_mutagenicity,WMVSVUVZSYRWIY-UHFFFAOYSA-N,5015,0.42758191399165024,0.4074074074074074,3.45056708481624,inside,9.503595718150331,inside,True
ames_mutagenicity,MUMCCPUVOAUBAN-UHFFFAOYSA-N,5015,0.41369844489519947,0.3620689655172414,2.982154580277007,inside,16.001891255607475,inside,True
ames_mutagenicity,FKNQCJSGGFJEIZ-UHFFFAOYSA-N,5015,0.4297213622291022,0.3684210526315789,3.7879896748584523,inside,8.970922144049437,inside,True
ames_mutagenicity,MLXPFKTZYAVEFB-UHFFFAOYSA-N,5015,0.4611180024107869,0.44680851063829785,3.4684175806386746,inside,14.25338340361609,inside,True
ames_mutagenicity,ZVZQKNVMDKSGGF-UHFFFAOYSA-N,5015,0.40043103448275863,0.3103448275862069,3.0824872593827872,inside,16.32537055083289,inside,False
ames_mutagenicity,LXFCHXMBUNEQPB-UHFFFAOYSA-N,5015,0.557285873192436,0.4827586206896552,1.973137274267097,inside,13.404774007749271,inside,True
ames_mutagenicity,YIWUKEYIRIRTPP-MRVPVSSYSA-N,5015,0.5123690078037904,0.4230769230769231,3.488298893177429,inside,20.819869274633838,inside,False
ames_mutagenicity,KVSKGMLNBAPGKH-UHFFFAOYSA-N,5015,0.3650873516515834,0.3050847457627119,2.9206697691440433,inside,13.374771772392544,inside,True
ames_mutagenicity,NSOXQYCFHDMMGV-UHFFFAOYSA-N,5015,0.381070780399274,0.3448275862068966,5.165898953553955,inside,11.595558685331339,inside,False
ames_mutagenicity,ILDXQYVFZBZVQJ-UHFFFAOYSA-N,5015,0.36557929682929685,0.32432432432432434,3.866980918530392,inside,9.942143036725652,inside,True
ames_mutagenicity,OKVZACRWBMIIEM-UHFFFAOYSA-N,5015,0.5169842733331578,0.4827586206896552,1.7504225243438238,inside,10.334504815788266,inside,True
ames_mutagenicity,SWEICGMKXPNXNU-UHFFFAOYSA-N,5015,0.37548881473241874,0.3333333333333333,2.573739638882066,inside,10.779842380640623,inside,True
ames_mutagenicity,DGBWPZSGHAXYGK-UHFFFAOYSA-N,5015,0.27424705314535824,0.2702702702702703,8.472928411681933,borderline,10.970612666663344,inside,True
ames_mutagenicity,QFMDFTQOJHFVNR-UHFFFAOYSA-N,5015,0.3544272013949433,0.28,3.4443058950587644,inside,11.198683629480248,inside,True
ames_mutagenicity,AUHYZQCEIVEMFH-UHFFFAOYSA-N,5015,0.3571683218742042,0.3333333333333333,3.7488074996473344,inside,9.657298112111551,inside,False
ames_mutagenicity,MFUFBSLEAGDECJ-UHFFFAOYSA-N,5015,0.4936914936914937,0.4642857142857143,3.037324107014142,inside,11.461427704612486,inside,True
ames_mutagenicity,POTDIELOEHTPJN-UHFFFAOYSA-N,5015,0.2543492063492064,0.23809523809523808,1.6593593014472559,inside,12.530384494459446,inside,True
ames_mutagenicity,XVXGYZFARCOVHS-LHFQILNESA-N,5015,0.41156732507998334,0.3037974683544304,9.587514487456483,borderline,14.143109562103895,inside,True
ames_mutagenicity,KUAZQDVKQLNFPE-UHFFFAOYSA-N,5015,0.3186868686868687,0.23333333333333334,3.0026286640983613,inside,10.527520596412193,inside,False
ames_mutagenicity,VAECZJVLTOQMGP-UHFFFAOYSA-N,5015,0.42839441260493893,0.40476190476190477,1.316990081146309,inside,10.673830054305379,inside,True
ames_mutagenicity,PYYXJSJBRRTAGY-UHFFFAOYSA-N,5015,0.4683007173704848,0.36363636363636365,1.8871851903357766,inside,16.40027122641381,inside,True
ames_mutagenicity,UCOVESIAFFGEOR-UHFFFAOYSA-N,5015,0.46054336468129575,0.36363636363636365,2.4110928961017284,inside,9.063757992102632,inside,True
ames_mutagenicity,DDTKLIBTCCSFGT-OXJNMPFZSA-N,5015,0.5147435897435897,0.4791666666666667,4.125227589480861,inside,20.009808106282016,inside,True
ames_mutagenicity,FEBHIQDTVWTKHU-UHFFFAOYSA-N,5015,0.34156231365533685,0.3333333333333333,1.1156696964592003,inside,11.771295602010497,inside,True
ames_mutagenicity,SDKXGAICTNHFCN-ONEGZZNKSA-N,5015,0.241823335394764,0.22448979591836735,1.461166544045662,inside,13.47563951780793,inside,True
ames_mutagenicity,MIZGSAALSYARKU-UHFFFAOYSA-N,5015,0.24337416968995917,0.21212121212121213,2.5666095365952297,inside,11.344256672905765,inside,True
ames_mutagenicity,DDOUAHQYFGDWTO-UHFFFAOYSA-N,5015,0.390530303030303,0.375,3.4598269568250934,inside,11.63986583928329,inside,True
ames_mutagenicity,DZUAMDZCUZDDSN-UHFFFAOYSA-N,5015,0.5699445599445601,0.5384615384615384,2.3878251693179173,inside,16.447192411802252,inside,True
ames_mutagenicity,IQQDNMHUOLMLNJ-UHFFFAOYSA-N,5015,0.41166386894529267,0.36363636363636365,2.2650326448021625,inside,9.836768049499149,inside,True
ames_mutagenicity,LMIQERWZRIFWNZ-UHFFFAOYSA-N,5015,0.3544842254519674,0.32142857142857145,2.7043393613571944,inside,11.104668804468066,inside,True
ames_mutagenicity,IDWFQWBVLZLJKR-UHFFFAOYSA-N,5015,0.5519971739729804,0.4722222222222222,2.7885648031816954,inside,11.007381650328735,inside,True
ames_mutagenicity,LGDFHDKSYGVKDC-UHFFFAOYSA-N,5015,0.3422666569008032,0.3333333333333333,1.8075581637576472,inside,13.859151655847,inside,True
ames_mutagenicity,PJIHCWJOTSJIPQ-AGFFZDDWSA-N,5015,0.48340579884697527,0.40540540540540543,2.7683068720310735,inside,14.068926747396146,inside,False
ames_mutagenicity,BLVHWJCLSMYFMT-UHFFFAOYSA-N,5015,0.6502564102564102,0.6,3.9928826528536647,inside,14.006531755415248,inside,True
ames_mutagenicity,IXAZAWBLHKNAOT-UHFFFAOYSA-N,5015,0.2830981695003583,0.26666666666666666,2.6769441076665847,inside,11.853418123883003,inside,True
ames_mutagenicity,KJFMBFZCATUALV-UHFFFAOYSA-N,5015,0.37423448990786456,0.3055555555555556,2.854808257263052,inside,13.205935616759698,inside,True
ames_mutagenicity,OKDRUMBNXIYUEO-NSCUHMNNSA-N,5015,0.2294754149243313,0.21568627450980393,2.5214848950547646,inside,9.423163664371375,inside,True
ames_mutagenicity,IPAJDLMMTVZVPP-UHFFFAOYSA-N,5015,0.3308524601875666,0.3055555555555556,4.972943845503638,inside,11.170514792916638,inside,True
ames_mutagenicity,OGRXKBUCZFFSTL-UHFFFAOYSA-N,5015,0.3288491952024922,0.30612244897959184,1.7145156220910684,inside,13.909149887276971,inside,True
ames_mutagenicity,JUJWROOIHBZHMG-UHFFFAOYSA-N,5015,0.3525252525252525,0.2777777777777778,4.0909515165796355,inside,11.692312627588057,inside,True
ames_mutagenicity,IBYHHJPAARCAIE-UHFFFAOYSA-N,5015,0.4761437908496732,0.35294117647058826,4.546876022382319,inside,11.854936910250077,inside,False
ames_mutagenicity,XEKOWRVHYACXOJ-UHFFFAOYSA-N,5015,0.5582485625829279,0.5263157894736842,4.093865490826028,inside,9.184400252215317,inside,False
ames_mutagenicity,SSNMTYTXJCMMSO-UHFFFAOYSA-N,5015,0.5984457939721097,0.575,3.7662036814497055,inside,18.707069503866343,inside,False
ames_mutagenicity,SEOVTRFCIGRIMH-UHFFFAOYSA-N,5015,0.3956770791732781,0.37735849056603776,1.8142461131965708,inside,9.57880072917059,inside,True
ames_mutagenicity,RSSUDYOKPAZOGO-UHFFFAOYSA-N,5015,0.4641588296760711,0.4,3.025557494513156,inside,9.23032989957421,inside,True
ames_mutagenicity,LGQUWHWIEUSLLO-UHFFFAOYSA-N,5015,0.3044004524886878,0.29411764705882354,4.23462960134892,inside,12.24034971809871,inside,False
ames_mutagenicity,IOJUPLGTWVMSFF-UHFFFAOYSA-N,5015,0.31754682099509685,0.3,3.023646782421655,inside,9.526179325047059,inside,True
ames_mutagenicity,SEDWKLBVUNQJFT-WAYWQWQTSA-N,5015,0.4836653227416071,0.40425531914893614,2.902552142281077,inside,12.184655813033817,inside,False
ames_mutagenicity,MQBUJITXOYJSLR-JBBNEOJLSA-N,5015,0.34505124162396533,0.2711864406779661,6.234992484003082,inside,14.282295297081772,inside,True
ames_mutagenicity,YGXNXKUYVYCQNV-UHFFFAOYSA-N,5015,0.2954978354978355,0.26666666666666666,3.5586752504805244,inside,16.40645728248827,inside,True
ames_mutagenicity,HRBKVYFZANMGRE-UHFFFAOYSA-N,5015,0.31505933432156363,0.3023255813953488,1.9878756528664547,inside,11.183458771629752,inside,True
ames_mutagenicity,RKSOPLXZQNSWAS-UHFFFAOYSA-N,5015,0.3254901960784313,0.29411764705882354,4.453687327743526,inside,12.00188965362978,inside,False
ames_mutagenicity,KZFUMWVJJNDGAU-UHFFFAOYSA-N,5015,0.33990131578947363,0.296875,4.161280841948585,inside,14.753791642591292,inside,True
ames_mutagenicity,WTLGTEPKKMWKPX-UHFFFAOYSA-N,5015,0.5846756156883643,0.48717948717948717,1.367554866066257,inside,15.289278003526585,inside,True
ames_mutagenicity,GCMNJUJAKQGROZ-UHFFFAOYSA-N,5015,0.47567771669720693,0.43333333333333335,2.251669838628486,inside,10.789799137548764,inside,True
ames_mutagenicity,HUWXDEQWWKGHRV-UHFFFAOYSA-N,5015,0.5217809565635653,0.43478260869565216,2.2091542449399446,inside,9.128358487983155,inside,True
ames_mutagenicity,SMWDFEZZVXVKRB-UHFFFAOYSA-N,5015,0.4832167832167832,0.45454545454545453,3.05852753980788,inside,10.770528643201079,inside,True
ames_mutagenicity,XBPCUCUWBYBCDP-UHFFFAOYSA-N,5015,0.3645098039215686,0.3333333333333333,2.767597609981969,inside,13.871849523270617,inside,True
ames_mutagenicity,GXXUKTFRBUDHNA-UHFFFAOYSA-N,5015,0.47686509995799053,0.42857142857142855,3.1016330729770956,inside,11.462317430191787,inside,True
ames_mutagenicity,OYHQOLUKZRVURQ-AVQMFFATSA-N,5015,0.7,0.6538461538461539,4.627551465730537,inside,24.354991052895485,inside,False
ames_mutagenicity,HWKMLDIVLBCTEH-UHFFFAOYSA-N,5015,0.4206454293344537,0.3902439024390244,1.8040156275629748,inside,10.753516525044601,inside,True
ames_mutagenicity,YYOFXKOUMJOLIW-UHFFFAOYSA-N,5015,0.3725381459496378,0.2318840579710145,5.208395339987746,inside,18.467689445028917,inside,True
ames_mutagenicity,JEHJDOIFMGNIQI-UHFFFAOYSA-N,5015,0.5062902621121073,0.4772727272727273,3.1566613097401985,inside,10.741948081273174,inside,True
ames_mutagenicity,NUIURNJTPRWVAP-UHFFFAOYSA-N,5015,0.5531785018100808,0.48148148148148145,2.124220183753995,inside,9.362843194605768,inside,True
ames_mutagenicity,PTCFDJRJOGPUFE-UHFFFAOYSA-N,5015,0.3981941113474215,0.3469387755102041,4.171882566287736,inside,11.948010995331078,inside,True
ames_mutagenicity,HYNWVZUKVUTODF-RIOXPSKRSA-N,5015,0.5198146878600052,0.4146341463414634,2.9997541597014004,inside,13.552196865689378,inside,False
ames_mutagenicity,AJXIRXPZNGBLIW-UHFFFAOYSA-N,5015,0.4271583727940464,0.3611111111111111,2.5708095601774916,inside,11.126670944271886,inside,True
ames_mutagenicity,IIBOYMCHHLZIKC-UHFFFAOYSA-N,5015,0.5378578410836475,0.48484848484848486,0.8037814720736454,inside,10.395530648860031,inside,True
ames_mutagenicity,GRIATXVEXOFBGO-UHFFFAOYSA-N,5015,0.3538402457757296,0.3333333333333333,2.0137482416105383,inside,10.63443545122545,inside,True
ames_mutagenicity,PNVRWCOOQDYUJY-UHFFFAOYSA-N,5015,0.3416395765608069,0.3055555555555556,2.1877964172558033,inside,11.958456125902991,inside,True
ames_mutagenicity,VHYFNPMBLIVWCW-UHFFFAOYSA-N,5015,0.4880047712865051,0.42105263157894735,3.061279806006833,inside,9.468215701997627,inside,True
ames_mutagenicity,YJRBRXLARFRAFB-UHFFFAOYSA-N,5015,0.43979341736694677,0.38095238095238093,3.192025733813431,inside,9.310794895126431,inside,True
ames_mutagenicity,IOFUTXAOWYNJFY-UHFFFAOYSA-N,5015,0.3992016317016317,0.358974358974359,1.3169900811463093,inside,9.742014509386797,inside,True
ames_mutagenicity,RKISUIUJZGSLEV-UHFFFAOYSA-N,5015,0.52,0.52,13.634570041959636,outside,17.910939479402163,inside,False
ames_mutagenicity,JPZOAVGMSDSWSW-UHFFFAOYSA-N,5015,0.3792065390749601,0.3181818181818182,2.6036550638073526,inside,9.894897292379238,inside,True
ames_mutagenicity,MUQKBNWTOHUUJF-UHFFFAOYSA-N,5015,0.3547739266866353,0.3055555555555556,4.570836765360205,inside,10.89520470405419,inside,True
ames_mutagenicity,QRUWUSOUUMPANJ-UHFFFAOYSA-N,5015,0.44655172413793104,0.3939393939393939,4.222545601270287,inside,10.657178857806013,inside,True
ames_mutagenicity,AVTJRMCCKOBMQP-UHFFFAOYSA-N,5015,0.4705325974783506,0.35294117647058826,2.686547974999146,inside,13.3651087326166,inside,True
ames_mutagenicity,BRKUSHXUPGCTMP-UHFFFAOYSA-N,5015,0.40002031930333815,0.36538461538461536,3.3187228130642334,inside,16.653134726087863,inside,True
ames_mutagenicity,OVZQVGZERAFSPI-UHFFFAOYSA-N,5015,0.4797451839039715,0.45161290322580644,2.2185224489582134,inside,12.4210038199825,inside,True
ames_mutagenicity,FXYHJVRPZDUNMI-UHFFFAOYSA-N,5015,0.4759873583740414,0.4067796610169492,3.1261734437054725,inside,25.673056682467507,borderline,True
ames_mutagenicity,HCZHHEIFKROPDY-UHFFFAOYSA-N,5015,0.403530701754386,0.375,1.5833175118610654,inside,10.07275200802225,inside,True
ames_mutagenicity,JVSYZGLUYQMVQJ-UHFFFAOYSA-N,5015,0.4722365353944301,0.41025641025641024,3.1245331878627214,inside,12.595198405813951,inside,True
ames_mutagenicity,XJKSTNDFUHDPQJ-UHFFFAOYSA-N,5015,0.5333333333333333,0.47619047619047616,3.2395214519324043,inside,9.32105760657843,inside,True
ames_mutagenicity,UOYXIIVVDLXEBT-UHFFFAOYSA-N,5015,0.7356906454889648,0.68,9.413090794117823,borderline,21.519325681823567,inside,False
ames_mutagenicity,UFWSSCAAHBNZRO-UHFFFAOYSA-N,5015,0.3576161331099156,0.29411764705882354,2.705784888058489,inside,12.302528334776913,inside,True
ames_mutagenicity,SXVRECLPTCOMIA-UHFFFAOYSA-N,5015,0.5221951219512195,0.5121951219512195,1.341061969663716,inside,16.559808555428013,inside,True
ames_mutagenicity,QVWJMXQQFRQGHC-UHFFFAOYSA-N,5015,0.6591449052739377,0.5555555555555556,4.602520715389059,inside,12.098411641753106,inside,True
ames_mutagenicity,CMQCIMXGPDHCOA-UHFFFAOYSA-N,5015,0.5491666666666667,0.5,2.0408900686125593,inside,13.664125241843006,inside,True
ames_mutagenicity,BOQCPFGCIYLAGN-UHFFFAOYSA-N,5015,0.5361917788233578,0.525,2.808599599553168,inside,14.97422963022396,inside,True
ames_mutagenicity,PKTSCJXWLVREKX-UHFFFAOYSA-N,5015,0.5852813852813853,0.4642857142857143,3.528745280349915,inside,16.744867846522343,inside,False
ames_mutagenicity,ZGONASGBWOJHDD-UHFFFAOYSA-N,5015,0.6406000294854783,0.39473684210526316,4.01233774863278,inside,16.58987791769574,inside,False
ames_mutagenicity,JZQKKSLKJUAGIC-UHFFFAOYSA-N,5015,0.5331968414896323,0.47368421052631576,2.1536719576163295,inside,20.423089311578437,inside,True
ames_mutagenicity,PKVRCIRHQMSYJX-KPZODEHGSA-N,5015,0.20044743884475888,0.19658119658119658,14.237828583505317,outside,22.81013969849899,inside,True
ames_mutagenicity,GTVWRXDRKAHEAD-WXFUMESZSA-N,5015,0.512931467596782,0.4594594594594595,8.200675134439694,borderline,19.341478947521203,inside,False
ames_mutagenicity,FLAQQSHRLBFIEZ-UHFFFAOYSA-N,5015,0.35061412686034926,0.3333333333333333,1.9324081760395755,inside,12.16961880556925,inside,True
ames_mutagenicity,IWKVORJQUCGMGE-UHFFFAOYSA-N,5015,0.3910649878680569,0.36538461538461536,2.2399926783771935,inside,12.6346992461812,inside,True
ames_mutagenicity,SCUZPDVDVNPARY-UHFFFAOYSA-N,5015,0.44130675526024354,0.42857142857142855,3.1572195522564663,inside,13.81756537629546,inside,True
ames_mutagenicity,DECIPOUIJURFOJ-UHFFFAOYSA-N,5015,0.32557176561221046,0.30952380952380953,1.4335865333420181,inside,9.716508965282559,inside,True
ames_mutagenicity,QWUSZGIKGARVEC-UHFFFAOYSA-N,5015,0.3356363636363636,0.3181818181818182,2.4861519372377447,inside,9.186013767958947,inside,True
ames_mutagenicity,MJHLEBFJKCVIER-UHFFFAOYSA-N,5015,0.5796256502863446,0.44680851063829785,2.459243164772634,inside,11.680390743161166,inside,True
ames_mutagenicity,UIDGJTUNLMQGLT-UHFFFAOYSA-N,5015,0.450676883780332,0.3793103448275862,3.459029762505989,inside,11.605107018837733,inside,True
ames_mutagenicity,AKGLPARAPSMXJV-UHFFFAOYSA-N,5015,0.39333792499069703,0.34210526315789475,3.4370976889992972,inside,15.725373398313655,inside,True
ames_mutagenicity,MUXOBHXGJLMRAB-UHFFFAOYSA-N,5015,0.548611111111111,0.4375,3.285479873468207,inside,12.178877560454174,inside,False
ames_mutagenicity,SJXGUJDBIYKQTJ-UHFFFAOYSA-N,5015,0.35079123079123076,0.3142857142857143,2.292236814979734,inside,12.238892632709895,inside,True
ames_mutagenicity,SQZIOTVJQHRZMG-UHFFFAOYSA-N,5015,0.48746743452625807,0.46153846153846156,3.8412527990872682,inside,12.726845890488498,inside,True
ames_mutagenicity,SSMFYBHQLFTJSA-UHFFFAOYSA-N,5015,0.19869740619740622,0.17567567567567569,5.042929586480015,inside,14.381693528941948,inside,True
ames_mutagenicity,OVYWMEWYEJLIER-UHFFFAOYSA-N,5015,0.4191552075375605,0.39285714285714285,2.265032644802162,inside,10.821287825326845,inside,True
ames_mutagenicity,NVBRGPJUOMAWIN-UHFFFAOYSA-N,5015,0.5656935736677117,0.45454545454545453,0.9967397711058172,inside,9.463674488662582,inside,True
ames_mutagenicity,VSMKOWQLOSKSCG-UHFFFAOYSA-N,5015,0.5754272060078512,0.4857142857142857,4.484405542492384,inside,12.68411932092726,inside,True
ames_mutagenicity,CQIUKKVOEOPUDV-IYSWYEEDSA-N,5015,0.255093375281448,0.21739130434782608,1.7223328150934334,inside,16.599609614420867,inside,True
ames_mutagenicity,WVRNUXJQQFPNMN-GETOMWPZSA-N,5015,0.322060086694233,0.2972972972972973,3.1246568108930264,inside,16.494781219961855,inside,True
ames_mutagenicity,JFTDZIDCQPHSCN-UHFFFAOYSA-N,5015,0.5912195121951219,0.5853658536585366,1.6563831667098707,inside,17.944080417155742,inside,True
ames_mutagenicity,RJMUSRYZPJIFPJ-UHFFFAOYSA-N,5015,0.4130715795832075,0.4,2.337620588266531,inside,16.107693275444426,inside,True
ames_mutagenicity,JZXRLKWWVNUZRB-UHFFFAOYSA-N,5015,0.31627162810089643,0.2916666666666667,2.086808102071883,inside,10.857626205260134,inside,True
ames_mutagenicity,NZZCKKHDYOKHCF-UHFFFAOYSA-N,5015,0.2887205305648616,0.2786885245901639,4.103830817570531,inside,14.777838127751865,inside,True
ames_mutagenicity,YWFLVBNFDFMBIH-UHFFFAOYSA-N,5015,0.36931939028713223,0.3548387096774194,2.2339323643783042,inside,12.378302538839616,inside,True
ames_mutagenicity,MMYHZEDBTMXYAF-UHFFFAOYSA-N,5015,0.2968624207333885,0.23076923076923078,4.7055546847841,inside,14.800145722011486,inside,True
ames_mutagenicity,WVPGXJOLGGFBCR-UHFFFAOYSA-N,5015,0.5170400432900433,0.42857142857142855,8.78794903070062,borderline,20.62966353468153,inside,False
ames_mutagenicity,QZXSMBBFBXPQHI-UHFFFAOYSA-N,5015,0.4642857142857143,0.4642857142857143,3.672953484198982,inside,17.475863822032945,inside,False
ames_mutagenicity,DKOXITJAUZNAPK-UHFFFAOYSA-N,5015,0.4613686313686314,0.4,1.2358133317884206,inside,8.876465944570707,inside,True
ames_mutagenicity,AHJKRLASYNVKDZ-UHFFFAOYSA-N,5015,0.3850267379679145,0.36363636363636365,3.330266343258395,inside,12.930494482750339,inside,True
ames_mutagenicity,IAENMCZHYXTLTE-UHFFFAOYSA-N,5015,0.30815674307477586,0.29545454545454547,9.464017418449043,borderline,11.821192854289324,inside,True
ames_mutagenicity,VGZSUPCWNCWDAN-UHFFFAOYSA-N,5015,0.35198217468805704,0.32727272727272727,2.291988687197322,inside,18.446473806508017,inside,True
ames_mutagenicity,QPLQHOGBXHYUEB-UHFFFAOYSA-N,5015,0.3568385345997287,0.34328358208955223,3.368838451554805,inside,15.810362420963699,inside,True
ames_mutagenicity,BDNKZNFMNDZQMI-UHFFFAOYSA-N,5015,0.2208791208791209,0.21428571428571427,3.4417401214512724,inside,10.858771795115851,inside,False
ames_mutagenicity,WLXLLQQGGGHOMA-UHFFFAOYSA-N,5015,0.5680450680243045,0.5254237288135594,3.313167494685438,inside,17.502023844036152,inside,True
ames_mutagenicity,LVNPGQZSPDFZNC-UHFFFAOYSA-N,5015,0.3821125541125541,0.3181818181818182,2.1253273009752984,inside,9.005475913273294,inside,True
ames_mutagenicity,SOBGIMQKWDUEPY-UHFFFAOYSA-N,5015,0.4491511387163561,0.4,2.850405583148442,inside,9.767706628056454,inside,True
ames_mutagenicity,IMOYUMWGJOTJTF-UHFFFAOYSA-N,5015,0.4532783094941951,0.425531914893617,5.454428877494998,inside,13.001774775656154,inside,True
ames_mutagenicity,RHXGKMNLLUKFLG-UHFFFAOYSA-N,5015,0.5770270270270271,0.5675675675675675,2.831942612378361,inside,15.603664556017208,inside,True
ames_mutagenicity,PEPMWUSGRKINHX-UHFFFAOYSA-N,5015,0.41470248228354245,0.31343283582089554,2.950260104108178,inside,18.92080746433849,inside,True
ames_mutagenicity,ZIJZEJQXPLFJIC-UHFFFAOYSA-N,5015,0.2887212626484237,0.26666666666666666,2.824733202889349,inside,11.88989088516742,inside,True
ames_mutagenicity,SUDHEDJJFGYYPL-UHFFFAOYSA-N,5015,0.49848484848484853,0.45454545454545453,3.6587360384718086,inside,10.931867038557899,inside,False
ames_mutagenicity,DQGFCLJXYFXXIJ-LFIBNONCSA-N,5015,0.2891473280817543,0.26229508196721313,0.9492356362745271,inside,10.268613365557263,inside,True
ames_mutagenicity,UOWTVKOENAIYMG-UHFFFAOYSA-N,5015,0.4045809770994116,0.37777777777777777,1.1787893521035395,inside,11.519937041084496,inside,True
ames_mutagenicity,KFDVPJUYSDEJTH-UHFFFAOYSA-N,5015,0.4460287081339713,0.4,3.4872223763774493,inside,11.106612593279271,inside,True
ames_mutagenicity,GVYLCNUFSHDAAW-DYXRAMCBSA-N,5015,0.1837719298245614,0.16666666666666666,5.731587162437011,inside,9.84342656328518,inside,True
ames_mutagenicity,KJFYIRGNNOCTLS-UHFFFAOYSA-N,5015,0.3835978835978836,0.3333333333333333,3.630568026511452,inside,9.114505194371114,inside,False
ames_mutagenicity,IZCUJTLKJPQFSY-UHFFFAOYSA-N,5015,0.39926708771282804,0.38235294117647056,2.8773293182036386,inside,9.306414197388708,inside,True
ames_mutagenicity,FBQPGGIHOFZRGH-UHFFFAOYSA-N,5015,0.3909910446121163,0.273972602739726,3.3247031273266208,inside,15.731210520964847,inside,True
ames_mutagenicity,NKDDWNXOKDWJAK-UHFFFAOYSA-N,5015,0.360551948051948,0.2857142857142857,4.412763261507128,inside,11.06465798408816,inside,False
ames_mutagenicity,WCVOECBZKKBSJH-UHFFFAOYSA-N,5015,0.22864220236636093,0.20588235294117646,8.637845787300419,borderline,11.908564019997977,inside,True
ames_mutagenicity,WGZDBVOTUVNQFP-UHFFFAOYSA-N,5015,0.3263680387409201,0.3090909090909091,1.6563924654461015,inside,10.326452603983068,inside,True
ames_mutagenicity,UWFYSQMTEOIJJG-UHFFFAOYSA-N,5015,0.42554673721340386,0.32098765432098764,4.520178760729691,inside,20.311416335002768,inside,True
ames_mutagenicity,CBFCDTFDPHXCNY-UHFFFAOYSA-N,5015,0.9083333333333332,0.6666666666666666,6.342062367350215,borderline,15.752440635036555,inside,False
ames_mutagenicity,DQQRMBAVSCPSJH-UHFFFAOYSA-N,5015,0.3640740740740741,0.32142857142857145,2.125524317578669,inside,10.079904997162108,inside,True
ames_mutagenicity,VRDXZMZDTCQVBV-UHFFFAOYSA-N,5015,0.3826243694798571,0.3137254901960784,2.148286920601311,inside,13.575652414581997,inside,True
ames_mutagenicity,WGVCNGPAJHVJKK-UHFFFAOYSA-N,5015,0.5770270270270271,0.5675675675675675,2.8835761984717525,inside,20.301600696016262,inside,True
ames_mutagenicity,QEFJYMFUMVHTBR-UHFFFAOYSA-O,5015,0.32092862544973044,0.27586206896551724,8.041761918381441,borderline,20.52746407812465,inside,True
ames_mutagenicity,SLWANLQVLHQJPM-UHFFFAOYSA-N,5015,0.43087301587301585,0.4166666666666667,6.2395983280492455,inside,17.41126611199172,inside,True
ames_mutagenicity,BSAHBIFSJDNPFG-UHFFFAOYSA-N,5015,0.27679167018947226,0.2542372881355932,1.9085221835173916,inside,9.91781426850054,inside,True
ames_mutagenicity,CQAGLAXSRJMWSA-UHFFFAOYSA-N,5015,0.31405228758169934,0.29411764705882354,4.8903954163509855,inside,9.806589870542401,inside,False
ames_mutagenicity,WPYCRFCQABTEKC-UHFFFAOYSA-N,5015,0.6006742392297421,0.5294117647058824,2.1315272198569186,inside,19.805339879682904,inside,True
ames_mutagenicity,SAOKZLXYCUGLFA-UHFFFAOYSA-N,5015,0.6906735306735307,0.6,6.0362111362737805,inside,26.145216112873264,borderline,False
ames_mutagenicity,VFKZTMPDYBFSTM-UHFFFAOYSA-N,5015,0.33627568252181256,0.29411764705882354,4.173962327881387,inside,12.187831384181033,inside,False
ames_mutagenicity,DJKGDNKYTKCJKD-UHFFFAOYSA-N,5015,0.3336571358748778,0.2727272727272727,2.3415266640903933,inside,14.592223042057762,inside,True
ames_mutagenicity,DDUHZTYCFQRHIY-UHFFFAOYSA-N,5015,0.2230385291209159,0.21052631578947367,2.9099612165287105,inside,14.077806184284135,inside,True
ames_mutagenicity,GGLZPLKKBSSKCX-UHFFFAOYSA-N,5015,0.511481764422941,0.45454545454545453,3.175067004034075,inside,16.101511860869557,inside,False
ames_mutagenicity,QAOWNCQODCNURD-UHFFFAOYSA-N,5015,0.300343997248022,0.2631578947368421,4.592868624080816,inside,11.206635308380019,inside,False
ames_mutagenicity,MBMQEIFVQACCCH-UHFFFAOYSA-N,5015,0.41651851851851857,0.25925925925925924,2.4492172290139944,inside,14.481402862255393,inside,True
ames_mutagenicity,NQQVFXUMIDALNH-UHFFFAOYSA-N,5015,0.28095238095238095,0.25,2.075913969858284,inside,9.879675049755559,inside,True
ames_mutagenicity,GVYLCNUFSHDAAW-UHFFFAOYSA-N,5015,0.24592245989304815,0.18181818181818182,5.731587162437011,inside,10.39790436834038,inside,True
ames_mutagenicity,AUVVAXYIELKVAI-UHFFFAOYSA-N,5015,0.3295140460555807,0.2222222222222222,6.183996193981469,inside,21.069108090241844,inside,True
ames_mutagenicity,CQIUKKVOEOPUDV-UHFFFAOYSA-N,5015,0.2921842843723571,0.21739130434782608,1.7223328150934334,inside,15.505802778482192,inside,True
ames_mutagenicity,JWBOIMRXGHLCPP-UHFFFAOYSA-N,5015,0.31796195202646815,0.2903225806451613,3.3243386375438426,inside,12.210279444788059,inside,True
ames_mutagenicity,WTBRNCAATDGVBD-UHFFFAOYSA-N,5015,0.47123622740321036,0.38461538461538464,4.956561201181937,inside,20.01064582201955,inside,False
ames_mutagenicity,QIVBCDIJIAJPQS-UHFFFAOYSA-N,5015,0.43106465350367795,0.3902439024390244,2.4580188755515135,inside,11.296281956198996,inside,True
ames_mutagenicity,IXORZMNAPKEEDV-UHFFFAOYSA-N,5015,0.28347822109695675,0.25,3.9719039941007623,inside,22.17283727382761,inside,True
ames_mutagenicity,XCGYUJZMCCFSRP-UHFFFAOYSA-N,5015,0.30562651185292694,0.2641509433962264,2.5465781781970716,inside,14.532169752160163,inside,True
ames_mutagenicity,VTDMOCLDFVEGNM-UHFFFAOYSA-N,5015,0.4210858585858587,0.40625,3.1253642536556483,inside,9.598911377745202,inside,True
ames_mutagenicity,DDTKLIBTCCSFGT-UHFFFAOYSA-N,5015,0.5880193517174648,0.5283018867924528,4.125227589480861,inside,16.89698833731995,inside,True
ames_mutagenicity,JSOQIZDOEIKRLY-UHFFFAOYSA-N,5015,0.31265976535541756,0.28,3.8522803424149967,inside,8.784409264052293,inside,False
ames_mutagenicity,MFZWMTSUNYWVBU-UHFFFAOYSA-N,5015,0.40581757975334243,0.2727272727272727,3.609379027800922,inside,14.050555320111972,inside,True
ames_mutagenicity,PNLPDUJTKWJOBJ-UHFFFAOYSA-N,5015,0.2757232704402516,0.24528301886792453,2.770090214349844,inside,10.813310436826159,inside,True
ames_mutagenicity,UAWLTQJFZUYROA-UHFFFAOYSA-N,5015,0.6954776393315946,0.6285714285714286,3.3427053956299857,inside,16.79361780525648,inside,True
ames_mutagenicity,ZJBMWUSXWCQSJP-UHFFFAOYSA-N,5015,0.5390463350827355,0.5111111111111111,3.6009415015156785,inside,12.865748922528686,inside,True
ames_mutagenicity,XMIAFAKRAAMSGX-UHFFFAOYSA-N,5015,0.43438159180943564,0.42105263157894735,2.2652756771932454,inside,9.574445506496435,inside,True
ames_mutagenicity,HJGHXDNIPAWLLE-UHFFFAOYSA-N,5015,0.27261904761904765,0.23809523809523808,4.160600545173473,inside,10.429511579322014,inside,False
ames_mutagenicity,LFCWFVPSUMBNQM-UHFFFAOYSA-N,5015,0.42546473134708424,0.4166666666666667,3.1633067934332075,inside,9.940099075181601,inside,True
ames_mutagenicity,DBTRHJMMJLOORC-UHFFFAOYSA-N,5015,0.5183712121212121,0.5151515151515151,1.7556006373412734,inside,13.659410088419408,inside,True
ames_mutagenicity,GSYBOJMAIWKJDW-UHFFFAOYSA-N,5015,0.5625427702996093,0.5306122448979592,4.828485280242538,inside,12.848202836508653,inside,True
ames_mutagenicity,QTQWMSOQOSJFBV-UHFFFAOYSA-N,5015,0.3667819144715511,0.2894736842105263,3.019837582653031,inside,15.026183771323977,inside,True
ames_mutagenicity,WSVWKHTVFGTTKJ-UHFFFAOYSA-N,5015,0.43134250823803055,0.38666666666666666,3.394574507624449,inside,15.968857827445147,inside,True
ames_mutagenicity,AKIYYDSXDIXEOB-UHFFFAOYSA-N,5015,0.32872440380764467,0.3148148148148148,4.2136644813842645,inside,14.55190976326919,inside,True
ames_mutagenicity,UWROMTIFNKTGEH-UHFFFAOYSA-N,5015,0.4471505461011985,0.38636363636363635,2.948315087377915,inside,10.903812580985406,inside,True
ames_mutagenicity,XVEXEHQNOGGQQU-UHFFFAOYSA-N,5015,0.3564371980676329,0.32608695652173914,2.453451969271787,inside,12.653090861947168,inside,True
ames_mutagenicity,INDBQLZJXZLFIT-UHFFFAOYSA-N,5015,0.3031877136296883,0.2972972972972973,1.8640094640034957,inside,12.97702592450274,inside,True
ames_mutagenicity,QHKJQSUMJUIIAA-UHFFFAOYSA-N,5015,0.36860122968818626,0.32608695652173914,2.278466252721028,inside,12.761725919813589,inside,True
ames_mutagenicity,XZGFMHRLEMUFDK-UHFFFAOYSA-N,5015,0.4923475228622287,0.38235294117647056,1.044457428520464,inside,11.263295113809514,inside,True
ames_mutagenicity,JKGKFHUFGDSEJR-UHFFFAOYSA-N,5015,0.3730909476229953,0.3488372093023256,1.8443341390128387,inside,12.765293578976804,inside,True
ames_mutagenicity,BBEAQIROQSPTKN-UHFFFAOYSA-N,5015,0.5786601307189543,0.5294117647058824,3.645951116001967,inside,9.27846087821875,inside,True
ames_mutagenicity,GZNFBGUUACVKLJ-UHFFFAOYSA-N,5015,0.1816285998013903,0.16666666666666666,2.905819932372682,inside,9.219131080373543,inside,True
ames_mutagenicity,MNIGYIKCFSPQRJ-UHFFFAOYSA-N,5015,0.5971111111111111,0.5,3.387327370780351,inside,17.219095216179575,inside,False
ames_mutagenicity,FGCNQVQZKOVOID-UHFFFAOYSA-N,5015,0.27563443723742725,0.2653061224489796,2.2642001892729766,inside,10.231302952854508,inside,True
ames_mutagenicity,WHTVZRBIWZFKQO-UHFFFAOYSA-N,5015,0.4660428449739957,0.35714285714285715,2.9121404258513404,inside,19.156257882779347,inside,True
ames_mutagenicity,RRKIIWROEQLDQF-UHFFFAOYSA-N,5015,0.43866178956873003,0.425531914893617,3.2401344471092246,inside,12.237024381614374,inside,True
ames_mutagenicity,OVGGLBAWFMIPPY-UHFFFAOYSA-N,5015,0.2647878787878788,0.25,2.667862242421713,inside,10.464146418781258,inside,True
ames_mutagenicity,VHKOGTWROZZNFC-UHFFFAOYSA-N,5015,0.4283742375383242,0.358974358974359,2.6342045454338003,inside,10.804672570649583,inside,True
ames_mutagenicity,MUWIANZPEBMVHH-UHFFFAOYSA-N,5015,0.504031507339778,0.4473684210526316,2.0499894982528613,inside,20.600730551608617,inside,True
ames_mutagenicity,SJPQUECDNWANFT-UHFFFAOYSA-N,5015,0.5200599700149925,0.43478260869565216,3.5183842479411025,inside,19.40516541733023,inside,False
ames_mutagenicity,PWKSKIMOESPYIA-UHFFFAOYSA-N,5015,0.48050685425685424,0.4444444444444444,3.4817133064919146,inside,13.589442158958674,inside,False
ames_mutagenicity,MAOGBTKVURDDPJ-UHFFFAOYSA-N,5015,0.3293162393162393,0.3076923076923077,3.9386077927262875,inside,12.033037457012078,inside,False
ames_mutagenicity,MPUBDBCHGYJVER-UHFFFAOYSA-N,5015,0.16308686153887392,0.12727272727272726,2.2678753583108002,inside,12.343365137274885,inside,True
ames_mutagenicity,HEWMVHBIIOFYSI-UHFFFAOYSA-N,5015,0.3236685806960638,0.3088235294117647,5.411865990025073,inside,13.681316658246296,inside,True
ames_mutagenicity,LDCYZAJDBXYCGN-UHFFFAOYSA-N,5015,0.398182470327377,0.35294117647058826,3.3709313882040535,inside,12.668493459733524,inside,True
ames_mutagenicity,FEWJPZIEWOKRBE-UHFFFAOYSA-N,5015,0.43618437118437114,0.375,4.999590046962628,inside,13.153646739559063,inside,False
ames_mutagenicity,KTADSLDAUJLZGL-UHFFFAOYSA-N,5015,0.41749607880042666,0.32142857142857145,2.906000153852393,inside,12.09899025038702,inside,True
ames_mutagenicity,CGSLYBDCEGBZCG-UHFFFAOYSA-N,5015,0.5341666666666667,0.4791666666666667,4.253363740752378,inside,22.064236555257633,inside,True
ames_mutagenicity,AGMMTXLNIQSRCG-UHFFFAOYSA-N,5015,0.35165979853479856,0.265625,2.791825202315496,inside,14.573284814719225,inside,True
ames_mutagenicity,BKSDFYLOSRTHTL-UHFFFAOYSA-N,5015,0.5252587026260561,0.48717948717948717,1.3857827127684355,inside,11.990882275996356,inside,True
ames_mutagenicity,OEXMNSOPAKOPEF-UHFFFAOYSA-N,5015,0.6157712657712657,0.5769230769230769,1.7399762821596634,inside,9.810088487990244,inside,True
ames_mutagenicity,ZTMKADLOSYKWCA-UHFFFAOYSA-N,5015,0.21785588087112534,0.20588235294117646,1.1571831214636286,inside,11.450744056122712,inside,True
ames_mutagenicity,YWMTVUUYOAIDBC-UHFFFAOYSA-N,5015,0.24421171587149043,0.21052631578947367,2.6869056666142406,inside,10.998647647078208,inside,True
ames_mutagenicity,UYCICMIUKYEYEU-UHFFFAOYSA-N,5015,0.3052157420578473,0.2894736842105263,3.1242126920168487,inside,15.624641426436067,inside,True
ames_mutagenicity,AOHJOMMDDJHIJH-UHFFFAOYSA-N,5015,0.541025641025641,0.4666666666666667,4.64064646301964,inside,12.106629144612478,inside,False
ames_mutagenicity,DVFGEIYOLIFSRX-UHFFFAOYSA-N,5015,0.5506968527121638,0.47058823529411764,3.2369790654864876,inside,20.79814427346519,inside,False
ames_mutagenicity,WVRNUXJQQFPNMN-UHFFFAOYSA-N,5015,0.321672203765227,0.3055555555555556,3.1246568108930264,inside,16.09588049837892,inside,True
ames_mutagenicity,JVTAAEKCZFNVCJ-UHFFFAOYSA-N,5015,0.45888888888888885,0.4,4.176328233066345,inside,13.632749234725315,inside,False
ames_mutagenicity,PAMNOUDFJQSYMD-UHFFFAOYSA-N,5015,0.4497786383913236,0.37681159420289856,3.2835750758447997,inside,21.969239247856034,inside,True
ames_mutagenicity,ROWKJAVDOGWPAT-UHFFFAOYSA-N,5015,0.4091452991452991,0.38461538461538464,4.051167360452396,inside,12.697925268656508,inside,False
ames_mutagenicity,CXUHLUIXDGOURI-UHFFFAOYSA-N,5015,0.25495726495726495,0.2,3.6819217747224626,inside,11.78254830967619,inside,False
ames_mutagenicity,WXUAQHNMJWJLTG-UHFFFAOYSA-N,5015,0.4679653679653679,0.45454545454545453,3.5059184659424356,inside,15.693220129821507,inside,False
ames_mutagenicity,FSLFRCJTFQJXBD-UHFFFAOYSA-N,5015,0.2779040929804758,0.26,2.622170161758054,inside,15.155815061265205,inside,True
ames_mutagenicity,MQBUJITXOYJSLR-UHFFFAOYSA-N,5015,0.44541167292110695,0.3584905660377358,6.234992484003082,inside,12.684508828811001,inside,True
ames_mutagenicity,ZFNBMPKLGYWYFF-UHFFFAOYSA-N,5015,0.35033914361500573,0.34285714285714286,2.6078660820430133,inside,8.431222674550122,inside,True
ames_mutagenicity,YRKCREAYFQTBPV-UHFFFAOYSA-N,5015,0.5226214574898785,0.47368421052631576,3.8589833319246853,inside,10.635272066997944,inside,False
ames_mutagenicity,INYYVPJSBIVGPH-UHFFFAOYSA-N,5015,0.33362926550086763,0.26153846153846155,2.602109248566504,inside,20.728776553053915,inside,True
ames_mutagenicity,HVJIPPWJTCWEJS-UHFFFAOYSA-N,5015,0.2138095238095238,0.1875,2.72775775668568,inside,10.491324230505864,inside,True
ames_mutagenicity,VQHSOMBJVWLPSR-UHFFFAOYSA-N,5015,0.33657027945357465,0.30303030303030304,10.238902068594987,borderline,16.018142555878267,inside,True
ames_mutagenicity,ODCNAEMHGMYADO-UHFFFAOYSA-N,5015,0.36242750554547287,0.3448275862068966,2.1753828314759485,inside,8.582324326827505,inside,True
ames_mutagenicity,CHTDTELOZXSELY-UHFFFAOYSA-N,5015,0.31375343108768394,0.2602739726027397,4.62244621633494,inside,18.924225225606207,inside,True
ames_mutagenicity,NCOGWHHPNZXHDB-UHFFFAOYSA-N,5015,0.49275798191130005,0.38095238095238093,3.9184483015822913,inside,9.937768446750587,inside,False
ames_mutagenicity,AXFVIWBTKYFOCY-UHFFFAOYSA-N,5015,0.37507246376811587,0.30434782608695654,3.429243110598255,inside,12.269364935312698,inside,False
ames_mutagenicity,QPBYVAYSBSFKFM-UHFFFAOYSA-N,5015,0.3512664563718587,0.26582278481012656,4.5198802893572125,inside,17.947259578744266,inside,True
ames_mutagenicity,YJZOIBYRKVITQF-UHFFFAOYSA-N,5015,0.32899434721153714,0.24,4.248580046387359,inside,16.943213573105123,inside,True
ames_mutagenicity,PVTUERPXLWOPRX-UHFFFAOYSA-N,5015,0.3126172189392528,0.23376623376623376,3.21342714200732,inside,18.272745793398737,inside,True
ames_mutagenicity,USMNOWBWPHYOEA-UHFFFAOYSA-N,5015,0.24961126923887839,0.21568627450980393,2.981218004465917,inside,13.330911106365614,inside,True
ames_mutagenicity,TUEWQXNXQFRUTK-UHFFFAOYSA-N,5015,0.3303577203577203,0.25,8.423139157738108,borderline,15.735295545269524,inside,True
ames_mutagenicity,MUHBBHLZPHKTTR-UHFFFAOYSA-N,5015,0.32572985982555325,0.2463768115942029,7.278945772946812,borderline,15.355748432047422,inside,True
ames_mutagenicity,UPMLOUAZCHDJJD-UHFFFAOYSA-N,5015,0.3964199873497786,0.2647058823529412,1.4811109913619083,inside,9.470562178998842,inside,True
ames_mutagenicity,RRUBTTPZXBJXOE-FOCLMDBBSA-N,5015,0.4402950905433527,0.41025641025641024,3.8831187468878325,inside,12.132509669917525,inside,True
ames_mutagenicity,VYBHBOMWVZUGOW-UHFFFAOYSA-N,5015,0.5725875779067269,0.46808510638297873,3.4056677443384844,inside,12.982516115884634,inside,True
ames_mutagenicity,QVYRGXJJSLMXQH-UHFFFAOYSA-N,5015,0.3196400326597095,0.29545454545454547,2.3446686993672223,inside,13.704083180682572,inside,True
ames_mutagenicity,LOEHVDVYTQIWEV-UHFFFAOYSA-N,5015,0.4246488014909068,0.3684210526315789,3.6097936020789785,inside,15.278391633756753,inside,False
ames_mutagenicity,DUHHIDHETBMUJJ-UHFFFAOYSA-N,5015,0.48698148392875495,0.4444444444444444,4.275132920815713,inside,11.47648617938528,inside,True
ames_mutagenicity,ICMWWNHDUZJFDW-SEYXRHQNSA-N,5015,0.38850606712639024,0.29577464788732394,3.135614426624127,inside,22.423102086074934,inside,True
ames_mutagenicity,BCJMNZRQJAVDLD-BASWHVEKSA-N,5015,0.5451958955223881,0.5,3.725263567353213,inside,15.409226768438373,inside,True
ames_mutagenicity,BUBMXSIMCZZISB-UHFFFAOYSA-N,5015,0.2765726227795193,0.25757575757575757,2.64392430473888,inside,11.917906172146512,inside,True
ames_mutagenicity,LUXHBZJUOYPKHY-UHFFFAOYSA-N,5015,0.4658858858858858,0.4444444444444444,1.9119767973027944,inside,12.216968922974752,inside,True
ames_mutagenicity,KUBYVPFVNKJERF-UHFFFAOYSA-N,5015,0.7473574969358744,0.6585365853658537,2.5958406544502832,inside,15.387074979724442,inside,True
ames_mutagenicity,JJPGQTJPLJFBTB-UHFFFAOYSA-N,5015,0.4824532019704434,0.37142857142857144,2.209498687630006,inside,10.864072666745669,inside,True
ames_mutagenicity,UJJYHXUOXFTWOO-UHFFFAOYSA-N,5015,0.6568900724469879,0.627906976744186,2.7732500749361857,inside,19.41655649289409,inside,True
ames_mutagenicity,FPLFMMYMWKRIFA-UHFFFAOYSA-N,5015,0.4661833855799373,0.28735632183908044,10.414676870214018,borderline,21.580889835037105,inside,True
ames_mutagenicity,NQDLNSRKFPKZCV-UHFFFAOYSA-N,5015,0.47791184850008384,0.38461538461538464,9.169911721767688,borderline,17.257133272039308,inside,True
ames_mutagenicity,ZVLOPMNVFLSSAA-UHFFFAOYSA-N,5015,0.32761222096856263,0.2833333333333333,1.7694552468826616,inside,12.427053584168092,inside,True
ames_mutagenicity,PIBRCTWMTUMMPZ-UHFFFAOYSA-N,5015,0.5774302837896965,0.54,3.460496093700959,inside,23.428849900655663,inside,True
SR-p53,OUZWUKMCLIBBOG-UHFFFAOYSA-N,4811,0.3509602954263745,0.3333333333333333,1.3035632609678791,inside,12.071965633363183,inside,True
SR-p53,HEBKCHPVOIAQTA-SCDXWVJYSA-N,4811,0.6202141382868936,0.47058823529411764,4.125958044062318,inside,12.220410693364386,inside,False
SR-p53,NCYVXEGFNDZQCU-UHFFFAOYSA-N,4811,0.4663479112429766,0.43902439024390244,1.580942841324767,inside,11.974793785454027,inside,True
SR-p53,YAMVZYRZAMBCED-UHFFFAOYSA-N,4811,0.33434102004833893,0.30952380952380953,1.1465428655632215,inside,11.68189159775482,inside,True
SR-p53,QPQKUYVSJWQSDY-CCEZHUSRSA-N,4811,0.40284769895753875,0.34782608695652173,1.3953815971377082,inside,12.482299803819059,inside,True
SR-p53,QIJIUJYANDSEKG-UHFFFAOYSA-N,4811,0.3491452991452991,0.2777777777777778,2.7763319626727148,inside,10.229476689255076,inside,False
SR-p53,ZUOUZKKEUPVFJK-UHFFFAOYSA-N,4811,0.4813186813186813,0.42857142857142855,2.613673229511325,inside,12.287580195317844,inside,True
SR-p53,WVRNUXJQQFPNMN-UHFFFAOYSA-N,4811,0.347641196013289,0.34285714285714286,2.101340308551149,inside,13.487676014453253,inside,True
SR-p53,OESPFRYVCUTRKF-UHFFFAOYSA-N,4811,0.3345211139549017,0.3181818181818182,4.511414803091131,inside,12.413604142409506,inside,True
SR-p53,IGXZMQCLUNTWCC-UHFFFAOYSA-N,4811,0.4011453142215564,0.34328358208955223,8.938774918195728,borderline,14.955713240541344,inside,True
SR-p53,SOROIESOUPGGFO-UHFFFAOYSA-N,4811,0.24193678424186899,0.1864406779661017,4.551436428159977,inside,12.168858415528069,inside,True
SR-p53,XMBWDFGMSWQBCA-UHFFFAOYSA-N,4811,0.042948051948051943,0.04,4.343774722424691,inside,11.134717653453972,inside,False
SR-p53,WCYYAQFQZQEUEN-UHFFFAOYSA-N,4811,0.3542481103945635,0.3181818181818182,2.020159155168254,inside,16.42755792600062,inside,True
SR-p53,WHBAYNMEIXUTJV-UHFFFAOYSA-N,4811,0.6014957264957265,0.5555555555555556,2.686327120706027,inside,13.236354359310644,inside,False
SR-p53,YUBJPYNSGLJZPQ-UHFFFAOYSA-N,4811,0.2546529445914626,0.1896551724137931,2.5604834959615084,inside,14.820817383832367,inside,True
SR-p53,GTZCVFVGUGFEME-HNQUOIGGSA-N,4811,0.28457142857142853,0.28,3.0569753891538296,inside,9.857569368803661,inside,False
SR-p53,AMEKQAFGQBKLKX-UHFFFAOYSA-N,4811,0.3608463629393862,0.3488372093023256,0.9560871754672177,inside,11.127681842690233,inside,True
SR-p53,HMEYVGGHISAPJR-VQCPGFMQSA-N,4811,0.516352495950197,0.3977272727272727,6.577395673862998,borderline,19.45090386130033,inside,True
SR-p53,HQYALQRYBUJWDH-UHFFFAOYSA-N,4811,0.4260332260332261,0.37037037037037035,2.533980153505601,inside,11.132688694708472,inside,False
SR-p53,VILCJCGEZXAXTO-UHFFFAOYSA-N,4811,0.7098461321287408,0.43478260869565216,3.7099577340735466,inside,10.18748118214202,inside,False
SR-p53,OGHNVEJMJSYVRP-UHFFFAOYSA-N,4811,0.3972623222773084,0.36764705882352944,4.385883700329984,inside,20.02065250233437,inside,True
SR-p53,HRQGCQVOJVTVLU-UHFFFAOYSA-N,4811,0.365018315018315,0.3333333333333333,3.262866010055118,inside,11.040677875445471,inside,False
SR-p53,URYAFVKLYSEINW-UHFFFAOYSA-N,4811,0.4615973398582094,0.4090909090909091,1.8039638468773316,inside,10.066424606373934,inside,True
SR-p53,ZLKMOIHCHCMSFW-UHFFFAOYSA-N,4811,0.38531490015360986,0.35714285714285715,1.9583497061278854,inside,12.716677866189285,inside,True
SR-p53,GYSSRZJIHXQEHQ-UHFFFAOYSA-N,4811,0.36976014800297574,0.35714285714285715,0.8838269018086975,inside,12.683542896223429,inside,True
SR-p53,JLQUFIHWVLZVTJ-UHFFFAOYSA-N,4811,0.27748355810855807,0.25396825396825395,2.772056906631213,inside,13.178902541231265,inside,True
SR-p53,CFRPSFYHXJZSBI-DHZHZOJOSA-N,4811,0.27883179883179887,0.24324324324324326,1.0407508956052673,inside,12.909759345711947,inside,True
SR-p53,OMWSZDODENFLSV-UHFFFAOYSA-N,4811,0.4292920907365879,0.40625,1.3736641550188882,inside,15.22356103892775,inside,True
SR-p53,LKDRXBCSQODPBY-VANKVMQKSA-N,4811,0.25126984126984125,0.2391304347826087,4.055399851923746,inside,10.605303198600772,inside,True
SR-p53,ZNRLMGFXSPUZNR-UHFFFAOYSA-N,4811,0.3058333333333333,0.28125,1.967512511348392,inside,12.321030541397876,inside,True
SR-p53,ZPAKPRAICRBAOD-UHFFFAOYSA-N,4811,0.44823529411764707,0.43333333333333335,1.2064500158248788,inside,11.625972548299984,inside,True
SR-p53,AVUYXHYHTTVPRX-UHFFFAOYSA-N,4811,0.19935915416981337,0.19230769230769232,1.9874120206311927,inside,10.604721992505842,inside,True
SR-p53,HILAYQUKKYWPJW-UHFFFAOYSA-N,4811,0.5045343915343915,0.42857142857142855,2.71472151655267,inside,12.27113347761872,inside,False
SR-p53,JXZZEXZZKAWDSP-UHFFFAOYSA-N,4811,0.39068745808182426,0.3380281690140845,2.9940739229238247,inside,14.860913369274256,inside,True
SR-p53,IRGDPGYNHSIIJJ-UHFFFAOYSA-N,4811,0.24021185400495745,0.21621621621621623,2.602443353949912,inside,9.584198749178384,inside,True
SR-p53,IQQRAVYLUAZUGX-UHFFFAOYSA-N,4811,0.30919117647058825,0.2647058823529412,2.311900384324956,inside,10.7653538767562,inside,True
SR-p53,MKJIEFSOBYUXJB-UHFFFAOYSA-N,4811,0.3242783133320218,0.2948717948717949,1.7265141273708406,inside,12.368266109802775,inside,True
SR-p53,ITMCEJHCFYSIIV-UHFFFAOYSA-N,4811,0.4075177763413058,0.35714285714285715,3.1999071239325243,inside,9.680818513234708,inside,False
SR-p53,ZGNITFSDLCMLGI-UHFFFAOYSA-N,4811,0.2628708553210356,0.2537313432835821,5.27185523699351,inside,15.992485083551307,inside,True
SR-p53,FEWIGMWODIRUJM-UHFFFAOYSA-N,4811,0.40909610983981687,0.3684210526315789,3.0588365317463575,inside,11.607953598371974,inside,False
SR-p53,JDXJKLGWPNXSHL-UHFFFAOYSA-N,4811,0.4145703933747412,0.3125,2.6044879403296286,inside,11.35298321979085,inside,True
SR-p53,WDFKMLRRRCGAKS-UHFFFAOYSA-N,4811,0.34881720430107527,0.3225806451612903,1.7702896951288059,inside,20.270532134984478,inside,True
SR-p53,HYCNSTQIGIMIIZ-UHFFFAOYSA-N,4811,0.19444444444444442,0.05,4.678133242372452,inside,11.236945327440228,inside,False
SR-p53,SRRJCDUOSQWHGS-UHFFFAOYSA-N,4811,0.34428748252294733,0.2647058823529412,8.155985818485346,borderline,22.22087564705723,inside,True
SR-p53,ZZVUWRFHKOJYTH-UHFFFAOYSA-N,4811,0.42922036367867344,0.37209302325581395,1.7181666125462811,inside,10.241059439475265,inside,True
SR-p53,RYQOGSFEJBUZBX-UHFFFAOYSA-N,4811,0.5255081523404506,0.4489795918367347,2.2537139178953063,inside,15.526149100390462,inside,True
SR-p53,ZLAQATDNGLKIEV-UHFFFAOYSA-N,4811,0.2517241379310345,0.2413793103448276,2.230867791355717,inside,10.521749729557856,inside,True
SR-p53,JFXBEKISTKFVAB-AJQTZOPKSA-N,4811,0.26777550627424473,0.25925925925925924,8.362853650759243,borderline,14.737500186816904,inside,True
SR-p53,NRFJZTXWLKPZAV-UHFFFAOYSA-N,4811,0.2693840456998352,0.25,2.1557598375191214,inside,10.581145961168884,inside,True
SR-p53,AOHJOMMDDJHIJH-UHFFFAOYSA-N,4811,0.4570627927284273,0.3684210526315789,3.529462844403006,inside,9.532296677564512,inside,False
SR-p53,WYYQVWLEPYFFLP-UHFFFAOYSA-K,4811,0.5460287081339714,0.4,4.177858638642783,inside,9.868540428645826,inside,False
SR-p53,BEWCNXNIQCLWHP-UHFFFAOYSA-N,4811,0.5454224858896717,0.5161290322580645,1.796985305612547,inside,13.487728408744665,inside,False
SR-p53,MCJGNVYPOGVAJF-UHFFFAOYSA-N,4811,0.3976040825740976,0.3103448275862069,2.0774652771580953,inside,17.200148843808844,inside,True
SR-p53,LXNHXLLTXMVWPM-UHFFFAOYSA-N,4811,0.26836857018308635,0.25,2.105845290820799,inside,9.298903922853617,inside,True
SR-p53,AGMMTXLNIQSRCG-UHFFFAOYSA-N,4811,0.46520467836257307,0.42105263157894735,1.9413544345055622,inside,11.067067168497845,inside,True
SR-p53,HWKQNAWCHQMZHK-UHFFFAOYSA-N,4811,0.28956887102667156,0.23809523809523808,4.774734769876934,inside,10.604098664024885,inside,False
SR-p53,JFJZZMVDLULRGK-URLMMPGGSA-O,4811,0.2635829362739709,0.22448979591836735,7.799481689250899,borderline,16.599328401812805,inside,True
SR-p53,OYYDSUSKLWTMMQ-JKHIJQBDSA-N,4811,0.4424558824161605,0.4,3.197542958143279,inside,13.788986206271085,inside,True
SR-p53,WEGYGNROSJDEIW-UHFFFAOYSA-N,4811,0.5022721956406168,0.4722222222222222,2.412150415727068,inside,10.980964911770133,inside,True
SR-p53,HDOUGSFASVGDCS-UHFFFAOYSA-N,4811,0.40585165911252863,0.3333333333333333,2.48699049772162,inside,10.306576265150962,inside,True
SR-p53,LFSXCDWNBUNEEM-UHFFFAOYSA-N,4811,0.34171717171717175,0.3181818181818182,2.418812160895889,inside,14.683125560993254,inside,True
SR-p53,NCKMMSIFQUPKCK-UHFFFAOYSA-N,4811,0.4053739002932552,0.3870967741935484,1.771345333336778,inside,11.218237696621578,inside,True
SR-p53,QMVPMAAFGQKVCJ-JTQLQIEISA-N,4811,0.5293333333333334,0.4666666666666667,2.345895755024274,inside,12.022790542475818,inside,False
SR-p53,AYEKOFBPNLCAJY-UHFFFAOYSA-O,4811,0.2647208216619982,0.22857142857142856,4.447011618984358,inside,16.93334486410314,inside,True
SR-p53,VOIFKEWOFUNPBN-QIUUJYRFSA-N,4811,0.2338311991463252,0.2222222222222222,4.435251879203074,inside,10.585283052071102,inside,True
SR-p53,LWUDDYHYYNNIQI-ZDUSSCGKSA-N,4811,0.24766040827751906,0.21739130434782608,3.0286796043320763,inside,13.881053717061251,inside,True
SR-p53,YMGQBWRXNCAABF-UHFFFAOYSA-N,4811,0.24222103494255393,0.2361111111111111,5.155527681663265,inside,14.451890490858274,inside,True
SR-p53,NGGMYCMLYOUNGM-CSDLUJIJSA-N,4811,0.2058796234528842,0.20212765957446807,3.8978229731452343,inside,15.67631393168684,inside,True
SR-p53,VVBLNCFGVYUYGU-UHFFFAOYSA-N,4811,0.5325707889089512,0.47058823529411764,1.484750540445318,inside,14.653410435441584,inside,True
SR-p53,IAHFWCOBPZCAEA-UHFFFAOYSA-N,4811,0.5139393939393939,0.4666666666666667,3.119483341143179,inside,10.267799668585756,inside,False
SR-p53,SOYCMDCMZDHQFP-UHFFFAOYSA-N,4811,0.3687759952465835,0.35294117647058826,1.297508682873712,inside,11.683103427201345,inside,True
SR-p53,SUNMBRGCANLOEG-UHFFFAOYSA-N,4811,0.4297425312905189,0.35294117647058826,3.071124038742898,inside,11.0369440035289,inside,False
SR-p53,COBPKKZHLDDMTB-UHFFFAOYSA-N,4811,0.8555555555555555,0.7619047619047619,2.41139090054293,inside,15.269188951607454,inside,False
SR-p53,RHDJRPPFURBGLQ-UHFFFAOYSA-N,4811,0.33002459473047707,0.3055555555555556,1.6074708866658383,inside,10.720767924942193,inside,True
SR-p53,OKDGRDCXVWSXDC-UHFFFAOYSA-N,4811,0.37701754385964914,0.3333333333333333,2.9047922202058514,inside,13.763723740740406,inside,True
SR-p53,ZWRUINPWMLAQRD-UHFFFAOYSA-N,4811,1.0,1.0,2.559504998411861,inside,12.109605151341201,inside,False
SR-p53,XEKOWRVHYACXOJ-UHFFFAOYSA-N,4811,0.5830163644405131,0.5714285714285714,3.177252887259236,inside,10.419933243447453,inside,False
SR-p53,QMTNOLKHSWIQBE-KSZLIROESA-N,4811,0.2582582170365287,0.22580645161290322,1.8914484664463493,inside,11.539084672593717,inside,True
SR-p53,PUFQVTATUTYEAL-UHFFFAOYSA-N,4811,0.40084682860998655,0.38596491228070173,2.330064556640259,inside,14.139044689443054,inside,True
SR-p53,LXIZRZRTWSDLKK-UHFFFAOYSA-N,4811,0.2514270808101511,0.22727272727272727,7.0559930932115185,borderline,11.264815032800131,inside,True
SR-p53,BZLVMXJERCGZMT-UHFFFAOYSA-N,4811,0.45159090909090904,0.3125,3.3586834079414136,inside,10.50679485413082,inside,False
SR-p53,LVTFSVIRYMXRSR-WUKNDPDISA-N,4811,0.41054141580003645,0.36666666666666664,1.67364638070071,inside,13.067717150072333,inside,True
SR-p53,BNRNXUUZRGQAQC-UHFFFAOYSA-N,4811,0.2914234511008705,0.21428571428571427,4.859333698620794,inside,18.233080877637097,inside,True
SR-p53,OFBIFZUFASYYRE-UHFFFAOYSA-N,4811,0.2838048225557491,0.26785714285714285,1.9376710130354224,inside,13.064313204677443,inside,True
SR-p53,OGBUMNBNEWYMNJ-UHFFFAOYSA-N,4811,0.5331932773109244,0.5294117647058824,4.466845489060885,inside,20.236086966994858,inside,False
SR-p53,WYKYKTKDBLFHCY-UHFFFAOYSA-N,4811,0.3344805290537267,0.29411764705882354,1.3332871027887392,inside,12.203096060766555,inside,True
SR-p53,RTYFAKSWXDNPPU-UHFFFAOYSA-N,4811,0.6206896551724138,0.6206896551724138,1.8932987826154353,inside,18.27802444402118,inside,False
SR-p53,UPOYFZYFGWBUKL-UHFFFAOYSA-N,4811,0.34479822384745984,0.3,1.848457822245885,inside,16.179157211600387,inside,True
SR-p53,GCIRJCKOUVCUBZ-OFALOCIGSA-N,4811,0.3919109195402299,0.3333333333333333,2.418377546495194,inside,12.42490299147915,inside,False
SR-p53,UMNVFYKZOXQOLL-UHFFFAOYSA-N,4811,0.7810344827586206,0.6551724137931034,2.036266471277474,inside,12.058714839407974,inside,True
SR-p53,DERZBLKQOCDDDZ-JLHYYAGUSA-N,4811,0.42649334065202743,0.40384615384615385,3.61786071680043,inside,12.352779731283523,inside,True
SR-p53,VEFLKXRACNJHOV-UHFFFAOYSA-N,4811,0.5512820512820513,0.46153846153846156,3.206966583694963,inside,10.670860533238978,inside,False
SR-p53,QAOWNCQODCNURD-UHFFFAOYSA-N,4811,0.5075757575757576,0.4166666666666667,3.5659800974425404,inside,10.472780949875263,inside,False
SR-p53,HEGSGKPQLMEBJL-RKQHYHRCSA-N,4811,0.4383693827715608,0.3898305084745763,2.8083487377043066,inside,16.072718474412177,inside,True
SR-p53,TWIIVLKQFJBFPW-UHFFFAOYSA-N,4811,0.517067782067782,0.475,1.2830696055154156,inside,12.99510438361092,inside,True
SR-p53,HFACYLZERDEVSX-UHFFFAOYSA-N,4811,0.5454545454545455,0.5,1.9133687738994003,inside,13.896767418857985,inside,True
SR-p53,MILSYCKGLDDVLM-UHFFFAOYSA-N,4811,0.539938080495356,0.47368421052631576,2.3863840948999737,inside,9.31330511730665,inside,True
SR-p53,QEVGZEDELICMKH-UHFFFAOYSA-N,4811,0.4426726342710997,0.375,2.802689966469431,inside,10.405905997362586,inside,False
SR-p53,KWIUHFFTVRNATP-UHFFFAOYSA-N,4811,0.4121345029239766,0.3157894736842105,3.214321226468126,inside,10.078944632602834,inside,False
SR-p53,JPZOAVGMSDSWSW-UHFFFAOYSA-N,4811,0.37920653907496005,0.3181818181818182,2.124277633188251,inside,15.873101181049295,inside,True
SR-p53,SWEICGMKXPNXNU-UHFFFAOYSA-N,4811,0.3458591851027891,0.2962962962962963,2.2238980005751627,inside,12.091391534393791,inside,True
SR-p53,PIEXCQIOSMOEOU-UHFFFAOYSA-N,4811,0.23787981084532808,0.20689655172413793,2.0167915085340784,inside,10.147760596091542,inside,True
SR-p53,TWBPWBPGNQWFSJ-UHFFFAOYSA-N,4811,0.3903678929765887,0.38461538461538464,1.9423961792310842,inside,12.393594632551784,inside,True
SR-p53,WXPWZZHELZEVPO-UHFFFAOYSA-N,4811,0.5220209339774557,0.4782608695652174,1.953298810535611,inside,11.450795396292301,inside,True
SR-p53,YCBRTSYWJMECAH-UHFFFAOYSA-N,4811,0.5333333333333333,0.5333333333333333,6.4031777292032634,borderline,14.931355722529624,inside,False
SR-p53,QIRAYNIFEOXSPW-YLJYHZDGSA-N,4811,0.3254985754985755,0.3055555555555556,1.9460480160437685,inside,12.21156168983962,inside,True
SR-p53,QIRAYNIFEOXSPW-PXNSSMCTSA-N,4811,0.33991298991298996,0.3055555555555556,1.9460480160437685,inside,11.72686401556522,inside,True
SR-p53,UIMOJFJSJSIGLV-JNHMLNOCSA-N,4811,0.3245329406546714,0.2647058823529412,7.234895950204695,borderline,18.35326780227659,inside,True
SR-p53,XIAHSJTUQAWUAW-UHFFFAOYSA-N,4811,0.5199999999999999,0.4,2.4232513042906514,inside,9.667363504829567,inside,True
SR-p53,MJVGBKJNTFCUJM-UHFFFAOYSA-N,4811,0.41858108108108105,0.40540540540540543,1.0286503286549267,inside,12.056449838836002,inside,True
SR-p53,RVYGVBZGSFLJKH-UHFFFAOYSA-N,4811,0.5959246088193456,0.575,1.3328376512242044,inside,16.220406560444136,inside,True
SR-p53,QAHFOPIILNICLA-UHFFFAOYSA-N,4811,0.4293906810035842,0.4074074074074074,1.6457178232138312,inside,10.781696412195474,inside,True
SR-p53,YBROOZNJUDHTGE-QINSGFPZSA-N,4811,0.40397074456775944,0.2222222222222222,4.0682701721559145,inside,19.08676715702672,inside,True
SR-p53,CTSLUCNDVMMDHG-UHFFFAOYSA-N,4811,0.2234469696969697,0.20454545454545456,1.12692853614307,inside,10.416472231188683,inside,True
SR-p53,JZRWCGZRTZMZEH-UHFFFAOYSA-N,4811,0.32050847677953576,0.2631578947368421,1.4998967832240804,inside,14.43900665371611,inside,True
SR-p53,QFMDFTQOJHFVNR-UHFFFAOYSA-N,4811,0.44199267399267395,0.4,2.7221732001233065,inside,10.209786426089474,inside,True
SR-p53,RIBGNAJQTOXRDK-UHFFFAOYSA-N,4811,0.49722222222222223,0.4444444444444444,2.636456374449418,inside,13.36539996626869,inside,True
SR-p53,DECIPOUIJURFOJ-UHFFFAOYSA-N,4811,0.3395136778115502,0.3333333333333333,1.302372360832523,inside,14.269798745009691,inside,True
SR-p53,MDNWOSOZYLHTCG-UHFFFAOYSA-N,4811,0.5006296296296295,0.48,1.4961500396250633,inside,12.462474166510681,inside,True
SR-p53,WQZGKKKJIJFFOK-SVZMEOIVSA-N,4811,0.4026834327197304,0.39285714285714285,4.062229106150617,inside,13.026564079299538,inside,True
SR-p53,DGMPVYSXXIOGJY-UHFFFAOYSA-N,4811,0.4164171122994652,0.4,1.2440799718610154,inside,10.508769128418708,inside,True
SR-p53,YEYKMVJDLWJFOA-UHFFFAOYSA-N,4811,0.7785087719298246,0.6666666666666666,2.8633606666341738,inside,14.276244041861995,inside,False
SR-p53,IDQBJILTOGBZCR-UHFFFAOYSA-N,4811,0.5097798259088582,0.42857142857142855,2.461285789118204,inside,11.795691581978334,inside,False
SR-p53,RJMUSRYZPJIFPJ-UHFFFAOYSA-N,4811,0.42520045172219084,0.4,1.8139716030340798,inside,19.39678076169095,inside,True
SR-p53,OGHBUHJLMHQMHS-KRDNBFTESA-N,4811,0.6025664983869319,0.47058823529411764,2.1603081553960317,inside,15.001927499061502,inside,False
SR-p53,YYPNJNDODFVZLE-UHFFFAOYSA-N,4811,0.3872549019607843,0.35294117647058826,2.9851851788583197,inside,9.834664030201315,inside,False
SR-p53,ZDASUJMDVPTNTF-UHFFFAOYSA-N,4811,0.3367693744164332,0.3055555555555556,1.7442233545883739,inside,18.644920864027686,inside,True
SR-p53,LNBQBURECUEBKZ-UHFFFAOYSA-N,4811,0.43,0.3888888888888889,2.672029086717606,inside,9.5303368468354,inside,False
SR-p53,OZWKMVRBQXNZKK-LLVKDONJSA-N,4811,0.3137157644401364,0.2894736842105263,1.2921946147251449,inside,12.08807234211415,inside,True
SR-p53,NJMWOUFKYKNWDW-UHFFFAOYSA-N,4811,0.2631541218637993,0.1935483870967742,2.7844827367718734,inside,10.424221467992629,inside,True
SR-p53,DUCVQKMNGSZPAV-ZHACJKMWSA-N,4811,0.7096296296296296,0.7037037037037037,2.6223509410346963,inside,16.440985613653968,inside,False
SR-p53,JZXRLKWWVNUZRB-UHFFFAOYSA-N,4811,0.30081868773552345,0.29310344827586204,1.5485786361658636,inside,12.826156437079593,inside,True
SR-p53,ILNRQFBVVQUOLP-UHFFFAOYSA-N,4811,0.276702639805975,0.24731182795698925,4.071659651012633,inside,17.933233279673804,inside,True
SR-p53,JVWOCHRRAWHKLT-UHFFFAOYSA-N,4811,0.5405076731873587,0.4897959183673469,1.2132220482630462,inside,16.60412873331725,inside,True
SR-p53,YLUSMKAJIQOXPV-UHFFFAOYSA-N,4811,0.32566736489317133,0.22727272727272727,1.66622998126447,inside,11.321443387571362,inside,True
SR-p53,NEMNPWINWMHUMR-UHFFFAOYSA-N,4811,0.3384734869217628,0.30357142857142855,4.4890102463377035,inside,22.1643702647646,inside,True
SR-p53,GAWOVNGQYQVFLI-UHFFFAOYSA-N,4811,0.42144898093016475,0.3695652173913043,1.8001439738488696,inside,13.902419288730435,inside,True
SR-p53,PXKLMJQFEQBVLD-UHFFFAOYSA-N,4811,0.5126321237877302,0.4583333333333333,1.4735713048507393,inside,12.657625921591306,inside,True
SR-p53,NUIURNJTPRWVAP-UHFFFAOYSA-N,4811,0.5323873936047849,0.47619047619047616,1.8021105068873926,inside,12.308454488441205,inside,True
SR-p53,ZZLCFHIKESPLTH-UHFFFAOYSA-N,4811,0.4878849902534113,0.4,2.5306199656332913,inside,10.290012523965293,inside,True
SR-p53,OEHKWMHRFWWMQK-UHFFFAOYSA-N,4811,0.36240440845704003,0.34210526315789475,3.2499579611982123,inside,10.703576506715338,inside,True
SR-p53,INYHZQLKOKTDAI-UHFFFAOYSA-N,4811,0.22320678271308525,0.21875,2.9025707327276735,inside,11.060792370067867,inside,True
SR-p53,WJJMNDUMQPNECX-UHFFFAOYSA-N,4811,0.4139262187088274,0.4,1.9320413638136356,inside,11.879287930760844,inside,True
SR-p53,XBPCUCUWBYBCDP-UHFFFAOYSA-N,4811,0.4124064171122995,0.35294117647058826,2.202229253591633,inside,12.237241709883126,inside,True
SR-p53,GXFRQLQUKBSYQL-UHFFFAOYSA-N,4811,0.3046209273182957,0.28125,1.51555097425729,inside,11.31197390737362,inside,True
SR-p53,XUYJLQHKOGNDPB-UHFFFAOYSA-N,4811,0.36352941176470593,0.35,3.200550260866526,inside,9.826939467374064,inside,False
SR-p53,DMVOXQPQNTYEKQ-UHFFFAOYSA-N,4811,0.4864035087719298,0.4,1.9491846666476569,inside,13.232128295428371,inside,True
SR-p53,NJWIMFZLESWFIM-UHFFFAOYSA-N,4811,0.3894606268294424,0.32142857142857145,2.649822516084766,inside,10.927533757876535,inside,True
SR-p53,CNQCWYFDIQSALX-UHFFFAOYSA-N,4811,0.3841696157735086,0.3333333333333333,2.649822516084766,inside,10.247539371739789,inside,True
SR-p53,XUFXOAAUWZOOIT-SXARVLRPSA-N,4811,0.2973270666432439,0.24050632911392406,13.299665107645472,outside,18.311267942433744,inside,True
SR-p53,MEZRZVWPLXVLSO-WMZOPIPTSA-N,4811,0.30378171329334713,0.2537313432835821,2.6429441515067364,inside,14.140682217688521,inside,True
SR-p53,OHJMTUPIZMNBFR-UHFFFAOYSA-N,4811,0.49386946386946384,0.4,3.7874662653557962,inside,9.768311640700892,inside,False
SR-p53,RUOJZAUFBMNUDX-UHFFFAOYSA-N,4811,0.3527040753127709,0.2962962962962963,2.9334322908491415,inside,10.177126865757122,inside,True
SR-p53,SECKRCOLJRRGGV-UHFFFAOYSA-N,4811,0.2684639801982132,0.21739130434782608,5.030141962725908,inside,17.462353787163757,inside,True
SR-p53,ZZXUZKXVROWEIF-UHFFFAOYSA-N,4811,0.3431472359058566,0.3055555555555556,2.6678119337601367,inside,10.948600759289453,inside,True
SR-p53,HRKAMJBPFPHCSD-UHFFFAOYSA-N,4811,0.44952380952380955,0.375,2.484933148901426,inside,12.901377849814565,inside,False
SR-p53,YIOCIFXUGBYCJR-UHFFFAOYSA-N,4811,0.437491935483871,0.3870967741935484,1.5754423266454438,inside,11.777096773209049,inside,True
SR-p53,ACPOUJIDANTYHO-UHFFFAOYSA-N,4811,0.35303615303615304,0.32432432432432434,2.4111411864032393,inside,13.72320169642094,inside,True
SR-p53,SJYFDORQYYEJLB-UHFFFAOYSA-N,4811,0.4476590546155764,0.3783783783783784,2.358821428560733,inside,21.42169349556662,inside,True
SR-p53,WRCHFMBCVFFYEQ-UHFFFAOYSA-N,4811,0.3316036036036036,0.32,1.4746636383939074,inside,9.98646519278919,inside,True
SR-p53,IWRVPXDHSLTIOC-NXVVXOECSA-N,4811,0.34799094510469725,0.3333333333333333,1.7030971028395416,inside,11.294304006109522,inside,True
SR-p53,XOZUGNYVDXMRKW-UHFFFAOYSA-N,4811,0.32976190476190476,0.3125,3.447662244092629,inside,10.201528086840543,inside,False
SR-p53,QTBSBXVTEAMEQO-UHFFFAOYSA-N,4811,0.5033333333333333,0.4166666666666667,3.5395485429019637,inside,9.834875205808416,inside,False
SR-p53,NBZBKCUXIYYUSX-UHFFFAOYSA-N,4811,0.4397058823529411,0.4117647058823529,3.0413928775837173,inside,9.969477482088854,inside,False
SR-p53,VHHHONWQHHHLTI-UHFFFAOYSA-N,4811,0.4,0.375,3.2307273420635245,inside,10.098968368587581,inside,False
SR-p53,HJHUXWBTVVFLQI-UHFFFAOYSA-N,4811,0.4496428571428572,0.4,2.9503523939058356,inside,11.30024167836859,inside,False
SR-p53,UYXAWHWODHRRMR-UHFFFAOYSA-N,4811,0.22202722541137604,0.21052631578947367,1.2673082665429887,inside,12.50124997458533,inside,True
SR-p53,MFZWMTSUNYWVBU-UHFFFAOYSA-N,4811,0.2739279878618114,0.265625,2.8151793950662287,inside,16.31034348177827,inside,True
SR-p53,BYJAVTDNIXVSPW-UHFFFAOYSA-N,4811,0.40498217306727946,0.37037037037037035,1.5585203275216775,inside,12.74794211817846,inside,True
SR-p53,ZGSDGGRVFIYKKE-OXQOHEQNSA-N,4811,0.2817798243296569,0.23076923076923078,2.9186438535993258,inside,17.09399193216026,inside,True
SR-p53,NBQCNZYJJMBDKY-UHFFFAOYSA-N,4811,0.2059752976521642,0.18181818181818182,1.5585529839970245,inside,12.047136289850943,inside,True
SR-p53,WHUUTDBJXJRKMK-VKHMYHEASA-N,4811,0.522092547092547,0.43243243243243246,3.0302552331863097,inside,12.680207931729512,inside,False
SR-p53,HDUNVICUTAZXTE-UHFFFAOYSA-N,4811,0.27615305231404297,0.2564102564102564,3.098995251025407,inside,13.487168267182861,inside,False
SR-p53,OKJFKPFBSPZTAH-UHFFFAOYSA-N,4811,0.4479604027991124,0.3870967741935484,1.5804488124600453,inside,14.337729049074087,inside,True
SR-p53,DDTBPAQBQHZRDW-UHFFFAOYSA-N,4811,0.6,0.3333333333333333,2.989877826700653,inside,10.718236534503825,inside,True
SR-p53,VQDBNKDJNJQRDG-UHFFFAOYSA-N,4811,0.40379843875800747,0.32075471698113206,2.0472113527426514,inside,11.504337862178327,inside,True
SR-p53,VTWQUFUBSCXPOW-UHFFFAOYSA-N,4811,0.3000565981698057,0.28205128205128205,2.5067171707697966,inside,11.134123035707795,inside,True
SR-p53,FLOWINGPRFZLET-UHFFFAOYSA-N,4811,0.2733333333333333,0.16666666666666666,4.161725130235067,inside,11.912505496261144,inside,False
SR-p53,GVYLCNUFSHDAAW-UHFFFAOYSA-N,4811,0.1501686244789693,0.11428571428571428,4.48115844780363,inside,10.791181058708526,inside,True
SR-p53,HWGBHCRJGXAGEU-UHFFFAOYSA-N,4811,0.2640579013804166,0.2413793103448276,2.2649453070721735,inside,11.73002016747213,inside,True
SR-p53,OGBPILLJZSJJRC-UHFFFAOYSA-N,4811,0.396850613154961,0.375,1.4967467157454966,inside,10.405858119021456,inside,True
SR-p53,OHXPGWPVLFPUSM-KLRNGDHRSA-N,4811,0.3110597439216262,0.26506024096385544,2.9435782507855075,inside,14.757572745410464,inside,True
SR-p53,YFNKIDBQEZZDLK-UHFFFAOYSA-N,4811,0.6954545454545455,0.6875,2.533586314171307,inside,10.74184311187825,inside,False
SR-p53,POZRVZJJTULAOH-LHZXLZLDSA-N,4811,0.46572815103839915,0.41935483870967744,2.8722383417297257,inside,17.808489183392684,inside,True
SR-p53,STQGQHZAVUOBTE-VGBVRHCVSA-N,4811,0.2271530955771855,0.2112676056338028,6.658258497325285,borderline,16.635989240803692,inside,True
SR-p53,NBNTWDUNCHRWMT-UHFFFAOYSA-N,4811,0.3995545717723137,0.34375,2.4273026545403145,inside,10.886829477469732,inside,True
SR-p53,WFSGQBNCVASPMW-UHFFFAOYSA-N,4811,0.5023567588325653,0.42857142857142855,2.6106107807521926,inside,12.194354230418142,inside,False
SR-p53,ICPHJSKVAZMKIV-QGZVFWFLSA-N,4811,0.321348643956857,0.3088235294117647,1.8747615066155208,inside,10.310622343298347,inside,True
SR-p53,MPDGHEJMBKOTSU-YKLVYJNSSA-N,4811,0.3688289583465223,0.23376623376623376,4.472828621840999,inside,15.30610407457507,inside,True
SR-p53,LGDFHDKSYGVKDC-UHFFFAOYSA-N,4811,0.3750456338691633,0.32432432432432434,1.6553545828220229,inside,12.461078150095627,inside,True
SR-p53,ZFVMWEVVKGLCIJ-UHFFFAOYSA-N,4811,0.4119162640901771,0.34782608695652173,1.8266921851271434,inside,13.037684090425149,inside,True
SR-p53,XPAQFJJCWGSXGJ-UHFFFAOYSA-N,4811,0.5082308114566179,0.43243243243243246,2.093728207625977,inside,14.658050971426784,inside,True
SR-p53,FHIVAFMUCKRCQO-UHFFFAOYSA-N,4811,0.3587829116172581,0.32653061224489793,1.6409667300287603,inside,12.43015055284652,inside,True
SR-p53,PQKBPHSEKWERTG-LLVKDONJSA-N,4811,0.35309333031679896,0.3,2.9894769267471304,inside,12.65474687045785,inside,True
SR-p53,UUWJNBOCAPUTBK-UHFFFAOYSA-N,4811,0.31232517018892125,0.2926829268292683,2.5277510322948897,inside,11.21039673873976,inside,True
SR-p53,XNMYNYSCEJBRPZ-UHFFFAOYSA-N,4811,0.31736349734119584,0.29545454545454547,1.6631968541361666,inside,13.18730984005108,inside,True
SR-p53,DCSCXTJOXBUFGB-JGVFFNPUSA-N,4811,0.32937611408199646,0.2857142857142857,2.5152654178612743,inside,10.818309981710826,inside,True
SR-p53,MEFQWPUMEMWTJP-UHFFFAOYSA-N,4811,0.32621260614087016,0.3076923076923077,1.324757143881703,inside,12.807602832051911,inside,True
SR-p53,ZEMGGZBWXRYJHK-UHFFFAOYSA-N,4811,0.25674077733860345,0.21875,2.5306243619934876,inside,10.49200706178895,inside,True
SR-p53,JAWNWEKHDFBPSG-UHFFFAOYSA-N,4811,0.4122267517428807,0.32142857142857145,2.0023882020425896,inside,18.05219900773815,inside,True
SR-p53,UQDUPQYQJKYHQI-UHFFFAOYSA-N,4811,0.9199999999999999,0.8,2.477078983397795,inside,14.151637741378206,inside,False
SR-p53,ZMZDMBWJUHKJPS-UHFFFAOYSA-N,4811,0.29242424242424236,0.25,3.626142452121887,inside,11.288503513890637,inside,False
SR-p53,YQFWGCSKGJMGHE-UHFFFAOYSA-N,4811,0.49658534985900715,0.21739130434782608,2.836168207961412,inside,13.11129893199695,inside,True
SR-p53,CYGPPWVXOWCHJB-UHFFFAOYSA-N,4811,0.47380069645724293,0.4,2.240552504028711,inside,13.258204707156086,inside,False
SR-p53,AHXGXXJEEHFHDK-UHFFFAOYSA-N,4811,0.3300957213700842,0.3,3.724127575761446,inside,17.585547395410458,inside,True
SR-p53,OMOMUFTZPTXCHP-UHFFFAOYSA-N,4811,0.41625833908442605,0.34782608695652173,2.4278735043791615,inside,10.318711351581378,inside,False
SR-p53,XSQUKJJJFZCRTK-UHFFFAOYSA-N,4811,0.44848484848484843,0.4166666666666667,3.8415226057609244,inside,10.123965824379498,inside,False
SR-p53,ISAKRJDGNUQOIC-UHFFFAOYSA-N,4811,0.23762327994586058,0.22580645161290322,2.691936700582187,inside,15.507709567762435,inside,True
SR-p53,FENFUOGYJVOCRY-UHFFFAOYSA-N,4811,0.5784119389382548,0.47368421052631576,2.655134597233348,inside,15.309561557102459,inside,False
SR-p53,XMVBHZBLHNOQON-UHFFFAOYSA-N,4811,0.6250797448165868,0.45454545454545453,2.5417012567779302,inside,17.15896034098586,inside,False
SR-p53,QDUIJCOKQCCXQY-HEOFFLBTSA-N,4811,0.40982730348506546,0.3490566037735849,7.0049554931931475,borderline,28.27849248912363,borderline,True
SR-p53,DASYMCLQENWCJG-VCUHZILTSA-N,4811,0.429448469879425,0.35714285714285715,5.534658936982502,inside,22.107691777920024,inside,True
SR-p53,BCTQJXQXJVLSIG-UHFFFAOYSA-N,4811,0.4135105748613913,0.38461538461538464,1.424223308766645,inside,14.483190349200106,inside,True
SR-p53,HTKFORQRBXIQHD-UHFFFAOYSA-N,4811,0.3466666666666667,0.2857142857142857,2.918927944769207,inside,10.156579197327778,inside,False
SR-p53,UBWXUGDQUBIEIZ-QNTYDACNSA-N,4811,0.5495570262885836,0.4666666666666667,3.6919974892529823,inside,20.03120718981993,inside,True
SR-p53,BXGYBSJAZFGIPX-UHFFFAOYSA-N,4811,0.4172590627763042,0.3448275862068966,2.255369626210479,inside,9.779578578717045,inside,True
SR-p53,FFNVQNRYTPFDDP-UHFFFAOYSA-N,4811,0.3687888198757764,0.32142857142857145,2.69122884463259,inside,17.808301568086744,inside,True
SR-p53,CJFLBOQMPJCWLR-UHFFFAOYSA-N,4811,0.7140229885057471,0.6206896551724138,4.149284429698282,inside,17.084502792127974,inside,False
SR-p53,DXYYSGDWQCSKKO-UHFFFAOYSA-N,4811,0.3564761904761905,0.28,2.408264062207998,inside,13.765079204393823,inside,True
SR-p53,HSWPZIDYAHLZDD-UHFFFAOYSA-N,4811,0.2653141344870668,0.23809523809523808,1.6722475523402367,inside,11.041277091727382,inside,True
SR-p53,WVDDUSFOSWWJJH-UHFFFAOYSA-N,4811,0.27005578093306287,0.20588235294117646,2.5288900400083345,inside,10.298819590183657,inside,True
SR-p53,VHYFNPMBLIVWCW-UHFFFAOYSA-N,4811,0.4880047712865051,0.42105263157894735,2.4347274158838945,inside,12.254409473771329,inside,True
SR-p53,OKISUZLXOYGIFP-UHFFFAOYSA-N,4811,0.5183333333333333,0.45,2.01883511553352,inside,13.120992627456927,inside,True
SR-p53,IPOKCKJONYRRHP-FMQUCBEESA-N,4811,0.38774093179399,0.32608695652173914,3.5204124117098767,inside,12.015893654436296,inside,True
SR-p53,DETXZQGDWUJKMO-UHFFFAOYSA-N,4811,0.4424836601307189,0.3888888888888889,3.374590680848421,inside,9.708060752892143,inside,False
SR-p53,LGBYJXBCVZKJBL-UHFFFAOYSA-N,4811,0.3695263479371425,0.3333333333333333,1.474299096125461,inside,11.45592562334071,inside,True
SR-p53,DZDVMKLYUKZMKK-UHFFFAOYSA-N,4811,0.4669090909090909,0.45,2.4624518214467557,inside,12.75061338247259,inside,False
SR-p53,RUETVLNXAGWCDS-UHFFFAOYSA-N,4811,0.5271904761904762,0.4642857142857143,1.3730594146695605,inside,14.915868007711335,inside,True
SR-p53,ZRDYULMDEGRWRC-UHFFFAOYSA-N,4811,0.3934729064039409,0.375,2.23717433568366,inside,15.116510650626664,inside,True
SR-p53,KVSKGMLNBAPGKH-UHFFFAOYSA-N,4811,0.3509413463912615,0.3142857142857143,2.234466859029611,inside,19.432451849139476,inside,True
SR-p53,XREUEWVEMYWFFA-CSKJXFQVSA-N,4811,0.2632889602769466,0.23958333333333334,6.8944302106083395,borderline,18.000731259240744,inside,True
SR-p53,DFDGRKNOFOJBAJ-UHFFFAOYSA-N,4811,0.3005961564101099,0.2972972972972973,0.914405802980152,inside,11.830887721756088,inside,True
SR-p53,IVVNZDGDKPTYHK-UHFFFAOYSA-N,4811,0.22665247752095094,0.22,0.8840121720130679,inside,11.83025599378703,inside,True
SR-p53,KXPXKNBDCUOENF-UHFFFAOYSA-N,4811,0.5909749120275436,0.5238095238095238,2.4054378532452825,inside,12.703858454989469,inside,False
SR-p53,CXVGEDCSTKKODG-UHFFFAOYSA-N,4811,0.35081613508442777,0.34146341463414637,1.7540104832449028,inside,10.695014794141397,inside,True
SR-p53,CLKOFPXJLQSYAH-YBVXDRQKSA-N,4811,0.29823723860812035,0.28654970760233917,24.742235010427045,outside,56.65405994580377,outside,True
SR-p53,LUMLZKVIXLWTCI-IHWYPQMZSA-N,4811,0.27067538126361657,0.25,2.693218340444136,inside,11.495021541914962,inside,False
SR-p53,JXTHNDFMNIQAHM-UHFFFAOYSA-N,4811,0.5251526251526251,0.4444444444444444,2.953570756894459,inside,9.96971929601398,inside,False
SR-p53,PFRGXCVKLLPLIP-UHFFFAOYSA-N,4811,0.3936507936507937,0.3333333333333333,2.7692234782084064,inside,9.708946506168282,inside,False
SR-p53,XOKMRXSMOHCNIX-UHFFFAOYSA-N,4811,0.287086255259467,0.28125,2.1687426346807928,inside,11.739415787196435,inside,True
SR-p53,MKLKDUHMZCIBSJ-UHFFFAOYSA-N,4811,0.3895733895733896,0.37037037037037035,2.559677031158563,inside,10.179575471933012,inside,False
SR-p53,VADSDVGLFDVIMG-UHFFFAOYSA-N,4811,0.5121212121212121,0.5,2.2930280356946855,inside,15.11323612948624,inside,True
SR-p53,YOJKKXRJMXIKSR-UHFFFAOYSA-N,4811,0.5217391304347826,0.5,1.5854186716052912,inside,15.197700892696314,inside,True
SR-p53,BOOQTIHIKDDPRW-UHFFFAOYSA-N,4811,0.37689666203817146,0.31746031746031744,1.7430539129309048,inside,11.799950395583458,inside,True
SR-p53,DMULVCHRPCFFGV-UHFFFAOYSA-N,4811,0.40116825635989406,0.32432432432432434,1.5872376630344076,inside,12.210278370201284,inside,True
SR-p53,LSSUMOWDTKZHHT-UHFFFAOYSA-N,4811,0.3897283220842371,0.358974358974359,1.5073498052437897,inside,12.089822292750725,inside,True
SR-p53,NNOPDLNHPOLRRE-UHFFFAOYSA-N,4811,0.3308858739275536,0.30357142857142855,2.9799288689681163,inside,16.75010528556254,inside,True
SR-p53,DNBPMBJFRRVTSJ-UHFFFAOYSA-N,4811,0.3155479241182265,0.2727272727272727,1.4880566613467041,inside,15.00277066682487,inside,True
SR-p53,QVDSEJDULKLHCG-UHFFFAOYSA-N,4811,0.2973180576578457,0.2708333333333333,1.6319894221163531,inside,16.094646282383284,inside,True
SR-p53,IQXXEPZFOOTTBA-UHFFFAOYSA-N,4811,0.3769608364345206,0.36666666666666664,1.71688951974092,inside,10.08220523969765,inside,True
SR-p53,YEJCDKJIEMIWRQ-UHFFFAOYSA-N,4811,0.2842730025784173,0.2619047619047619,4.254464157028359,inside,12.864142996594305,inside,True
SR-p53,YXVFYQXJAXKLAK-UHFFFAOYSA-N,4811,0.461555023923445,0.4,1.992957083788776,inside,14.93451439762672,inside,True
SR-p53,LLEMOWNGBBNAJR-UHFFFAOYSA-N,4811,0.43028985507246376,0.4,1.9863181996399872,inside,13.067801014191124,inside,True
SR-p53,DNDPLEAVNVOOQZ-UHFFFAOYSA-N,4811,0.34616119174942706,0.29411764705882354,2.4167920554987887,inside,14.291317596086282,inside,True
SR-p53,LWRBVKNFOYUCNP-UHFFFAOYSA-N,4811,0.2987970743853097,0.29411764705882354,1.1616334196286933,inside,12.766700474049587,inside,True
SR-p53,MVWHGTYKUMDIHL-UHFFFAOYSA-N,4811,0.46118421052631575,0.3684210526315789,3.2648449038960425,inside,13.484477064310477,inside,True
SR-p53,UWFYSQMTEOIJJG-FDTZYFLXSA-N,4811,0.4855837973405136,0.3684210526315789,3.507579189701797,inside,15.47569388883756,inside,True
SR-p53,BSHWLCACYCVCJE-UHFFFAOYSA-N,4811,0.412765543426673,0.3673469387755102,2.992075654805,inside,14.685697935750312,inside,True
SR-p53,UDCIYVVYDCXLSX-UHFFFAOYSA-N,4811,0.46037265626306717,0.21428571428571427,2.5430090512248746,inside,17.111243871152936,inside,True
SR-p53,WGMYEOIMVYADRJ-UHFFFAOYSA-N,4811,0.31119984746939494,0.2903225806451613,1.730940025058206,inside,15.607973677672588,inside,True
SR-p53,QIVBCDIJIAJPQS-SECBINFHSA-N,4811,0.36785182392104154,0.3333333333333333,1.8948222211441272,inside,12.58532710789652,inside,True
SR-p53,TZBPRYIIJAJUOY-UHFFFAOYSA-N,4811,0.3555945963290976,0.32653061224489793,2.2083397438142502,inside,13.220136673779487,inside,True
SR-p53,HTQNYBBTZSBWKL-UHFFFAOYSA-N,4811,0.40038231780167266,0.3870967741935484,1.5774526485951295,inside,13.718758148541244,inside,True
SR-p53,WRFZKAGPPQGDDQ-UHFFFAOYSA-N,4811,0.9545454545454547,0.9545454545454546,2.312901100211553,inside,15.29320080521316,inside,False
SR-p53,XJHRZBIBSSVCEL-ARJAWSKDSA-N,4811,0.5575717615717616,0.46153846153846156,2.4569127607648835,inside,12.730164830129794,inside,False
SR-p53,XCWPUUGSGHNIDZ-UHFFFAOYSA-N,4811,0.3081280712598028,0.2857142857142857,3.2801668648557096,inside,14.205442662116983,inside,True
SR-p53,FDAYLTPAFBGXAB-UHFFFAOYSA-N,4811,0.3352272727272727,0.3125,2.609955658343633,inside,12.444820518615163,inside,False
SR-p53,NIHOUJYFWMURBG-UHFFFAOYSA-N,4811,0.38705982905982905,0.24,3.030552874856812,inside,12.576602457680302,inside,True
SR-p53,PXELHGDYRQLRQO-UHFFFAOYSA-N,4811,0.5127591706539075,0.3157894736842105,2.6777400862688268,inside,13.110423162580908,inside,True
SR-p53,ZBJWWKFMHOAPNS-UHFFFAOYSA-N,4811,0.36605415149174114,0.3170731707317073,1.6456686252702637,inside,14.136278173341552,inside,True
SR-p53,NYPJDWWKZLNGGM-UHFFFAOYSA-N,4811,0.47753973624136165,0.3918918918918919,3.924766281186232,inside,18.02318910329244,inside,True
SR-p53,IVDRCZNHVGQBHZ-UHFFFAOYSA-N,4811,0.5146046874832857,0.4,1.9549586967164476,inside,15.227044981854277,inside,True
SR-p53,ZFHGXWPMULPQSE-WTKPLQERSA-N,4811,0.3672653217429337,0.2857142857142857,2.631726731704409,inside,13.928785377112554,inside,True
SR-p53,KGBXLFKZBHKPEV-UHFFFAOYSA-N,4811,0.15553221288515406,0.125,3.960209217088484,inside,11.679263166461034,inside,False
SR-p53,FEWJPZIEWOKRBE-JCYAYHJZSA-N,4811,0.43102453102453103,0.3888888888888889,3.742468464935728,inside,10.142693154981748,inside,False
SR-p53,LPMXVESGRSUGHW-HBYQJFLCSA-N,4811,0.3171523498889117,0.2184873949579832,8.197946493831674,borderline,22.07896806427454,inside,True
SR-p53,AOJJSUZBOXZQNB-TZSSRYMLSA-N,4811,0.2338522498174215,0.21621621621621623,7.392838650324511,borderline,18.034504484249833,inside,True
SR-p53,CUYKNJBYIJFRCU-UHFFFAOYSA-N,4811,0.3507769423558897,0.3142857142857143,2.7392324015019995,inside,11.199110287763391,inside,True
SR-p53,NKCQEIXYLHACJC-UHFFFAOYSA-N,4811,0.36696010056475936,0.34285714285714286,2.1571544057677396,inside,12.738477075303432,inside,True
SR-p53,RYUJRXVZSJCHDZ-UHFFFAOYSA-N,4811,0.4779493192625887,0.46511627906976744,3.787980770382284,inside,15.858449569547185,inside,True
SR-p53,FPGCYQVKNKEGRQ-SXLQGMKLSA-N,4811,0.6743514518365683,0.5903614457831325,3.7099661970196776,inside,21.063312056586284,inside,True
SR-p53,ZXUMUPVQYAFTLF-UHFFFAOYSA-N,4811,0.34857333182564754,0.3157894736842105,1.6357667320810687,inside,11.142700738124413,inside,True
SR-p53,CFXQEHVMCRXUSD-UHFFFAOYSA-N,4811,0.5013986013986014,0.35714285714285715,3.209716137076735,inside,10.918588630253762,inside,False
SR-p53,PCEAPJVBSINMNW-UHFFFAOYSA-N,4811,0.2445821335527218,0.21875,4.289348236525882,inside,11.739608974541202,inside,True
SR-p53,VHLKTXFWDRXILV-UHFFFAOYSA-N,4811,0.36182336182336183,0.3333333333333333,1.5266991081813688,inside,15.22359180423506,inside,True
SR-p53,MJWPFSQVORELDX-UHFFFAOYSA-K,4811,0.27897435897435896,0.23076923076923078,4.8230240243256794,inside,10.525156725616055,inside,False
SR-p53,GSCCALZHGUWNJW-UHFFFAOYSA-N,4811,0.425062656641604,0.3157894736842105,2.3236423853218664,inside,11.088251156523185,inside,True
SR-p53,ORLGLBZRQYOWNA-UHFFFAOYSA-N,4811,0.3821978021978022,0.35714285714285715,2.512928662458015,inside,10.565194069973273,inside,True
SR-p53,JGOAIQNSOGZNBX-UHFFFAOYSA-N,4811,0.601087943428369,0.5111111111111111,2.002798816376842,inside,15.412363422869252,inside,True
SR-p53,LNLFLMCWDHZINJ-UHFFFAOYSA-N,4811,0.42747035573122527,0.375,2.08719404566907,inside,11.080766287896418,inside,False
SR-p53,VPHPQNGOVQYUMG-UHFFFAOYSA-N,4811,0.3490829060424864,0.2619047619047619,2.142985286619492,inside,15.191295925799718,inside,True
SR-p53,WYVVKGNFXHOCQV-UHFFFAOYSA-N,4811,0.40544117647058825,0.35294117647058826,1.68977744956056,inside,13.096386261752334,inside,False
SR-p53,GKGOLPMYJJXRGD-UHFFFAOYSA-N,4811,0.2805400000756038,0.2564102564102564,2.419276487159322,inside,12.142518815333,inside,True
SR-p53,PBUNVLRHZGSROC-VTIMJTGVSA-N,4811,0.57852052310042,0.33,6.518665165364802,borderline,32.27328931605908,borderline,True
SR-p53,SCGZIPCHOAVGCL-UHFFFAOYSA-N,4811,0.3208472686733556,0.3076923076923077,4.712664557475629,inside,12.240757155205939,inside,True
SR-p53,QARBMVPHQWIHKH-UHFFFAOYSA-N,4811,0.3747008547008547,0.3,3.4396613466469774,inside,9.810068121033526,inside,False
SR-p53,FOUWCSDKDDHKQP-UHFFFAOYSA-N,4811,0.22308001087429014,0.18518518518518517,2.542917211645349,inside,12.737581887030393,inside,True
SR-p53,DMUAPQTXSSNEDD-LDWAKBATSA-N,4811,0.2263329303105198,0.2222222222222222,9.992796745947093,borderline,32.35376413110195,borderline,True
SR-p53,XFRVVPUIAFSTFO-UHFFFAOYSA-N,4811,1.0,1.0,2.761419815244675,inside,12.109605151341201,inside,False
SR-p53,MZHULIWXRDLGRR-UHFFFAOYSA-N,4811,0.7142857142857143,0.7142857142857143,8.245308453491372,borderline,17.04832447019548,inside,False
SR-p53,LOYDTBZMMPQJNI-UHFFFAOYSA-N,4811,0.23054355486104727,0.21212121212121213,2.0367767714606386,inside,11.539883658894203,inside,True
SR-p53,ROWKJAVDOGWPAT-UHFFFAOYSA-N,4811,0.47752136752136753,0.4166666666666667,3.1524385387498683,inside,9.784403672085206,inside,False
SR-p53,YTBNTDMBGXAOCG-UHFFFAOYSA-N,4811,0.37875514729173265,0.35714285714285715,1.036463038655572,inside,14.095485911756452,inside,True
SR-p53,CCCMONHAUSKTEQ-UHFFFAOYSA-N,4811,1.0,1.0,4.09128166397971,inside,13.431102869879536,inside,False
SR-p53,LVASCWIMLIKXLA-LSDHHAIUSA-N,4811,0.19698894003903514,0.1927710843373494,2.510487045805932,inside,13.602267159874556,inside,True
SR-p53,XVQUOJBERHHONY-UHFFFAOYSA-N,4811,0.503448275862069,0.5,2.4708133179695055,inside,12.272788802376565,inside,False
SR-p53,CEQFOVLGLXCDCX-WUKNDPDISA-N,4811,0.3927752427752428,0.3783783783783784,1.3132692888210076,inside,11.84949125970934,inside,True
SR-p53,MSHZHSPISPJWHW-UVZSRJMISA-N,4811,0.20678688029919173,0.19402985074626866,2.630037275673104,inside,14.6305726658193,inside,True
SR-p53,BLGXFZZNTVWLAY-SCYLSFHTSA-N,4811,0.34362623552710414,0.30864197530864196,2.9193931596155185,inside,12.72530601984263,inside,True
SR-p53,WCXDHFDTOYPNIE-UHFFFAOYSA-N,4811,0.2694258373205741,0.21818181818181817,1.150327016826851,inside,10.459577169783518,inside,True
SR-p53,OLZQTUCTGLHFTQ-UHFFFAOYSA-N,4811,0.3008039780648759,0.2857142857142857,2.0716642624178254,inside,16.23099249531931,inside,True
SR-p53,JQSHBVHOMNKWFT-UHFFFAOYSA-N,4811,0.21435375199624535,0.20408163265306123,1.9214379850562506,inside,11.489400041928803,inside,True
SR-p53,IODWHFFPQHUDAG-UHFFFAOYSA-N,4811,0.28595238095238096,0.25,1.7414120746992492,inside,13.006266600028564,inside,True
SR-p53,OEQQFQXMCPMEIH-UHFFFAOYSA-N,4811,0.32103368176538905,0.3,1.8434931647661599,inside,17.16576052650908,inside,True
SR-p53,GJGHBJCMOWRRSZ-UHFFFAOYSA-N,4811,0.3071428571428571,0.25,3.2048528072017883,inside,10.547660552415177,inside,False
SR-p53,IMWZZHHPURKASS-UHFFFAOYSA-N,4811,0.2930830626250457,0.2826086956521739,0.8315179134699011,inside,11.684257604226337,inside,True
SR-p53,GLZPCOQZEFWAFX-YFHOEESVSA-N,4811,0.5073286713286713,0.48,2.3429474196443647,inside,12.444417458772396,inside,False
SR-p53,JRBJSXQPQWSCCF-UHFFFAOYSA-N,4811,0.5278201058201059,0.4642857142857143,1.4854094195793883,inside,11.75745355443504,inside,True
SR-p53,ULQISTXYYBZJSJ-UHFFFAOYSA-N,4811,0.7083333333333334,0.7083333333333334,3.502498413325822,inside,17.069265006522105,inside,False
SR-p53,MELGLHXCBHKVJG-UHFFFAOYSA-N,4811,0.5653333333333334,0.5333333333333333,3.7011348441780947,inside,13.007723152730724,inside,False
SR-p53,AVAACINZEOAHHE-VFZPANTDSA-N,4811,0.27119248893341424,0.2111111111111111,4.821590573402591,inside,17.45311900106072,inside,True
SR-p53,VOVUARRWDCVURC-UHFFFAOYSA-N,4811,0.13622782446311857,0.1111111111111111,3.763013316405223,inside,10.079082224896359,inside,True
SR-p53,JNTOCHDNEULJHD-UHFFFAOYSA-N,4811,0.2872940988069371,0.2553191489361702,3.3729136545028724,inside,14.681576038687545,inside,True
SR-p53,ZOCKGBMQLCSHFP-KQRAQHLDSA-N,4811,0.22470409356725146,0.216,9.086667983532642,borderline,27.28286805469676,borderline,True
SR-p53,CGNMLOKEMNBUAI-UHFFFAOYSA-N,4811,0.33704519058177596,0.3181818181818182,1.1083109290435855,inside,11.866790270267545,inside,True
SR-p53,PKJBWOWQJHHAHG-UHFFFAOYSA-N,4811,0.4864035087719298,0.4,2.497995945241777,inside,12.815851135846044,inside,True
SR-p53,CJPQIRJHIZUAQP-UHFFFAOYSA-N,4811,0.5173434246086036,0.4090909090909091,1.8471209653172456,inside,12.848498882193818,inside,True
SR-p53,QKDHBVNJCZBTMR-UHFFFAOYSA-N,4811,0.47116830109787855,0.38961038961038963,3.6222998567238607,inside,18.57588673758807,inside,True
SR-p53,IYYZUPMFVPLQIF-UHFFFAOYSA-N,4811,0.3403508771929824,0.3333333333333333,2.8722111498098606,inside,13.559170624733987,inside,True
SR-p53,KLECYOQFQXJYBC-UHFFFAOYSA-N,4811,0.37027385657820444,0.32142857142857145,2.5377538075720136,inside,11.517911819083059,inside,True
SR-p53,MTZWHHIREPJPTG-UHFFFAOYSA-N,4811,0.3682072829131653,0.35294117647058826,2.804198156799302,inside,9.74925894230761,inside,False
SR-p53,SEPQTYODOKLVSB-UHFFFAOYSA-N,4811,0.3312957351572912,0.2857142857142857,3.282525048051151,inside,9.015759943292515,inside,False
SR-p53,UAIUNKRWKOVEES-UHFFFAOYSA-N,4811,0.4253297274807572,0.4,1.8535153410946823,inside,11.299315800231172,inside,True
SR-p53,FKPXGNGUVSHWQQ-UHFFFAOYSA-N,4811,0.2791098542869487,0.25925925925925924,2.662444605452228,inside,11.511160378002973,inside,True
SR-p53,QSQQPMHPCBLLGX-UHFFFAOYSA-N,4811,0.3382475916518469,0.3181818181818182,1.7801524755982876,inside,13.456584967370597,inside,True
SR-p53,IWVRVEIKCBFZNF-UHFFFAOYSA-N,4811,0.24729518390163685,0.21739130434782608,2.0994563468233696,inside,12.578425116625498,inside,True
SR-p53,NFIXBCVWIPOYCD-UHFFFAOYSA-N,4811,0.44771714412671865,0.40625,2.135956466386147,inside,13.538182334697652,inside,True
SR-p53,OMHBPUNFVFNHJK-UHFFFAOYSA-P,4811,0.3242188873424708,0.30612244897959184,4.910036258939036,inside,11.049668712578232,inside,True
SR-p53,BWWVAEOLVKTZFQ-ISVUSNJMSA-N,4811,0.4251293889241329,0.390625,1.7431731288384542,inside,12.056144076164463,inside,True
SR-p53,HHSXYDOROIURIP-FEZCWRLCSA-N,4811,0.6593992323705439,0.5573770491803278,3.919719885903293,inside,21.222435814588117,inside,True
SR-p53,ZUHZGEOKBKGPSW-UHFFFAOYSA-N,4811,0.6954545454545455,0.6875,2.762505618908531,inside,10.74184311187825,inside,False
SR-p53,FYPMFJGVHOHGLL-UHFFFAOYSA-N,4811,0.5351111111111111,0.5,5.297485202888839,inside,11.305677732470317,inside,True
SR-p53,QZWKEPYTBWZJJA-UHFFFAOYSA-N,4811,0.3354845754845755,0.2972972972972973,1.898563322902685,inside,10.209857784700032,inside,True
SR-p53,LELOWRISYMNNSU-UHFFFAOYSA-N,4811,0.18238095238095237,0.1,4.0357832107132605,inside,10.329213329563023,inside,False
SR-p53,RWCCWEUUXYIKHB-UHFFFAOYSA-N,4811,0.6061919504643962,0.5789473684210527,2.019792348300827,inside,12.673483381980908,inside,True
SR-p53,XJSFLOJWULLJQS-WJBNFFGSSA-N,4811,0.23791660999531516,0.22857142857142856,10.169218333453664,borderline,35.936985060499396,borderline,True
SR-p53,VHVPQPYKVGDNFY-ZPGVKDDISA-N,4811,0.4958705291873258,0.3764705882352941,9.29078172574355,borderline,35.55884170307672,borderline,True
SR-p53,XFYDIVBRZNQMJC-UHFFFAOYSA-N,4811,0.39783546863332403,0.24,1.7102656512349819,inside,14.743303334239057,inside,True
SR-p53,FQNKTJPBXAZUGC-UHFFFAOYSA-N,4811,0.42295527877042643,0.39473684210526316,1.6763400424365495,inside,13.504574398756361,inside,True
SR-p53,WSGFXVFLWVXTCJ-UHFFFAOYSA-N,4811,0.3276911976911977,0.3111111111111111,1.512193932878007,inside,12.292428502817012,inside,True
SR-p53,DPVIABCMTHHTGB-UHFFFAOYSA-N,4811,0.3546842105263158,0.28,2.3136559307219073,inside,15.147515919382355,inside,True
SR-p53,ZGZLRWJZGFRHHQ-UHFFFAOYSA-N,4811,0.27242424242424246,0.21212121212121213,2.4538742731856207,inside,9.867097021200971,inside,True
SR-p53,BTTNYQZNBZNDOR-UHFFFAOYSA-N,4811,0.2650040485829959,0.24,2.5069624865716236,inside,14.551252152378911,inside,True
SR-p53,YJINQJFQLQIYHX-PLNGDYQASA-N,4811,0.6475748030024022,0.5862068965517241,2.830335181876479,inside,15.480698932045891,inside,False
SR-p53,LQZZUXJYWNFBMV-UHFFFAOYSA-N,4811,1.0,1.0,2.6409304334125445,inside,12.109605151341201,inside,False
SR-p53,YUWPMEXLKGOSBF-GACAOOTBSA-N,4811,0.4884393397093626,0.4358974358974359,2.7789691249806228,inside,21.42842183871907,inside,True
SR-p53,ZWJNEYVWPYIKMB-UHFFFAOYSA-N,4811,0.42188697281576537,0.40540540540540543,1.2676618117540053,inside,13.11903019793078,inside,True
SR-p53,BHIIGRBMZRSDRI-UHFFFAOYSA-N,4811,0.5111850515076322,0.38461538461538464,1.6331354231200323,inside,10.064814767102291,inside,True
SR-p53,LVLNPXCISNPHLE-UHFFFAOYSA-N,4811,0.4592848020434227,0.43333333333333335,1.4534657630887489,inside,11.071376504232761,inside,True
SR-p53,VWCUGCYZZGRKEE-UTKZUKDTSA-N,4811,0.34826066790352506,0.32653061224489793,2.1598993910578326,inside,10.588931888260317,inside,True
SR-p53,VOKSWYLNZZRQPF-CCKFTAQKSA-N,4811,0.5050168303784505,0.3770491803278688,1.7181577125719727,inside,17.827447085286817,inside,True
SR-p53,PQRDTUFVDILINV-UHFFFAOYSA-N,4811,0.2288851018506191,0.20689655172413793,2.0167915085340784,inside,10.278642627733408,inside,True
SR-p53,VBICKXHEKHSIBG-UHFFFAOYSA-N,4811,0.8568627450980392,0.6176470588235294,4.239048357049385,inside,18.936142990746223,inside,False
SR-p53,XCPGHVQEEXUHNC-UHFFFAOYSA-N,4811,0.292046278034095,0.2641509433962264,4.028424920659918,inside,13.01550231617391,inside,True
SR-p53,MQCPOLNSJCWPGT-UHFFFAOYSA-N,4811,0.5835196687370601,0.5416666666666666,1.4452556822265934,inside,10.228259972765501,inside,True
SR-p53,HTVITOHKHWFJKO-UHFFFAOYSA-N,4811,0.5289017713365538,0.4074074074074074,1.3634504842476312,inside,10.996564083830448,inside,True
SR-p53,RBOXVHNMENFORY-KEMUOJQUSA-N,4811,0.5549590918399419,0.44776119402985076,2.2654241433912565,inside,17.202260162402133,inside,True
SR-p53,WAAPEIZFCHNLKK-UFBFGSQYSA-N,4811,0.2261420587880842,0.208955223880597,2.550739132997788,inside,13.047013796755397,inside,True
SR-p53,USZYSDMBJDPRIF-SVEJIMAYSA-N,4811,0.2279599974681942,0.22142857142857142,10.857590339508965,borderline,29.446471522256218,borderline,True
SR-p53,DCUJJWWUNKIJPH-UHFFFAOYSA-N,4811,0.32175697865353037,0.3103448275862069,2.2540137598646295,inside,12.18908905700065,inside,True
SR-p53,MOEZPHHJIZLEKX-UHFFFAOYSA-N,4811,0.2193216344379135,0.17777777777777778,1.4508885735667996,inside,11.347244469305938,inside,True
SR-p53,WERYXYBDKMZEQL-UHFFFAOYSA-N,4811,0.6147435897435897,0.5384615384615384,3.129384955232708,inside,9.73721007209674,inside,False
SR-p53,DENFJSAFJTVPJR-UHFFFAOYSA-N,4811,0.47117392411510056,0.45454545454545453,2.4298991358537325,inside,11.881918885723818,inside,False
SR-p53,FGIWFCGDPUIBEZ-UHFFFAOYSA-N,4811,0.30434717129874095,0.2830188679245283,1.74913000151002,inside,11.824723267103614,inside,True
SR-p53,OFOBLEOULBTSOW-UHFFFAOYSA-N,4811,0.4769230769230769,0.46153846153846156,3.068575529665459,inside,10.58831672864231,inside,False
SR-p53,BLGXFZZNTVWLAY-DIRVCLHFSA-N,4811,0.41635948557651686,0.37,2.9193931596155185,inside,14.101295425736796,inside,True
SR-p53,KFUSANSHCADHNJ-UHFFFAOYSA-N,4811,0.5298936997666581,0.47368421052631576,2.3692374098511846,inside,11.010775235100573,inside,True
SR-p53,PVNIIMVLHYAWGP-UHFFFAOYSA-N,4811,0.512290785088739,0.48,2.2902566819299355,inside,11.25913760275234,inside,True
SR-p53,VKOUCJUTMGHNOR-UHFFFAOYSA-N,4811,0.424967026855236,0.37142857142857144,1.5867612787888927,inside,10.78496203980683,inside,True
SR-p53,XBHBWNFJWIASRO-UHFFFAOYSA-N,4811,0.4590511633370792,0.36231884057971014,3.278133783619269,inside,15.278762250311654,inside,True
SR-p53,UJVLDDZCTMKXJK-WNHSNXHDSA-N,4811,0.46223793079755504,0.38235294117647056,3.0205249786550374,inside,16.22658977012496,inside,True
SR-p53,JZQKKSLKJUAGIC-UHFFFAOYSA-N,4811,0.4584959691423739,0.41509433962264153,1.4882338441282064,inside,19.169695928220552,inside,True
SR-p53,HQABUPZFAYXKJW-UHFFFAOYSA-N,4811,0.5857142857142857,0.5,3.2790239055042294,inside,10.214128289411297,inside,False
SR-p53,GBIHOLCMZGAKNG-CGAIIQECSA-N,4811,0.4480044138867668,0.37662337662337664,4.340088788872814,inside,20.117955089759363,inside,True
SR-p53,IRSCQMHQWWYFCW-UHFFFAOYSA-N,4811,0.2966994833123865,0.25757575757575757,3.7824200045407324,inside,12.874862478899677,inside,True
SR-p53,LTHJXDSHSVNJKG-UHFFFAOYSA-N,4811,0.7638923395445134,0.6071428571428571,3.2765663697092764,inside,13.14742518364093,inside,False
SR-p53,ODCNAEMHGMYADO-UHFFFAOYSA-N,4811,0.36046198830409354,0.32,2.035639117727205,inside,14.092710652074274,inside,True
SR-p53,PCWGTDULNUVNBN-UHFFFAOYSA-N,4811,0.4259132680185312,0.3888888888888889,2.9074627735412695,inside,10.344732884454746,inside,False
SR-p53,AWYOMXWDGWUJHS-UHFFFAOYSA-N,4811,0.3195679278704489,0.29411764705882354,1.6629200911843582,inside,13.939788369431525,inside,True
SR-p53,NSOXQYCFHDMMGV-UHFFFAOYSA-N,4811,0.42689862895812547,0.3684210526315789,3.536656465220455,inside,12.483421621095061,inside,False
SR-p53,XJKSTNDFUHDPQJ-UHFFFAOYSA-N,4811,0.44857142857142857,0.4,2.934770380591226,inside,12.931284979072693,inside,True
SR-p53,KJRCEJOSASVSRA-UHFFFAOYSA-N,4811,0.4242424242424242,0.3333333333333333,3.5835309166961973,inside,9.202030305055466,inside,False
SR-p53,MLTFKRFUQNLDIU-CBQIKETKSA-N,4811,0.34490418807554357,0.2972972972972973,3.9999484786671515,inside,11.818643551676455,inside,True
SR-p53,NITYDPDXAAFEIT-DYVFJYSZSA-N,4811,0.3378394596864781,0.29133858267716534,3.8275892396305413,inside,15.527847525667152,inside,True
SR-p53,KUAZQDVKQLNFPE-UHFFFAOYSA-N,4811,0.2900793650793651,0.21428571428571427,2.354077791123136,inside,10.419025715549607,inside,False
SR-p53,RRVIAQKBTUQODI-UHFFFAOYSA-N,4811,0.34131652661064427,0.30952380952380953,1.205789998201517,inside,13.394338038042754,inside,True
SR-p53,HDOVUKNUBWVHOX-QMMMGPOBSA-N,4811,0.28043981717182004,0.2459016393442623,4.000717544370921,inside,16.042412738325897,inside,True
SR-p53,DVFGEIYOLIFSRX-UHFFFAOYSA-N,4811,0.49963235294117647,0.46875,2.258645178401734,inside,19.456151607596507,inside,False
SR-p53,CGSLYBDCEGBZCG-UHFFFAOYSA-N,4811,0.5125,0.4444444444444444,3.106361553559498,inside,19.84119741143598,inside,True
SR-p53,SGTNSNPWRIOYBX-UHFFFAOYSA-N,4811,0.32178968825010423,0.273972602739726,4.3134237794175805,inside,18.000493775719438,inside,True
SR-p53,LAAVYEUJEMRIGF-UHFFFAOYSA-N,4811,0.29030126220528696,0.2631578947368421,3.3501269998659846,inside,9.988529949609168,inside,False
SR-p53,IEUHWNLWVMLHHC-UHFFFAOYSA-N,4811,0.3644580576038319,0.3333333333333333,1.002858644246037,inside,13.781134838562071,inside,True
SR-p53,NVGOPFQZYCNLDU-UHFFFAOYSA-N,4811,0.3156616557512414,0.2978723404255319,1.2646147109347006,inside,12.895943761384935,inside,True
SR-p53,NGCJVMZXRCLPRQ-UHFFFAOYSA-N,4811,0.31673913043478263,0.2916666666666667,2.731910304045716,inside,9.976272134515117,inside,False
SR-p53,WJGPNUBJBMCRQH-UHFFFAOYSA-N,4811,0.3131512165994924,0.2857142857142857,1.7791567684928444,inside,10.982493962870386,inside,True
SR-p53,AMYKXJAXRJCLCV-UHFFFAOYSA-N,4811,0.5162988452849133,0.47368421052631576,1.156425870081949,inside,11.169228895139833,inside,True
SR-p53,YNNUSGIPVFPVBX-NHCUHLMSSA-N,4811,0.3241438743581379,0.3114754098360656,2.640916854617404,inside,12.657476872311252,inside,True
SR-p53,MUXOBHXGJLMRAB-UHFFFAOYSA-N,4811,0.7186274509803922,0.6666666666666666,2.54679152497472,inside,9.932264884501848,inside,False
SR-p53,KDLRVYVGXIQJDK-AWPVFWJPSA-N,4811,0.1941285070969728,0.18681318681318682,3.4138682189437755,inside,18.894766596126388,inside,True
SR-p53,VAJLRIOJDADNAT-UHFFFAOYSA-N,4811,0.1705926270726621,0.1650485436893204,7.824536766027365,borderline,24.608266575606294,inside,True
SR-p53,AYXYPKUFHZROOJ-ZETCQYMHSA-N,4811,0.3692307692307692,0.3333333333333333,2.3410797410879387,inside,12.367489277060672,inside,False
SR-p53,OOSYXMPLIGBCDA-UHFFFAOYSA-N,4811,0.3701086956521739,0.3125,11.3463396652236,borderline,13.28685597061289,inside,True
SR-p53,YIROYDNZEPTFOL-UHFFFAOYSA-N,4811,0.34750000000000003,0.28125,2.628595957928054,inside,10.789314678243313,inside,True
SR-p53,WHTVZRBIWZFKQO-UHFFFAOYSA-N,4811,0.33963801509383557,0.2608695652173913,2.1092099435312557,inside,15.474533810292783,inside,True
SR-p53,ICSNLGPSRYBMBD-UHFFFAOYSA-N,4811,0.37392156862745096,0.3333333333333333,2.7392324015019995,inside,12.795859563047552,inside,True
SR-p53,JUJWROOIHBZHMG-UHFFFAOYSA-N,4811,0.366969696969697,0.3181818181818182,3.202315681035687,inside,10.185141582260437,inside,True
SR-p53,JTPVHPYPNZIZKG-OWOJBTEDSA-N,4811,0.2937995116519039,0.27848101265822783,19.18024961502332,outside,13.689868191765735,inside,True
SR-p53,XUAXVBUVQVRIIQ-UHFFFAOYSA-N,4811,0.28750760763144667,0.2647058823529412,2.1319364419893896,inside,10.99480448649093,inside,True
SR-p53,DJKGDNKYTKCJKD-UHFFFAOYSA-N,4811,0.2872727272727273,0.23333333333333334,1.5663116359250293,inside,10.617709295322895,inside,True
SR-p53,ILQHIGIKULUQFQ-UHFFFAOYSA-N,4811,0.3400392156862745,0.32,2.5042223003232182,inside,11.598540335269258,inside,True
SR-p53,RVEJOWGVUQQIIZ-UHFFFAOYSA-N,4811,0.3400392156862745,0.32,2.0171656106104465,inside,11.598540335269258,inside,True
SR-p53,MXLZUALXSYVAIV-UHFFFAOYSA-N,4811,0.244804318488529,0.23076923076923078,2.3465022264221385,inside,10.356382133407381,inside,True
SR-p53,NOCJXYPHIIZEHN-UHFFFAOYSA-N,4811,0.46895554986688986,0.43478260869565216,3.40696881431939,inside,15.082357636858355,inside,True
SR-p53,HJSPWKGEPDZNLK-UHFFFAOYSA-N,4811,0.47315775605020455,0.44,1.8316914544110965,inside,12.57527888333594,inside,True
SR-p53,UXOXUHMFQZEAFR-UHFFFAOYSA-N,4811,0.4205533596837944,0.36363636363636365,2.236366470393348,inside,14.148993913428672,inside,True
SR-p53,HSTOKWSFWGCZMH-UHFFFAOYSA-N,4811,0.422463768115942,0.34782608695652173,3.414617963984792,inside,13.977559320782156,inside,True
SR-p53,VCCBEIPGXKNHFW-UHFFFAOYSA-N,4811,0.4775438596491228,0.42105263157894735,1.648761306783797,inside,16.00243946606132,inside,True
SR-p53,RVHUMFJSCJBNGS-UHFFFAOYSA-N,4811,0.3362531328320802,0.3142857142857143,3.8878234754216585,inside,10.271589811188477,inside,True
SR-p53,GPNAVOJCQIEKQF-UHFFFAOYSA-N,4811,0.44378438696946587,0.43243243243243246,1.6600525169205165,inside,15.380844373869818,inside,True
SR-p53,QSRJVOOOWGXUDY-UHFFFAOYSA-N,4811,0.4505175983436853,0.3695652173913043,6.275925585313342,borderline,15.69889475425936,inside,True
SR-p53,XMAYWYJOQHXEEK-OZXSUGGESA-N,4811,0.3672534438158823,0.2891566265060241,5.215803091357625,inside,22.798409970053257,inside,True
SR-p53,MEZZCSHVIGVWFI-UHFFFAOYSA-N,4811,0.4423210432498358,0.4117647058823529,1.0761729030878167,inside,10.959777477196853,inside,True
SR-p53,YIYBRXKMQFDHSM-UHFFFAOYSA-N,4811,0.6035824915824916,0.5185185185185185,1.209811852382996,inside,11.308094748754325,inside,True
SR-p53,DXGLGDHPHMLXJC-UHFFFAOYSA-N,4811,0.39126651126651124,0.38461538461538464,1.0186068548078122,inside,12.214741783140704,inside,True
SR-p53,ZXDDPOHVAMWLBH-UHFFFAOYSA-N,4811,0.44631336405529953,0.3870967741935484,1.2222801726454546,inside,14.36696264644419,inside,True
SR-p53,PPDBOQMNKNNODG-UHFFFAOYSA-N,4811,0.3612887283990783,0.3384615384615385,1.6858784802868125,inside,16.795112885700757,inside,True
SR-p53,XSBSKEQEUFOSDD-UHFFFAOYSA-N,4811,0.42305994818189935,0.21951219512195122,2.249886267705012,inside,12.793364593075735,inside,True
SR-p53,VOOYTQRREPYRIW-UHFFFAOYSA-N,4811,0.36068366497257875,0.3055555555555556,1.1366370850981191,inside,11.062551966883294,inside,True
SR-p53,LXOFYPKXCSULTL-UHFFFAOYSA-N,4811,0.3730934854619065,0.3,2.1709880676368902,inside,10.188104065500625,inside,False
SR-p53,WTARULDDTDQWMU-UHFFFAOYSA-N,4811,0.2904400019073504,0.24242424242424243,2.951459771688594,inside,12.441962661231933,inside,True
SR-p53,HPJKCIUCZWXJDR-UHFFFAOYSA-N,4811,0.33237076648841357,0.3,2.2616177273338933,inside,13.414915074958515,inside,True
SR-p53,SYTBZMRGLBWNTM-UHFFFAOYSA-N,4811,0.38893345164152615,0.3673469387755102,1.4679752833797046,inside,12.872506732179538,inside,True
SR-p53,MSWZFWKMSRAUBD-IVMDWMLBSA-N,4811,0.3687741935483871,0.3548387096774194,4.257369572360514,inside,14.595572554566699,inside,True
SR-p53,ZNNLBTZKUZBEKO-UHFFFAOYSA-N,4811,0.472043032714764,0.3888888888888889,4.276074140941753,inside,21.682816547751347,inside,True
SR-p53,CKIHZSGJPSDCNC-UHFFFAOYSA-N,4811,0.31517241379310346,0.2608695652173913,2.244485743699472,inside,13.307383252975624,inside,True
SR-p53,HIUVKVDQFXDZHU-UHFFFAOYSA-N,4811,0.3805275856735819,0.32653061224489793,1.9572167218713665,inside,11.697225622843732,inside,True
SR-p53,NPPJLSILDPVHCM-UHFFFAOYSA-N,4811,0.582170473204956,0.5142857142857142,1.5704652334880511,inside,12.07608910570049,inside,True
SR-p53,OJMMVQQUTAEWLP-KIDUDLJLSA-N,4811,0.19421416687766074,0.18681318681318682,4.097920661442477,inside,18.25644766469048,inside,True
SR-p53,GCKFUYQCUCGESZ-BPIQYHPVSA-N,4811,0.5168339432371611,0.3972602739726027,2.442465700814761,inside,18.496749496873786,inside,True
SR-p53,WPVFJKSGQUFQAP-GKAPJAKFSA-N,4811,0.24605640162483544,0.2191780821917808,4.900843956937907,inside,17.04241060947823,inside,True
SR-p53,USMNOWBWPHYOEA-MRTMQBJTSA-N,4811,0.2634054834054834,0.23333333333333334,2.384264878192393,inside,12.595733932458513,inside,True
SR-p53,UCFGDBYHRUNTLO-QHCPKHFHSA-N,4811,0.18209886789442628,0.1797752808988764,4.519047104566546,inside,14.408828466663469,inside,True
SR-p53,BBXXLROWFHWFQY-UHFFFAOYSA-N,4811,0.3333655083655084,0.30952380952380953,0.939448157054554,inside,10.097812299654054,inside,True
SR-p53,OHJYHAOODFPJOD-UHFFFAOYSA-N,4811,0.5313852813852813,0.5,2.266572142783697,inside,21.101889247135684,inside,False
SR-p53,CXGTZJYQWSUFET-LJQANCHMSA-N,4811,0.3313835935753744,0.3269230769230769,3.209942297101973,inside,17.30443467859432,inside,True
SR-p53,IZRPKIZLIFYYKR-UHFFFAOYSA-N,4811,0.37485979425501387,0.36,1.725800433009507,inside,13.022487395286165,inside,True
SR-p53,IBYHHJPAARCAIE-UHFFFAOYSA-N,4811,0.46930846930846926,0.36363636363636365,3.4994030605780737,inside,11.786721479171247,inside,False
SR-p53,ZDPHROOEEOARMN-UHFFFAOYSA-N,4811,1.0,1.0,2.3249196812502784,inside,14.594673013187533,inside,False
SR-p53,NZHGWWWHIYHZNX-CSKARUKUSA-N,4811,0.39962830349531114,0.37254901960784315,1.9434688392652517,inside,16.089766277739884,inside,True
SR-p53,CTQMJYWDVABFRZ-UHFFFAOYSA-N,4811,0.3320238095238095,0.3125,1.8835718145509495,inside,16.435014890594474,inside,True
SR-p53,DUEPRVBVGDRKAG-UHFFFAOYSA-N,4811,0.43809111523397243,0.3469387755102041,0.9380556974250732,inside,12.626465220305104,inside,True
SR-p53,NEBPTMCRLHKPOB-UHFFFAOYSA-N,4811,0.424407114624506,0.36363636363636365,1.9282284600316226,inside,12.472107919894253,inside,True
SR-p53,NBQKINXMPLXUET-UHFFFAOYSA-N,4811,0.2793823670318485,0.25806451612903225,6.109909343131564,borderline,24.33166690772924,inside,True
SR-p53,ASIDMJNTHJYVQJ-UHFFFAOYSA-N,4811,0.5470085470085471,0.4444444444444444,2.713695239989853,inside,10.286058089475983,inside,False
SR-p53,IEMDOFXTVAPVLX-ADNGMUMBSA-N,4811,0.22469131208929188,0.2206896551724138,9.503054636662384,borderline,33.90743638121088,borderline,True
SR-p53,MDWVSAYEQPLWMX-UHFFFAOYSA-N,4811,0.6425925925925926,0.5833333333333334,3.9805116368802937,inside,10.177443114007241,inside,True
SR-p53,NUHPODZZKHQQET-UHFFFAOYSA-N,4811,0.2699452180742046,0.2,1.9500834803994953,inside,24.99115553567305,inside,True
SR-p53,QEFJYMFUMVHTBR-UHFFFAOYSA-N,4811,0.28372883305373386,0.265625,5.993917623520845,borderline,17.55534257375691,inside,True
SR-p53,XFSBVAOIAHNAPC-XTHSEXKGSA-N,4811,0.2305763184019578,0.21495327102803738,7.697854957747949,borderline,20.35011733729819,inside,True
SR-p53,TUBQDCKAWGHZPF-UHFFFAOYSA-N,4811,0.3616952196739431,0.225,1.6269949790227127,inside,17.411604281079363,inside,True
SR-p53,FFSSWMQPCJRCRV-UHFFFAOYSA-N,4811,0.39345725816314053,0.35135135135135137,1.414976007047149,inside,12.919767913279891,inside,True
SR-p53,FSSPGSAQUIYDCN-UHFFFAOYSA-N,4811,0.2831698644604823,0.23076923076923078,2.942452131131399,inside,11.746003586928472,inside,True
SR-p53,MMXKVMNBHPAILY-UHFFFAOYSA-N,4811,0.9904761904761905,0.9523809523809523,2.640275615227972,inside,14.393361098519073,inside,False
SR-p53,YMBFWRZKTZICHS-UHFFFAOYSA-N,4811,0.23457556935817805,0.21739130434782608,2.532754476775707,inside,12.927516926301514,inside,True
SR-p53,IVQOFBKHQCTVQV-UHFFFAOYSA-N,4811,0.5436868436967398,0.48936170212765956,1.7679740200750842,inside,13.646101551699589,inside,True
SR-p53,WZPBZJONDBGPKJ-FSPLSTOPSA-N,4811,0.2818029679957089,0.25,5.3981388934497225,inside,16.149714734795438,inside,True
SR-p53,VEORPZCZECFIRK-UHFFFAOYSA-N,4811,0.40132275132275136,0.32142857142857145,3.1556609947240912,inside,12.376511038633417,inside,True
SR-p53,RVHSTXJKKZWWDQ-UHFFFAOYSA-N,4811,0.2903030303030303,0.2727272727272727,3.169498250285712,inside,10.531352995582434,inside,False
SR-p53,QXSZNDIIPUOQMB-UHFFFAOYSA-N,4811,0.36454545454545456,0.2727272727272727,3.0981539002454976,inside,10.572727949558924,inside,False
SR-p53,FEJKLNWAOXSSNR-UHFFFAOYSA-N,4811,0.5101458601458602,0.4523809523809524,1.6972436954351897,inside,14.142045833700783,inside,True
SR-p53,BDERNNFJNOPAEC-UHFFFAOYSA-N,4811,0.5354700854700855,0.5,3.5620256891033666,inside,10.164182309723797,inside,False
SR-p53,YAUZNKLMKRQDAM-UHFFFAOYSA-O,4811,0.4394230769230769,0.3076923076923077,2.2974118922701847,inside,11.477270740439375,inside,False
SR-p53,LBOJYSIDWZQNJS-CVEARBPZSA-N,4811,0.2687689575653521,0.2608695652173913,2.324831281406463,inside,12.465609236087607,inside,True
SR-p53,YBRVSVVVWCFQMG-UHFFFAOYSA-N,4811,0.4943664596273293,0.44,1.7751723347652144,inside,11.712271934115076,inside,True
SR-p53,DRLFMBDRBRZALE-UHFFFAOYSA-N,4811,0.347466757187444,0.32,1.0749770385625557,inside,14.44268538343983,inside,True
SR-p53,RXNYJUSEXLAVNQ-UHFFFAOYSA-N,4811,0.5593592677345538,0.5217391304347826,1.2204539458195443,inside,15.52460155083405,inside,True
SR-p53,YTAOBBFIOAEMLL-REQDGWNSSA-N,4811,0.2545813114689096,0.24285714285714285,2.4071051102254226,inside,15.794367298136796,inside,True
SR-p53,BACYUWVYYTXETD-UHFFFAOYSA-N,4811,0.5658730158730159,0.5555555555555556,2.4180154315664897,inside,14.328294475467315,inside,False
SR-p53,IZMJMCDDWKSTTK-UHFFFAOYSA-N,4811,0.34563976872800406,0.29411764705882354,2.6160569060079664,inside,18.082986152547992,inside,True
SR-p53,OYHQOLUKZRVURQ-HZJYTTRNSA-N,4811,0.7837312113174182,0.6666666666666666,3.2778671840632723,inside,15.039030171242317,inside,False
SR-p53,SMUQFGGVLNAIOZ-UHFFFAOYSA-N,4811,0.33360515594737195,0.32142857142857145,2.4273516403178323,inside,12.687470530056375,inside,True
SR-p53,GNHMRTZZNHZDDM-UHFFFAOYSA-N,4811,0.42257309941520466,0.3684210526315789,3.294367274153903,inside,11.52491130169605,inside,False
SR-p53,GRJRKPMIRMSBNK-UHFFFAOYSA-N,4811,0.5951690821256038,0.4444444444444444,3.488689043147845,inside,11.630293231005625,inside,False
SR-p53,XQLWNAFCTODIRK-UHFFFAOYSA-N,4811,0.3272977403984269,0.2898550724637681,4.824113573995977,inside,17.90838539424548,inside,True
SR-p53,QUCQEUCGKKTEBI-UHFFFAOYSA-N,4811,0.37018677972861386,0.2608695652173913,3.00974728542866,inside,22.264969517440854,inside,True
SR-p53,FTALBRSUTCGOEG-UHFFFAOYSA-N,4811,0.26870087254828845,0.2391304347826087,1.3638287069807686,inside,13.120684739181705,inside,True
SR-p53,BXZVVICBKDXVGW-NKWVEPMBSA-N,4811,0.43037964348855795,0.3333333333333333,2.201005954708942,inside,19.52849827870421,inside,True
SR-p53,PWZUUYSISTUNDW-VAFBSOEGSA-N,4811,0.5583150230450857,0.417910447761194,3.2466375687526208,inside,26.19284679904484,borderline,True
SR-p53,YOWNVPAUWYHLQX-UHFFFAOYSA-N,4811,0.49431127386050894,0.36363636363636365,4.316378772141291,inside,18.769730110846233,inside,True
SR-p53,RTXOFQZKPXMALH-RWFJUVPESA-N,4811,0.4434216239687364,0.39361702127659576,4.354151669123394,inside,19.70351001789887,inside,True
SR-p53,SHOKWSLXDAIZPP-UHFFFAOYSA-N,4811,0.2997164867414317,0.275,3.8634113009666247,inside,11.628826516745782,inside,True
SR-p53,GFWVDQCGGDBTBS-UHFFFAOYSA-N,4811,0.47075514874141877,0.4,2.4836005714068783,inside,11.868225759524885,inside,False
SR-p53,VRBKIVRKKCLPHA-UHFFFAOYSA-N,4811,0.35965044847447347,0.2962962962962963,4.607478853169785,inside,14.644006595652067,inside,True
SR-p53,SMHPLBXIVNQFBA-UHFFFAOYSA-N,4811,0.41985500900111905,0.4,1.737965994714814,inside,16.924686869671884,inside,True
SR-p53,OQHHSGRZCKGLCY-UHFFFAOYSA-N,4811,0.4478856058552453,0.4117647058823529,1.7463267268283886,inside,17.2822320646013,inside,True
SR-p53,GHASVSINZRGABV-UHFFFAOYSA-N,4811,0.21821118555398472,0.20588235294117646,2.548269661464858,inside,12.401673877278899,inside,True
SR-p53,GQZQCROBCYNTMU-UHFFFAOYSA-N,4811,0.33716749793452006,0.2972972972972973,2.315207685025204,inside,11.57489176534785,inside,True
SR-p53,PTCGDEVVHUXTMP-UHFFFAOYSA-N,4811,0.37696895275755643,0.3617021276595745,1.81435252639162,inside,16.05371271055927,inside,True
SR-p53,MUDSDYNRBDKLGK-UHFFFAOYSA-N,4811,0.34716709826904724,0.3181818181818182,2.434178309856927,inside,11.765782089128722,inside,True
SR-p53,ZCHHRLHTBGRGOT-SNAWJCMRSA-N,4811,0.46115565593826463,0.36363636363636365,2.8782894068707403,inside,11.27124516236199,inside,False
SR-p53,WSGDRFHJFJRSFY-UHFFFAOYSA-N,4811,0.309688013136289,0.26666666666666666,2.128667315935976,inside,10.103752207018756,inside,True
SR-p53,MHFRGQHAERHWKZ-HHHXNRCGSA-N,4811,0.460605014952841,0.30434782608695654,6.9908984729588965,borderline,26.19324917717413,borderline,False
SR-p53,YREQHYQNNWYQCJ-UHFFFAOYSA-N,4811,0.34252396501538573,0.3111111111111111,3.681221426344912,inside,16.730743076554653,inside,True
SR-p53,SHZKQBHERIJWAO-AATRIKPKSA-N,4811,0.3578296820433947,0.2978723404255319,0.9900092804841054,inside,12.513244193296435,inside,True
SR-p53,WVYADZUPLLSGPU-UHFFFAOYSA-N,4811,0.5435714285714286,0.4857142857142857,1.2720049491170347,inside,11.303329632005271,inside,True
SR-p53,GIIZNNXWQWCKIB-UHFFFAOYSA-N,4811,0.40563375985602956,0.3103448275862069,4.3967834459058395,inside,24.369698534655846,inside,True
SR-p53,CBEQULMOCCWAQT-WOJGMQOQSA-N,4811,0.3055703093203093,0.28125,2.025555644138333,inside,12.88532968883129,inside,True
SR-p53,XWVOEFLBOSSYGM-UHFFFAOYSA-N,4811,0.5596018252262145,0.37254901960784315,1.2939036748593973,inside,10.450902992751065,inside,True
SR-p53,DPZSNGJNFHWQDC-ARJAWSKDSA-N,4811,0.29293233082706766,0.2631578947368421,3.5351396842154643,inside,10.774466320311715,inside,False
SR-p53,VRLDVERQJMEPIF-UHFFFAOYSA-N,4811,0.22602520794740472,0.21052631578947367,1.9720302503850142,inside,9.775352749243519,inside,True
SR-p53,ALZOLUNSQWINIR-UHFFFAOYSA-N,4811,0.37804804804804804,0.3333333333333333,1.3857124205044553,inside,10.175967961653221,inside,True
SR-p53,YLDDCEXDGNXCIO-UHFFFAOYSA-N,4811,0.3239535725598443,0.3170731707317073,1.3354949480138545,inside,14.5592387019092,inside,True
SR-p53,BSPCSKHALVHRSR-UHFFFAOYSA-N,4811,0.45752997002997003,0.42857142857142855,3.5065094472728027,inside,9.892169038246724,inside,False
SR-p53,QRXWMOHMRWLFEY-UHFFFAOYSA-N,4811,0.452938912938913,0.36363636363636365,2.3692374098511846,inside,11.505602021500358,inside,True
SR-p53,TWBYWOBDOCUKOW-UHFFFAOYSA-N,4811,0.5235265700483092,0.4782608695652174,2.2902566819299355,inside,11.033768498127808,inside,True
SR-p53,VFQXVTODMYMSMJ-UHFFFAOYSA-N,4811,0.45391492565405606,0.38095238095238093,2.3618149219035045,inside,10.264430851708134,inside,True
SR-p53,SERLAGPUMNYUCK-DCUALPFSSA-N,4811,0.3489517702458153,0.3220338983050847,7.346166207022457,borderline,17.70774295488002,inside,True
SR-p53,YMTYZTXUZLQUSF-UHFFFAOYSA-N,4811,0.4652564102564103,0.38461538461538464,1.5149171941285708,inside,10.215812837436896,inside,True
SR-p53,HCNHNBLSNVSJTJ-UHFFFAOYSA-N,4811,0.5287744724129163,0.4444444444444444,1.4170194868925117,inside,10.225338649665439,inside,True
SR-p53,YKEXNVPSARYZDR-UHFFFAOYSA-N,4811,0.388704305809569,0.3611111111111111,0.9621224879595086,inside,13.774162979898207,inside,True
SR-p53,AEOCXXJPGCBFJA-UHFFFAOYSA-N,4811,0.24988611732032787,0.23684210526315788,1.6943600934069707,inside,9.688043155780178,inside,True
SR-p53,NPUKDXXFDDZOKR-UHFFFAOYSA-N,4811,0.4021383647798742,0.37735849056603776,1.2047517495434503,inside,12.185341914165743,inside,True
SR-p53,HOVAGTYPODGVJG-ZFYZTMLRSA-N,4811,0.42111644966073714,0.38,3.404660252730321,inside,14.281721848606923,inside,True
SR-p53,KMTRUDSVKNLOMY-UHFFFAOYSA-N,4811,0.36122807017543856,0.3333333333333333,3.153542589748628,inside,10.577774502777714,inside,True
SR-p53,LVHBHZANLOWSRM-UHFFFAOYSA-N,4811,0.33381180223285484,0.3157894736842105,2.7133707944359156,inside,9.832194771187664,inside,False
SR-p53,INDBQLZJXZLFIT-UHFFFAOYSA-N,4811,0.25661920501737434,0.24561403508771928,1.2804041441075331,inside,12.997449097847829,inside,True
SR-p53,JOOXCMJARBKPKM-UHFFFAOYSA-N,4811,0.5666666666666667,0.47619047619047616,2.6555774155251237,inside,12.553930418349434,inside,False
SR-p53,QJQORSLQNXDVGE-UHFFFAOYSA-N,4811,0.29551195990913615,0.24285714285714285,2.5579924448285527,inside,11.01763722330205,inside,True
SR-p53,BSKHPKMHTQYZBB-UHFFFAOYSA-N,4811,0.3911758493223024,0.34615384615384615,2.978477237672553,inside,10.706617833543623,inside,True
SR-p53,ITQTTZVARXURQS-UHFFFAOYSA-N,4811,0.36757236227824464,0.34285714285714286,2.978477237672553,inside,10.992513202992368,inside,True
SR-p53,FKNQCJSGGFJEIZ-UHFFFAOYSA-N,4811,0.4322276278932626,0.3684210526315789,2.978477237672553,inside,10.061075043697986,inside,True
SR-p53,VLCDUOXHFNUCKK-UHFFFAOYSA-N,4811,0.37675070028011204,0.2857142857142857,3.195491385717506,inside,10.22312590497183,inside,False
SR-p53,JIVPVXMEBJLZRO-UHFFFAOYSA-N,4811,0.3403096663566612,0.296875,2.6297368522565288,inside,14.116538798243015,inside,True
SR-p53,KBSPJIWZDWBDGM-UHFFFAOYSA-N,4811,0.4940003357394661,0.4,3.6358040435121124,inside,18.985348604665887,inside,True
SR-p53,KDYVCOSVYOSHOL-UHFFFAOYSA-N,4811,0.3681811020520698,0.30952380952380953,2.4273516403178323,inside,12.60954761144875,inside,True
SR-p53,ZFRKQXVRDFCRJG-UHFFFAOYSA-N,4811,0.3511489331686376,0.30612244897959184,2.5143384557860142,inside,11.047703354305412,inside,True
SR-p53,DMJNNHOOLUXYBV-PQTSNVLCSA-N,4811,0.2564457695964048,0.18095238095238095,3.081037584220005,inside,16.38283720639854,inside,True
SR-p53,DJACTCNGCHPGOI-UHFFFAOYSA-N,4811,0.5855135924101441,0.5714285714285714,2.334196627463604,inside,11.973556157382037,inside,False
SR-p53,GPHQHTOMRSGBNZ-UHFFFAOYSA-N,4811,0.44784688995215316,0.4090909090909091,2.69122884463259,inside,12.94157020502139,inside,True
SR-p53,JWUXJYZVKZKLTJ-UHFFFAOYSA-N,4811,0.3311355311355311,0.32142857142857145,2.1516616957857417,inside,11.533371806529988,inside,True
SR-p53,FEWJPZIEWOKRBE-UHFFFAOYSA-N,4811,0.39126984126984127,0.375,3.742468464935728,inside,10.403875071646128,inside,False
SR-p53,RIGBPMDIGYBTBJ-UHFFFAOYSA-N,4811,0.6122829131652662,0.4411764705882353,1.0083849594474539,inside,16.574680090595574,inside,True
SR-p53,FCBQJNCAKZSIAH-UHFFFAOYSA-N,4811,0.3106480627178334,0.2804878048780488,3.2918351499964937,inside,18.750208419546354,inside,True
SR-p53,TURHTASYUMWZCC-UHFFFAOYSA-N,4811,0.2990783054430545,0.27906976744186046,2.07931562218147,inside,12.216880983873075,inside,True
SR-p53,JYFHYPJRHGVZDY-UHFFFAOYSA-N,4811,0.45581198968295744,0.39285714285714285,2.016244446765664,inside,11.872518525259228,inside,False
SR-p53,DVECBJCOGJRVPX-UHFFFAOYSA-N,4811,0.5480701754385965,0.47368421052631576,3.10263897787161,inside,9.872215740418993,inside,False
SR-p53,XHIUFYZDQBSEMF-UHFFFAOYSA-N,4811,0.5183203270159792,0.4444444444444444,2.5938863324458317,inside,10.677727762232644,inside,False
SR-p53,CZZYITDELCSZES-UHFFFAOYSA-N,4811,0.5435294117647059,0.5294117647058824,2.476266671807751,inside,11.242634692371801,inside,True
SR-p53,ZHDBTKPXEJDTTQ-UHFFFAOYSA-N,4811,0.29866770266770265,0.24242424242424243,1.3188108321412657,inside,11.585841263984088,inside,True
SR-p53,NWWORXYTJRPSMC-QKPAOTATSA-N,4811,0.4066543670099619,0.38,3.4578673673139613,inside,18.165841775297043,inside,True
SR-p53,UOZODPSAJZTQNH-LSWIJEOBSA-N,4811,0.46804020434601756,0.34523809523809523,13.948643949962529,outside,24.723713701066636,inside,True
SR-p53,VLJIVLGVKMTBOD-UHFFFAOYSA-N,4811,0.4019247049247049,0.3076923076923077,2.256182979405264,inside,10.501947265243917,inside,True
SR-p53,RIOQSEWOXXDEQQ-UHFFFAOYSA-N,4811,0.3882352941176471,0.35294117647058826,2.7020292426404584,inside,13.268104238967517,inside,True
SR-p53,HVLLSGMXQDNUAL-UHFFFAOYSA-N,4811,0.4034202353710363,0.3684210526315789,2.6334726737571077,inside,10.214880446248792,inside,True
SR-p53,YMTINGFKWWXKFG-UHFFFAOYSA-N,4811,0.446115352153088,0.34545454545454546,2.3086929561730085,inside,12.813474657868657,inside,True
SR-p53,DKYWVDODHFEZIM-UHFFFAOYSA-N,4811,0.4370185911649327,0.4,1.1230654603493044,inside,12.696620985000346,inside,True
SR-p53,GZPHSAQLYPIAIN-UHFFFAOYSA-N,4811,0.39651424287856074,0.3333333333333333,2.69122884463259,inside,17.269263949929815,inside,True
SR-p53,YXIWHUQXZSMYRE-UHFFFAOYSA-N,4811,0.3601941391941392,0.275,2.2442418824895345,inside,13.033985490950737,inside,True
SR-p53,AUVVAXYIELKVAI-CKBKHPSWSA-N,4811,0.2817807990496786,0.2631578947368421,4.560188748373585,inside,13.69162478254264,inside,True
SR-p53,QPSVFNQMURAADJ-UHFFFAOYSA-N,4811,0.32819514177665654,0.2857142857142857,2.1775264260567324,inside,13.27983885881301,inside,True
SR-p53,JTHMVYBOQLDDIY-UHFFFAOYSA-N,4811,0.3693198106241585,0.3269230769230769,4.071930932538139,inside,18.07077129589469,inside,True
SR-p53,AWJUIBRHMBBTKR-UHFFFAOYSA-N,4811,0.3278195138195138,0.3181818181818182,2.5916381442567777,inside,12.41255185969778,inside,True
SR-p53,MIZGSAALSYARKU-UHFFFAOYSA-N,4811,0.25230041774664197,0.2391304347826087,2.138113430595687,inside,10.662087835914603,inside,True
SR-p53,VQHSOMBJVWLPSR-JVCRWLNRSA-N,4811,0.32567608449755675,0.2777777777777778,7.349857012836547,borderline,14.239845583915523,inside,True
SR-p53,VYKKDKFTDMVOBU-UHFFFAOYSA-N,4811,0.393572805340029,0.3283582089552239,2.3489346300743543,inside,21.73263640529271,inside,True
SR-p53,ZSJLQEPLLKMAKR-GKHCUFPYSA-N,4811,0.3064228437896635,0.27586206896551724,4.368297651503808,inside,13.774670344198585,inside,True
SR-p53,RINCXYDBBGOEEQ-UHFFFAOYSA-N,4811,0.44349787512258904,0.35,3.0119953843993943,inside,10.441068890674213,inside,True
SR-p53,NPFYZDNDJHZQKY-UHFFFAOYSA-N,4811,0.5181818181818182,0.5,1.4221948443517083,inside,14.781117989081734,inside,True
SR-p53,YHXISWVBGDMDLQ-UHFFFAOYSA-N,4811,0.45432109557109557,0.3409090909090909,0.8728188923720126,inside,12.461871279073938,inside,True
SR-p53,GIJXKZJWITVLHI-PMOLBWCYSA-N,4811,0.5184088016967127,0.42,2.541429334385472,inside,12.429136578745519,inside,True
SR-p53,RQXCLMGKHJWMOA-UHFFFAOYSA-N,4811,0.6026596691712224,0.48717948717948717,1.865483469472759,inside,10.394436197054906,inside,True
SR-p53,CSCPPACGZOOCGX-UHFFFAOYSA-N,4811,0.49772727272727274,0.45454545454545453,3.6487383644220714,inside,9.76055607338709,inside,False
SR-p53,YGJHZCLPZAZIHH-UHFFFAOYSA-N,4811,0.5655772831287705,0.45,2.3840578734283895,inside,11.462510764328856,inside,False
SR-p53,HWYHZTIRURJOHG-UHFFFAOYSA-N,4811,0.2973027920845758,0.2903225806451613,2.4475280332114178,inside,12.12755853841213,inside,True
SR-p53,ZXEKIIBDNHEJCQ-UHFFFAOYSA-N,4811,0.44333333333333336,0.4,3.34680551661729,inside,11.087506778095214,inside,False
SR-p53,DMLAVOWQYNRWNQ-UHFFFAOYSA-N,4811,0.4788877788877789,0.4090909090909091,1.9481438803848632,inside,11.65620215630146,inside,True
SR-p53,WTARULDDTDQWMU-IUCAKERBSA-N,4811,0.2765370018975332,0.23529411764705882,2.951459771688594,inside,11.80218179715482,inside,True
SR-p53,KJKJUXGEMYCCJN-UHFFFAOYSA-N,4811,0.5043927431812288,0.45098039215686275,2.4540530853082485,inside,18.532607214139496,inside,True
SR-p53,BEECRKDUIIQEBI-UHFFFAOYSA-N,4811,0.47606837606837604,0.4358974358974359,1.2126903510661011,inside,17.114920345547855,inside,True
SR-p53,LJHFIVQEAFAURQ-UHFFFAOYSA-N,4811,0.2541446788505612,0.2,3.135087528398847,inside,11.27821970083454,inside,False
SR-p53,MRKXXRUHPFFURP-UHFFFAOYSA-N,4811,0.2731710477522494,0.26229508196721313,3.151973151915658,inside,14.362250606840789,inside,True
SR-p53,JMBYBVLCYODBJQ-HFMPRLQTSA-N,4811,0.21449033611714366,0.20689655172413793,3.415074843596901,inside,16.053231702919394,inside,True
SR-p53,RIZMRRKBZQXFOY-UHFFFAOYSA-N,4811,0.5500383179622309,0.45454545454545453,3.5366832394409644,inside,12.89546769053287,inside,False
SR-p53,WCGGWVOVFQNRRS-UHFFFAOYSA-N,4811,0.4126057791537668,0.35294117647058826,2.9930505663863554,inside,10.198658482465563,inside,False
SR-p53,FRIZVHMAECRUBR-UHFFFAOYSA-N,4811,0.30055962555962557,0.2916666666666667,2.251687527909167,inside,14.046998546149988,inside,True
SR-p53,DDLIGBOFAVUZHB-UHFFFAOYSA-N,4811,0.4038169616312799,0.3283582089552239,2.9409623039735355,inside,19.586070438033374,inside,True
SR-p53,ZAIDIVBQUMFXEC-UHFFFAOYSA-N,4811,0.3229593935476288,0.2727272727272727,3.486832486668043,inside,9.618842167194265,inside,False
SR-p53,VYQNWZOUAUKGHI-UHFFFAOYSA-N,4811,0.4741602254428341,0.43478260869565216,1.4624946948131985,inside,12.419756752150963,inside,True
SR-p53,PBCZLFBEBARBBI-UHFFFAOYSA-N,4811,0.5645734657499363,0.5428571428571428,1.5554117446186857,inside,14.307579344019613,inside,True
SR-p53,HUPFGZXOMWLGNK-UHFFFAOYSA-N,4811,0.35528765607712975,0.3157894736842105,1.3257305417764125,inside,11.411682976250827,inside,True
SR-p53,IPAJDLMMTVZVPP-UHFFFAOYSA-N,4811,0.31990145723841373,0.3076923076923077,3.8544314983655457,inside,14.687881534556988,inside,True
SR-p53,HZSAJDVWZRBGIF-UHFFFAOYSA-O,4811,0.27922905585314145,0.24242424242424243,2.781501226028819,inside,15.838866764108513,inside,True
SR-p53,ABWLRVJYVVQTGQ-BJMVGYQFSA-N,4811,0.3385957967884482,0.28205128205128205,1.7572596654505994,inside,10.157253139470013,inside,True
SR-p53,FHFZEKYDSVTYLL-UHFFFAOYSA-N,4811,0.3613425334355567,0.3488372093023256,1.2386525431109932,inside,11.571081306005016,inside,True
SR-p53,NBAFIBBHADOTMU-UHFFFAOYSA-N,4811,0.2848435537680388,0.2631578947368421,1.3008037668968797,inside,14.655449701509239,inside,True
SR-p53,WVPSKSLAZQPAKQ-CDMJZVDBSA-N,4811,0.4248619160685051,0.313953488372093,4.107542513287845,inside,17.149100540579113,inside,True
SR-p53,YEKQSSHBERGOJK-UHFFFAOYSA-N,4811,0.34836481447521245,0.3333333333333333,1.4413159103145183,inside,10.369023075139518,inside,True
SR-p53,KTEXNACQROZXEV-PWNZVWSESA-N,4811,0.2776223776223776,0.25,1.7699391610310535,inside,15.22531587616927,inside,True
SR-p53,SOGAXMICEFXMKE-UHFFFAOYSA-N,4811,0.8285217391304348,0.782608695652174,2.4161597065086853,inside,13.156307506220669,inside,False
SR-p53,CSDTZUBPSYWZDX-UHFFFAOYSA-N,4811,0.513563909774436,0.42857142857142855,2.6287249320406874,inside,12.737879716983024,inside,False
SR-p53,DBOSBRHMHBENLP-UHFFFAOYSA-N,4811,0.4611131487254722,0.42857142857142855,1.3749148120672188,inside,11.167951570953509,inside,True
SR-p53,DCQBZYNUSLHVJC-UHFFFAOYSA-N,4811,0.5718196457326892,0.5185185185185185,2.418539039300521,inside,12.388043060285822,inside,False
SR-p53,SBPBAQFWLVIOKP-UHFFFAOYSA-N,4811,0.4072256899803529,0.35294117647058826,1.7481798114389417,inside,10.646358337606582,inside,True
SR-p53,ISBHMJZRKAFTGE-UHFFFAOYSA-N,4811,0.2987069122080564,0.2608695652173913,3.2013149686394398,inside,10.385081383937388,inside,False
SR-p53,UVKXJAUUKPDDNW-UHFFFAOYSA-N,4811,0.27198252548366963,0.2608695652173913,3.194585966307152,inside,9.352550639615133,inside,False
SR-p53,HUBANNPOLNYSAD-UHFFFAOYSA-N,4811,0.4029064039408866,0.3793103448275862,1.7095163946244325,inside,12.107202571196257,inside,True
SR-p53,KEQGZUUPPQEDPF-UHFFFAOYSA-N,4811,0.2562208419599724,0.2222222222222222,2.1118372196062256,inside,10.739347646880185,inside,True
SR-p53,MSWZFWKMSRAUBD-GASJEMHNSA-N,4811,0.34375,0.275,4.257369572360514,inside,14.38696888695876,inside,True
SR-p53,ZBJBRUSGEJORQL-UHFFFAOYSA-N,4811,0.40642836384771874,0.3783783783783784,1.152346312545385,inside,12.657942943747427,inside,True
SR-p53,JPQHLIYIQARLQM-UHFFFAOYSA-N,4811,0.890909090909091,0.8333333333333334,2.3027586474627375,inside,15.413150225944511,inside,False
SR-p53,VGZSUPCWNCWDAN-UHFFFAOYSA-N,4811,0.5012347311806078,0.3877551020408163,1.4429662850890137,inside,15.977334642774466,inside,True
SR-p53,DLFVBJFMPXGRIB-UHFFFAOYSA-N,4811,0.4666666666666667,0.4166666666666667,3.5935426896352562,inside,9.694109338757189,inside,False
SR-p53,SJQBHPJLLIJASD-UHFFFAOYSA-N,4811,0.4848717948717948,0.475,2.057414140237154,inside,21.238732811919323,inside,True
SR-p53,UISARWKNNNHPGI-UHFFFAOYSA-N,4811,0.3636996336996337,0.34285714285714286,2.1249731105426717,inside,10.855787462555828,inside,True
SR-p53,QUXLCYFNVNNRBE-UHFFFAOYSA-N,4811,0.36421404682274244,0.34615384615384615,2.512928662458015,inside,11.907424655087441,inside,True
SR-p53,QQJLHRRUATVHED-UHFFFAOYSA-N,4811,0.36692605852725135,0.2830188679245283,1.385122300386345,inside,13.02272487658287,inside,True
SR-p53,SEOVTRFCIGRIMH-UHFFFAOYSA-N,4811,0.39527374794826525,0.34210526315789475,1.6654545720528224,inside,12.060855333383714,inside,True
SR-p53,SIKJAQJRHWYJAI-UHFFFAOYSA-N,4811,0.30467777150385844,0.28,2.6806586901883165,inside,11.429076354699927,inside,True
SR-p53,RRZXIRBKKLTSOM-VRFQAOMKSA-N,4811,0.20683284607233593,0.2,10.829827909417977,borderline,36.20278609894922,borderline,True
SR-p53,YNBADRVTZLEFNH-UHFFFAOYSA-N,4811,0.5570924155102654,0.5185185185185185,2.20511104373215,inside,10.36787966579065,inside,True
SR-p53,UFULAYFCSOUIOV-UHFFFAOYSA-N,4811,0.3381886087768441,0.2857142857142857,3.4440074800964386,inside,10.997197124654361,inside,False
SR-p53,WQZGKKKJIJFFOK-GASJEMHNSA-N,4811,0.4422197875758247,0.39285714285714285,4.062229106150617,inside,13.318776246882804,inside,True
SR-p53,FIQOFIRCTOWDOW-BJLQDIEVSA-N,4811,0.3830805519838985,0.3614457831325301,3.9690239306855437,inside,20.33067856351884,inside,True
SR-p53,DIZKGJLRHOCMTP-UHFFFAOYSA-N,4811,0.43018433179723503,0.41935483870967744,1.3742447243499585,inside,11.478534235318357,inside,True
SR-p53,YALMGFWDBZZMMB-UHFFFAOYSA-N,4811,0.4628530020703933,0.3333333333333333,2.166567102177367,inside,14.169931059322979,inside,False
SR-p53,SMWDFEZZVXVKRB-UHFFFAOYSA-N,4811,0.3825804825804826,0.32432432432432434,2.5916381442567777,inside,15.35957677175733,inside,True
SR-p53,GNOIPBMMFNIUFM-UHFFFAOYSA-N,4811,0.2612121212121212,0.25,2.8107533461598133,inside,11.585731837281873,inside,False
SR-p53,ACGUYXCXAPNIKK-UHFFFAOYSA-N,4811,0.4271180703354617,0.36,2.674346571317179,inside,14.59330092708851,inside,True
SR-p53,RVWOWEQKPMPWMQ-UHFFFAOYSA-N,4811,0.6887334887334887,0.6060606060606061,3.5242044788696663,inside,18.145584701557404,inside,False
SR-p53,UOJYYXATTMQQNA-UHFFFAOYSA-N,4811,0.3424829663090533,0.3,2.8115673256042393,inside,9.678793822453255,inside,False
SR-p53,UOBSVARXACCLLH-UHFFFAOYSA-N,4811,0.7628571428571429,0.7,2.112295878714796,inside,13.620492604258155,inside,False
SR-p53,CBXCPBUEXACCNR-UHFFFAOYSA-N,4811,0.3507326007326007,0.2857142857142857,3.0468438450959763,inside,10.322802443840967,inside,False
SR-p53,SAPGBCWOQLHKKZ-UHFFFAOYSA-N,4811,0.8566666666666667,0.8333333333333334,1.9381043378504033,inside,11.203156925755286,inside,False
SR-p53,WPYCRFCQABTEKC-UHFFFAOYSA-N,4811,0.5724179469767705,0.5142857142857142,1.6263906009849245,inside,12.856541320084805,inside,True
SR-p53,MCWXGJITAZMZEV-UHFFFAOYSA-N,4811,0.3851948302071081,0.30434782608695654,1.9992853118620413,inside,10.912793501613,inside,False
SR-p53,QDGIAPPCJRFVEK-UHFFFAOYSA-N,4811,0.3479285714285715,0.32,2.7784493853994303,inside,11.014233112815146,inside,True
SR-p53,RSTKLPZEZYGQPY-UHFFFAOYSA-N,4811,0.3851581860762189,0.3142857142857143,1.3514099511127429,inside,11.611416742572482,inside,True
SR-p53,XDOFQFKRPWOURC-UHFFFAOYSA-N,4811,0.6419047619047619,0.6,3.5318338901879036,inside,14.728058419342833,inside,False
SR-p53,WCDGWAIZRYMVOW-UHFFFAOYSA-N,4811,0.6343975889284813,0.5434782608695652,2.402888383805756,inside,15.05233599650973,inside,False
SR-p53,OHLUUHNLEMFGTQ-UHFFFAOYSA-N,4811,0.45811644495855014,0.3684210526315789,3.416784919355476,inside,9.71894908103838,inside,False
SR-p53,QEFAQIPZVLVERP-UHFFFAOYSA-N,4811,0.35786963434022256,0.35135135135135137,1.6230911708587952,inside,11.527482308385487,inside,True
SR-p53,PFTAWBLQPZVEMU-UKRRQHHQSA-N,4811,0.26597823401359355,0.24096385542168675,3.145804380089132,inside,13.352956740056515,inside,True
SR-p53,WECDUOXQLAIPQW-UHFFFAOYSA-N,4811,0.4711904761904762,0.4166666666666667,1.703510153477407,inside,10.254464848880284,inside,True
SR-p53,MLIREBYILWEBDM-UHFFFAOYSA-N,4811,0.372826302238067,0.3333333333333333,3.1165636511549475,inside,10.823311969292915,inside,False
SR-p53,JNRLEMMIVRBKJE-UHFFFAOYSA-N,4811,0.5508403361344538,0.5,1.759320192596611,inside,13.63133521214709,inside,True
SR-p53,BYGQBDHUGHBGMD-UHFFFAOYSA-N,4811,0.43815217391304345,0.375,3.2104618221653527,inside,9.973848867979617,inside,False
SR-p53,ZPSFPNSXYWWGRF-UHFFFAOYSA-N,4811,0.3169062478330213,0.2727272727272727,3.1813970962013,inside,12.720893766752898,inside,False
SR-p53,XBDQKXXYIPTUBI-UHFFFAOYSA-N,4811,0.5238612368024131,0.47058823529411764,3.2761842179666805,inside,10.113461238583614,inside,False
SR-p53,NZZIMKJIVMHWJC-UHFFFAOYSA-N,4811,0.6552727272727273,0.6363636363636364,1.5205728767823559,inside,11.146487094320875,inside,True
SR-p53,RADKZDMFGJYCBB-UHFFFAOYSA-N,4811,0.25172952706970675,0.24390243902439024,1.821655199139207,inside,9.442599458763144,inside,True
SR-p53,UBQNRHZMVUUOMG-UHFFFAOYSA-N,4811,0.2888026752928834,0.2631578947368421,1.5942757580101854,inside,12.21480619448311,inside,True
SR-p53,COYBRKAVBMYYSF-UHFFFAOYSA-N,4811,0.37973148799401935,0.373134328358209,2.241557799094036,inside,15.519524973451832,inside,True
SR-p53,ZDPIZLCVJAAHHR-UHFFFAOYSA-N,4811,0.3522418300653595,0.28,1.9074914883474616,inside,12.563020795366189,inside,True
SR-p53,UUIQMZJEGPQKFD-UHFFFAOYSA-N,4811,0.6344497607655502,0.631578947368421,2.953168822709114,inside,10.95550137740474,inside,False
SR-p53,JRTIDHTUMYMPRU-UHFFFAOYSA-N,4811,0.28852891508309203,0.2714285714285714,3.371276305876276,inside,12.604268281167071,inside,True
SR-p53,JPJALAQPGMAKDF-UHFFFAOYSA-N,4811,0.14912698412698414,0.1111111111111111,3.7325056826621092,inside,10.079304072994423,inside,False
SR-p53,WEQAYVWKMWHEJO-UHFFFAOYSA-N,4811,0.2921584156606008,0.2708333333333333,1.1905171587494077,inside,11.295775624170036,inside,True
SR-p53,DDUHZTYCFQRHIY-RBHXEPJQSA-N,4811,0.23848173515981735,0.21333333333333335,2.113823949928211,inside,13.956131822302353,inside,True
SR-p53,VVJKKKDJADMKNM-UHFFFAOYSA-N,4811,0.30453449067058125,0.25,9.867388784631736,borderline,21.62267398487472,inside,True
SR-p53,UYCICMIUKYEYEU-ZHACJKMWSA-N,4811,0.3561544146910001,0.3333333333333333,2.1009470826061665,inside,13.91050637320985,inside,True
SR-p53,PXQPEWDEAKTCGB-UHFFFAOYSA-N,4811,0.3327488662616583,0.2903225806451613,2.7041085283710857,inside,12.661636163253496,inside,True
SR-p53,QVYRGXJJSLMXQH-UHFFFAOYSA-N,4811,0.36774168797953966,0.32,1.8006657062004636,inside,12.23863090239198,inside,True
SR-p53,DNUAYCRATWAJQE-UHFFFAOYSA-N,4811,0.39960261012892595,0.3492063492063492,2.5764729988784425,inside,15.494263217737783,inside,True
SR-p53,GINFBXXYGUODAT-UHFFFAOYSA-N,4811,0.3139461095661528,0.2857142857142857,3.496936961241565,inside,15.887910438451918,inside,True
SR-p53,DDNCQMVWWZOMLN-IRLDBZIGSA-N,4811,0.3321916580473169,0.2698412698412698,3.0813357930412506,inside,17.845862155304502,inside,True
SR-p53,WMQSKECCMQRJRX-UHFFFAOYSA-N,4811,0.3388510590993613,0.3142857142857143,2.015650645311258,inside,13.052165350705394,inside,True
SR-p53,WFSMVVDJSNMRAR-UHFFFAOYSA-N,4811,0.7875,0.6875,2.4282970608575125,inside,14.564171985845896,inside,False
SR-p53,GRSQYISVQKPZCW-UHFFFAOYSA-N,4811,0.48168498168498164,0.35714285714285715,3.26644422317015,inside,10.861327245210244,inside,False
SR-p53,KAYAKFYASWYOEB-ISLYRVAYSA-N,4811,0.3520247403430972,0.3409090909090909,3.891799022329575,inside,14.463741430524154,inside,True
SR-p53,NECRQCBKTGZNMH-UHFFFAOYSA-N,4811,0.36137154799223764,0.27586206896551724,2.7384565243728187,inside,10.931290595233303,inside,False
SR-p53,OSOIQJGOYGSIMF-UHFFFAOYSA-N,4811,0.8107070707070706,0.5333333333333333,2.4790717733648666,inside,10.099820147178443,inside,True
SR-p53,XEKUXTMJEFPWCG-UHFFFAOYSA-N,4811,0.3448970251716247,0.30434782608695654,2.840593477688574,inside,10.867266202715916,inside,False
SR-p53,XNEFYCZVKIDDMS-UHFFFAOYSA-N,4811,0.458050778050778,0.4,1.9472582524179372,inside,12.294206537107055,inside,True
SR-p53,WPVVMKYQOMJPIN-UHFFFAOYSA-N,4811,0.2321249099252854,0.21212121212121213,1.220410037736555,inside,11.451222282411091,inside,True
SR-p53,POJWUDADGALRAB-UHFFFAOYSA-N,4811,0.258712648247532,0.25,3.618171383896316,inside,9.6715067272339,inside,True
SR-p53,VKHAHZOOUSRJNA-GCNJZUOMSA-N,4811,0.3526181580976102,0.2948717948717949,4.014074249175873,inside,20.252553002444195,inside,True
SR-p53,JRLTTZUODKEYDH-UHFFFAOYSA-N,4811,0.40476588628762544,0.34615384615384615,2.434178309856927,inside,14.185920516539198,inside,True
SR-p53,SBGKURINHGJRFN-UHFFFAOYSA-N,4811,0.30208538587848927,0.2413793103448276,3.342146064223165,inside,9.979223553635808,inside,False
SR-p53,LUYISICIYVKBTA-UHFFFAOYSA-N,4811,0.36425156275667686,0.32142857142857145,2.4273516403178323,inside,12.121568348194394,inside,True
SR-p53,YFGHCGITMMYXAQ-UHFFFAOYSA-N,4811,0.3775973508398186,0.35294117647058826,1.0762111395480587,inside,11.297790884356251,inside,True
SR-p53,SIQZJFKTROUNPI-UHFFFAOYSA-N,4811,0.28291652153721114,0.26666666666666666,2.367294645596501,inside,9.60443579223869,inside,True
SR-p53,YVJPMMYYRNHJAU-CCEZHUSRSA-N,4811,0.4510939285421568,0.425,2.301699085409968,inside,12.871397709752229,inside,True
SR-p53,GWNOTCOIYUNTQP-FQLXRVMXSA-N,4811,0.2658227732600344,0.2535211267605634,6.121598845186052,borderline,24.376707491658543,inside,True
SR-p53,RPVGLMKJGQMQSN-UHFFFAOYSA-N,4811,0.3301162790697674,0.3125,1.9263770349685376,inside,14.672329131941945,inside,True
SR-p53,BWPIARFWQZKAIA-UHFFFAOYSA-N,4811,0.3114510554045437,0.2727272727272727,2.067779195371049,inside,10.436809379756228,inside,True
SR-p53,GNZCRYWFWKFIDM-UHFFFAOYSA-N,4811,0.43391562685680335,0.4,1.6187000898922776,inside,13.335016642304742,inside,True
SR-p53,LGCMKPRGGJRYGM-UHFFFAOYSA-N,4811,0.48404692082111433,0.45454545454545453,1.5483178008406613,inside,15.596598887802736,inside,True
SR-p53,RPTUSVTUFVMDQK-UHFFFAOYSA-N,4811,0.3011417748917749,0.28125,1.91743380949072,inside,12.929491693218461,inside,True
SR-p53,GRMDKKJYMUDEJO-WCWDXBQESA-N,4811,0.27555092330883746,0.25862068965517243,4.775940454309386,inside,16.592660800826327,inside,True
SR-p53,KNAHARQHSZJURB-UHFFFAOYSA-N,4811,0.27152940555379573,0.24390243902439024,1.6185916760967047,inside,10.438944471303087,inside,True
SR-p53,MTAVBTGOXNGCJR-UHFFFAOYSA-N,4811,0.3491737809231709,0.2972972972972973,1.4926568291623221,inside,9.75802173799398,inside,True
SR-p53,WYTZZXDRDKSJID-UHFFFAOYSA-N,4811,0.5467761674718197,0.44,2.350351320144868,inside,13.284132218428768,inside,False
SR-p53,IOJUPLGTWVMSFF-UHFFFAOYSA-N,4811,0.29831115394372815,0.2692307692307692,2.565695422706724,inside,11.785819803732128,inside,True
SR-p53,IXORZMNAPKEEDV-OBDJNFEBSA-N,4811,0.20011610045368483,0.1935483870967742,3.070052718423505,inside,14.171701252783988,inside,True
SR-p53,ULTHEAFYOOPTTB-UHFFFAOYSA-N,4811,0.691025641025641,0.5384615384615384,3.058052166678644,inside,9.893757257609973,inside,False
SR-p53,JRKICGRDRMAZLK-UHFFFAOYSA-N,4811,0.4238461538461539,0.35,3.446936619450918,inside,10.125949609057564,inside,False
SR-p53,IRCMYGHHKLLGHV-UHFFFAOYSA-N,4811,0.221741398136747,0.21153846153846154,1.1336870292509946,inside,11.596796935581613,inside,True
SR-p53,IXSZQYVWNJNRAL-UHFFFAOYSA-N,4811,0.25806324736669467,0.24074074074074073,2.624813046508963,inside,14.029848456902544,inside,True
SR-p53,HMJIYCCIJYRONP-UHFFFAOYSA-N,4811,0.2872155588704331,0.265625,3.0797878880109715,inside,11.744864644989239,inside,True
SR-p53,JTPUMZTWMWIVPA-UHFFFAOYSA-O,4811,0.38459736333466826,0.3170731707317073,2.4286671384929157,inside,10.581962713442312,inside,True
SR-p53,OBMLHUPNRURLOK-XGRAFVIBSA-N,4811,0.4283606167387782,0.375,2.8915498708094227,inside,16.015919925831756,inside,True
SR-p53,DSKJPMWIHSOYEA-UHFFFAOYSA-N,4811,0.26883620630228416,0.2545454545454545,1.8776092051138469,inside,17.9134408146517,inside,True
SR-p53,HUWXDEQWWKGHRV-UHFFFAOYSA-N,4811,0.5088179936006023,0.4166666666666667,1.8764713344281825,inside,12.838780453743256,inside,True
SR-p53,YUXIBTJKHLUKBD-UHFFFAOYSA-N,4811,0.8139186900056465,0.75,2.070995386046339,inside,12.585760950149522,inside,False
SR-p53,FAXDZWQIWUSWJH-UHFFFAOYSA-N,4811,0.4552898550724637,0.375,3.0607648111595323,inside,9.847803374115044,inside,False
SR-p53,IZYUWBATGXUSIK-UHFFFAOYSA-N,4811,0.6102239646663329,0.53125,2.237892214125354,inside,12.015508151315496,inside,True
SR-p53,YKGYQYOQRGPFTO-UHFFFAOYSA-N,4811,0.7140229885057471,0.6206896551724138,5.461480714307477,inside,17.084502792127974,inside,False
SR-p53,YFRLQYJXUZRYDN-UHFFFAOYSA-K,4811,0.3585714285714286,0.2,3.32405980295356,inside,9.921013028212034,inside,False
SR-p53,LDCYZAJDBXYCGN-VIFPVBQESA-N,4811,0.3325028912885675,0.29545454545454547,2.4536334109552156,inside,15.674926489765024,inside,True
SR-p53,IEJIGPNLZYLLBP-UHFFFAOYSA-N,4811,0.4893099547511312,0.4375,3.2149116417856485,inside,9.05546757967425,inside,False
SR-p53,CMBSSVKZOPZBKW-UHFFFAOYSA-N,4811,0.3659639308060361,0.34615384615384615,2.523363194876268,inside,10.452900518759773,inside,True
SR-p53,NCSVCMFDHINRJE-UHFFFAOYSA-N,4811,0.425036075036075,0.39285714285714285,2.517943202904346,inside,9.421508863292848,inside,True
SR-p53,YGSVZRIZCHZUHB-LKTVYLICSA-N,4811,0.49870153596029604,0.3888888888888889,1.5718185575202166,inside,17.459871373065678,inside,True
SR-p53,YGSVZRIZCHZUHB-VCTAVGKDSA-N,4811,0.475911309193043,0.42105263157894735,1.5718185575202166,inside,22.01544523801964,inside,True
SR-p53,KZBSIGKPGIZQJQ-UHFFFAOYSA-N,4811,0.7815604395604395,0.6785714285714286,4.936785724361783,inside,18.09632696960554,inside,False
SR-p53,WPNJAUFVNXKLIM-UHFFFAOYSA-N,4811,0.32368379446640316,0.21818181818181817,1.4411005127614505,inside,13.101525028318354,inside,True
SR-p53,ITJNARMNRKSWTA-UHFFFAOYSA-N,4811,0.3617538759689922,0.325,1.3890351237574488,inside,13.146069513968653,inside,True
SR-p53,VFEDRRNHLBGPNN-UHFFFAOYSA-N,4811,0.2938633824250295,0.24,2.0220247128850106,inside,11.96156784466216,inside,True
SR-p53,RYZCWZZJFAKYHX-LLVKDONJSA-N,4811,0.4067916360369191,0.32075471698113206,1.492364726201261,inside,10.760704250426,inside,True
SR-p53,FHESUNXRPBHDQM-UHFFFAOYSA-N,4811,0.5007866335452542,0.4482758620689655,2.487713117323846,inside,12.25783293663838,inside,True
SR-p53,JDRSMPFHFNXQRB-IBEHDNSVSA-N,4811,0.4383693827715608,0.3898305084745763,3.026524949880197,inside,16.072718474412177,inside,True
SR-p53,KXSFECAJUBPPFE-UHFFFAOYSA-N,4811,0.26428571428571435,0.21428571428571427,2.7538255069311646,inside,12.37549088510485,inside,True
SR-p53,SGEJQUSYQTVSIU-UHFFFAOYSA-N,4811,0.4966957333545209,0.40625,2.265823546409074,inside,11.769024891282415,inside,False
SR-p53,PCZLQMGFNUNVOM-UHFFFAOYSA-N,4811,0.2113337983318845,0.20689655172413793,4.021674622686479,inside,16.281358547600288,inside,True
SR-p53,GHKNHBRWJYMSHK-DCGLDWPTSA-N,4811,0.2262380952380952,0.175,2.787863392170339,inside,12.129516957366256,inside,True
SR-p53,MTMDXAIUENDNDL-RJSMDTJLSA-N,4811,0.20759686441214958,0.19607843137254902,3.4888432087256076,inside,21.295895813385346,inside,True
SR-p53,ZRTQSJFIDWNVJW-OWBHPGMISA-N,4811,0.2159248711303506,0.2,2.1120553788053145,inside,13.511972478822397,inside,True
SR-p53,NTHPAPBPFQJABD-LLVKDONJSA-N,4811,0.27275646879756466,0.25333333333333335,2.3623070476045753,inside,15.202313485047148,inside,True
SR-p53,LNHURPJLTHSVMU-UHFFFAOYSA-N,4811,0.2204887218045113,0.1875,2.302346735312215,inside,12.240115821162707,inside,True
SR-p53,NYMGNSNKLVNMIA-UHFFFAOYSA-N,4811,0.37687198067632854,0.3333333333333333,1.4124663669255841,inside,10.586918765401355,inside,True
SR-p53,OKBVVJOGVLARMR-VINNURBNSA-N,4811,0.43224135325458973,0.36633663366336633,5.374854431119584,inside,21.18645457407842,inside,True
SR-p53,RMHMFHUVIITRHF-UHFFFAOYSA-N,4811,0.36608044501782644,0.3064516129032258,2.6788892745082338,inside,12.171982529922838,inside,True
SR-p53,LBHIOVVIQHSOQN-UHFFFAOYSA-N,4811,0.4218280101638765,0.375,1.7966201750677204,inside,13.350975638104996,inside,True
SR-p53,CUHVIMMYOGQXCV-UHFFFAOYSA-N,4811,0.30400736871325107,0.2702702702702703,1.5478419457822736,inside,13.359927688116322,inside,True
SR-p53,HTRVALPKPVGOSZ-UHFFFAOYSA-N,4811,0.49107142857142855,0.38095238095238093,1.8919987943189753,inside,12.036186800691095,inside,True
SR-p53,GNUXVOXXWGNPIV-UHFFFAOYSA-N,4811,0.3986279486821339,0.35294117647058826,3.2785119161009524,inside,14.058406974246257,inside,True
SR-p53,IISBACLAFKSPIT-UHFFFAOYSA-N,4811,0.5667276887871854,0.45,1.3754051120000177,inside,10.756344713225252,inside,True
SR-p53,XQUPVDVFXZDTLT-UHFFFAOYSA-N,4811,0.2297124047124047,0.20833333333333334,2.8043436758819658,inside,9.776165215409705,inside,True
SR-p53,UXZFQZANDVDGMM-UHFFFAOYSA-N,4811,0.3035932245609665,0.2702702702702703,1.8814509910291148,inside,18.119409098507102,inside,True
SR-p53,OHTXTCNTQJFRIG-UHFFFAOYSA-N,4811,0.31567852437417654,0.26666666666666666,7.054284749265689,borderline,13.503366391903542,inside,True
SR-p53,KQKPFRSPSRPDEB-UHFFFAOYSA-N,4811,0.3489037843876554,0.25757575757575757,1.3831443502500682,inside,16.97202943553767,inside,True
SR-p53,WBRBLKRDTHYRRV-MDWZMJQESA-N,4811,0.23570606248030765,0.21153846153846154,1.4620519723802052,inside,12.541369009961878,inside,True
SR-p53,JHAYEQICABJSTP-UHFFFAOYSA-N,4811,0.40162782093969673,0.39215686274509803,4.038079677090275,inside,15.235054625484398,inside,True
SR-p53,FEPMHVLSLDOMQC-ZVGMWUGDSA-N,4811,0.2599915818696362,0.21782178217821782,10.818653299708075,borderline,24.274476000199048,inside,True
SR-p53,LJFWQNJLLOFIJK-UHFFFAOYSA-N,4811,0.44261836441893826,0.375,2.975628444583498,inside,13.592165907274053,inside,True
SR-p53,HUTDUHSNJYTCAR-UHFFFAOYSA-N,4811,0.3404656400586633,0.3,1.1797020617852256,inside,10.79426927103716,inside,True
SR-p53,BDNKZNFMNDZQMI-UHFFFAOYSA-N,4811,0.23312863606981254,0.21428571428571427,2.6728359628569276,inside,10.368664768507648,inside,False
SR-p53,JCBPETKZIGVZRE-SCSAIBSYSA-N,4811,0.3916842404391199,0.3333333333333333,3.186574270995309,inside,11.629828730270596,inside,False
SR-p53,QIVBCDIJIAJPQS-UHFFFAOYSA-N,4811,0.41193858867532873,0.3829787234042553,1.8948222211441272,inside,12.32595256236574,inside,True
SR-p53,QIVBCDIJIAJPQS-VIFPVBQESA-N,4811,0.369366975436193,0.3409090909090909,1.8948222211441272,inside,13.93931099228243,inside,True
SR-p53,GWZMWHWAWHPNHN-UHFFFAOYSA-N,4811,0.5756214360352291,0.5151515151515151,2.517801599102803,inside,13.415102598373366,inside,False
SR-p53,MVQVNTPHUGQQHK-UHFFFAOYSA-N,4811,0.40012547838634793,0.3611111111111111,2.5104068843743885,inside,9.182317042599086,inside,True
SR-p53,ZWVMLYRJXORSEP-UHFFFAOYSA-N,4811,0.4195823784059078,0.3333333333333333,2.835369258038474,inside,12.20194731655774,inside,False
SR-p53,BIDNLKIUORFRQP-FKDWWROVSA-N,4811,0.31294538794538795,0.2857142857142857,5.5722491768191595,inside,28.054422706121883,borderline,True
SR-p53,GPRBEKHLDVQUJE-VINNURBNSA-N,4811,0.5457042233706804,0.5,5.187873168591753,inside,20.577768529838817,inside,True
SR-p53,WHXMKTBCFHIYNQ-SECBINFHSA-N,4811,0.25519504097935475,0.18055555555555555,1.8939126369069923,inside,14.772201587716093,inside,True
SR-p53,MCGSCOLBFJQGHM-PSASIEDQSA-N,4811,0.32040087217435775,0.3076923076923077,2.8321410379312226,inside,16.189751427291643,inside,True
SR-p53,QNPHCSSJLHAKSA-UHFFFAOYSA-N,4811,0.37637693359639735,0.33962264150943394,2.0972508773155454,inside,11.286030941919023,inside,True
SR-p53,USYQKCQEVBFJRP-UHFFFAOYSA-N,4811,0.48620857699805065,0.4074074074074074,2.4936938898901495,inside,10.796747457210945,inside,True
SR-p53,KTADSLDAUJLZGL-UHFFFAOYSA-N,4811,0.3591406349611118,0.3181818181818182,2.4927025082912593,inside,13.740633110398173,inside,True
SR-p53,QGFORSXNKQLDNO-UHFFFAOYSA-N,4811,0.2112560669307816,0.20512820512820512,1.6777993468959118,inside,10.766427682879256,inside,True
SR-p53,OYSKUZDIHNKWLV-PRUAPSLNSA-N,4811,0.25286713286713286,0.24285714285714285,7.616094506479168,borderline,27.290217517325452,borderline,True
SR-p53,WWVMHGUBIOZASN-UHFFFAOYSA-N,4811,0.2678941743549478,0.2,2.5571052078275565,inside,11.028213796642836,inside,True
SR-p53,JARKCYVAAOWBJS-UHFFFAOYSA-N,4811,0.865,0.7,2.9909834264311734,inside,13.30746633582369,inside,False
SR-p53,MNWFXJYAOYHMED-UHFFFAOYSA-N,4811,1.0,1.0,2.4636533653300923,inside,14.594673013187533,inside,False
SR-p53,MKUXAQIIEYXACX-UHFFFAOYSA-N,4811,0.26370197196166656,0.22580645161290322,2.991646977289454,inside,12.723945518622843,inside,True
SR-p53,PWACSDKDOHSSQD-IUTFFREVSA-N,4811,0.29986949598964296,0.26865671641791045,2.342873577228513,inside,14.22941403865196,inside,True
SR-p53,NALZTFARIYUCBY-UHFFFAOYSA-N,4811,0.4895767644918748,0.3548387096774194,2.8514773885491462,inside,11.435912646013426,inside,False
SR-p53,BXPMAGSOWXBZHS-WEVVVXLNSA-N,4811,0.383633125726149,0.29545454545454547,2.1058310133515636,inside,12.862103675356499,inside,False
SR-p53,YFGYUFNIOHWBOB-UHFFFAOYSA-N,4811,0.2798550724637681,0.24444444444444444,1.4190858730702591,inside,9.630778296195578,inside,True
SR-p53,MUQUYTSLDVKIOF-BBMNSBIFSA-N,4811,0.18849410142111847,0.171875,8.93961244456449,borderline,16.082375605995995,inside,True
SR-p53,KLPWJLBORRMFGK-UHFFFAOYSA-N,4811,0.26606616887165885,0.25,1.1502290640128985,inside,12.405825519382628,inside,True
SR-p53,ZQBAKBUEJOMQEX-UHFFFAOYSA-N,4811,0.5473971032160688,0.5185185185185185,1.2002531245873773,inside,11.692095576870567,inside,True
SR-p53,NFGXHKASABOEEW-GYMWBFJFSA-N,4811,0.4426737810978457,0.28,2.7722218164381087,inside,15.467166645904483,inside,False
SR-p53,BPEGJWRSRHCHSN-UHFFFAOYSA-N,4811,0.2674413472706155,0.25,3.024132766639859,inside,12.009466182687454,inside,True
SR-p53,OYNVHVAEOLJJPV-UHFFFAOYSA-N,4811,0.24221327060036738,0.22727272727272727,2.901339242323724,inside,12.894454878331265,inside,True
SR-p53,MMDWBZHWHFGVHF-UHFFFAOYSA-N,4811,0.49047726843991696,0.4444444444444444,4.474656307881531,inside,14.144863656574692,inside,True
SR-p53,DIDYGLSKVUKRRP-UHFFFAOYSA-N,4811,0.5112430240055178,0.4583333333333333,2.1405178697848153,inside,13.867655960956847,inside,True
SR-p53,KEVYVLWNCKMXJX-UHFFFAOYSA-N,4811,0.42489397012723584,0.3939393939393939,3.466135527360495,inside,14.49060312441633,inside,False
SR-p53,VHNQIURBCCNWDN-UHFFFAOYSA-N,4811,0.3623429951690821,0.34782608695652173,2.7735573205083375,inside,15.600301839078607,inside,True
SR-p53,GFMMXOIFOQCCGU-UHFFFAOYSA-N,4811,0.3424384529989878,0.24390243902439024,2.859500158915488,inside,13.757804540640127,inside,True
SR-p53,UXXQOJXBIDBUAC-UHFFFAOYSA-N,4811,0.31417609351432885,0.29411764705882354,6.2761614035262205,borderline,21.512073534681473,inside,True
SR-p53,VBLJFQYCTRKKKF-UHFFFAOYSA-N,4811,0.3208172458172458,0.3,1.6664334541421677,inside,11.436088871405545,inside,True
SR-p53,AJKVQEKCUACUMD-UHFFFAOYSA-N,4811,0.41740053050397874,0.3793103448275862,2.412150415727068,inside,11.373522963271785,inside,True
SR-p53,QCHFTSOMWOSFHM-WPRPVWTQSA-N,4811,0.21222608269026932,0.20833333333333334,1.3050440682889328,inside,12.005558048586495,inside,True
SR-p53,NQQVFXUMIDALNH-UHFFFAOYSA-N,4811,0.3157460317460317,0.2777777777777778,1.601368454319001,inside,11.795970006961292,inside,True
SR-p53,KQIKKETXZQDHGE-FOCLMDBBSA-N,4811,0.4511278195488721,0.42105263157894735,1.7098336046235096,inside,12.682729556848896,inside,True
SR-p53,SAOKZLXYCUGLFA-UHFFFAOYSA-N,4811,0.8511550532337517,0.6774193548387096,4.19809592449588,inside,19.581073384284732,inside,False
SR-p53,NXFQHRVNIOXGAQ-UHFFFAOYSA-N,4811,0.4178402737613264,0.3125,2.3040019804181497,inside,13.545923323843555,inside,True
SR-p53,SRBFZHDQGSBBOR-AGQMPKSLSA-N,4811,0.2812511052166225,0.19230769230769232,3.624904370125123,inside,11.744017868971811,inside,True
SR-p53,PFNHSEQQEPMLNI-UHFFFAOYSA-N,4811,0.46437198067632846,0.375,2.9110676959732302,inside,13.544297981184078,inside,False
SR-p53,LVDKZNITIUWNER-UHFFFAOYSA-N,4811,0.45406625258799166,0.35,2.81911737313619,inside,11.159666797815303,inside,False
SR-p53,AKNUHUCEWALCOI-UHFFFAOYSA-N,4811,0.6258333333333334,0.55,2.720276860888829,inside,11.996048836428049,inside,False
SR-p53,UFUVLHLTWXBHGZ-MGZQPHGTSA-N,4811,0.18830977127693183,0.1836734693877551,4.886701099786177,inside,24.547834399453738,inside,True
SR-p53,RSUVYMGADVXGOU-BUHFOSPRSA-N,4811,0.35483938831467443,0.3103448275862069,2.2611748355245016,inside,14.137093558904219,inside,True
SR-p53,OWDANLZJJOCPBK-UHFFFAOYSA-N,4811,0.2954126545428113,0.28205128205128205,2.462288498057224,inside,12.305910474190528,inside,True
SR-p53,QRZAKQDHEVVFRX-UHFFFAOYSA-N,4811,0.5180488448230384,0.43333333333333335,1.4348015640473262,inside,10.820211061835197,inside,True
SR-p53,KQTVWCSONPJJPE-UHFFFAOYSA-N,4811,0.22069099228353176,0.21621621621621623,1.4785735892871137,inside,10.699336324178445,inside,True
SR-p53,YHUVMHKAHWKQBI-UHFFFAOYSA-N,4811,0.3955305332964908,0.36363636363636365,1.4137496485252041,inside,12.17495597829393,inside,True
SR-p53,JCYPECIVGRXBMO-UHFFFAOYSA-N,4811,0.5415541447799511,0.5161290322580645,1.6023704009632511,inside,14.436582329177787,inside,True
SR-p53,YRKCREAYFQTBPV-UHFFFAOYSA-N,4811,0.5337669683257917,0.5,2.993074150422521,inside,10.185712932085485,inside,False
SR-p53,MBMQEIFVQACCCH-LBPRGKRZSA-N,4811,0.3033259065200891,0.22784810126582278,1.7752978498627443,inside,15.028401863634482,inside,True
SR-p53,JAYAGJDXJIDEKI-PTGWOZRBSA-N,4811,0.49713514603387915,0.22302158273381295,14.322002561181435,outside,51.62630105649885,outside,True
SR-p53,WHLUQAYNVOGZST-UHFFFAOYSA-N,4811,0.4210767174002468,0.375,2.3050321208997966,inside,11.425380721352578,inside,True
SR-p53,YFGQJKBUXPKSAW-XBBQASNWSA-N,4811,0.43163727035678684,0.23577235772357724,13.703053607527178,outside,40.0837648441052,borderline,True
SR-p53,JVTAAEKCZFNVCJ-UHFFFAOYSA-N,4811,0.47444444444444445,0.4166666666666667,3.2319720727550907,inside,9.611387020151072,inside,False
SR-p53,XASIMHXSUQUHLV-UHFFFAOYSA-N,4811,0.3697391205285942,0.3090909090909091,3.632943630620188,inside,17.608346819435294,inside,True
SR-p53,OILUAKBAMVLXGF-UHFFFAOYSA-N,4811,0.49517133575478606,0.4444444444444444,2.312226028422476,inside,11.661800825199503,inside,False
SR-p53,IBDVWXAVKPRHCU-UHFFFAOYSA-N,4811,0.6137301587301588,0.5666666666666667,2.0282301255933564,inside,12.726229972428767,inside,False
SR-p53,IJAPPYDYQCXOEF-UHFFFAOYSA-N,4811,0.3275501483129403,0.2903225806451613,2.005821873129231,inside,15.119596509121038,inside,True
SR-p53,YWFWDNVOPHGWMX-UHFFFAOYSA-N,4811,0.8800000000000001,0.6666666666666666,2.9309803904814253,inside,12.678509707630717,inside,False
SR-p53,SHOJXDKTYKFBRD-UHFFFAOYSA-N,4811,0.35173160173160173,0.3125,3.1480904344259906,inside,10.548028485074008,inside,False
SR-p53,DDVNRFNDOPPVQJ-HQJQHLMTSA-N,4811,0.3073746866951537,0.28169014084507044,2.0674386570363246,inside,12.07651333814611,inside,True
SR-p53,QLAJPGCDKRPRKU-UYTYNIKBSA-N,4811,0.2548180960293066,0.2459016393442623,3.7602779949624794,inside,16.658057018582895,inside,True
SR-p53,VOKSWYLNZZRQPF-GDIGMMSISA-N,4811,0.4626482219155812,0.3387096774193548,1.7181577125719727,inside,27.359409857867558,borderline,True
SR-p53,OVRNDRQMDRJTHS-RTRLPJTCSA-N,4811,0.37795402945867346,0.3137254901960784,3.8880566316107514,inside,13.55944526693518,inside,True
SR-p53,MGBDANYXBKROBW-UHFFFAOYSA-N,4811,0.2749272434094956,0.25,2.695956836794332,inside,10.9144595614196,inside,True
SR-p53,UHGULLIUJBCTEF-UHFFFAOYSA-N,4811,0.39602837739510066,0.2894736842105263,2.067604406160663,inside,16.180760699521475,inside,True
SR-p53,LMTIGABGABPAGU-UHFFFAOYSA-N,4811,0.31768171344784246,0.2857142857142857,1.7432459249338312,inside,10.627577171991573,inside,True
SR-p53,PZYDAVFRVJXFHS-UHFFFAOYSA-N,4811,0.3561390963504423,0.3333333333333333,2.2520930793589686,inside,13.65639534391079,inside,True
SR-p53,YDDGKXBLOXEEMN-IABMMNSOSA-N,4811,0.38567937249181994,0.3448275862068966,6.144193159872627,borderline,11.874353642204019,inside,True
SR-p53,NZWOPGCLSHLLPA-UHFFFAOYSA-N,4811,0.5215099715099715,0.4583333333333333,2.4601046317714386,inside,10.637626329692884,inside,False
SR-p53,XFSAZBKSWGOXRH-UHFFFAOYSA-N,4811,0.4676666666666667,0.44,1.9691060568377692,inside,10.433589747484843,inside,False
SR-p53,SIOXPEMLGUPBBT-UHFFFAOYSA-N,4811,0.4019047619047619,0.36666666666666664,2.2902566819299355,inside,11.896331802670947,inside,True
SR-p53,ZDXUKAKRHYTAKV-UHFFFAOYSA-N,4811,0.3718192417039921,0.2676056338028169,7.09331737551608,borderline,19.850137689834078,inside,True
SR-p53,DYLGFOYVTXJFJP-MYYYXRDXSA-N,4811,0.27295165586210357,0.25,5.774866948605326,inside,14.414172853808177,inside,True
SR-p53,WBXPDJSOTKVWSJ-ZDUSSCGKSA-N,4811,0.3231233012828291,0.2876712328767123,5.8569289670902105,borderline,22.899076115472813,inside,True
SR-p53,QHOQHJPRIBSPCY-UHFFFAOYSA-N,4811,0.3183487940630797,0.3,1.8081074067372342,inside,12.566511177459208,inside,True
SR-p53,TYZROVQLWOKYKF-ZDUSSCGKSA-N,4811,0.26137607294910664,0.25,1.90940305446103,inside,13.914875133728344,inside,True
SR-p53,IEMAQDHGZOPMNI-UHFFFAOYSA-N,4811,0.1956551547590887,0.18309859154929578,4.70650505547443,inside,16.71609874975499,inside,True
SR-p53,NSFFHOGKXHRQEW-DVRIZHICSA-N,4811,0.14445914148478864,0.12953367875647667,29.00822944270525,outside,70.95466734008947,outside,True
SR-p53,FYZBOYWSHKHDMT-UHFFFAOYSA-N,4811,0.2645891464201323,0.25,3.0195846511428726,inside,16.220542122212724,inside,True
SR-p53,LJOZMWRYMKECFF-UHFFFAOYSA-N,4811,0.4723809523809524,0.42424242424242425,1.6334905592601103,inside,13.513744367671729,inside,True
SR-p53,IKVXBIIHQGXQRQ-UHFFFAOYSA-N,4811,0.35105837424986364,0.3269230769230769,2.2074095861186604,inside,11.933384976820367,inside,True
SR-p53,VPJXQGSRWJZDOB-UHFFFAOYSA-O,4811,0.510952380952381,0.4,2.4527059597048466,inside,11.380051252401493,inside,False
SR-p53,KHPXUQMNIQBQEV-UHFFFAOYSA-N,4811,0.4014285714285714,0.35714285714285715,2.96110832307913,inside,9.888123488954042,inside,False
SR-p53,DFPAKSUCGFBDDF-UHFFFAOYSA-N,4811,0.4856239316239316,0.4358974358974359,2.3618149219035045,inside,10.97598529407412,inside,True
SR-p53,IDYZIJYBMGIQMJ-UHFFFAOYSA-N,4811,0.5170487398072646,0.4507042253521127,2.276857211940613,inside,13.317165049215056,inside,True
SR-p53,AFJYYKSVHJGXSN-QXOQAUICSA-N,4811,0.18961087209079652,0.18493150684931506,9.29344936028741,borderline,30.048458155878016,borderline,True
SR-p53,NPGNOVNWUSPMDP-HLLBOEOZSA-N,4811,0.34632382799227635,0.2988505747126437,3.3993641899942286,inside,16.634497947292957,inside,True
SR-p53,DVBLPJWQXDCAKU-UHFFFAOYSA-N,4811,0.33483417755534217,0.29545454545454547,2.8334354400093584,inside,18.735565926716163,inside,True
SR-p53,VSJRBQDMBFFHMC-UHFFFAOYSA-N,4811,0.4066439393939394,0.36363636363636365,2.32739761823627,inside,10.230516664465279,inside,True
SR-p53,CWKLZLBVOJRSOM-UHFFFAOYSA-N,4811,0.4681979458450046,0.4117647058823529,3.1291083728258697,inside,10.70533120093835,inside,False
SR-p53,NXQMCAOPTPLPRL-UHFFFAOYSA-N,4811,0.6685594811401263,0.6129032258064516,1.9897474417092031,inside,12.865193693789696,inside,True
SR-p53,MVCSJYRFFFDKCX-UHFFFAOYSA-N,4811,0.4898434898434898,0.42857142857142855,2.1079358846529432,inside,10.652942980368577,inside,False
SR-p53,XFCMNSHQOZQILR-UHFFFAOYSA-N,4811,0.7638923395445134,0.6071428571428571,1.9580091748690163,inside,13.14742518364093,inside,False
SR-p53,UPMLOUAZCHDJJD-UHFFFAOYSA-N,4811,0.4227810421165129,0.3333333333333333,1.3496338865268391,inside,10.66914016359169,inside,True
SR-p53,KJFMBFZCATUALV-UHFFFAOYSA-N,4811,0.4581002331002331,0.375,2.61410781586004,inside,18.430698707551215,inside,True
SR-p53,VHGCDTVCOLNTBX-QGZVFWFLSA-N,4811,0.33535310493348913,0.30434782608695654,1.506938354771597,inside,14.39038532848266,inside,True
SR-p53,NUKYPUAOHBNCPY-UHFFFAOYSA-N,4811,0.4322276278932626,0.3684210526315789,2.7392324015019995,inside,10.63346214525705,inside,True
SR-p53,CDKCEZNPAYWORX-UHFFFAOYSA-N,4811,0.5807017543859649,0.5555555555555556,2.828497278757279,inside,10.974811754113638,inside,True
SR-p53,JLIDVCMBCGBIEY-UHFFFAOYSA-N,4811,0.43654244306418216,0.3888888888888889,3.2192399665149596,inside,9.139478991172187,inside,False
SR-p53,ZMNSRFNUONFLSP-UHFFFAOYSA-N,4811,0.36513707930088113,0.34,0.9692073628199827,inside,10.520370997823296,inside,True
SR-p53,NYPJDWWKZLNGGM-RPWUZVMVSA-N,4811,0.45096294255407077,0.4264705882352941,3.924766281186232,inside,16.313388105113884,inside,True
SR-p53,GJJQIGFCGLPOQK-UHFFFAOYSA-N,4811,0.31706810520369844,0.30303030303030304,1.7351999973642518,inside,11.533295287754125,inside,True
SR-p53,PZRKPUQWIFJRKZ-UHFFFAOYSA-N,4811,0.3773123793768955,0.28,4.306201556837031,inside,16.83061510745403,inside,True
SR-p53,NNULBSISHYWZJU-LLKWHZGFSA-N,4811,0.514241389870804,0.32967032967032966,3.9545340068781143,inside,22.469440430064164,inside,True
SR-p53,GWLFIMOOGVXSMZ-UHFFFAOYSA-N,4811,0.26520562651195967,0.24358974358974358,3.712019514536153,inside,22.99265009859495,inside,True
SR-p53,YZBOZNXACBQJHI-UHFFFAOYSA-N,4811,0.49111111111111116,0.4,2.7401764400413104,inside,10.105293275687822,inside,False
SR-p53,CYHBDKTZDLSRMY-UHFFFAOYSA-N,4811,0.6330484330484331,0.6153846153846154,2.2350535347043023,inside,13.852373038417554,inside,False
SR-p53,YKOCPBMVMBUTAX-UHFFFAOYSA-N,4811,0.45211425315208337,0.3829787234042553,1.3059558577182033,inside,13.527808628266316,inside,True
SR-p53,XDXDZDZNSLXDNA-TZNDIEGXSA-N,4811,0.24077803985568536,0.2222222222222222,6.165870372232592,borderline,15.899373456604348,inside,True
SR-p53,PWXTUWQHMIFLKL-UHFFFAOYSA-N,4811,0.3594938759100349,0.2564102564102564,4.594807254268194,inside,10.50577361115761,inside,True
SR-p53,GXVUZYLYWKWJIM-UHFFFAOYSA-N,4811,0.5346753246753246,0.35,3.203850853972281,inside,9.911271785262473,inside,False
SR-p53,JKRZOJADNVOXPM-UHFFFAOYSA-N,4811,0.6207509881422925,0.5833333333333334,1.9675660815573144,inside,11.238541039940396,inside,False
SR-p53,NGOGFTYYXHNFQH-UHFFFAOYSA-N,4811,0.23278667695351682,0.2222222222222222,1.5493553739646733,inside,13.813143332953826,inside,True
SR-p53,KTALPKYXQZGAEG-UHFFFAOYSA-N,4811,0.3273943034893799,0.3076923076923077,2.6086959955577855,inside,11.358524695793607,inside,True
SR-p53,KAPCRJOPWXUMSQ-UHFFFAOYSA-N,4811,0.3473077862551547,0.2894736842105263,4.975489214087665,inside,11.291298040375803,inside,True
SR-p53,TUNFSRHWOTWDNC-UHFFFAOYSA-N,4811,1.0,1.0,2.747359183930494,inside,14.594673013187533,inside,False
SR-p53,QIONYIKHPASLHO-UHFFFAOYSA-N,4811,0.4216666666666667,0.3333333333333333,2.64841982950021,inside,10.474438233356656,inside,False
SR-p53,KFPBGJYBKSQIAI-UHFFFAOYSA-N,4811,0.2713619864708794,0.22727272727272727,1.9906353072812333,inside,16.169760310540475,inside,True
SR-p53,KXJLGCBCRCSXQF-UHFFFAOYSA-N,4811,0.3929653679653679,0.35,2.659836692034757,inside,10.361629050970231,inside,False
SR-p53,REEQLXCGVXDJSQ-UHFFFAOYSA-N,4811,0.43102386525855535,0.37142857142857144,0.8638479405801962,inside,13.676974844497925,inside,True
SR-p53,KSFOVUSSGSKXFI-UHFFFAOYSA-N,4811,0.2065301649047134,0.19642857142857142,7.23865114632144,borderline,20.26108548885599,inside,True
SR-p53,POPNTVRHTZDEBW-UHFFFAOYSA-N,4811,0.5865679965679965,0.4722222222222222,2.1359600105570498,inside,12.729983955429658,inside,False
SR-p53,AUZONCFQVSMFAP-UHFFFAOYSA-N,4811,0.43025752347491475,0.36,2.3148560173078,inside,11.851184901954351,inside,False
SR-p53,DRLMMVPCYXFPEP-UHFFFAOYSA-N,4811,0.37159438162160485,0.2916666666666667,2.293967901498383,inside,14.269523055980597,inside,True
SR-p53,ZBPLOVFIXSTCRZ-UHFFFAOYSA-N,4811,0.32265331579617296,0.3076923076923077,1.5149736139082886,inside,12.234786441524715,inside,True
SR-p53,ASMQGLCHMVWBQR-UHFFFAOYSA-N,4811,0.5572510822510822,0.4583333333333333,1.0590907084209904,inside,8.78714237813743,inside,True
SR-p53,FCJSHPDYVMKCHI-UHFFFAOYSA-N,4811,0.5554782608695652,0.5,1.723650773695465,inside,11.761812927733521,inside,True
SR-p53,FBPFZTCFMRRESA-KVTDHHQDSA-N,4811,0.5776441102756893,0.5238095238095238,4.727951215361396,inside,12.568114665602524,inside,False
SR-p53,PQKBPHSEKWERTG-UHFFFAOYSA-N,4811,0.38636288998357965,0.31666666666666665,2.9894769267471304,inside,12.667133266612883,inside,True
SR-p53,IITCWRFYJWUUPC-UHFFFAOYSA-N,4811,0.5231495405179616,0.4722222222222222,1.1891871703088177,inside,11.072797306581826,inside,True
SR-p53,IDCPFAYURAQKDZ-UHFFFAOYSA-N,4811,0.3224912280701754,0.28,3.6387908103451743,inside,12.933190275735663,inside,False
SR-p53,OCAXFDULERPAJM-UHFFFAOYSA-N,4811,0.41085018756591507,0.3275862068965517,2.8153397837134735,inside,11.356144979074976,inside,True
SR-p53,TVURRHSHRRELCG-UHFFFAOYSA-N,4811,0.24866565166063018,0.22727272727272727,2.3507155887599454,inside,12.655627226181505,inside,True
SR-p53,WGZDBVOTUVNQFP-UHFFFAOYSA-N,4811,0.3322758194186765,0.32653061224489793,1.3589236685218278,inside,11.101042630224349,inside,True
SR-p53,SFVWPXMPRCIVOK-UHFFFAOYSA-N,4811,0.6675324675324675,0.375,2.2978674089022024,inside,10.94474409881591,inside,True
SR-p53,ZHKXBELKPQXYEH-UHFFFAOYSA-N,4811,0.47443737855502566,0.43243243243243246,1.2957700376539998,inside,12.324379260545289,inside,True
SR-p53,YLWYNCPRXFCNLQ-UHFFFAOYSA-N,4811,0.35720275531596285,0.28205128205128205,1.0859829050363525,inside,10.893198288324097,inside,True
SR-p53,QGMGHALXLXKCBD-UHFFFAOYSA-N,4811,0.4118892913959328,0.38235294117647056,2.0903889213686426,inside,12.607115747355664,inside,True
SR-p53,IHRPDXFOMLCPIK-UHFFFAOYSA-N,4811,0.4828347743546357,0.42857142857142855,1.4072644762881743,inside,10.798850508860939,inside,True
SR-p53,YLQLIQIAXYRMDL-UHFFFAOYSA-N,4811,0.573120082815735,0.42857142857142855,2.4826864313651886,inside,17.47389918740321,inside,False
SR-p53,PKVRCIRHQMSYJX-AIFWHQITSA-N,4811,0.20105876194061606,0.19658119658119658,10.712404858358314,borderline,22.384637065364245,inside,True
SR-p53,UPBAOYRENQEPJO-UHFFFAOYSA-N,4811,0.22092523056653493,0.21212121212121213,6.599073852693241,borderline,13.985118132990294,inside,True
SR-p53,ZAFYATHCZYHLPB-UHFFFAOYSA-N,4811,0.2543216534049148,0.24561403508771928,2.3914479211646857,inside,12.959488280291435,inside,True
SR-p53,PQLXHQMOHUQAKB-UHFFFAOYSA-N,4811,0.5131648936170213,0.40625,4.750716118549658,inside,19.845394415628107,inside,False
SR-p53,VRDIULHPQTYCLN-UHFFFAOYSA-N,4811,0.2715815178973074,0.2571428571428571,1.428526433463917,inside,9.37815304990301,inside,True
SR-p53,BMTAFVWTTFSTOG-UHFFFAOYSA-N,4811,0.4568902543096092,0.37037037037037035,2.327306999173017,inside,9.574608524972152,inside,False
SR-p53,KMPQYAYAQWNLME-UHFFFAOYSA-N,4811,0.9029411764705882,0.75,2.6934855473140646,inside,13.984851586004007,inside,False
SR-p53,VHRUBWHAOUIMDW-UHFFFAOYSA-N,4811,0.7125238095238096,0.5416666666666666,2.32123294457731,inside,13.035274074372426,inside,False
SR-p53,MIQPIUSUKVNLNT-UHFFFAOYSA-N,4811,0.4626077388593434,0.42105263157894735,1.6108231335038374,inside,15.803591411728096,inside,True
SR-p53,OOGJQPCLVADCPB-HXUWFJFHSA-N,4811,0.327035830947518,0.3170731707317073,2.372031601101822,inside,12.67129836586825,inside,True
SR-p53,OPNPQXLQERQBBV-UHFFFAOYSA-N,4811,0.34120331069609505,0.3225806451612903,2.299807711950048,inside,9.663387429743713,inside,False
SR-p53,GJAWHXHKYYXBSV-UHFFFAOYSA-N,4811,0.4443183170319601,0.41379310344827586,1.9602255379255922,inside,11.842439768519865,inside,True
SR-p53,OWBTYPJTUOEWEK-UHFFFAOYSA-N,4811,0.4607142857142857,0.4166666666666667,3.20575637986136,inside,9.40788531385668,inside,False
SR-p53,FRQDZJMEHSJOPU-UHFFFAOYSA-N,4811,0.6007843137254902,0.47058823529411764,4.574682003761584,inside,18.02953791542101,inside,False
SR-p53,ODJUOZPKKHIEOZ-UHFFFAOYSA-N,4811,0.4238181818181818,0.36,1.7875900033860417,inside,10.466976263389425,inside,True
SR-p53,AHHWIHXENZJRFG-UHFFFAOYSA-N,4811,0.3424908424908425,0.2857142857142857,3.676980048852675,inside,10.520154489342223,inside,True
SR-p53,IQOMYCGTGFGDFN-UHFFFAOYSA-N,4811,0.43361200378040793,0.40540540540540543,1.6336998430941188,inside,14.61810920085493,inside,True
SR-p53,XVAPNQFQPDAROQ-KBADXSOQSA-N,4811,0.36319864365198345,0.22485207100591717,14.322177849503651,outside,35.392558026517335,borderline,True
SR-p53,YFEDJMLMWJSRJJ-UHFFFAOYSA-N,4811,0.32347333372276416,0.3,1.281577254116885,inside,14.673860028238042,inside,True
SR-p53,LLECMGGNFBKPRH-UHFFFAOYSA-N,4811,0.5216267942583732,0.5,1.3148838490999926,inside,12.177447800613951,inside,True
SR-p53,GRIATXVEXOFBGO-UHFFFAOYSA-N,4811,0.35546626203589227,0.3333333333333333,1.8839455331810204,inside,13.328915453053021,inside,True
SR-p53,YEBCRAVYUWNFQT-UHFFFAOYSA-N,4811,0.3484146484146485,0.3142857142857143,1.5801358313139857,inside,12.828230586049271,inside,True
SR-p53,KZHGPDSVHSDCMX-UHFFFAOYSA-N,4811,0.40290273556231,0.37142857142857144,1.573983800938935,inside,12.927881656910063,inside,True
SR-p53,KOYJWFGMEBETBU-UHFFFAOYSA-N,4811,0.41553087263613575,0.375,1.3160873717132813,inside,14.661710953717446,inside,True
SR-p53,MNTALGTVSQTALQ-UHFFFAOYSA-N,4811,0.3462637362637363,0.23809523809523808,2.941757890034495,inside,10.088859553555244,inside,False
SR-p53,DWPYQDGDWBKJQL-UHFFFAOYSA-N,4811,0.5146782106782106,0.4444444444444444,2.255369626210479,inside,10.229728194595472,inside,True
SR-p53,XEDWWPGWIXPVRQ-UHFFFAOYSA-N,4811,0.37388010129945615,0.3333333333333333,3.8162852459204264,inside,15.133435104070633,inside,True
SR-p53,CBVCZFGXHXORBI-PXQQMZJSSA-N,4811,0.23419984542784436,0.22608695652173913,7.003211140472302,borderline,21.109447908146645,inside,True
SR-p53,SNTQPLDRUZOSDP-UHFFFAOYSA-N,4811,0.4799605796553868,0.43137254901960786,2.7278786102073225,inside,15.077983527817977,inside,True
SR-p53,HTSNFXAICLXZMA-CYBMUJFWSA-N,4811,0.3184940862901882,0.30434782608695654,1.1923734071128795,inside,11.421256196245244,inside,True
SR-p53,NCHJIJCRXQRDGU-UHFFFAOYSA-N,4811,0.4974396841983048,0.4482758620689655,2.233548299129145,inside,14.919226283831298,inside,False
SR-p53,WDECIBYCCFPHNR-UHFFFAOYSA-N,4811,0.654054834054834,0.5555555555555556,3.6638396568131113,inside,17.43447693139918,inside,True
SR-p53,JTEDVYBZBROSJT-UHFFFAOYSA-N,4811,0.40853997603150144,0.3559322033898305,1.3791789230473601,inside,11.708151381046681,inside,True
SR-p53,AADVZSXPNRLYLV-GKMXPDSGSA-N,4811,0.2813401514451935,0.2549019607843137,2.9774772791175814,inside,13.878890851054544,inside,True
SR-p53,UQLLWWBDSUHNEB-CZUORRHYSA-N,4811,0.5059166173420249,0.43373493975903615,3.579399385646218,inside,21.349152969685477,inside,True
SR-p53,OBZHEBDUNPOCJG-WBXJDKIVSA-N,4811,0.38049551392321873,0.2608695652173913,5.8117245423825015,inside,16.716531739337896,inside,True
SR-p53,MTZBBNMLMNBNJL-UHFFFAOYSA-N,4811,0.3735352368112732,0.3492063492063492,2.4932840790147797,inside,12.493030193085637,inside,True
SR-p53,SRBFZHDQGSBBOR-IOVATXLUSA-N,4811,0.2908377192982456,0.2,3.624904370125123,inside,11.21814458876364,inside,True
SR-p53,HUNXMJYCHXQEGX-UHFFFAOYSA-N,4811,0.23429992892679458,0.2222222222222222,2.509824627990062,inside,13.927134505969518,inside,True
SR-p53,UTSYWKJYFPPRAP-UHFFFAOYSA-N,4811,0.47623525899387964,0.42857142857142855,2.1288909428171365,inside,13.460389193640635,inside,False
SR-p53,QUAMTGJKVDWJEQ-UHFFFAOYSA-N,4811,0.4778891781012672,0.4444444444444444,2.5226818281694343,inside,16.640280500015397,inside,True
SR-p53,KXRZBTAEDBELFD-UHFFFAOYSA-N,4811,0.5640305043793415,0.5227272727272727,2.044669194780233,inside,13.58878454664344,inside,True
SR-p53,HLLICFJUWSZHRJ-UHFFFAOYSA-N,4811,0.3391941391941392,0.2857142857142857,1.1381737422509437,inside,14.016272692056715,inside,True
SR-p53,LVVXOXRUTDAKFE-UHFFFAOYSA-N,4811,0.3618378845945913,0.3469387755102041,2.5062548887546745,inside,11.988677097229386,inside,True
SR-p53,SDMSCIWHRZJSRN-UHFFFAOYSA-N,4811,0.36430591366981574,0.34,1.8926214859835393,inside,11.290926754541685,inside,True
SR-p53,OAYXUHPQHDHDDZ-UHFFFAOYSA-N,4811,0.8555555555555555,0.7619047619047619,2.3338911693170985,inside,15.269188951607454,inside,False
SR-p53,VOCYGZAHYQXJOF-UHFFFAOYSA-N,4811,0.36743234819011217,0.3333333333333333,4.807926821617968,inside,14.965812030890026,inside,True
SR-p53,GJJSUPSPZIZYPM-UHFFFAOYSA-N,4811,0.8555555555555555,0.7777777777777778,1.6767292997104113,inside,11.395935325696948,inside,True
SR-p53,VBQRUYIOTHNGOP-UHFFFAOYSA-N,4811,0.2850834350834351,0.25,1.993702611646382,inside,12.065063859131339,inside,True
SR-p53,SKCNNQDRNPQEFU-UHFFFAOYSA-N,4811,0.5347368421052632,0.47368421052631576,2.32410490836514,inside,10.773053745826402,inside,False
SR-p53,PYAHGCWYQOISIP-OXDKKKEHSA-N,4811,0.21599020400522279,0.19047619047619047,23.683179694012928,outside,41.4889985534433,outside,True
SR-p53,USSIQXCVUWKGNF-UHFFFAOYSA-N,4811,0.36885273568029164,0.3488372093023256,2.1542951592449087,inside,10.810597393959226,inside,True
SR-p53,OGGXGZAMXPVRFZ-UHFFFAOYSA-N,4811,0.2249206349206349,0.2,3.2795432637733386,inside,9.24410118578586,inside,False
SR-p53,WXNRYSGJLQFHBR-UHFFFAOYSA-N,4811,0.43654711105985466,0.34615384615384615,2.223071468474784,inside,13.403681574388042,inside,True
SR-p53,ALIVXCSEERJYHU-UHFFFAOYSA-N,4811,0.346,0.3,1.9160938338403353,inside,12.998675932628428,inside,True
SR-p53,WVLHGCRWEHCIOT-UHFFFAOYSA-N,4811,0.30537283835642837,0.22580645161290322,1.4500435455777956,inside,11.300748310290224,inside,True
SR-p53,HTGCJAAPDHZCHL-UHFFFAOYSA-N,4811,0.3374494022405308,0.2682926829268293,4.916802864712752,inside,15.928984912727797,inside,True
SR-p53,IUJLOAKJZQBENM-UHFFFAOYSA-N,4811,0.36297005046037556,0.234375,1.4276174095092944,inside,11.507363546028753,inside,True
SR-p53,CMAUJSNXENPPOF-UHFFFAOYSA-N,4811,0.35824167923005135,0.22916666666666666,3.0112268628147882,inside,13.368775874096105,inside,True
SR-p53,ZOLLIQAKMYWTBR-UHFFFAOYSA-N,4811,0.40717703349282297,0.25,2.791067889847226,inside,9.800929258006692,inside,True
SR-p53,FVNFBBAOMBJTST-UHFFFAOYSA-N,4811,0.3515166021699291,0.3090909090909091,1.2340259001837275,inside,11.783778497275684,inside,True
SR-p53,XVBWGQSXLITICX-UHFFFAOYSA-N,4811,0.35840455840455837,0.2962962962962963,2.251308146544286,inside,11.766915017777873,inside,True
SR-p53,SFPNZPQIIAJXGL-UHFFFAOYSA-N,4811,0.6803132664437012,0.6153846153846154,2.234601925450457,inside,14.618390130304013,inside,False
SR-p53,HRBKVYFZANMGRE-UHFFFAOYSA-N,4811,0.39998383285660993,0.3023255813953488,1.4197031234076036,inside,10.194707034485779,inside,True
SR-p53,XERJKGMBORTKEO-VZUCSPMQSA-N,4811,0.2594907598666997,0.23076923076923078,2.694375816016726,inside,10.802640011032349,inside,False
SR-p53,LXANPKRCLVQAOG-NSHDSACASA-N,4811,0.21356485122784746,0.20588235294117646,1.6194599876451279,inside,13.96521696053065,inside,True
SR-p53,TXVHTIQJNYSSKO-UHFFFAOYSA-N,4811,0.617362887183859,0.5,4.519856246123546,inside,19.360994328363233,inside,True
SR-p53,OMNKZBIFPJNNIO-UHFFFAOYSA-N,4811,0.4041542421542422,0.32432432432432434,2.1850568317246473,inside,9.755842430569581,inside,False
SR-p53,SWXVUIWOUIDPGS-UHFFFAOYSA-N,4811,0.3925925925925926,0.3888888888888889,2.742319176531035,inside,8.944471883680226,inside,False
SR-p53,FATBKZJZAHWCSL-UHFFFAOYSA-N,4811,0.37914719954967635,0.3157894736842105,2.4320710265222423,inside,15.376774384072968,inside,True
SR-p53,BKQICAFAUMRYLZ-UHFFFAOYSA-N,4811,0.3969248120300752,0.36,2.630744962544313,inside,11.264765603704626,inside,False
SR-p53,GGRWZBVSUZZMKS-UHFFFAOYSA-N,4811,0.4370986428334988,0.3508771929824561,1.6200424595457514,inside,15.794539420381671,inside,True
SR-p53,VHXNKPBCCMUMSW-FQEVSTJZSA-N,4811,0.23701680166468897,0.22857142857142856,4.428781700463319,inside,17.1591813889355,inside,True
SR-p53,IVYPNXXAYMYVSP-UHFFFAOYSA-N,4811,0.41664461664461666,0.34545454545454546,2.0740424980397894,inside,11.302861708163396,inside,True
SR-p53,GQEZCXVZFLOKMC-UHFFFAOYSA-N,4811,1.0,1.0,3.6469839540477715,inside,13.431102869879536,inside,False
SR-p53,OZOMQRBLCMDCEG-UHFFFAOYSA-N,4811,0.3041248004284993,0.2777777777777778,2.617487212339042,inside,14.486223535991686,inside,True
SR-p53,OQERFUGURPLBQH-UHFFFAOYSA-N,4811,0.42148460410557187,0.3939393939393939,1.349237335584545,inside,12.717393810173803,inside,True
SR-p53,SHULEACXTONYPS-UHFFFAOYSA-N,4811,0.4999598662207358,0.44,1.4197902016295822,inside,13.625160993076582,inside,True
SR-p53,HJIAMFHSAAEUKR-UHFFFAOYSA-N,4811,0.5286030061892131,0.4583333333333333,1.416321966598282,inside,11.91856696613247,inside,True
SR-p53,GJLNWLVPAHNBQN-UHFFFAOYSA-N,4811,0.509698275862069,0.46875,1.210798036518609,inside,12.618824624138135,inside,True
SR-p53,RAPBNVDSDCTNRC-UHFFFAOYSA-N,4811,0.4509539897039897,0.4,1.375573039881515,inside,10.385889680633545,inside,True
SR-p53,XCGYUJZMCCFSRP-UHFFFAOYSA-N,4811,0.27247996238271316,0.26153846153846155,1.5650088617938955,inside,15.872505589356853,inside,True
SR-p53,ISWRGOKTTBVCFA-UHFFFAOYSA-N,4811,0.363850652271705,0.34210526315789475,1.8220468747916867,inside,10.211294813488065,inside,True
SR-ATAD5,OUZWUKMCLIBBOG-UHFFFAOYSA-N,5013,0.3509602954263745,0.3333333333333333,1.3383524209022566,inside,13.045378702187515,inside,True
SR-ATAD5,HEBKCHPVOIAQTA-SCDXWVJYSA-N,5013,0.6202141382868936,0.47058823529411764,4.206617332327744,inside,12.394311931861244,inside,False
SR-ATAD5,NCYVXEGFNDZQCU-UHFFFAOYSA-N,5013,0.4663479112429765,0.43902439024390244,1.6163273532121507,inside,10.519135930045815,inside,True
SR-ATAD5,YAMVZYRZAMBCED-UHFFFAOYSA-N,5013,0.3365872015398034,0.32075471698113206,1.1688832492483165,inside,17.19651703657961,inside,True
SR-ATAD5,QPQKUYVSJWQSDY-CCEZHUSRSA-N,5013,0.42128248156623443,0.34782608695652173,1.3969121112044365,inside,16.23180828500136,inside,True
SR-ATAD5,QIJIUJYANDSEKG-UHFFFAOYSA-N,5013,0.3491452991452991,0.2777777777777778,2.833505342170623,inside,11.56114246656784,inside,False
SR-ATAD5,ZUOUZKKEUPVFJK-UHFFFAOYSA-N,5013,0.4813186813186813,0.42857142857142855,2.644522084185216,inside,17.37533895003258,inside,True
SR-ATAD5,WVRNUXJQQFPNMN-UHFFFAOYSA-N,5013,0.347641196013289,0.34285714285714286,2.090938699789025,inside,12.786573874772607,inside,True
SR-ATAD5,OESPFRYVCUTRKF-UHFFFAOYSA-N,5013,0.3345211139549017,0.3181818181818182,4.589137468374907,inside,13.776196742025375,inside,True
SR-ATAD5,IGXZMQCLUNTWCC-UHFFFAOYSA-N,5013,0.3973894456769555,0.3333333333333333,9.066980794655397,borderline,17.380229320065848,inside,True
SR-ATAD5,TWMFGCHRALXDAR-UHFFFAOYSA-N,5013,0.5312900219463067,0.4827586206896552,2.9401027141050906,inside,16.033882893233624,inside,False
SR-ATAD5,SOROIESOUPGGFO-UHFFFAOYSA-N,5013,0.24193678424186899,0.1864406779661017,4.64047306728116,inside,11.645774835646376,inside,True
SR-ATAD5,XMBWDFGMSWQBCA-UHFFFAOYSA-N,5013,0.042948051948051943,0.04,4.42166024578881,inside,14.561408663906969,inside,False
SR-ATAD5,WCYYAQFQZQEUEN-UHFFFAOYSA-N,5013,0.3724299285763817,0.3333333333333333,2.055553957814972,inside,12.806734804777262,inside,True
SR-ATAD5,WHBAYNMEIXUTJV-UHFFFAOYSA-N,5013,0.6482919254658386,0.625,2.7447675704742345,inside,27.518836075049887,borderline,False
SR-ATAD5,YUBJPYNSGLJZPQ-UHFFFAOYSA-N,5013,0.2546529445914626,0.1896551724137931,2.5544385284028075,inside,13.304481329313203,inside,True
SR-ATAD5,GTZCVFVGUGFEME-HNQUOIGGSA-N,5013,0.28457142857142853,0.28,3.131889765025284,inside,10.358448024786846,inside,False
SR-ATAD5,AMEKQAFGQBKLKX-UHFFFAOYSA-N,5013,0.3608463629393862,0.3488372093023256,0.982724695682314,inside,11.519624452933641,inside,True
SR-ATAD5,HMEYVGGHISAPJR-VQCPGFMQSA-N,5013,0.516352495950197,0.3977272727272727,6.697362304169591,borderline,26.716194687869674,borderline,True
SR-ATAD5,HQYALQRYBUJWDH-UHFFFAOYSA-N,5013,0.42603322603322596,0.37037037037037035,2.587707739627362,inside,12.270891569183291,inside,False
SR-ATAD5,VILCJCGEZXAXTO-UHFFFAOYSA-N,5013,0.7098461321287408,0.43478260869565216,3.7887008581682506,inside,11.122336381103894,inside,False
SR-ATAD5,OGHNVEJMJSYVRP-UHFFFAOYSA-N,5013,0.3972623222773084,0.36764705882352944,4.421001290507938,inside,18.7418577278721,inside,True
SR-ATAD5,HRQGCQVOJVTVLU-UHFFFAOYSA-N,5013,0.36501831501831505,0.3333333333333333,3.3303164615970378,inside,14.060865900039373,inside,False
SR-ATAD5,URYAFVKLYSEINW-UHFFFAOYSA-N,5013,0.4615973398582094,0.4090909090909091,1.7930494612873644,inside,12.119952340997209,inside,True
SR-ATAD5,ZLKMOIHCHCMSFW-UHFFFAOYSA-N,5013,0.38531490015360986,0.35714285714285715,2.006468221748155,inside,15.52682124010799,inside,True
SR-ATAD5,GYSSRZJIHXQEHQ-UHFFFAOYSA-N,5013,0.3697601480029757,0.35714285714285715,0.8864780899437795,inside,13.088622195104026,inside,True
SR-ATAD5,JLQUFIHWVLZVTJ-UHFFFAOYSA-N,5013,0.27748355810855807,0.25396825396825395,2.7610321135083336,inside,12.44995242440362,inside,True
SR-ATAD5,BNACJQWJZKPAPV-UHFFFAOYSA-N,5013,0.27762724014336915,0.25,1.7392596111837313,inside,11.5091169766148,inside,True
SR-ATAD5,CFRPSFYHXJZSBI-DHZHZOJOSA-N,5013,0.27883179883179887,0.24324324324324326,1.0686294367516607,inside,13.913435636622646,inside,True
SR-ATAD5,OMWSZDODENFLSV-UHFFFAOYSA-N,5013,0.4292920907365879,0.40625,1.3697011995802724,inside,16.750932418804034,inside,True
SR-ATAD5,LKDRXBCSQODPBY-VANKVMQKSA-N,5013,0.25126984126984125,0.2391304347826087,4.1326266075827505,inside,11.379449274043456,inside,True
SR-ATAD5,ZNRLMGFXSPUZNR-UHFFFAOYSA-N,5013,0.3058333333333333,0.28125,1.9881874713203336,inside,11.609480282546944,inside,True
SR-ATAD5,ZPAKPRAICRBAOD-UHFFFAOYSA-N,5013,0.44823529411764707,0.43333333333333335,1.18640086325708,inside,16.187746969577987,inside,True
SR-ATAD5,AVUYXHYHTTVPRX-UHFFFAOYSA-N,5013,0.19935915416981334,0.19230769230769232,2.0203725045552603,inside,9.529307612316641,inside,True
SR-ATAD5,HILAYQUKKYWPJW-UHFFFAOYSA-N,5013,0.5045343915343915,0.42857142857142855,2.745894306727852,inside,15.35026215065564,inside,False
SR-ATAD5,JXZZEXZZKAWDSP-UHFFFAOYSA-N,5013,0.38974849094567404,0.3333333333333333,3.0053560160054618,inside,13.607659906295977,inside,True
SR-ATAD5,IRGDPGYNHSIIJJ-UHFFFAOYSA-N,5013,0.24021185400495745,0.21621621621621623,2.655368378945235,inside,13.370659733346892,inside,True
SR-ATAD5,IQQRAVYLUAZUGX-UHFFFAOYSA-N,5013,0.30919117647058825,0.2647058823529412,2.3611850967444856,inside,12.170870737827412,inside,True
SR-ATAD5,MKJIEFSOBYUXJB-UHFFFAOYSA-N,5013,0.3242783133320218,0.2948717948717949,1.7203288731565776,inside,12.984703835870347,inside,True
SR-ATAD5,ITMCEJHCFYSIIV-UHFFFAOYSA-N,5013,0.42608920491273433,0.35714285714285715,3.2644690424455365,inside,12.219751842431712,inside,False
SR-ATAD5,VNKBTWQZTQIWDV-UHFFFAOYSA-N,5013,0.2776060862661005,0.22950819672131148,2.27022727510194,inside,14.020712046128901,inside,True
SR-ATAD5,ZGNITFSDLCMLGI-UHFFFAOYSA-N,5013,0.2613553558950884,0.24615384615384617,5.324877246085715,inside,22.36899040876242,inside,True
SR-ATAD5,FEWIGMWODIRUJM-UHFFFAOYSA-N,5013,0.40909610983981687,0.3684210526315789,3.121400523232836,inside,10.798766576174154,inside,False
SR-ATAD5,JDXJKLGWPNXSHL-UHFFFAOYSA-N,5013,0.4157067570111049,0.3181818181818182,2.65820603354434,inside,11.681452956873395,inside,True
SR-ATAD5,WDFKMLRRRCGAKS-UHFFFAOYSA-N,5013,0.34881720430107527,0.3225806451612903,1.7807551540899995,inside,12.524574040343087,inside,True
SR-ATAD5,BMKLRPQTYXVGNK-UHFFFAOYSA-N,5013,0.3427058823529412,0.32,2.9879783902542223,inside,12.44890739083665,inside,True
SR-ATAD5,HYCNSTQIGIMIIZ-UHFFFAOYSA-N,5013,0.19873015873015873,0.05555555555555555,4.779548943148808,inside,14.280932085468526,inside,False
SR-ATAD5,SRRJCDUOSQWHGS-UHFFFAOYSA-N,5013,0.34428748252294733,0.2647058823529412,8.25127821625533,borderline,28.938831009767963,borderline,True
SR-ATAD5,ZZVUWRFHKOJYTH-UHFFFAOYSA-N,5013,0.42922036367867333,0.37209302325581395,1.7100809376537456,inside,12.01293152502381,inside,True
SR-ATAD5,RYQOGSFEJBUZBX-UHFFFAOYSA-N,5013,0.5255081523404506,0.4489795918367347,2.2426981240483324,inside,13.035354328214057,inside,True
SR-ATAD5,HSUGRBWQSSZJOP-RTWAWAEBSA-N,5013,0.33926508890531604,0.328125,3.0906149239702936,inside,15.857022335850196,inside,True
SR-ATAD5,ZLAQATDNGLKIEV-UHFFFAOYSA-N,5013,0.2517241379310345,0.2413793103448276,2.285097026148484,inside,12.182298137812001,inside,True
SR-ATAD5,JFXBEKISTKFVAB-AJQTZOPKSA-N,5013,0.2686709071696456,0.26136363636363635,8.448793730403297,borderline,17.498898800463014,inside,True
SR-ATAD5,NRFJZTXWLKPZAV-UHFFFAOYSA-N,5013,0.2693840456998352,0.25,2.2074208637955275,inside,12.455622557683537,inside,True
SR-ATAD5,HQVZOORKDNCGCK-UHFFFAOYSA-N,5013,0.3918386491557223,0.36585365853658536,3.0130236510280914,inside,18.30636703269813,inside,True
SR-ATAD5,AOHJOMMDDJHIJH-UHFFFAOYSA-N,5013,0.4570627927284273,0.3684210526315789,3.6082486392026283,inside,12.851351326681339,inside,False
SR-ATAD5,ZKWQQXZUCOBISE-QTRVKGKASA-N,5013,0.23970832556547966,0.19047619047619047,11.674852715098176,borderline,51.054830272077204,outside,True
SR-ATAD5,WYYQVWLEPYFFLP-UHFFFAOYSA-K,5013,0.5301698301698302,0.35714285714285715,4.234433645982244,inside,10.359131960915299,inside,False
SR-ATAD5,BEWCNXNIQCLWHP-UHFFFAOYSA-N,5013,0.5454224858896716,0.5161290322580645,1.8409618954458369,inside,12.396453521635971,inside,False
SR-ATAD5,MCJGNVYPOGVAJF-UHFFFAOYSA-N,5013,0.3976040825740976,0.3103448275862069,2.11240708430671,inside,12.062146781131492,inside,True
SR-ATAD5,LXNHXLLTXMVWPM-UHFFFAOYSA-N,5013,0.26836857018308635,0.25,2.167942224379199,inside,10.769556174147448,inside,True
SR-ATAD5,AGMMTXLNIQSRCG-UHFFFAOYSA-N,5013,0.4652046783625732,0.42105263157894735,2.000950295718783,inside,13.065283219818092,inside,True
SR-ATAD5,HWKQNAWCHQMZHK-UHFFFAOYSA-N,5013,0.28956887102667156,0.23809523809523808,4.864461719990062,inside,12.838496605421826,inside,False
SR-ATAD5,JFJZZMVDLULRGK-URLMMPGGSA-O,5013,0.2813056307462438,0.26373626373626374,7.882400760138452,borderline,22.51362795137779,inside,True
SR-ATAD5,OYYDSUSKLWTMMQ-JKHIJQBDSA-N,5013,0.4424558824161605,0.4,3.210343535146654,inside,13.327099510516861,inside,True
SR-ATAD5,WEGYGNROSJDEIW-UHFFFAOYSA-N,5013,0.5022721956406168,0.4722222222222222,2.4634891174387827,inside,11.986241969952484,inside,True
SR-ATAD5,HDOUGSFASVGDCS-UHFFFAOYSA-N,5013,0.40585165911252863,0.3333333333333333,2.5461761338973896,inside,11.057858713104057,inside,True
SR-ATAD5,LFSXCDWNBUNEEM-UHFFFAOYSA-N,5013,0.3417171717171717,0.3181818181818182,2.4598993390036394,inside,17.29909206403097,inside,True
SR-ATAD5,NCKMMSIFQUPKCK-UHFFFAOYSA-N,5013,0.39717425679949403,0.35294117647058826,1.7748681243378053,inside,11.584838862348155,inside,True
SR-ATAD5,QMVPMAAFGQKVCJ-JTQLQIEISA-N,5013,0.5293333333333333,0.4666666666666667,2.389293709736706,inside,15.067263016518101,inside,False
SR-ATAD5,AYEKOFBPNLCAJY-UHFFFAOYSA-O,5013,0.2690065359477124,0.24444444444444444,4.5420781864624145,inside,15.706337514018946,inside,True
SR-ATAD5,VOIFKEWOFUNPBN-QIUUJYRFSA-N,5013,0.2338311991463252,0.2222222222222222,4.51981447270195,inside,11.573787546474977,inside,True
SR-ATAD5,LWUDDYHYYNNIQI-ZDUSSCGKSA-N,5013,0.24766040827751906,0.21739130434782608,3.0450539657043274,inside,22.739126017605642,inside,True
SR-ATAD5,YMGQBWRXNCAABF-UHFFFAOYSA-N,5013,0.24222103494255393,0.2361111111111111,5.208764018666037,inside,16.12858138104554,inside,True
SR-ATAD5,NGGMYCMLYOUNGM-CSDLUJIJSA-N,5013,0.2058796234528842,0.20212765957446807,3.932507497397518,inside,14.61631072271707,inside,True
SR-ATAD5,VVBLNCFGVYUYGU-UHFFFAOYSA-N,5013,0.532570788908951,0.47058823529411764,1.4740032426939493,inside,19.156568735111055,inside,True
SR-ATAD5,IAHFWCOBPZCAEA-UHFFFAOYSA-N,5013,0.5139393939393939,0.4666666666666667,3.1860764767265524,inside,11.180264702556164,inside,False
SR-ATAD5,SOYCMDCMZDHQFP-UHFFFAOYSA-N,5013,0.3687759952465835,0.35294117647058826,1.3231759400766798,inside,12.670441907369735,inside,True
SR-ATAD5,SUNMBRGCANLOEG-UHFFFAOYSA-N,5013,0.4409724778145831,0.3684210526315789,3.135005375391455,inside,14.127452333399036,inside,False
SR-ATAD5,QBDSZLJBMIMQRS-UHFFFAOYSA-N,5013,0.5396246321283802,0.48148148148148145,1.7405657033681396,inside,12.868019505078625,inside,True
SR-ATAD5,COBPKKZHLDDMTB-UHFFFAOYSA-N,5013,0.865079365079365,0.7619047619047619,2.444278454802865,inside,16.06836524681252,inside,False
SR-ATAD5,RHDJRPPFURBGLQ-UHFFFAOYSA-N,5013,0.33002459473047707,0.3055555555555556,1.6236010141453738,inside,15.386203914130864,inside,True
SR-ATAD5,ISCHOARKJADAKJ-UHFFFAOYSA-N,5013,0.3001633393829401,0.2807017543859649,4.723264079533643,inside,15.050941797253012,inside,True
SR-ATAD5,OKDGRDCXVWSXDC-UHFFFAOYSA-N,5013,0.3809391124871001,0.3333333333333333,2.9611387081628258,inside,12.786744568316031,inside,True
SR-ATAD5,ZWRUINPWMLAQRD-UHFFFAOYSA-N,5013,1.0,1.0,2.605123285475782,inside,14.281144283806938,inside,False
SR-ATAD5,XEKOWRVHYACXOJ-UHFFFAOYSA-N,5013,0.5830163644405131,0.5714285714285714,3.243972156717952,inside,11.611649255310065,inside,False
SR-ATAD5,QMTNOLKHSWIQBE-KSZLIROESA-N,5013,0.25825821703652857,0.22580645161290322,1.8783134735538107,inside,10.971461982281516,inside,True
SR-ATAD5,PUFQVTATUTYEAL-UHFFFAOYSA-N,5013,0.40084682860998644,0.38596491228070173,2.323549126758641,inside,14.143419024073046,inside,True
SR-ATAD5,LXIZRZRTWSDLKK-UHFFFAOYSA-N,5013,0.26386727219771094,0.22857142857142856,7.0898880809620035,borderline,14.429097758535523,inside,True
SR-ATAD5,BZLVMXJERCGZMT-UHFFFAOYSA-N,5013,0.45159090909090904,0.3125,3.4251936554025373,inside,13.217172081043866,inside,False
SR-ATAD5,LVTFSVIRYMXRSR-WUKNDPDISA-N,5013,0.41054141580003656,0.36666666666666664,1.6524924011968471,inside,11.919880708095006,inside,True
SR-ATAD5,BNRNXUUZRGQAQC-UHFFFAOYSA-N,5013,0.29803173248629083,0.21518987341772153,4.928911546072533,inside,25.04422041877282,borderline,True
SR-ATAD5,OFBIFZUFASYYRE-UHFFFAOYSA-N,5013,0.2838048225557491,0.26785714285714285,1.9566027671532524,inside,13.997981014175636,inside,True
SR-ATAD5,RTHCYVBBDHJXIQ-UHFFFAOYSA-N,5013,0.293520538121786,0.2682926829268293,1.7662105412273177,inside,14.59528611481294,inside,True
SR-ATAD5,OGBUMNBNEWYMNJ-UHFFFAOYSA-N,5013,0.5331932773109244,0.5294117647058824,4.461636295396521,inside,20.05523677007588,inside,False
SR-ATAD5,DEIGXXQKDWULML-UHFFFAOYSA-N,5013,0.23558441558441562,0.2,4.2788123185825615,inside,13.645632549903658,inside,True
SR-ATAD5,WYKYKTKDBLFHCY-UHFFFAOYSA-N,5013,0.3344805290537267,0.29411764705882354,1.3604348740388827,inside,12.980501034034369,inside,True
SR-ATAD5,RTYFAKSWXDNPPU-UHFFFAOYSA-N,5013,0.6206896551724138,0.6206896551724138,1.9241755572138717,inside,13.938529820341762,inside,False
SR-ATAD5,UPOYFZYFGWBUKL-UHFFFAOYSA-N,5013,0.3266978654245208,0.3,1.8949888051507326,inside,19.438871531146244,inside,True
SR-ATAD5,GCIRJCKOUVCUBZ-OFALOCIGSA-N,5013,0.39191091954022983,0.3333333333333333,2.434730697682985,inside,13.333576126423724,inside,False
SR-ATAD5,UMNVFYKZOXQOLL-UHFFFAOYSA-N,5013,0.7810344827586206,0.6551724137931034,2.022747162173176,inside,18.066154557490172,inside,True
SR-ATAD5,DERZBLKQOCDDDZ-JLHYYAGUSA-N,5013,0.4264933406520274,0.40384615384615385,3.62316237132345,inside,10.779497209536522,inside,True
SR-ATAD5,VEFLKXRACNJHOV-UHFFFAOYSA-N,5013,0.5512820512820513,0.46153846153846156,3.2686140571086613,inside,13.99323759449965,inside,False
SR-ATAD5,QAOWNCQODCNURD-UHFFFAOYSA-N,5013,0.5075757575757576,0.4166666666666667,3.64083976235914,inside,11.130823974524251,inside,False
SR-ATAD5,HEGSGKPQLMEBJL-RKQHYHRCSA-N,5013,0.4383693827715608,0.3898305084745763,2.86719321118537,inside,13.907966934993281,inside,True
SR-ATAD5,TWIIVLKQFJBFPW-UHFFFAOYSA-N,5013,0.5170677820677821,0.475,1.2982444731848675,inside,13.535156962216496,inside,True
SR-ATAD5,GPTXWRGISTZRIO-UHFFFAOYSA-N,5013,0.3155528619072262,0.29411764705882354,1.7167671009181007,inside,13.25709946112427,inside,True
SR-ATAD5,HFACYLZERDEVSX-UHFFFAOYSA-N,5013,0.5454545454545455,0.5,1.9513345484828224,inside,15.605236003824512,inside,True
SR-ATAD5,MILSYCKGLDDVLM-UHFFFAOYSA-N,5013,0.5528935460824005,0.5,2.4004727526135867,inside,13.352130969205065,inside,True
SR-ATAD5,QEVGZEDELICMKH-UHFFFAOYSA-N,5013,0.4426726342710997,0.375,2.8708445316840248,inside,12.134739560730313,inside,False
SR-ATAD5,KWIUHFFTVRNATP-UHFFFAOYSA-N,5013,0.4121345029239766,0.3157894736842105,3.2718987603013603,inside,10.909990325182484,inside,False
SR-ATAD5,JPZOAVGMSDSWSW-UHFFFAOYSA-N,5013,0.3792065390749601,0.3181818181818182,2.176837390594313,inside,16.449153417399312,inside,True
SR-ATAD5,SWEICGMKXPNXNU-UHFFFAOYSA-N,5013,0.34909992584352983,0.3125,2.2706838532149267,inside,15.872219619992425,inside,True
SR-ATAD5,PIEXCQIOSMOEOU-UHFFFAOYSA-N,5013,0.23787981084532808,0.20689655172413793,2.0565043099962326,inside,10.621379778823774,inside,True
SR-ATAD5,TWBPWBPGNQWFSJ-UHFFFAOYSA-N,5013,0.3917056856187291,0.38461538461538464,1.9657897903080122,inside,17.693681743154723,inside,True
SR-ATAD5,WXPWZZHELZEVPO-UHFFFAOYSA-N,5013,0.5220209339774556,0.4782608695652174,1.9650910050386432,inside,14.009899113483273,inside,True
SR-ATAD5,YCBRTSYWJMECAH-UHFFFAOYSA-N,5013,0.5866666666666667,0.5333333333333333,6.391213483314102,borderline,16.771960727130526,inside,False
SR-ATAD5,QIRAYNIFEOXSPW-YLJYHZDGSA-N,5013,0.3254985754985755,0.3055555555555556,1.9269785948716576,inside,13.159989910111417,inside,True
SR-ATAD5,QIRAYNIFEOXSPW-PXNSSMCTSA-N,5013,0.33991298991298996,0.3055555555555556,1.9269785948716576,inside,11.540703491782994,inside,True
SR-ATAD5,UIMOJFJSJSIGLV-JNHMLNOCSA-N,5013,0.3245329406546714,0.2647058823529412,7.384592045614603,borderline,22.56179496976192,inside,True
SR-ATAD5,XIAHSJTUQAWUAW-UHFFFAOYSA-N,5013,0.5199999999999999,0.4,2.4260906616052105,inside,12.532536161727386,inside,True
SR-ATAD5,MJVGBKJNTFCUJM-UHFFFAOYSA-N,5013,0.41858108108108105,0.40540540540540543,1.0164710457963309,inside,14.88320436379879,inside,True
SR-ATAD5,RVYGVBZGSFLJKH-UHFFFAOYSA-N,5013,0.5959246088193456,0.575,1.3448447352433583,inside,13.517772938092422,inside,True
SR-ATAD5,QAHFOPIILNICLA-UHFFFAOYSA-N,5013,0.42939068100358424,0.4074074074074074,1.646011226785507,inside,13.50024386659335,inside,True
SR-ATAD5,YBROOZNJUDHTGE-QINSGFPZSA-N,5013,0.40397074456775944,0.2222222222222222,4.131460554627814,inside,17.556428839832318,inside,True
SR-ATAD5,CTSLUCNDVMMDHG-UHFFFAOYSA-N,5013,0.2234469696969697,0.20454545454545456,1.1576421233745546,inside,13.462969739552983,inside,True
SR-ATAD5,JZRWCGZRTZMZEH-UHFFFAOYSA-N,5013,0.32050847677953576,0.2631578947368421,1.5372291549041917,inside,13.168899086768787,inside,True
SR-ATAD5,QFMDFTQOJHFVNR-UHFFFAOYSA-N,5013,0.44199267399267406,0.4,2.71017657530445,inside,11.322275564985192,inside,True
SR-ATAD5,RIBGNAJQTOXRDK-UHFFFAOYSA-N,5013,0.4972222222222221,0.4444444444444444,2.635581540482677,inside,12.358511983768913,inside,True
SR-ATAD5,DECIPOUIJURFOJ-UHFFFAOYSA-N,5013,0.3395136778115501,0.3333333333333333,1.2959369666617848,inside,13.088950942754956,inside,True
SR-ATAD5,MDNWOSOZYLHTCG-UHFFFAOYSA-N,5013,0.49004761904761907,0.42857142857142855,1.4854920981937199,inside,11.760273630615902,inside,True
SR-ATAD5,WQZGKKKJIJFFOK-SVZMEOIVSA-N,5013,0.4026834327197304,0.39285714285714285,4.139639717714629,inside,11.161599854872216,inside,True
SR-ATAD5,DGMPVYSXXIOGJY-UHFFFAOYSA-N,5013,0.4164171122994652,0.4,1.2792514808715447,inside,9.929413489235959,inside,True
SR-ATAD5,YEYKMVJDLWJFOA-UHFFFAOYSA-N,5013,0.7785087719298245,0.6666666666666666,2.928599876821911,inside,15.924234436642626,inside,False
SR-ATAD5,XHVAWZZCDCWGBK-BMZZJELJSA-M,5013,0.42452935694315,0.4,4.022091452299039,inside,12.387734728958904,inside,True
SR-ATAD5,IDQBJILTOGBZCR-UHFFFAOYSA-N,5013,0.5097798259088581,0.42857142857142855,2.5180887805052117,inside,12.307574403551698,inside,False
SR-ATAD5,OGHBUHJLMHQMHS-KRDNBFTESA-N,5013,0.6025664983869318,0.47058823529411764,2.1670104688758007,inside,16.24050120821983,inside,False
SR-ATAD5,YYPNJNDODFVZLE-UHFFFAOYSA-N,5013,0.3872549019607843,0.35294117647058826,3.048979421762252,inside,12.416015790943788,inside,False
SR-ATAD5,ZDASUJMDVPTNTF-UHFFFAOYSA-N,5013,0.33676937441643323,0.3055555555555556,1.7462544890805767,inside,12.030255636177454,inside,True
SR-ATAD5,LNBQBURECUEBKZ-UHFFFAOYSA-N,5013,0.42074074074074075,0.37037037037037035,2.72913489344126,inside,12.33374326660567,inside,False
SR-ATAD5,OZWKMVRBQXNZKK-LLVKDONJSA-N,5013,0.3137157644401364,0.2894736842105263,1.2938745362555317,inside,13.92271628978483,inside,True
SR-ATAD5,NJMWOUFKYKNWDW-UHFFFAOYSA-N,5013,0.2631541218637993,0.1935483870967742,2.841119031339584,inside,11.370026984860605,inside,True
SR-ATAD5,VHLLJTHDWPAQEM-UHFFFAOYSA-N,5013,0.46845648604269297,0.39285714285714285,1.5371529901136562,inside,11.209949332386014,inside,True
SR-ATAD5,DUCVQKMNGSZPAV-ZHACJKMWSA-N,5013,0.7096296296296296,0.7037037037037037,2.621044147649568,inside,14.213397749717876,inside,False
SR-ATAD5,JZXRLKWWVNUZRB-UHFFFAOYSA-N,5013,0.30081868773552345,0.29310344827586204,1.6042088376673473,inside,12.715906946458194,inside,True
SR-ATAD5,ILNRQFBVVQUOLP-UHFFFAOYSA-N,5013,0.28390694088124374,0.27419354838709675,4.100548055875497,inside,24.661084184743498,inside,True
SR-ATAD5,JVWOCHRRAWHKLT-UHFFFAOYSA-N,5013,0.5405076731873588,0.4897959183673469,1.235080275732067,inside,13.870405818261945,inside,True
SR-ATAD5,YLUSMKAJIQOXPV-UHFFFAOYSA-N,5013,0.32566736489317133,0.22727272727272727,1.691189871958724,inside,13.21407667867123,inside,True
SR-ATAD5,NEMNPWINWMHUMR-UHFFFAOYSA-N,5013,0.3079417545032379,0.3018867924528302,4.50423277957097,inside,14.594866367569129,inside,True
SR-ATAD5,GAWOVNGQYQVFLI-UHFFFAOYSA-N,5013,0.42144898093016475,0.3695652173913043,1.8261768558396114,inside,13.885193216544062,inside,True
SR-ATAD5,PXKLMJQFEQBVLD-UHFFFAOYSA-N,5013,0.5352511714067778,0.4782608695652174,1.4918749819318495,inside,14.407658206241802,inside,True
SR-ATAD5,NUIURNJTPRWVAP-UHFFFAOYSA-N,5013,0.5501927766275592,0.48148148148148145,1.8268916732604907,inside,12.683071942467565,inside,True
SR-ATAD5,ZZLCFHIKESPLTH-UHFFFAOYSA-N,5013,0.4878849902534113,0.4,2.5544388415800587,inside,12.124125292747472,inside,True
SR-ATAD5,OEHKWMHRFWWMQK-UHFFFAOYSA-N,5013,0.36240440845704003,0.34210526315789475,3.246264792329437,inside,11.55833321531379,inside,True
SR-ATAD5,INYHZQLKOKTDAI-UHFFFAOYSA-N,5013,0.22320678271308525,0.21875,2.9544787421248464,inside,11.426449341025569,inside,True
SR-ATAD5,WJJMNDUMQPNECX-UHFFFAOYSA-N,5013,0.4139262187088274,0.4,1.9934759781620441,inside,14.768549267519116,inside,True
SR-ATAD5,XBPCUCUWBYBCDP-UHFFFAOYSA-N,5013,0.4124064171122995,0.35294117647058826,2.2343922970066727,inside,11.727114367483372,inside,True
SR-ATAD5,GXFRQLQUKBSYQL-UHFFFAOYSA-N,5013,0.3046209273182957,0.28125,1.5285524541369764,inside,9.666270824270066,inside,True
SR-ATAD5,XUYJLQHKOGNDPB-UHFFFAOYSA-N,5013,0.3635294117647058,0.35,3.2766947979829513,inside,10.621432535097977,inside,False
SR-ATAD5,DMVOXQPQNTYEKQ-UHFFFAOYSA-N,5013,0.5064035087719299,0.4,1.972791692461792,inside,18.257386532692816,inside,True
SR-ATAD5,NJWIMFZLESWFIM-UHFFFAOYSA-N,5013,0.3894606268294424,0.32142857142857145,2.7025938292982814,inside,12.593112044280705,inside,True
SR-ATAD5,CNQCWYFDIQSALX-UHFFFAOYSA-N,5013,0.3841696157735086,0.3333333333333333,2.7025938292982814,inside,12.196590742736737,inside,True
SR-ATAD5,XUFXOAAUWZOOIT-SXARVLRPSA-N,5013,0.29732706664324393,0.24050632911392406,13.52901218775953,outside,18.163550315086596,inside,True
SR-ATAD5,MEZRZVWPLXVLSO-WMZOPIPTSA-N,5013,0.3040992744238647,0.2553191489361702,2.637725312066313,inside,15.992840987834269,inside,True
SR-ATAD5,OHJMTUPIZMNBFR-UHFFFAOYSA-N,5013,0.49386946386946384,0.4,3.873021637321441,inside,10.005114617039,inside,False
SR-ATAD5,RUOJZAUFBMNUDX-UHFFFAOYSA-N,5013,0.3527040753127709,0.2962962962962963,2.995845015874413,inside,12.215932903483075,inside,True
SR-ATAD5,SECKRCOLJRRGGV-UHFFFAOYSA-N,5013,0.2684639801982132,0.21739130434782608,5.099762814158374,inside,23.83227718683182,inside,True
SR-ATAD5,ZZXUZKXVROWEIF-UHFFFAOYSA-N,5013,0.3431472359058566,0.3055555555555556,2.727454971437836,inside,11.68854048050797,inside,True
SR-ATAD5,HRKAMJBPFPHCSD-UHFFFAOYSA-N,5013,0.4661904761904762,0.375,2.497356979915875,inside,11.560593552632964,inside,False
SR-ATAD5,YIOCIFXUGBYCJR-UHFFFAOYSA-N,5013,0.437491935483871,0.3870967741935484,1.5547294545479835,inside,12.818073667205894,inside,True
SR-ATAD5,ACPOUJIDANTYHO-UHFFFAOYSA-N,5013,0.3530361530361531,0.32432432432432434,2.4222082463340766,inside,13.876176213474828,inside,True
SR-ATAD5,SJYFDORQYYEJLB-UHFFFAOYSA-N,5013,0.4476590546155764,0.3783783783783784,2.3854330652433955,inside,16.341938615626457,inside,True
SR-ATAD5,WRCHFMBCVFFYEQ-UHFFFAOYSA-N,5013,0.3316036036036036,0.32,1.455569695666205,inside,13.504258957336505,inside,True
SR-ATAD5,WKEDVNSFRWHDNR-UHFFFAOYSA-N,5013,0.521257305295125,0.4827586206896552,1.3304651229795068,inside,13.213663266233382,inside,True
SR-ATAD5,IWRVPXDHSLTIOC-NXVVXOECSA-N,5013,0.34799094510469725,0.3333333333333333,1.7352006673406648,inside,12.910843015557173,inside,True
SR-ATAD5,XOZUGNYVDXMRKW-UHFFFAOYSA-N,5013,0.32976190476190476,0.3125,3.531336462917522,inside,11.300017688127213,inside,False
SR-ATAD5,QTBSBXVTEAMEQO-UHFFFAOYSA-N,5013,0.5033333333333333,0.4166666666666667,3.61249839533666,inside,12.422126805356326,inside,False
SR-ATAD5,NBZBKCUXIYYUSX-UHFFFAOYSA-N,5013,0.4397058823529411,0.4117647058823529,3.1128730497333836,inside,10.07044782205535,inside,False
SR-ATAD5,VHHHONWQHHHLTI-UHFFFAOYSA-N,5013,0.4,0.375,3.276603222004438,inside,11.86247790615331,inside,False
SR-ATAD5,HJHUXWBTVVFLQI-UHFFFAOYSA-N,5013,0.48242481203007515,0.42857142857142855,2.9783226991948815,inside,18.78958371441289,inside,False
SR-ATAD5,UYXAWHWODHRRMR-UHFFFAOYSA-N,5013,0.22202722541137604,0.21052631578947367,1.2973804239705649,inside,14.548379560494396,inside,True
SR-ATAD5,MFZWMTSUNYWVBU-UHFFFAOYSA-N,5013,0.27392798786181133,0.265625,2.824773514886517,inside,15.672338800883924,inside,True
SR-ATAD5,BYJAVTDNIXVSPW-UHFFFAOYSA-N,5013,0.40498217306727946,0.37037037037037035,1.5767386254531952,inside,14.64491260344291,inside,True
SR-ATAD5,ZGSDGGRVFIYKKE-OXQOHEQNSA-N,5013,0.2817798243296569,0.23076923076923078,2.9114949562446095,inside,12.643384390169393,inside,True
SR-ATAD5,NBQCNZYJJMBDKY-UHFFFAOYSA-N,5013,0.2059752976521642,0.18181818181818182,1.5916162909465033,inside,13.36844180973576,inside,True
SR-ATAD5,WHUUTDBJXJRKMK-VKHMYHEASA-N,5013,0.522092547092547,0.43243243243243246,3.107943488648344,inside,11.21373497443346,inside,False
SR-ATAD5,HDUNVICUTAZXTE-UHFFFAOYSA-N,5013,0.2998710010319917,0.2631578947368421,3.17687959060099,inside,12.438197472965516,inside,False
SR-ATAD5,OKJFKPFBSPZTAH-UHFFFAOYSA-N,5013,0.4479604027991124,0.3870967741935484,1.6189250384266958,inside,16.017620410174757,inside,True
SR-ATAD5,DDTBPAQBQHZRDW-UHFFFAOYSA-N,5013,0.6,0.3333333333333333,3.0207899012066397,inside,13.485565420203221,inside,True
SR-ATAD5,VQDBNKDJNJQRDG-UHFFFAOYSA-N,5013,0.40379843875800747,0.32075471698113206,2.110555435092572,inside,11.917722194620609,inside,True
SR-ATAD5,VTWQUFUBSCXPOW-UHFFFAOYSA-N,5013,0.3000565981698057,0.28205128205128205,2.576303900201186,inside,16.673413231482453,inside,True
SR-ATAD5,FLOWINGPRFZLET-UHFFFAOYSA-N,5013,0.2733333333333333,0.16666666666666666,4.237373722891446,inside,13.977919639941282,inside,False
SR-ATAD5,GVYLCNUFSHDAAW-UHFFFAOYSA-N,5013,0.16527444458478943,0.13793103448275862,4.499282050018103,inside,12.351459222579988,inside,True
SR-ATAD5,HWGBHCRJGXAGEU-UHFFFAOYSA-N,5013,0.26405790138041657,0.2413793103448276,2.3201040830045407,inside,10.925542376274755,inside,True
SR-ATAD5,KYPYTERUKNKOLP-UHFFFAOYSA-N,5013,0.42074074074074075,0.37037037037037035,2.3336460451786945,inside,12.574852188364314,inside,True
SR-ATAD5,OGBPILLJZSJJRC-UHFFFAOYSA-N,5013,0.396850613154961,0.375,1.4916505377673328,inside,12.376625269305816,inside,True
SR-ATAD5,OHXPGWPVLFPUSM-KLRNGDHRSA-N,5013,0.31105974392162616,0.26506024096385544,2.9615006923470215,inside,16.492348989547644,inside,True
SR-ATAD5,YFNKIDBQEZZDLK-UHFFFAOYSA-N,5013,0.6954545454545455,0.6875,2.577500873828894,inside,14.577604261458184,inside,False
SR-ATAD5,POZRVZJJTULAOH-LHZXLZLDSA-N,5013,0.46572815103839915,0.41935483870967744,2.8766078872567733,inside,17.848431912036016,inside,True
SR-ATAD5,STQGQHZAVUOBTE-VGBVRHCVSA-N,5013,0.2271530955771855,0.2112676056338028,6.780705603618981,borderline,18.854910184478896,inside,True
SR-ATAD5,OCSHTBUKRNOLMC-UHFFFAOYSA-N,5013,0.22269338507358735,0.21428571428571427,5.004074978792265,inside,16.739665704454758,inside,True
SR-ATAD5,NBNTWDUNCHRWMT-UHFFFAOYSA-N,5013,0.3995545717723137,0.34375,2.41363654095847,inside,13.397550846743822,inside,True
SR-ATAD5,WFSGQBNCVASPMW-UHFFFAOYSA-N,5013,0.5094996159754224,0.4583333333333333,2.6547958839097157,inside,13.245568443459227,inside,False
SR-ATAD5,ICPHJSKVAZMKIV-QGZVFWFLSA-N,5013,0.321348643956857,0.3088235294117647,1.866985106149902,inside,14.339436777028455,inside,True
SR-ATAD5,MPDGHEJMBKOTSU-YKLVYJNSSA-N,5013,0.3688289583465223,0.23376623376623376,4.495740414526493,inside,13.736386481232795,inside,True
SR-ATAD5,LGDFHDKSYGVKDC-UHFFFAOYSA-N,5013,0.3750456338691633,0.32432432432432434,1.6981753066658938,inside,14.179757912561891,inside,True
SR-ATAD5,ZFVMWEVVKGLCIJ-UHFFFAOYSA-N,5013,0.4402461467678858,0.39285714285714285,1.8120365718897171,inside,11.91285244021728,inside,True
SR-ATAD5,UQQYIAVMUUJWGX-UHFFFAOYSA-N,5013,0.41495583717357915,0.34285714285714286,2.302441542719628,inside,12.714007925179505,inside,True
SR-ATAD5,XPAQFJJCWGSXGJ-UHFFFAOYSA-N,5013,0.5082308114566179,0.43243243243243246,2.1452631216589966,inside,15.871594094113112,inside,True
SR-ATAD5,FHIVAFMUCKRCQO-UHFFFAOYSA-N,5013,0.3587829116172581,0.32653061224489793,1.6402166026147127,inside,14.883521735163677,inside,True
SR-ATAD5,PQKBPHSEKWERTG-LLVKDONJSA-N,5013,0.35309333031679896,0.3,2.9971742198578615,inside,16.179486480990157,inside,True
SR-ATAD5,UUWJNBOCAPUTBK-UHFFFAOYSA-N,5013,0.31232517018892125,0.2926829268292683,2.584103792514008,inside,10.72659853751542,inside,True
SR-ATAD5,XNMYNYSCEJBRPZ-UHFFFAOYSA-N,5013,0.322558302536001,0.30357142857142855,1.6455830258912485,inside,11.840730095590942,inside,True
SR-ATAD5,DCSCXTJOXBUFGB-JGVFFNPUSA-N,5013,0.32937611408199646,0.2857142857142857,2.5549306937549496,inside,11.333036315291915,inside,True
SR-ATAD5,MEFQWPUMEMWTJP-UHFFFAOYSA-N,5013,0.3262126061408701,0.3076923076923077,1.381627500272934,inside,9.86638706370789,inside,True
SR-ATAD5,ZEMGGZBWXRYJHK-UHFFFAOYSA-N,5013,0.25674077733860345,0.21875,2.5888298064695263,inside,10.67526561620802,inside,True
SR-ATAD5,JAWNWEKHDFBPSG-UHFFFAOYSA-N,5013,0.4122267517428807,0.32142857142857145,2.034925606725034,inside,15.183811103113886,inside,True
SR-ATAD5,UQDUPQYQJKYHQI-UHFFFAOYSA-N,5013,0.9199999999999999,0.8,2.4872126709750377,inside,12.949931034253664,inside,False
SR-ATAD5,ZMZDMBWJUHKJPS-UHFFFAOYSA-N,5013,0.29696969696969694,0.2727272727272727,3.700239120534495,inside,12.662790497406624,inside,False
SR-ATAD5,YQFWGCSKGJMGHE-UHFFFAOYSA-N,5013,0.49658534985900715,0.21739130434782608,2.892723365336416,inside,14.064079932520643,inside,True
SR-ATAD5,CYGPPWVXOWCHJB-UHFFFAOYSA-N,5013,0.47380069645724293,0.4,2.2802339919383408,inside,11.748640028446626,inside,False
SR-ATAD5,AHXGXXJEEHFHDK-UHFFFAOYSA-N,5013,0.3649832775919732,0.34615384615384615,3.723861154777657,inside,12.78634092636769,inside,True
SR-ATAD5,OMOMUFTZPTXCHP-UHFFFAOYSA-N,5013,0.42076719576719573,0.37037037037037035,2.482589653996537,inside,9.91259274520346,inside,False
SR-ATAD5,XSQUKJJJFZCRTK-UHFFFAOYSA-N,5013,0.44848484848484843,0.4166666666666667,3.9232587300980235,inside,11.581546653805146,inside,False
SR-ATAD5,ISAKRJDGNUQOIC-UHFFFAOYSA-N,5013,0.24246198962327994,0.22580645161290322,2.756724396432572,inside,12.345208285642338,inside,True
SR-ATAD5,FENFUOGYJVOCRY-UHFFFAOYSA-N,5013,0.5784119389382548,0.47368421052631576,2.717114985478001,inside,17.184211389122975,inside,False
SR-ATAD5,XMVBHZBLHNOQON-UHFFFAOYSA-N,5013,0.6250797448165869,0.45454545454545453,2.566305219890682,inside,15.564321580389011,inside,False
SR-ATAD5,QDUIJCOKQCCXQY-HEOFFLBTSA-N,5013,0.40982730348506546,0.3490566037735849,7.1199080962583885,borderline,32.69155452254357,borderline,True
SR-ATAD5,DASYMCLQENWCJG-VCUHZILTSA-N,5013,0.429448469879425,0.35714285714285715,5.635220493158057,inside,24.987485733655227,borderline,True
SR-ATAD5,BCTQJXQXJVLSIG-UHFFFAOYSA-N,5013,0.4135105748613913,0.38461538461538464,1.397624554372085,inside,13.678469263107658,inside,True
SR-ATAD5,PCSWXVJAIHCTMO-UHFFFAOYSA-P,5013,0.271942252811818,0.2571428571428571,5.309411000925125,inside,10.592944918293394,inside,True
SR-ATAD5,HTKFORQRBXIQHD-UHFFFAOYSA-N,5013,0.3466666666666666,0.2857142857142857,2.9863328067181256,inside,12.887045833148653,inside,False
SR-ATAD5,UBWXUGDQUBIEIZ-QNTYDACNSA-N,5013,0.5495570262885836,0.4666666666666667,3.698416611738198,inside,20.717370761247302,inside,True
SR-ATAD5,BXGYBSJAZFGIPX-UHFFFAOYSA-N,5013,0.4172590627763042,0.3448275862068966,2.3097605527813028,inside,10.847285822552047,inside,True
SR-ATAD5,FFNVQNRYTPFDDP-UHFFFAOYSA-N,5013,0.3687888198757764,0.32142857142857145,2.74637854474495,inside,14.053135445179695,inside,True
SR-ATAD5,AQYMRQUYPFCXDM-UHFFFAOYSA-N,5013,0.40961374872994954,0.3673469387755102,2.260122602249056,inside,15.67437936058516,inside,True
SR-ATAD5,SODJJEXAWOSSON-UHFFFAOYSA-N,5013,0.44066160840354385,0.41935483870967744,1.2619911514577964,inside,15.354380617127193,inside,True
SR-ATAD5,CJFLBOQMPJCWLR-UHFFFAOYSA-N,5013,0.7140229885057471,0.6206896551724138,4.141708650247604,inside,12.936223018347214,inside,False
SR-ATAD5,DXYYSGDWQCSKKO-UHFFFAOYSA-N,5013,0.3564761904761905,0.28,2.4428184268320576,inside,13.67823130906746,inside,True
SR-ATAD5,HSWPZIDYAHLZDD-UHFFFAOYSA-N,5013,0.2653141344870668,0.23809523809523808,1.6779449685795609,inside,12.60639169940895,inside,True
SR-ATAD5,WVDDUSFOSWWJJH-UHFFFAOYSA-N,5013,0.2700557809330629,0.20588235294117646,2.5822366172060596,inside,11.199956704626755,inside,True
SR-ATAD5,VHYFNPMBLIVWCW-UHFFFAOYSA-N,5013,0.4880047712865051,0.42105263157894735,2.4864508447094305,inside,14.717008208005977,inside,True
SR-ATAD5,OKISUZLXOYGIFP-UHFFFAOYSA-N,5013,0.5283333333333333,0.45,2.0151037179247235,inside,15.521377235557326,inside,True
SR-ATAD5,IPOKCKJONYRRHP-FMQUCBEESA-N,5013,0.38774093179399005,0.32608695652173914,3.5917490376654655,inside,12.642553168624234,inside,True
SR-ATAD5,LDVVBLGHGCHZBJ-UHFFFAOYSA-N,5013,0.3427058823529412,0.32,2.138011411590605,inside,12.44890739083665,inside,True
SR-ATAD5,DETXZQGDWUJKMO-UHFFFAOYSA-N,5013,0.442483660130719,0.3888888888888889,3.446063186837366,inside,10.279839972597584,inside,False
SR-ATAD5,LGBYJXBCVZKJBL-UHFFFAOYSA-N,5013,0.3695263479371425,0.3333333333333333,1.481298836911042,inside,10.276095412742833,inside,True
SR-ATAD5,DZDVMKLYUKZMKK-UHFFFAOYSA-N,5013,0.4669090909090909,0.45,2.51160553025864,inside,10.405721947440476,inside,False
SR-ATAD5,RUETVLNXAGWCDS-UHFFFAOYSA-N,5013,0.5271904761904762,0.4642857142857143,1.369581003557576,inside,16.124465608597752,inside,True
SR-ATAD5,KVSKGMLNBAPGKH-UHFFFAOYSA-N,5013,0.38808420353411865,0.3157894736842105,2.223648366070634,inside,14.083764144341346,inside,True
SR-ATAD5,XREUEWVEMYWFFA-CSKJXFQVSA-N,5013,0.2687056269436132,0.25,7.025442608410404,borderline,20.535321136857434,inside,True
SR-ATAD5,DFDGRKNOFOJBAJ-UHFFFAOYSA-N,5013,0.3005961564101099,0.2972972972972973,0.9445859823148611,inside,11.502524658887655,inside,True
SR-ATAD5,IVVNZDGDKPTYHK-UHFFFAOYSA-N,5013,0.22665247752095094,0.22,0.9138289115430822,inside,15.164426522161506,inside,True
SR-ATAD5,KXPXKNBDCUOENF-UHFFFAOYSA-N,5013,0.5909749120275436,0.5238095238095238,2.43553796169322,inside,16.471127538559955,inside,False
SR-ATAD5,CXVGEDCSTKKODG-UHFFFAOYSA-N,5013,0.35081613508442777,0.34146341463414637,1.7906431217523213,inside,12.786373566451353,inside,True
SR-ATAD5,CLKOFPXJLQSYAH-YBVXDRQKSA-N,5013,0.29823723860812035,0.28654970760233917,25.183486571264098,outside,56.24995385366301,outside,True
SR-ATAD5,LUMLZKVIXLWTCI-IHWYPQMZSA-N,5013,0.27067538126361657,0.25,2.7509662185326733,inside,9.876521830280709,inside,False
SR-ATAD5,JXTHNDFMNIQAHM-UHFFFAOYSA-N,5013,0.5251526251526252,0.4444444444444444,3.0177767605596073,inside,12.481692774397677,inside,False
SR-ATAD5,PFRGXCVKLLPLIP-UHFFFAOYSA-N,5013,0.3936507936507937,0.3333333333333333,2.8209905970386338,inside,13.909669284771079,inside,False
SR-ATAD5,XOKMRXSMOHCNIX-UHFFFAOYSA-N,5013,0.287086255259467,0.28125,2.206324000437208,inside,11.612145468168757,inside,True
SR-ATAD5,MKLKDUHMZCIBSJ-UHFFFAOYSA-N,5013,0.3895733895733896,0.37037037037037035,2.611860748452737,inside,12.319678714910362,inside,False
SR-ATAD5,VADSDVGLFDVIMG-UHFFFAOYSA-N,5013,0.5151515151515151,0.5151515151515151,2.2710062197115986,inside,11.823963485650829,inside,True
SR-ATAD5,YOJKKXRJMXIKSR-UHFFFAOYSA-N,5013,0.5217391304347826,0.5,1.590250927066328,inside,17.003306257857815,inside,True
SR-ATAD5,WQABCVAJNWAXTE-UHFFFAOYSA-N,5013,0.3380125626979174,0.2608695652173913,3.094338659330898,inside,11.94920788729779,inside,False
SR-ATAD5,BOOQTIHIKDDPRW-UHFFFAOYSA-N,5013,0.37689666203817146,0.31746031746031744,1.728923285481807,inside,12.700279266347055,inside,True
SR-ATAD5,DMULVCHRPCFFGV-UHFFFAOYSA-N,5013,0.40116825635989395,0.32432432432432434,1.6059649697704097,inside,13.199992417651204,inside,True
SR-ATAD5,LSSUMOWDTKZHHT-UHFFFAOYSA-N,5013,0.3897283220842371,0.358974358974359,1.5076761366749867,inside,15.283300388283939,inside,True
SR-ATAD5,NNOPDLNHPOLRRE-UHFFFAOYSA-N,5013,0.3308858739275536,0.30357142857142855,2.987107677719282,inside,15.30268262364176,inside,True
SR-ATAD5,DNBPMBJFRRVTSJ-UHFFFAOYSA-N,5013,0.3155479241182265,0.2727272727272727,1.4630172232070353,inside,12.120563200499642,inside,True
SR-ATAD5,QVDSEJDULKLHCG-UHFFFAOYSA-N,5013,0.2973180576578457,0.2708333333333333,1.6697332217530492,inside,13.594562703892272,inside,True
SR-ATAD5,IQXXEPZFOOTTBA-UHFFFAOYSA-N,5013,0.3769608364345206,0.36666666666666664,1.754132912517854,inside,10.871472828108075,inside,True
SR-ATAD5,YEJCDKJIEMIWRQ-UHFFFAOYSA-N,5013,0.28427300257841726,0.2619047619047619,4.273590913208032,inside,12.452248298821582,inside,True
SR-ATAD5,YXVFYQXJAXKLAK-UHFFFAOYSA-N,5013,0.5082216905901117,0.4090909090909091,2.0142325112306696,inside,17.899939021609363,inside,True
SR-ATAD5,LLEMOWNGBBNAJR-UHFFFAOYSA-N,5013,0.4302898550724638,0.4,2.007375163523641,inside,17.305881355486154,inside,True
SR-ATAD5,DNDPLEAVNVOOQZ-UHFFFAOYSA-N,5013,0.34616119174942706,0.29411764705882354,2.43343434072478,inside,12.710177488975827,inside,True
SR-ATAD5,LWRBVKNFOYUCNP-UHFFFAOYSA-N,5013,0.29879707438530967,0.29411764705882354,1.1551431426114598,inside,11.465670904302918,inside,True
SR-ATAD5,MVWHGTYKUMDIHL-UHFFFAOYSA-N,5013,0.4652777777777778,0.3888888888888889,3.2463529047468285,inside,13.015585130497143,inside,True
SR-ATAD5,UWFYSQMTEOIJJG-FDTZYFLXSA-N,5013,0.48558379734051355,0.3684210526315789,3.5243627841735985,inside,14.478915940683478,inside,True
SR-ATAD5,BSHWLCACYCVCJE-UHFFFAOYSA-N,5013,0.412765543426673,0.3673469387755102,2.9945328121427806,inside,11.332050582921765,inside,True
SR-ATAD5,UDCIYVVYDCXLSX-UHFFFAOYSA-N,5013,0.4603726562630673,0.21428571428571427,2.5720240612793024,inside,15.628979997470505,inside,True
SR-ATAD5,WGMYEOIMVYADRJ-UHFFFAOYSA-N,5013,0.32586260406763545,0.2903225806451613,1.7234887261493927,inside,15.683005080640527,inside,True
SR-ATAD5,QIVBCDIJIAJPQS-SECBINFHSA-N,5013,0.36785182392104154,0.3333333333333333,1.9465997913896225,inside,11.1414459789587,inside,True
SR-ATAD5,TZBPRYIIJAJUOY-UHFFFAOYSA-N,5013,0.3555945963290977,0.32653061224489793,2.2181614098120592,inside,15.63477528692004,inside,True
SR-ATAD5,HTQNYBBTZSBWKL-UHFFFAOYSA-N,5013,0.40038231780167266,0.3870967741935484,1.6159912430054968,inside,14.958292932615496,inside,True
SR-ATAD5,WRFZKAGPPQGDDQ-UHFFFAOYSA-N,5013,0.9545454545454547,0.9545454545454546,2.339344723270852,inside,13.367225393406216,inside,False
SR-ATAD5,XJHRZBIBSSVCEL-ARJAWSKDSA-N,5013,0.5585974025974026,0.4666666666666667,2.5041835141828517,inside,14.673007168127778,inside,False
SR-ATAD5,XCWPUUGSGHNIDZ-UHFFFAOYSA-N,5013,0.30812807125980285,0.2857142857142857,3.293136413278522,inside,14.71340055788765,inside,True
SR-ATAD5,FDAYLTPAFBGXAB-UHFFFAOYSA-N,5013,0.3927272727272727,0.3333333333333333,2.657339110550858,inside,15.0287391219939,inside,False
SR-ATAD5,NIHOUJYFWMURBG-UHFFFAOYSA-N,5013,0.38705982905982905,0.24,3.0909483702447638,inside,14.49273411677324,inside,True
SR-ATAD5,PXELHGDYRQLRQO-UHFFFAOYSA-N,5013,0.5127591706539075,0.3157894736842105,2.729649089184539,inside,17.91133594786121,inside,True
SR-ATAD5,ZBJWWKFMHOAPNS-UHFFFAOYSA-N,5013,0.36605415149174114,0.3170731707317073,1.6765118526508416,inside,14.668116160654737,inside,True
SR-ATAD5,NYPJDWWKZLNGGM-UHFFFAOYSA-N,5013,0.5373966519806302,0.49230769230769234,3.9242226136476113,inside,16.786079015551575,inside,True
SR-ATAD5,IVDRCZNHVGQBHZ-UHFFFAOYSA-N,5013,0.5146046874832857,0.4,1.9472000077187395,inside,13.030918094905557,inside,True
SR-ATAD5,ZFHGXWPMULPQSE-WTKPLQERSA-N,5013,0.3672653217429337,0.2857142857142857,2.6192511756224364,inside,17.461406544084134,inside,True
SR-ATAD5,DWFZBUWUXWZWKD-UHFFFAOYSA-N,5013,0.2885721664552346,0.2553191489361702,2.4733570222704486,inside,15.132979703501455,inside,True
SR-ATAD5,KGBXLFKZBHKPEV-UHFFFAOYSA-N,5013,0.15553221288515404,0.125,4.036619251210021,inside,14.99605220620713,inside,False
SR-ATAD5,FEWJPZIEWOKRBE-JCYAYHJZSA-N,5013,0.43324675324675327,0.4,3.8234653256418136,inside,11.376922915583831,inside,False
SR-ATAD5,AOJJSUZBOXZQNB-TZSSRYMLSA-N,5013,0.23398250055008182,0.21686746987951808,7.531823716725192,borderline,19.456637342404115,inside,True
SR-ATAD5,CUYKNJBYIJFRCU-UHFFFAOYSA-N,5013,0.3507769423558897,0.3142857142857143,2.800857756329662,inside,13.019843677439038,inside,True
SR-ATAD5,NKCQEIXYLHACJC-UHFFFAOYSA-N,5013,0.36696010056475936,0.34285714285714286,2.1755012359192154,inside,10.186635449083656,inside,True
SR-ATAD5,RYUJRXVZSJCHDZ-UHFFFAOYSA-N,5013,0.4779493192625887,0.46511627906976744,3.764024056842164,inside,11.732228367455356,inside,True
SR-ATAD5,FPGCYQVKNKEGRQ-SXLQGMKLSA-N,5013,0.6187865513599773,0.36585365853658536,3.746808718868285,inside,21.19860231994352,inside,True
SR-ATAD5,OQJBSDFFQWMKBQ-UHFFFAOYSA-N,5013,0.5410231705936243,0.425531914893617,1.8070517649187947,inside,18.98081013462875,inside,True
SR-ATAD5,ZXUMUPVQYAFTLF-UHFFFAOYSA-N,5013,0.3485733318256476,0.3157894736842105,1.6644573286500337,inside,12.784403162977217,inside,True
SR-ATAD5,CFXQEHVMCRXUSD-UHFFFAOYSA-N,5013,0.5013986013986014,0.35714285714285715,3.2724974173276475,inside,14.023971025656046,inside,False
SR-ATAD5,PCEAPJVBSINMNW-UHFFFAOYSA-N,5013,0.2445821335527218,0.21875,4.288981952515049,inside,11.782935019073827,inside,True
SR-ATAD5,AFCAKJKUYFLYFK-UHFFFAOYSA-N,5013,0.48209437621202333,0.42857142857142855,3.922234226259572,inside,18.018468015682668,inside,False
SR-ATAD5,MJWPFSQVORELDX-UHFFFAOYSA-K,5013,0.2928205128205128,0.23076923076923078,4.878839056647501,inside,13.01517303610546,inside,False
SR-ATAD5,GSCCALZHGUWNJW-UHFFFAOYSA-N,5013,0.42857142857142855,0.3333333333333333,2.350222915882994,inside,11.577794036121247,inside,True
SR-ATAD5,ORLGLBZRQYOWNA-UHFFFAOYSA-N,5013,0.3821978021978022,0.35714285714285715,2.570454613632387,inside,11.427979803514818,inside,True
SR-ATAD5,JGOAIQNSOGZNBX-UHFFFAOYSA-N,5013,0.601087943428369,0.5111111111111111,1.9866297291030337,inside,14.104622276094748,inside,True
SR-ATAD5,LNLFLMCWDHZINJ-UHFFFAOYSA-N,5013,0.42747035573122527,0.375,2.1329772901661466,inside,10.002045910314427,inside,False
SR-ATAD5,QXHHHPZILQDDPS-UHFFFAOYSA-N,5013,0.6950035155016869,0.6363636363636364,3.0256063227580006,inside,21.912351060453013,inside,True
SR-ATAD5,VPHPQNGOVQYUMG-UHFFFAOYSA-N,5013,0.3490829060424864,0.2619047619047619,2.1374545636663296,inside,14.717183457654116,inside,True
SR-ATAD5,WYVVKGNFXHOCQV-UHFFFAOYSA-N,5013,0.40544117647058825,0.35294117647058826,1.7260088445925525,inside,12.547862149843684,inside,False
SR-ATAD5,GKGOLPMYJJXRGD-UHFFFAOYSA-N,5013,0.2805400000756038,0.2564102564102564,2.46476109092593,inside,11.701655867018808,inside,True
SR-ATAD5,PBUNVLRHZGSROC-VTIMJTGVSA-N,5013,0.43906565257297725,0.28440366972477066,6.6107109271769,borderline,29.198768470078907,borderline,True
SR-ATAD5,SCGZIPCHOAVGCL-UHFFFAOYSA-N,5013,0.3208472686733556,0.3076923076923077,4.772505772373954,inside,11.842478001668088,inside,True
SR-ATAD5,QARBMVPHQWIHKH-UHFFFAOYSA-N,5013,0.3747008547008547,0.3,3.5069226109433913,inside,10.757740140022673,inside,False
SR-ATAD5,FOUWCSDKDDHKQP-UHFFFAOYSA-N,5013,0.22308001087429016,0.18518518518518517,2.567097772399652,inside,14.054455661994016,inside,True
SR-ATAD5,ZOTBXTZVPHCKPN-HTXNQAPBSA-N,5013,0.3937927819083261,0.3404255319148936,1.8096534482751583,inside,11.272929452054463,inside,True
SR-ATAD5,DMUAPQTXSSNEDD-LDWAKBATSA-N,5013,0.2329833763770243,0.22388059701492538,10.156074711074748,borderline,40.196265385378204,outside,True
SR-ATAD5,XFRVVPUIAFSTFO-UHFFFAOYSA-N,5013,1.0,1.0,2.7757356392640316,inside,14.281144283806938,inside,False
SR-ATAD5,MZHULIWXRDLGRR-UHFFFAOYSA-N,5013,0.7142857142857143,0.7142857142857143,8.248433797292064,borderline,13.565319234435993,inside,False
SR-ATAD5,LOYDTBZMMPQJNI-UHFFFAOYSA-N,5013,0.23054355486104727,0.21212121212121213,2.0776231306597657,inside,11.13992483810773,inside,True
SR-ATAD5,ROWKJAVDOGWPAT-UHFFFAOYSA-N,5013,0.4775213675213676,0.4166666666666667,3.2199654976238454,inside,9.77032355736306,inside,False
SR-ATAD5,RJIWZDNTCBHXAL-UHFFFAOYSA-N,5013,0.3903364927755172,0.36363636363636365,1.587540319398328,inside,11.675514844994595,inside,True
SR-ATAD5,YTBNTDMBGXAOCG-UHFFFAOYSA-N,5013,0.37875514729173265,0.35714285714285715,1.0421087751054632,inside,13.31858673918911,inside,True
SR-ATAD5,CCCMONHAUSKTEQ-UHFFFAOYSA-N,5013,1.0,1.0,4.084624028259829,inside,17.655146713269755,inside,False
SR-ATAD5,LVASCWIMLIKXLA-LSDHHAIUSA-N,5013,0.19698894003903514,0.1927710843373494,2.5424569392813776,inside,19.115030298389534,inside,True
SR-ATAD5,XVQUOJBERHHONY-UHFFFAOYSA-N,5013,0.503448275862069,0.5,2.521176053265943,inside,15.522907121882369,inside,False
SR-ATAD5,CEQFOVLGLXCDCX-WUKNDPDISA-N,5013,0.3927752427752428,0.3783783783783784,1.2971505084469817,inside,13.76208308785365,inside,True
SR-ATAD5,BLGXFZZNTVWLAY-SCYLSFHTSA-N,5013,0.34362623552710414,0.30864197530864196,2.9419629038551838,inside,18.354103873785487,inside,True
SR-ATAD5,WCXDHFDTOYPNIE-UHFFFAOYSA-N,5013,0.2694258373205741,0.21818181818181817,1.1728894698850554,inside,12.058295474478351,inside,True
SR-ATAD5,OLZQTUCTGLHFTQ-UHFFFAOYSA-N,5013,0.30366112092201875,0.29310344827586204,2.064352179432728,inside,13.427542406001184,inside,True
SR-ATAD5,JQSHBVHOMNKWFT-UHFFFAOYSA-N,5013,0.21435375199624535,0.20408163265306123,1.9360360488314694,inside,10.627512212010904,inside,True
SR-ATAD5,IODWHFFPQHUDAG-UHFFFAOYSA-N,5013,0.28595238095238096,0.25,1.7670746444400947,inside,10.647119336919825,inside,True
SR-ATAD5,OEQQFQXMCPMEIH-UHFFFAOYSA-N,5013,0.32103368176538905,0.3,1.871762835277343,inside,14.143519708499001,inside,True
SR-ATAD5,GJGHBJCMOWRRSZ-UHFFFAOYSA-N,5013,0.3071428571428571,0.25,3.2180680810649482,inside,14.391690741870807,inside,False
SR-ATAD5,IMWZZHHPURKASS-UHFFFAOYSA-N,5013,0.28962254798440684,0.2653061224489796,0.854757900709342,inside,12.574984014500599,inside,True
SR-ATAD5,GLZPCOQZEFWAFX-YFHOEESVSA-N,5013,0.5073286713286713,0.48,2.3870342147529304,inside,16.586369868074332,inside,False
SR-ATAD5,JRBJSXQPQWSCCF-UHFFFAOYSA-N,5013,0.5278201058201059,0.4642857142857143,1.5175490551016553,inside,13.916633162373996,inside,True
SR-ATAD5,ULQISTXYYBZJSJ-UHFFFAOYSA-N,5013,0.7083333333333334,0.7083333333333334,3.4958084976975563,inside,14.487998507084523,inside,False
SR-ATAD5,AVAACINZEOAHHE-VFZPANTDSA-N,5013,0.2711924889334143,0.2111111111111111,4.916668394286234,inside,23.680710037416755,inside,True
SR-ATAD5,VOVUARRWDCVURC-UHFFFAOYSA-N,5013,0.1362278244631186,0.1111111111111111,3.8383050847662914,inside,13.417186677285684,inside,True
SR-ATAD5,JNTOCHDNEULJHD-UHFFFAOYSA-N,5013,0.2872940988069371,0.2553191489361702,3.4498859008321423,inside,12.462137611740857,inside,True
SR-ATAD5,ZOCKGBMQLCSHFP-KQRAQHLDSA-N,5013,0.22470409356725146,0.216,9.242124473991819,borderline,31.049600032599507,borderline,True
SR-ATAD5,CGNMLOKEMNBUAI-UHFFFAOYSA-N,5013,0.34198025551684086,0.325,1.1165647653098836,inside,11.662610821579152,inside,True
SR-ATAD5,PKJBWOWQJHHAHG-UHFFFAOYSA-N,5013,0.4864035087719298,0.4,2.5134598805094983,inside,14.259223212769351,inside,True
SR-ATAD5,CJPQIRJHIZUAQP-UHFFFAOYSA-N,5013,0.5173434246086036,0.4090909090909091,1.8373633367562217,inside,12.264838686570224,inside,True
SR-ATAD5,QKDHBVNJCZBTMR-UHFFFAOYSA-N,5013,0.47116830109787855,0.38961038961038963,3.6606831868687806,inside,19.279157339706774,inside,True
SR-ATAD5,IYYZUPMFVPLQIF-UHFFFAOYSA-N,5013,0.35368421052631577,0.3333333333333333,2.8893169482097845,inside,14.588259615854394,inside,True
SR-ATAD5,KLECYOQFQXJYBC-UHFFFAOYSA-N,5013,0.37027385657820444,0.32142857142857145,2.5638675133160316,inside,16.133946984286208,inside,True
SR-ATAD5,MTZWHHIREPJPTG-UHFFFAOYSA-N,5013,0.3682072829131653,0.35294117647058826,2.8541120806616362,inside,11.620710407038816,inside,False
SR-ATAD5,SEPQTYODOKLVSB-UHFFFAOYSA-N,5013,0.3324862113477674,0.2916666666666667,3.348905711109574,inside,11.684983420509413,inside,False
SR-ATAD5,UAIUNKRWKOVEES-UHFFFAOYSA-N,5013,0.4253297274807572,0.4,1.8665964618003894,inside,12.784573675833572,inside,True
SR-ATAD5,FKPXGNGUVSHWQQ-UHFFFAOYSA-N,5013,0.2791098542869487,0.25925925925925924,2.7255710806735816,inside,11.407105030423459,inside,True
SR-ATAD5,QSQQPMHPCBLLGX-UHFFFAOYSA-N,5013,0.3382475916518469,0.3181818181818182,1.7628504805910634,inside,13.489294714738389,inside,True
SR-ATAD5,IWVRVEIKCBFZNF-UHFFFAOYSA-N,5013,0.24729518390163685,0.21739130434782608,2.1061263039945515,inside,14.165834248665329,inside,True
SR-ATAD5,NFIXBCVWIPOYCD-UHFFFAOYSA-N,5013,0.48075285841243287,0.4318181818181818,2.12260387377412,inside,15.56944528597731,inside,True
SR-ATAD5,OMHBPUNFVFNHJK-UHFFFAOYSA-P,5013,0.3242188873424708,0.30612244897959184,4.941349951995235,inside,11.109926576419905,inside,True
SR-ATAD5,BWWVAEOLVKTZFQ-ISVUSNJMSA-N,5013,0.425129388924133,0.390625,1.7670300199129272,inside,14.48329347702929,inside,True
SR-ATAD5,HHSXYDOROIURIP-FEZCWRLCSA-N,5013,0.6593992323705439,0.5573770491803278,3.927385850334498,inside,24.699228224617816,inside,True
SR-ATAD5,ZUHZGEOKBKGPSW-UHFFFAOYSA-N,5013,0.6954545454545455,0.6875,2.7943529857035214,inside,14.577604261458184,inside,False
SR-ATAD5,FYPMFJGVHOHGLL-UHFFFAOYSA-N,5013,0.5351111111111111,0.5,5.2968955427585165,inside,11.596738249193182,inside,True
SR-ATAD5,QZWKEPYTBWZJJA-UHFFFAOYSA-N,5013,0.3354845754845755,0.2972972972972973,1.9094637995163681,inside,14.00603525133567,inside,True
SR-ATAD5,LELOWRISYMNNSU-UHFFFAOYSA-N,5013,0.31238095238095237,0.125,4.1150067699789155,inside,14.624876003533823,inside,False
SR-ATAD5,RWCCWEUUXYIKHB-UHFFFAOYSA-N,5013,0.6061919504643962,0.5789473684210527,2.03925732742178,inside,18.804683464123027,inside,True
SR-ATAD5,XJSFLOJWULLJQS-WJBNFFGSSA-N,5013,0.2411533732320784,0.2318840579710145,10.334533949295906,borderline,44.385362694559745,outside,True
SR-ATAD5,VHVPQPYKVGDNFY-ZPGVKDDISA-N,5013,0.4958705291873257,0.3764705882352941,9.405923545561997,borderline,29.605464902675223,borderline,True
SR-ATAD5,XFYDIVBRZNQMJC-UHFFFAOYSA-N,5013,0.39783546863332403,0.24,1.7389017252485808,inside,13.201624928444964,inside,True
SR-ATAD5,FQNKTJPBXAZUGC-UHFFFAOYSA-N,5013,0.4229552787704264,0.39473684210526316,1.6815559860093467,inside,12.704456551466883,inside,True
SR-ATAD5,WSGFXVFLWVXTCJ-UHFFFAOYSA-N,5013,0.3276911976911977,0.3111111111111111,1.532732129054687,inside,12.44072692262959,inside,True
SR-ATAD5,ZGZLRWJZGFRHHQ-UHFFFAOYSA-N,5013,0.2724242424242424,0.21212121212121213,2.506195256447961,inside,10.233866494278464,inside,True
SR-ATAD5,BTTNYQZNBZNDOR-UHFFFAOYSA-N,5013,0.27105810263705,0.25,2.556493445699461,inside,12.942388782777194,inside,True
SR-ATAD5,YJINQJFQLQIYHX-PLNGDYQASA-N,5013,0.6475748030024022,0.5862068965517241,2.8240454176320133,inside,14.226434168811348,inside,False
SR-ATAD5,LQZZUXJYWNFBMV-UHFFFAOYSA-N,5013,1.0,1.0,2.662626433493833,inside,14.281144283806938,inside,False
SR-ATAD5,YUWPMEXLKGOSBF-GACAOOTBSA-N,5013,0.4884393397093626,0.4358974358974359,2.800745701986165,inside,20.159908805106284,inside,True
SR-ATAD5,ZWJNEYVWPYIKMB-UHFFFAOYSA-N,5013,0.42188697281576537,0.40540540540540543,1.2557064791246821,inside,13.354921367465304,inside,True
SR-ATAD5,BHIIGRBMZRSDRI-UHFFFAOYSA-N,5013,0.5111850515076322,0.38461538461538464,1.6115129109817847,inside,12.71669892791527,inside,True
SR-ATAD5,LVLNPXCISNPHLE-UHFFFAOYSA-N,5013,0.4592848020434227,0.43333333333333335,1.4707566345675425,inside,12.775256492128394,inside,True
SR-ATAD5,VWCUGCYZZGRKEE-UTKZUKDTSA-N,5013,0.348260667903525,0.32653061224489793,2.1412573944478877,inside,12.11425720870703,inside,True
SR-ATAD5,VOKSWYLNZZRQPF-CCKFTAQKSA-N,5013,0.5050168303784505,0.3770491803278688,1.7046979273713085,inside,11.64632841994572,inside,True
SR-ATAD5,PQRDTUFVDILINV-UHFFFAOYSA-N,5013,0.2288851018506191,0.20689655172413793,2.0565043099962326,inside,10.662690278610333,inside,True
SR-ATAD5,VBICKXHEKHSIBG-UHFFFAOYSA-N,5013,0.8568627450980392,0.6176470588235294,4.238011004874813,inside,18.729293414093863,inside,False
SR-ATAD5,MQCPOLNSJCWPGT-UHFFFAOYSA-N,5013,0.5835196687370601,0.5416666666666666,1.4628335175336362,inside,11.448174344188343,inside,True
SR-ATAD5,HTVITOHKHWFJKO-UHFFFAOYSA-N,5013,0.5511239935587761,0.44,1.3522360111404212,inside,12.516135379642362,inside,True
SR-ATAD5,RBOXVHNMENFORY-KEMUOJQUSA-N,5013,0.5549590918399419,0.44776119402985076,2.279720386309337,inside,16.353880799083086,inside,True
SR-ATAD5,WAAPEIZFCHNLKK-UFBFGSQYSA-N,5013,0.21649168054232665,0.2054794520547945,2.6102834765330454,inside,14.259877785458293,inside,True
SR-ATAD5,MEUQWHZOUDZXHH-UHFFFAOYSA-N,5013,0.3867801016188113,0.3387096774193548,3.3416779702516073,inside,14.761034616830454,inside,True
SR-ATAD5,DCUJJWWUNKIJPH-UHFFFAOYSA-N,5013,0.32284590787313105,0.3103448275862069,2.2776518467636886,inside,14.068246134862486,inside,True
SR-ATAD5,MOEZPHHJIZLEKX-UHFFFAOYSA-N,5013,0.2231103411774399,0.18333333333333332,1.5082690558948535,inside,12.09709327917399,inside,True
SR-ATAD5,WERYXYBDKMZEQL-UHFFFAOYSA-N,5013,0.6147435897435898,0.5384615384615384,3.200436594535391,inside,10.575857892673106,inside,False
SR-ATAD5,DENFJSAFJTVPJR-UHFFFAOYSA-N,5013,0.4711739241151006,0.45454545454545453,2.472256115413832,inside,15.01889885100793,inside,False
SR-ATAD5,FGIWFCGDPUIBEZ-UHFFFAOYSA-N,5013,0.30820851399290505,0.288135593220339,1.7731372700671626,inside,13.562140132274475,inside,True
SR-ATAD5,OFOBLEOULBTSOW-UHFFFAOYSA-N,5013,0.4769230769230769,0.46153846153846156,3.1401814239620527,inside,12.306574372866429,inside,False
SR-ATAD5,BLGXFZZNTVWLAY-DIRVCLHFSA-N,5013,0.40408788063824524,0.30864197530864196,2.9419629038551838,inside,19.989454472679615,inside,True
SR-ATAD5,KFUSANSHCADHNJ-UHFFFAOYSA-N,5013,0.5298936997666581,0.47368421052631576,2.4308382977157157,inside,12.924391412020722,inside,True
SR-ATAD5,PVNIIMVLHYAWGP-UHFFFAOYSA-N,5013,0.512290785088739,0.48,2.345396444155062,inside,11.283221030281348,inside,True
SR-ATAD5,VKOUCJUTMGHNOR-UHFFFAOYSA-N,5013,0.43552979741800657,0.41935483870967744,1.5996555009429474,inside,9.93636570054483,inside,True
SR-ATAD5,XBHBWNFJWIASRO-UHFFFAOYSA-N,5013,0.4590511633370792,0.36231884057971014,3.3127619491002673,inside,17.671747153659375,inside,True
SR-ATAD5,UJVLDDZCTMKXJK-WNHSNXHDSA-N,5013,0.46223793079755504,0.38235294117647056,3.026165162790699,inside,14.997289812825088,inside,True
SR-ATAD5,JZQKKSLKJUAGIC-UHFFFAOYSA-N,5013,0.4584959691423739,0.41509433962264153,1.5125272226135273,inside,14.818994124651399,inside,True
SR-ATAD5,HQABUPZFAYXKJW-UHFFFAOYSA-N,5013,0.5857142857142857,0.5,3.3514522932714117,inside,12.501230902152596,inside,False
SR-ATAD5,GBIHOLCMZGAKNG-CGAIIQECSA-N,5013,0.5004575163398692,0.47058823529411764,4.350007226748569,inside,16.557258441621,inside,True
SR-ATAD5,IRSCQMHQWWYFCW-UHFFFAOYSA-N,5013,0.2966994833123865,0.25757575757575757,3.8638918128373887,inside,11.424235686579651,inside,True
SR-ATAD5,LTHJXDSHSVNJKG-UHFFFAOYSA-N,5013,0.7638923395445134,0.6071428571428571,3.30385587426978,inside,13.411269409241015,inside,False
SR-ATAD5,ODCNAEMHGMYADO-UHFFFAOYSA-N,5013,0.36046198830409354,0.32,2.055165278921337,inside,14.477688296200014,inside,True
SR-ATAD5,PCWGTDULNUVNBN-UHFFFAOYSA-N,5013,0.4259132680185312,0.3888888888888889,2.97189229592894,inside,11.254737794291087,inside,False
SR-ATAD5,AWYOMXWDGWUJHS-UHFFFAOYSA-N,5013,0.32741106512535084,0.3076923076923077,1.6595502289861042,inside,20.874832059494366,inside,True
SR-ATAD5,NSOXQYCFHDMMGV-UHFFFAOYSA-N,5013,0.4268986289581256,0.3684210526315789,3.5921907002570994,inside,10.992002769820125,inside,False
SR-ATAD5,XJKSTNDFUHDPQJ-UHFFFAOYSA-N,5013,0.44857142857142857,0.4,2.9370591250019147,inside,17.256924059090707,inside,True
SR-ATAD5,KJRCEJOSASVSRA-UHFFFAOYSA-N,5013,0.4242424242424242,0.3333333333333333,3.6560749162787873,inside,13.44290541293713,inside,False
SR-ATAD5,MLTFKRFUQNLDIU-CBQIKETKSA-N,5013,0.34490418807554357,0.2972972972972973,4.077265523352182,inside,14.002903081071693,inside,True
SR-ATAD5,NQHNLNLJPDMBFN-UHFFFAOYSA-O,5013,0.45777296777296783,0.4444444444444444,5.010494486916648,inside,17.772867187979138,inside,True
SR-ATAD5,KUAZQDVKQLNFPE-UHFFFAOYSA-N,5013,0.2900793650793651,0.21428571428571427,2.3924871844680267,inside,11.123045902275052,inside,False
SR-ATAD5,RRVIAQKBTUQODI-UHFFFAOYSA-N,5013,0.34131652661064427,0.30952380952380953,1.2188116876202852,inside,16.416441759139285,inside,True
SR-ATAD5,HDOVUKNUBWVHOX-QMMMGPOBSA-N,5013,0.28043981717182004,0.2459016393442623,4.086541265782519,inside,11.85241440461542,inside,True
SR-ATAD5,DVFGEIYOLIFSRX-UHFFFAOYSA-N,5013,0.4996323529411765,0.46875,2.291298967204583,inside,17.996399796026672,inside,False
SR-ATAD5,CGSLYBDCEGBZCG-UHFFFAOYSA-N,5013,0.5377777777777777,0.4888888888888889,3.0790504779696257,inside,16.035055701710093,inside,True
SR-ATAD5,SGTNSNPWRIOYBX-UHFFFAOYSA-N,5013,0.32178968825010423,0.273972602739726,4.331632698218529,inside,16.582588689101044,inside,True
SR-ATAD5,LAAVYEUJEMRIGF-UHFFFAOYSA-N,5013,0.29030126220528696,0.2631578947368421,3.4065599425368904,inside,13.267991747125548,inside,False
SR-ATAD5,IEUHWNLWVMLHHC-UHFFFAOYSA-N,5013,0.3709621226444823,0.34,1.009855647036353,inside,12.546852297380907,inside,True
SR-ATAD5,NVGOPFQZYCNLDU-UHFFFAOYSA-N,5013,0.31566165575124144,0.2978723404255319,1.2580521333290464,inside,16.630843519124763,inside,True
SR-ATAD5,NGCJVMZXRCLPRQ-UHFFFAOYSA-N,5013,0.3167391304347826,0.2916666666666667,2.7909705627694206,inside,10.987908140784427,inside,False
SR-ATAD5,WJGPNUBJBMCRQH-UHFFFAOYSA-N,5013,0.3131512165994924,0.2857142857142857,1.8121187468214488,inside,11.691269195690007,inside,True
SR-ATAD5,AMYKXJAXRJCLCV-UHFFFAOYSA-N,5013,0.5162988452849134,0.47368421052631576,1.152842115985718,inside,11.710087064146988,inside,True
SR-ATAD5,YNNUSGIPVFPVBX-NHCUHLMSSA-N,5013,0.3241438743581379,0.3114754098360656,2.6272464505996864,inside,19.994780539213828,inside,True
SR-ATAD5,MUXOBHXGJLMRAB-UHFFFAOYSA-N,5013,0.7186274509803922,0.6666666666666666,2.605143270436232,inside,10.053541931403133,inside,False
SR-ATAD5,KDLRVYVGXIQJDK-AWPVFWJPSA-N,5013,0.1941285070969728,0.18681318681318682,3.474988286112454,inside,20.35962677070805,inside,True
SR-ATAD5,VAJLRIOJDADNAT-UHFFFAOYSA-N,5013,0.1712671288611138,0.16666666666666666,7.931106633779085,borderline,34.58516861349248,borderline,True
SR-ATAD5,AYXYPKUFHZROOJ-ZETCQYMHSA-N,5013,0.3692307692307692,0.3333333333333333,2.402279072877357,inside,10.424165956544153,inside,False
SR-ATAD5,OOSYXMPLIGBCDA-UHFFFAOYSA-N,5013,0.3701086956521739,0.3125,11.39353638180228,borderline,13.396179260636721,inside,True
SR-ATAD5,YIROYDNZEPTFOL-UHFFFAOYSA-N,5013,0.34750000000000003,0.28125,2.6884296667928815,inside,11.217074152849953,inside,True
SR-ATAD5,WHTVZRBIWZFKQO-UHFFFAOYSA-N,5013,0.33963801509383557,0.2608695652173913,2.083094151881525,inside,15.867253641828585,inside,True
SR-ATAD5,ICSNLGPSRYBMBD-UHFFFAOYSA-N,5013,0.37392156862745096,0.3333333333333333,2.800857756329662,inside,13.552011591425599,inside,True
SR-ATAD5,IUGDILGOLSSKNE-UHFFFAOYSA-N,5013,0.4130200501253133,0.39285714285714285,1.6992017383556637,inside,12.426697385960335,inside,True
SR-ATAD5,JUJWROOIHBZHMG-UHFFFAOYSA-N,5013,0.366969696969697,0.3181818181818182,3.266244998683058,inside,14.94000163837809,inside,True
SR-ATAD5,JTPVHPYPNZIZKG-OWOJBTEDSA-N,5013,0.2937995116519038,0.27848101265822783,19.51696924996547,outside,19.680903783944757,inside,True
SR-ATAD5,JAYCNKDKIKZTAF-UHFFFAOYSA-N,5013,0.5390977443609022,0.47368421052631576,2.557849360193202,inside,19.184215451394863,inside,True
SR-ATAD5,KHZRTXVUEZJYNE-UHFFFAOYSA-N,5013,0.3363143958438076,0.3076923076923077,3.201190191049961,inside,15.321061996865444,inside,True
SR-ATAD5,XUAXVBUVQVRIIQ-UHFFFAOYSA-N,5013,0.28750760763144667,0.2647058823529412,2.176504366981686,inside,15.439704148475899,inside,True
SR-ATAD5,DJKGDNKYTKCJKD-UHFFFAOYSA-N,5013,0.3354166666666667,0.2727272727272727,1.576581102248319,inside,11.553210513373632,inside,True
SR-ATAD5,ILQHIGIKULUQFQ-UHFFFAOYSA-N,5013,0.3427058823529412,0.32,2.4992792323092305,inside,12.44890739083665,inside,True
SR-ATAD5,RVEJOWGVUQQIIZ-UHFFFAOYSA-N,5013,0.3427058823529412,0.32,2.0549585998326827,inside,12.44890739083665,inside,True
SR-ATAD5,MXLZUALXSYVAIV-UHFFFAOYSA-N,5013,0.244804318488529,0.23076923076923078,2.395719561760261,inside,13.514146360380177,inside,True
SR-ATAD5,NOCJXYPHIIZEHN-UHFFFAOYSA-N,5013,0.46895554986688986,0.43478260869565216,3.438325119610923,inside,16.103740548089192,inside,True
SR-ATAD5,HJSPWKGEPDZNLK-UHFFFAOYSA-N,5013,0.4740466449390935,0.4444444444444444,1.84894000734642,inside,13.759609411957735,inside,True
SR-ATAD5,UXOXUHMFQZEAFR-UHFFFAOYSA-N,5013,0.4205533596837944,0.36363636363636365,2.234291466631387,inside,12.232094823510955,inside,True
SR-ATAD5,HSTOKWSFWGCZMH-UHFFFAOYSA-N,5013,0.422463768115942,0.34782608695652173,3.5011167111077652,inside,15.210406812542066,inside,True
SR-ATAD5,VCCBEIPGXKNHFW-UHFFFAOYSA-N,5013,0.5395721925133691,0.47058823529411764,1.6710860003318282,inside,16.65168686828453,inside,True
SR-ATAD5,RVHUMFJSCJBNGS-UHFFFAOYSA-N,5013,0.3362531328320802,0.3142857142857143,3.9017482670404418,inside,12.251509883997455,inside,True
SR-ATAD5,GPNAVOJCQIEKQF-UHFFFAOYSA-N,5013,0.44378438696946587,0.43243243243243246,1.7028306815363505,inside,18.238702832279813,inside,True
SR-ATAD5,QSRJVOOOWGXUDY-UHFFFAOYSA-N,5013,0.4505175983436853,0.3695652173913043,6.3326968525357605,borderline,13.833510913598813,inside,True
SR-ATAD5,XMAYWYJOQHXEEK-OZXSUGGESA-N,5013,0.36824564792644227,0.29411764705882354,5.267569368844684,inside,21.364766560370324,inside,True
SR-ATAD5,VNFPBHJOKIVQEB-UHFFFAOYSA-N,5013,0.3233685478791862,0.2978723404255319,3.6141635093013,inside,14.896797982238096,inside,True
SR-ATAD5,MEZZCSHVIGVWFI-UHFFFAOYSA-N,5013,0.4423210432498358,0.4117647058823529,1.0926456714523018,inside,13.391948958206928,inside,True
SR-ATAD5,YIYBRXKMQFDHSM-UHFFFAOYSA-N,5013,0.6035824915824916,0.5185185185185185,1.229535682193366,inside,12.231867451715537,inside,True
SR-ATAD5,DXGLGDHPHMLXJC-UHFFFAOYSA-N,5013,0.39126651126651135,0.38461538461538464,1.0161135425500094,inside,15.95242731795308,inside,True
SR-ATAD5,ZXDDPOHVAMWLBH-UHFFFAOYSA-N,5013,0.44631336405529953,0.3870967741935484,1.241744950670859,inside,16.789274916278742,inside,True
SR-ATAD5,HFCYZXMHUIHAQI-UHFFFAOYSA-N,5013,0.3930827067669173,0.3684210526315789,1.3795423034904577,inside,13.576415424681516,inside,True
SR-ATAD5,PPDBOQMNKNNODG-UHFFFAOYSA-N,5013,0.3612887283990783,0.3384615384615385,1.6742376079074184,inside,14.99939410090817,inside,True
SR-ATAD5,XSBSKEQEUFOSDD-UHFFFAOYSA-N,5013,0.42305994818189935,0.21951219512195122,2.2730351437138503,inside,13.651013408327014,inside,True
SR-ATAD5,VOOYTQRREPYRIW-UHFFFAOYSA-N,5013,0.36068366497257875,0.3055555555555556,1.1414439082609966,inside,11.917127591160314,inside,True
SR-ATAD5,LXOFYPKXCSULTL-UHFFFAOYSA-N,5013,0.3730934854619065,0.3,2.2069566549719593,inside,12.157962910862514,inside,False
SR-ATAD5,WTARULDDTDQWMU-UHFFFAOYSA-N,5013,0.2904400019073504,0.24242424242424243,2.995434672777562,inside,12.753702715456216,inside,True
SR-ATAD5,HPJKCIUCZWXJDR-UHFFFAOYSA-N,5013,0.3323707664884135,0.3,2.2749974840592113,inside,12.359738074698825,inside,True
SR-ATAD5,SYTBZMRGLBWNTM-UHFFFAOYSA-N,5013,0.38893345164152615,0.3673469387755102,1.4556823911098509,inside,22.319031102032064,inside,True
SR-ATAD5,MSWZFWKMSRAUBD-IVMDWMLBSA-N,5013,0.3687741935483871,0.3548387096774194,4.341064736904184,inside,12.091516336169706,inside,True
SR-ATAD5,ZNNLBTZKUZBEKO-UHFFFAOYSA-N,5013,0.472043032714764,0.3888888888888889,4.330136231078095,inside,19.77325726706676,inside,True
SR-ATAD5,CKIHZSGJPSDCNC-UHFFFAOYSA-N,5013,0.31899850074962516,0.27586206896551724,2.282013895593254,inside,12.870750354017025,inside,True
SR-ATAD5,HIUVKVDQFXDZHU-UHFFFAOYSA-N,5013,0.380527585673582,0.32653061224489793,2.0167589559602734,inside,13.24232752347634,inside,True
SR-ATAD5,NPPJLSILDPVHCM-UHFFFAOYSA-N,5013,0.582170473204956,0.5142857142857142,1.561267047474173,inside,10.90405739428339,inside,True
SR-ATAD5,OJMMVQQUTAEWLP-KIDUDLJLSA-N,5013,0.19421416687766074,0.18681318681318682,4.1752802530015405,inside,19.93514892660606,inside,True
SR-ATAD5,GCKFUYQCUCGESZ-BPIQYHPVSA-N,5013,0.5330340623556841,0.4782608695652174,2.442052271452811,inside,17.787889334473764,inside,True
SR-ATAD5,WPVFJKSGQUFQAP-GKAPJAKFSA-N,5013,0.24605640162483544,0.2191780821917808,5.001552423428144,inside,15.00377209635572,inside,True
SR-ATAD5,USMNOWBWPHYOEA-MRTMQBJTSA-N,5013,0.2634054834054834,0.23333333333333334,2.4262534873408335,inside,10.226330941903502,inside,True
SR-ATAD5,UCFGDBYHRUNTLO-QHCPKHFHSA-N,5013,0.18209886789442628,0.1797752808988764,4.58188864591717,inside,17.813588205265358,inside,True
SR-ATAD5,BBXXLROWFHWFQY-UHFFFAOYSA-N,5013,0.3333655083655084,0.30952380952380953,0.9780882390498573,inside,13.08360142386906,inside,True
SR-ATAD5,OHJYHAOODFPJOD-UHFFFAOYSA-N,5013,0.5313852813852813,0.5,2.305473175603686,inside,19.99233574073916,inside,False
SR-ATAD5,CXGTZJYQWSUFET-LJQANCHMSA-N,5013,0.3313835935753744,0.3269230769230769,3.2369737593671237,inside,14.607038745744408,inside,True
SR-ATAD5,WPTTVJLTNAWYAO-KPOXMGGZSA-N,5013,0.22384977888643207,0.21739130434782608,5.137080924601943,inside,16.22986762423779,inside,True
SR-ATAD5,IZRPKIZLIFYYKR-UHFFFAOYSA-N,5013,0.3794555389358649,0.3617021276595745,1.718847263714703,inside,14.227131483510242,inside,True
SR-ATAD5,IBYHHJPAARCAIE-UHFFFAOYSA-N,5013,0.46930846930846926,0.36363636363636365,3.5679192863933262,inside,14.641788470775879,inside,False
SR-ATAD5,ZDPHROOEEOARMN-UHFFFAOYSA-N,5013,1.0,1.0,2.3468150153370466,inside,12.411922159422907,inside,False
SR-ATAD5,CVUGPAFCQJIYDT-UHFFFAOYSA-N,5013,0.3372842795654848,0.32142857142857145,2.9875411198067177,inside,12.360014697345088,inside,True
SR-ATAD5,NZHGWWWHIYHZNX-CSKARUKUSA-N,5013,0.39962830349531114,0.37254901960784315,1.9587884670274118,inside,13.644982144253337,inside,True
SR-ATAD5,CTQMJYWDVABFRZ-UHFFFAOYSA-N,5013,0.34285714285714286,0.3142857142857143,1.9076365232691237,inside,11.603435828715483,inside,True
SR-ATAD5,DUEPRVBVGDRKAG-UHFFFAOYSA-N,5013,0.43809111523397243,0.3469387755102041,0.9549453188694957,inside,11.178225120932673,inside,True
SR-ATAD5,NEBPTMCRLHKPOB-UHFFFAOYSA-N,5013,0.424407114624506,0.36363636363636365,1.9385418012350313,inside,12.869538200444602,inside,True
SR-ATAD5,NBQKINXMPLXUET-UHFFFAOYSA-N,5013,0.2861964300981768,0.26506024096385544,6.177017033923088,borderline,18.9237243088552,inside,True
SR-ATAD5,ASIDMJNTHJYVQJ-UHFFFAOYSA-N,5013,0.5470085470085471,0.4444444444444444,2.724390851619311,inside,10.285291206157732,inside,False
SR-ATAD5,IEMDOFXTVAPVLX-ADNGMUMBSA-N,5013,0.22594345197679502,0.2222222222222222,9.6600469834672,borderline,39.28781433350295,outside,True
SR-ATAD5,MDWVSAYEQPLWMX-UHFFFAOYSA-N,5013,0.6425925925925926,0.5833333333333334,3.971964372457154,inside,11.922191481064864,inside,True
SR-ATAD5,NUHPODZZKHQQET-UHFFFAOYSA-N,5013,0.26994521807420463,0.2,2.0030305086483406,inside,13.383812691917898,inside,True
SR-ATAD5,XFSBVAOIAHNAPC-XTHSEXKGSA-N,5013,0.23152505813574425,0.2196969696969697,7.815579409373382,borderline,26.72210483310147,borderline,True
SR-ATAD5,TUBQDCKAWGHZPF-UHFFFAOYSA-N,5013,0.361695219673943,0.225,1.6290051244626487,inside,19.518237090504634,inside,True
SR-ATAD5,FFSSWMQPCJRCRV-UHFFFAOYSA-N,5013,0.39345725816314053,0.35135135135135137,1.41494377771254,inside,11.86968656458092,inside,True
SR-ATAD5,FSSPGSAQUIYDCN-UHFFFAOYSA-N,5013,0.2831698644604823,0.23076923076923078,3.002643771300427,inside,9.83864311821103,inside,True
SR-ATAD5,MMXKVMNBHPAILY-UHFFFAOYSA-N,5013,0.9904761904761905,0.9523809523809523,2.6438849152449215,inside,13.358111602481534,inside,False
SR-ATAD5,IVQOFBKHQCTVQV-UHFFFAOYSA-N,5013,0.5436868436967398,0.48936170212765956,1.7584375805502097,inside,12.52580978928471,inside,True
SR-ATAD5,WZPBZJONDBGPKJ-FSPLSTOPSA-N,5013,0.2818029679957089,0.25,5.5143425502166625,inside,19.852302929823615,inside,True
SR-ATAD5,VEORPZCZECFIRK-UHFFFAOYSA-N,5013,0.38454715219421104,0.32142857142857145,3.1462162830224285,inside,12.829546691109597,inside,True
SR-ATAD5,QXSZNDIIPUOQMB-UHFFFAOYSA-N,5013,0.36454545454545456,0.2727272727272727,3.146625627840797,inside,15.16340591707463,inside,False
SR-ATAD5,FEJKLNWAOXSSNR-UHFFFAOYSA-N,5013,0.5101458601458602,0.4523809523809524,1.711046948730001,inside,13.37414237535741,inside,True
SR-ATAD5,BDERNNFJNOPAEC-UHFFFAOYSA-N,5013,0.5354700854700856,0.5,3.6363316511404373,inside,13.83761809080235,inside,False
SR-ATAD5,YAUZNKLMKRQDAM-UHFFFAOYSA-O,5013,0.4394230769230769,0.3076923076923077,2.3508278208590316,inside,11.86105711530026,inside,False
SR-ATAD5,LBOJYSIDWZQNJS-CVEARBPZSA-N,5013,0.268768957565352,0.2608695652173913,2.334927041407488,inside,11.49315607076269,inside,True
SR-ATAD5,YBRVSVVVWCFQMG-UHFFFAOYSA-N,5013,0.4943664596273292,0.44,1.8107794327860915,inside,13.42159258075991,inside,True
SR-ATAD5,DRLFMBDRBRZALE-UHFFFAOYSA-N,5013,0.347466757187444,0.32,1.0910147972735655,inside,14.575453689252209,inside,True
SR-ATAD5,RXNYJUSEXLAVNQ-UHFFFAOYSA-N,5013,0.561678108314264,0.5217391304347826,1.240505911049744,inside,18.286357572667143,inside,True
SR-ATAD5,YTAOBBFIOAEMLL-REQDGWNSSA-N,5013,0.27803933349355126,0.273972602739726,2.3934486948082796,inside,16.84166726235688,inside,True
SR-ATAD5,BACYUWVYYTXETD-UHFFFAOYSA-N,5013,0.6160522273425499,0.5555555555555556,2.4206403971036656,inside,12.117202654441982,inside,False
SR-ATAD5,IZMJMCDDWKSTTK-UHFFFAOYSA-N,5013,0.3412441643323997,0.2857142857142857,2.621470832659357,inside,21.84390622341126,inside,True
SR-ATAD5,CZSSKBQAJULWPY-UHFFFAOYSA-N,5013,0.5083478260869565,0.5,2.598916063425663,inside,11.92853490377335,inside,False
SR-ATAD5,OYHQOLUKZRVURQ-HZJYTTRNSA-N,5013,0.7837312113174182,0.6666666666666666,3.263206732791277,inside,13.394503805267057,inside,False
SR-ATAD5,PYZSVQVRHDXQSL-UHFFFAOYSA-N,5013,0.30671182266009855,0.275,2.3760016797523633,inside,13.897421603068308,inside,True
SR-ATAD5,SMUQFGGVLNAIOZ-UHFFFAOYSA-N,5013,0.33360515594737195,0.32142857142857145,2.460390736567513,inside,14.242723323599993,inside,True
SR-ATAD5,GNHMRTZZNHZDDM-UHFFFAOYSA-N,5013,0.42257309941520466,0.3684210526315789,3.361872427624908,inside,11.637694132863608,inside,False
SR-ATAD5,GRJRKPMIRMSBNK-UHFFFAOYSA-N,5013,0.5951690821256038,0.4444444444444444,3.5230878795650025,inside,16.896676211483076,inside,False
SR-ATAD5,XQLWNAFCTODIRK-UHFFFAOYSA-N,5013,0.3272977403984269,0.2898550724637681,4.852971677780586,inside,16.435331635172307,inside,True
SR-ATAD5,QUCQEUCGKKTEBI-UHFFFAOYSA-N,5013,0.37018677972861386,0.2608695652173913,3.023341771681131,inside,13.306464561146296,inside,True
SR-ATAD5,FTALBRSUTCGOEG-UHFFFAOYSA-N,5013,0.26870087254828845,0.2391304347826087,1.3786960069914351,inside,14.618368892196035,inside,True
SR-ATAD5,BXZVVICBKDXVGW-NKWVEPMBSA-N,5013,0.43037964348855795,0.3333333333333333,2.2486258246637267,inside,12.895520404147426,inside,True
SR-ATAD5,PWZUUYSISTUNDW-VAFBSOEGSA-N,5013,0.5659094040810823,0.4246575342465753,3.248283708698633,inside,16.717569660240446,inside,True
SR-ATAD5,YOWNVPAUWYHLQX-UHFFFAOYSA-N,5013,0.5415568272201927,0.43661971830985913,4.3399580473144965,inside,20.114555140088157,inside,True
SR-ATAD5,RTXOFQZKPXMALH-RWFJUVPESA-N,5013,0.4434216239687364,0.39361702127659576,4.447300051658594,inside,19.291533775918296,inside,True
SR-ATAD5,SHOKWSLXDAIZPP-UHFFFAOYSA-N,5013,0.30582759785254277,0.27586206896551724,3.850801937804916,inside,11.137049254922886,inside,True
SR-ATAD5,GFWVDQCGGDBTBS-UHFFFAOYSA-N,5013,0.47075514874141877,0.4,2.5128656642727862,inside,9.030847289419714,inside,False
SR-ATAD5,VRBKIVRKKCLPHA-UHFFFAOYSA-N,5013,0.35965044847447347,0.2962962962962963,4.645940661777091,inside,25.91567682264394,borderline,True
SR-ATAD5,SMHPLBXIVNQFBA-UHFFFAOYSA-N,5013,0.41985500900111905,0.4,1.7654960024138142,inside,13.50685846942072,inside,True
SR-ATAD5,OQHHSGRZCKGLCY-UHFFFAOYSA-N,5013,0.4478856058552453,0.4117647058823529,1.7740972462981377,inside,12.642838398705885,inside,True
SR-ATAD5,GHASVSINZRGABV-UHFFFAOYSA-N,5013,0.21821118555398472,0.20588235294117646,2.610561811169169,inside,11.134983888625424,inside,True
SR-ATAD5,GQZQCROBCYNTMU-UHFFFAOYSA-N,5013,0.34579314485803936,0.30357142857142855,2.3803406503243814,inside,14.535124760930284,inside,True
SR-ATAD5,PTCGDEVVHUXTMP-UHFFFAOYSA-N,5013,0.37696895275755643,0.3617021276595745,1.7875426123045983,inside,12.353997996911652,inside,True
SR-ATAD5,MUDSDYNRBDKLGK-UHFFFAOYSA-N,5013,0.3471670982690473,0.3181818181818182,2.4673974392500417,inside,11.52210927942542,inside,True
SR-ATAD5,ZCHHRLHTBGRGOT-SNAWJCMRSA-N,5013,0.46115565593826463,0.36363636363636365,2.942183068741124,inside,16.20376584191008,inside,False
SR-ATAD5,WSGDRFHJFJRSFY-UHFFFAOYSA-N,5013,0.309688013136289,0.26666666666666666,2.1711577629368453,inside,11.836924545472614,inside,True
SR-ATAD5,MHFRGQHAERHWKZ-HHHXNRCGSA-N,5013,0.4649528410397975,0.32608695652173914,7.009455173651769,borderline,26.5155202077493,borderline,False
SR-ATAD5,YREQHYQNNWYQCJ-UHFFFAOYSA-N,5013,0.34252396501538573,0.3111111111111111,3.671344286721664,inside,22.713652866640853,inside,True
SR-ATAD5,SHZKQBHERIJWAO-AATRIKPKSA-N,5013,0.3592721631108307,0.3023255813953488,0.9975130118476908,inside,14.737647386282152,inside,True
SR-ATAD5,WVYADZUPLLSGPU-UHFFFAOYSA-N,5013,0.5435714285714286,0.4857142857142857,1.2969050255575276,inside,12.069490079575989,inside,True
SR-ATAD5,GIIZNNXWQWCKIB-UHFFFAOYSA-N,5013,0.40563375985602945,0.3103448275862069,4.42292844237082,inside,20.140109316088413,inside,True
SR-ATAD5,CBEQULMOCCWAQT-WOJGMQOQSA-N,5013,0.3055703093203094,0.28125,2.014965572690358,inside,14.801051013038586,inside,True
SR-ATAD5,XWVOEFLBOSSYGM-UHFFFAOYSA-N,5013,0.5596018252262145,0.37254901960784315,1.31659732206741,inside,13.74441985054242,inside,True
SR-ATAD5,DPZSNGJNFHWQDC-ARJAWSKDSA-N,5013,0.29293233082706766,0.2631578947368421,3.6138067065789516,inside,11.233748188556346,inside,False
SR-ATAD5,VRLDVERQJMEPIF-UHFFFAOYSA-N,5013,0.22602520794740472,0.21052631578947367,2.0085403975616796,inside,11.154770166420063,inside,True
SR-ATAD5,ALZOLUNSQWINIR-UHFFFAOYSA-N,5013,0.37804804804804804,0.3333333333333333,1.3913122375683658,inside,11.10665854648439,inside,True
SR-ATAD5,YLDDCEXDGNXCIO-UHFFFAOYSA-N,5013,0.3239535725598443,0.3170731707317073,1.329187053628071,inside,11.589912968324596,inside,True
SR-ATAD5,BSPCSKHALVHRSR-UHFFFAOYSA-N,5013,0.45752997002997003,0.42857142857142855,3.5750032662999858,inside,15.935937739437973,inside,False
SR-ATAD5,QRXWMOHMRWLFEY-UHFFFAOYSA-N,5013,0.46226292226292226,0.37777777777777777,2.4308382977157157,inside,15.79283039268093,inside,True
SR-ATAD5,TWBYWOBDOCUKOW-UHFFFAOYSA-N,5013,0.5235265700483092,0.4782608695652174,2.345396444155062,inside,12.355172328156785,inside,True
SR-ATAD5,VFQXVTODMYMSMJ-UHFFFAOYSA-N,5013,0.45391492565405606,0.38095238095238093,2.4190529055256342,inside,13.507392171711315,inside,True
SR-ATAD5,SERLAGPUMNYUCK-DCUALPFSSA-N,5013,0.3489517702458153,0.3220338983050847,7.4735575558619285,borderline,15.407159342143963,inside,True
SR-ATAD5,YMTYZTXUZLQUSF-UHFFFAOYSA-N,5013,0.5078571428571428,0.4642857142857143,1.5009113171295678,inside,12.319306526648553,inside,True
SR-ATAD5,HCNHNBLSNVSJTJ-UHFFFAOYSA-N,5013,0.5398855835240275,0.45,1.4234643412244627,inside,12.774089467659405,inside,True
SR-ATAD5,YKEXNVPSARYZDR-UHFFFAOYSA-N,5013,0.388704305809569,0.3611111111111111,0.9545227351470938,inside,12.946050388899135,inside,True
SR-ATAD5,AEOCXXJPGCBFJA-UHFFFAOYSA-N,5013,0.24988611732032787,0.23684210526315788,1.7398212364767947,inside,10.124956621358736,inside,True
SR-ATAD5,NPUKDXXFDDZOKR-UHFFFAOYSA-N,5013,0.4021383647798742,0.37735849056603776,1.2015250404118762,inside,11.665198831639739,inside,True
SR-ATAD5,HOVAGTYPODGVJG-ZFYZTMLRSA-N,5013,0.42111644966073725,0.38,3.4736623991950313,inside,12.03330306578601,inside,True
SR-ATAD5,KMTRUDSVKNLOMY-UHFFFAOYSA-N,5013,0.36122807017543856,0.3333333333333333,3.219465606133685,inside,11.220392560891964,inside,True
SR-ATAD5,LVHBHZANLOWSRM-UHFFFAOYSA-N,5013,0.33381180223285484,0.3157894736842105,2.78003743792881,inside,11.334000087636543,inside,False
SR-ATAD5,INDBQLZJXZLFIT-UHFFFAOYSA-N,5013,0.2583438556269491,0.24561403508771928,1.288189257205171,inside,11.528345907170413,inside,True
SR-ATAD5,JOOXCMJARBKPKM-UHFFFAOYSA-N,5013,0.5666666666666667,0.47619047619047616,2.7188950253745445,inside,11.466853067897473,inside,False
SR-ATAD5,QJQORSLQNXDVGE-UHFFFAOYSA-N,5013,0.2478703210139777,0.23809523809523808,2.5660360543412404,inside,16.57932707094481,inside,True
SR-ATAD5,BSKHPKMHTQYZBB-UHFFFAOYSA-N,5013,0.3911758493223024,0.34615384615384615,3.037288918059206,inside,11.877799226540677,inside,True
SR-ATAD5,ITQTTZVARXURQS-UHFFFAOYSA-N,5013,0.36757236227824464,0.34285714285714286,3.037288918059206,inside,10.96024282427921,inside,True
SR-ATAD5,FKNQCJSGGFJEIZ-UHFFFAOYSA-N,5013,0.4322276278932625,0.3684210526315789,3.037288918059206,inside,11.845883589466554,inside,True
SR-ATAD5,VLCDUOXHFNUCKK-UHFFFAOYSA-N,5013,0.37675070028011204,0.2857142857142857,3.2620028277350297,inside,12.848218411774733,inside,False
SR-ATAD5,JIVPVXMEBJLZRO-UHFFFAOYSA-N,5013,0.3403096663566612,0.296875,2.683176470439865,inside,14.33781396502891,inside,True
SR-ATAD5,KBSPJIWZDWBDGM-UHFFFAOYSA-N,5013,0.48859493033406076,0.3783783783783784,3.648867219153344,inside,11.50760804747737,inside,True
SR-ATAD5,KDYVCOSVYOSHOL-UHFFFAOYSA-N,5013,0.3681811020520698,0.30952380952380953,2.460390736567513,inside,11.063822054542806,inside,True
SR-ATAD5,ZFRKQXVRDFCRJG-UHFFFAOYSA-N,5013,0.35114893316863766,0.30612244897959184,2.5526699611328745,inside,12.611787535533955,inside,True
SR-ATAD5,DMJNNHOOLUXYBV-PQTSNVLCSA-N,5013,0.2564457695964048,0.18095238095238095,3.137555614128865,inside,18.066119730588017,inside,True
SR-ATAD5,DJACTCNGCHPGOI-UHFFFAOYSA-N,5013,0.5855135924101441,0.5714285714285714,2.3886832299901335,inside,12.307150926793836,inside,False
SR-ATAD5,GPHQHTOMRSGBNZ-UHFFFAOYSA-N,5013,0.44784688995215305,0.4090909090909091,2.74637854474495,inside,14.539806967505655,inside,True
SR-ATAD5,JWUXJYZVKZKLTJ-UHFFFAOYSA-N,5013,0.3311355311355311,0.32142857142857145,2.198164888348575,inside,11.134967091056675,inside,True
SR-ATAD5,FEWJPZIEWOKRBE-UHFFFAOYSA-N,5013,0.39626984126984127,0.375,3.8234653256418136,inside,11.173677445932626,inside,False
SR-ATAD5,RIGBPMDIGYBTBJ-UHFFFAOYSA-N,5013,0.6122829131652662,0.4411764705882353,1.0260952353489112,inside,13.206770749187983,inside,True
SR-ATAD5,FCBQJNCAKZSIAH-UHFFFAOYSA-N,5013,0.3106480627178334,0.2804878048780488,3.311700074485854,inside,16.022463679074672,inside,True
SR-ATAD5,DNTSIBUQMRRYIU-UHFFFAOYSA-N,5013,0.4495782797373985,0.4090909090909091,1.2487994644179274,inside,16.654893172537253,inside,True
SR-ATAD5,TURHTASYUMWZCC-UHFFFAOYSA-N,5013,0.2990783054430545,0.27906976744186046,2.122827480817986,inside,10.87111651727931,inside,True
SR-ATAD5,JYFHYPJRHGVZDY-UHFFFAOYSA-N,5013,0.5157590796300473,0.41935483870967744,2.04917627593408,inside,13.735189936037669,inside,False
SR-ATAD5,DVECBJCOGJRVPX-UHFFFAOYSA-N,5013,0.5480701754385965,0.47368421052631576,3.166941897878151,inside,11.207409442619287,inside,False
SR-ATAD5,XHIUFYZDQBSEMF-UHFFFAOYSA-N,5013,0.5183203270159792,0.4444444444444444,2.6498966525785166,inside,10.694305544717611,inside,False
SR-ATAD5,CZZYITDELCSZES-UHFFFAOYSA-N,5013,0.5435294117647059,0.5294117647058824,2.503965025875999,inside,13.984221586904475,inside,True
SR-ATAD5,ZHDBTKPXEJDTTQ-UHFFFAOYSA-N,5013,0.3073257113257113,0.24242424242424243,1.3330004582080652,inside,11.819667716663636,inside,True
SR-ATAD5,NWWORXYTJRPSMC-QKPAOTATSA-N,5013,0.4066543670099619,0.38,3.524170816560257,inside,14.41506121952289,inside,True
SR-ATAD5,UOZODPSAJZTQNH-LSWIJEOBSA-N,5013,0.46804020434601756,0.34523809523809523,14.201157532038305,outside,23.690619924910976,inside,True
SR-ATAD5,VLJIVLGVKMTBOD-UHFFFAOYSA-N,5013,0.4019247049247049,0.3076923076923077,2.2800852933447873,inside,12.855039464727618,inside,True
SR-ATAD5,RIOQSEWOXXDEQQ-UHFFFAOYSA-N,5013,0.3882352941176471,0.35294117647058826,2.712767715592883,inside,13.920416920547185,inside,True
SR-ATAD5,HVLLSGMXQDNUAL-UHFFFAOYSA-N,5013,0.4034202353710363,0.3684210526315789,2.6129124443285345,inside,12.1496036763676,inside,True
SR-ATAD5,YMTINGFKWWXKFG-UHFFFAOYSA-N,5013,0.446115352153088,0.34545454545454546,2.2955409984974797,inside,12.545694640559848,inside,True
SR-ATAD5,DKYWVDODHFEZIM-UHFFFAOYSA-N,5013,0.4370185911649326,0.4,1.1070953651649,inside,15.523498542686525,inside,True
SR-ATAD5,GZPHSAQLYPIAIN-UHFFFAOYSA-N,5013,0.39651424287856074,0.3333333333333333,2.74637854474495,inside,11.216804638746135,inside,True
SR-ATAD5,YXIWHUQXZSMYRE-UHFFFAOYSA-N,5013,0.3601941391941391,0.275,2.2774806637453153,inside,14.108535868972277,inside,True
SR-ATAD5,QPSVFNQMURAADJ-UHFFFAOYSA-N,5013,0.32819514177665654,0.2857142857142857,2.2140594869314665,inside,11.542674847474888,inside,True
SR-ATAD5,JTHMVYBOQLDDIY-UHFFFAOYSA-N,5013,0.3693198106241585,0.3269230769230769,4.149281606730584,inside,16.874264814165432,inside,True
SR-ATAD5,AWJUIBRHMBBTKR-UHFFFAOYSA-N,5013,0.3400452191486674,0.32,2.6319290574633367,inside,14.970789943609196,inside,True
SR-ATAD5,MIZGSAALSYARKU-UHFFFAOYSA-N,5013,0.252300417746642,0.2391304347826087,2.151784604892585,inside,11.188791104118444,inside,True
SR-ATAD5,AXGUBXVWZBFQGA-UHFFFAOYSA-N,5013,0.3668195370520952,0.35555555555555557,1.5663243037493715,inside,12.087149546546552,inside,True
SR-ATAD5,VQHSOMBJVWLPSR-JVCRWLNRSA-N,5013,0.3256760844975568,0.2777777777777778,7.477340697888559,borderline,12.876565097152998,inside,True
SR-ATAD5,QCDFBFJGMNKBDO-UHFFFAOYSA-N,5013,0.302295278666166,0.2857142857142857,1.7085485124506288,inside,11.874660464329903,inside,True
SR-ATAD5,VYKKDKFTDMVOBU-UHFFFAOYSA-N,5013,0.393572805340029,0.3283582089552239,2.3372208854540477,inside,13.938646412653165,inside,True
SR-ATAD5,ZSJLQEPLLKMAKR-GKHCUFPYSA-N,5013,0.30642284378966345,0.27586206896551724,4.460708980801484,inside,12.807164076161929,inside,True
SR-ATAD5,RINCXYDBBGOEEQ-UHFFFAOYSA-N,5013,0.44349787512258904,0.35,3.0741694953306182,inside,10.769545784097522,inside,True
SR-ATAD5,HNSDLXPSAYFUHK-UHFFFAOYSA-N,5013,0.5846356275303644,0.575,4.381267556922141,inside,21.084555817741634,inside,False
SR-ATAD5,NPFYZDNDJHZQKY-UHFFFAOYSA-N,5013,0.5181818181818182,0.5,1.4336957177405079,inside,19.515690677758705,inside,True
SR-ATAD5,YHXISWVBGDMDLQ-UHFFFAOYSA-N,5013,0.45432109557109557,0.3409090909090909,0.8837147762527444,inside,12.853432148795388,inside,True
SR-ATAD5,GIJXKZJWITVLHI-PMOLBWCYSA-N,5013,0.5184088016967127,0.42,2.53494493543609,inside,12.714992060346312,inside,True
SR-ATAD5,RQXCLMGKHJWMOA-UHFFFAOYSA-N,5013,0.6026596691712225,0.48717948717948717,1.8507405205900382,inside,14.084282208688458,inside,True
SR-ATAD5,CSCPPACGZOOCGX-UHFFFAOYSA-N,5013,0.49772727272727274,0.45454545454545453,3.7214456987319977,inside,12.102981095421729,inside,False
SR-ATAD5,YGJHZCLPZAZIHH-UHFFFAOYSA-N,5013,0.5655772831287705,0.45,2.425331191785027,inside,13.078832360252788,inside,False
SR-ATAD5,HWYHZTIRURJOHG-UHFFFAOYSA-N,5013,0.3200280112044818,0.29411764705882354,2.5103656268589,inside,11.371388423113167,inside,True
SR-ATAD5,ZXEKIIBDNHEJCQ-UHFFFAOYSA-N,5013,0.44333333333333336,0.4,3.4179644763880317,inside,12.258989697079707,inside,False
SR-ATAD5,DMLAVOWQYNRWNQ-UHFFFAOYSA-N,5013,0.4788877788877789,0.4090909090909091,1.9525021627197243,inside,18.11624725109032,inside,True
SR-ATAD5,WTARULDDTDQWMU-IUCAKERBSA-N,5013,0.2765370018975332,0.23529411764705882,2.995434672777562,inside,11.716055618455625,inside,True
SR-ATAD5,KJKJUXGEMYCCJN-UHFFFAOYSA-N,5013,0.5061966647498563,0.46,2.448403501574767,inside,14.176003776246118,inside,True
SR-ATAD5,BEECRKDUIIQEBI-UHFFFAOYSA-N,5013,0.47606837606837604,0.4358974358974359,1.2211123681295255,inside,12.635723377348448,inside,True
SR-ATAD5,LJHFIVQEAFAURQ-UHFFFAOYSA-N,5013,0.2541446788505612,0.2,3.2092200656338887,inside,12.860593179850056,inside,False
SR-ATAD5,MRKXXRUHPFFURP-UHFFFAOYSA-N,5013,0.2731710477522494,0.26229508196721313,3.187239787692673,inside,16.225277209374678,inside,True
SR-ATAD5,JMBYBVLCYODBJQ-HFMPRLQTSA-N,5013,0.21449033611714366,0.20689655172413793,3.4313672918143605,inside,18.987709536238423,inside,True
SR-ATAD5,DCLKMMFVIGOXQN-UHFFFAOYSA-N,5013,0.3427058823529412,0.32,3.552568061326251,inside,12.44890739083665,inside,True
SR-ATAD5,RIZMRRKBZQXFOY-UHFFFAOYSA-N,5013,0.550038317962231,0.45454545454545453,3.5498436815610828,inside,13.799552328287827,inside,False
SR-ATAD5,WCGGWVOVFQNRRS-UHFFFAOYSA-N,5013,0.4126057791537668,0.35294117647058826,3.058833045115395,inside,9.913542201126461,inside,False
SR-ATAD5,FRIZVHMAECRUBR-UHFFFAOYSA-N,5013,0.30055962555962557,0.2916666666666667,2.2692162553991655,inside,19.031132523404587,inside,True
SR-ATAD5,DDLIGBOFAVUZHB-UHFFFAOYSA-N,5013,0.39703730061433073,0.3283582089552239,2.943192527670901,inside,26.195239370442472,borderline,True
SR-ATAD5,ZAIDIVBQUMFXEC-UHFFFAOYSA-N,5013,0.32295939354762887,0.2727272727272727,3.55171744728864,inside,12.533243911813956,inside,False
SR-ATAD5,VYQNWZOUAUKGHI-UHFFFAOYSA-N,5013,0.4741602254428341,0.43478260869565216,1.4706408999467675,inside,15.077052800851515,inside,True
SR-ATAD5,PBCZLFBEBARBBI-UHFFFAOYSA-N,5013,0.5645734657499364,0.5428571428571428,1.5930588538543193,inside,15.441723402514592,inside,True
SR-ATAD5,HUPFGZXOMWLGNK-UHFFFAOYSA-N,5013,0.35528765607712975,0.3157894736842105,1.3314497972181392,inside,12.113224796781845,inside,True
SR-ATAD5,IAKOZHOLGAGEJT-UHFFFAOYSA-N,5013,0.4261497761497761,0.39285714285714285,2.166284389414776,inside,12.52596745143851,inside,True
SR-ATAD5,IPAJDLMMTVZVPP-UHFFFAOYSA-N,5013,0.3349587403808033,0.3076923076923077,3.876399472312781,inside,14.847970678553429,inside,True
SR-ATAD5,HZSAJDVWZRBGIF-UHFFFAOYSA-O,5013,0.27922905585314145,0.24242424242424243,2.844660335237384,inside,14.15903911515659,inside,True
SR-ATAD5,ABWLRVJYVVQTGQ-BJMVGYQFSA-N,5013,0.3421855403781918,0.2894736842105263,1.8123701407402104,inside,15.12809829575848,inside,True
SR-ATAD5,QPNFUBAIQZJEPO-UHFFFAOYSA-N,5013,0.38609896536212324,0.358974358974359,2.8158686309850256,inside,13.386197703575716,inside,True
SR-ATAD5,FHFZEKYDSVTYLL-UHFFFAOYSA-N,5013,0.3613425334355567,0.3488372093023256,1.2454761154691467,inside,12.359433241500968,inside,True
SR-ATAD5,WVPSKSLAZQPAKQ-CDMJZVDBSA-N,5013,0.4248619160685051,0.313953488372093,4.163285252722543,inside,17.133758094506977,inside,True
SR-ATAD5,YEKQSSHBERGOJK-UHFFFAOYSA-N,5013,0.34836481447521245,0.3333333333333333,1.4973201550591126,inside,13.253728054402366,inside,True
SR-ATAD5,SOGAXMICEFXMKE-UHFFFAOYSA-N,5013,0.8285217391304348,0.782608695652174,2.466576009852207,inside,11.71506491725153,inside,False
SR-ATAD5,CSDTZUBPSYWZDX-UHFFFAOYSA-N,5013,0.513563909774436,0.42857142857142855,2.6870754673368076,inside,12.441454292146016,inside,False
SR-ATAD5,DBOSBRHMHBENLP-UHFFFAOYSA-N,5013,0.4611131487254722,0.42857142857142855,1.3513435484908012,inside,14.152096989167054,inside,True
SR-ATAD5,KGYNGVVNFRUOOZ-UHFFFAOYSA-N,5013,0.40335548172757474,0.3953488372093023,1.3198605472245302,inside,17.704623699608863,inside,True
SR-ATAD5,DCQBZYNUSLHVJC-UHFFFAOYSA-N,5013,0.5718196457326892,0.5185185185185185,2.449620765443592,inside,14.69749997805985,inside,False
SR-ATAD5,UOAMTSKGCBMZTC-UHFFFAOYSA-N,5013,0.45683543509630464,0.38095238095238093,2.3744110553184807,inside,11.932932394964798,inside,True
SR-ATAD5,SBPBAQFWLVIOKP-UHFFFAOYSA-N,5013,0.4072256899803528,0.35294117647058826,1.7285902794768793,inside,12.760772331151468,inside,True
SR-ATAD5,ISBHMJZRKAFTGE-UHFFFAOYSA-N,5013,0.2987069122080564,0.2608695652173913,3.266355162765921,inside,13.39607079652312,inside,False
SR-ATAD5,UVKXJAUUKPDDNW-UHFFFAOYSA-N,5013,0.2753641679957469,0.2631578947368421,3.259548641260375,inside,10.749941186499237,inside,False
SR-ATAD5,HUBANNPOLNYSAD-UHFFFAOYSA-N,5013,0.4029064039408866,0.3793103448275862,1.7485998569051888,inside,14.946840374179544,inside,True
SR-ATAD5,KEQGZUUPPQEDPF-UHFFFAOYSA-N,5013,0.2562208419599724,0.2222222222222222,2.1551681789475268,inside,11.073498455482028,inside,True
SR-ATAD5,MSWZFWKMSRAUBD-GASJEMHNSA-N,5013,0.34375,0.275,4.341064736904184,inside,11.639496845326738,inside,True
SR-ATAD5,ZBJBRUSGEJORQL-UHFFFAOYSA-N,5013,0.40642836384771874,0.3783783783783784,1.1552786669772206,inside,12.172691874138621,inside,True
SR-ATAD5,JPQHLIYIQARLQM-UHFFFAOYSA-N,5013,0.8909090909090909,0.8333333333333334,2.3290071110109656,inside,13.340206486949176,inside,False
SR-ATAD5,VGZSUPCWNCWDAN-UHFFFAOYSA-N,5013,0.5012347311806078,0.3877551020408163,1.47175647930176,inside,13.029977771098757,inside,True
SR-ATAD5,DLFVBJFMPXGRIB-UHFFFAOYSA-N,5013,0.4666666666666667,0.4166666666666667,3.666922800089613,inside,11.381905849445829,inside,False
SR-ATAD5,SJQBHPJLLIJASD-UHFFFAOYSA-N,5013,0.49257449757449756,0.475,2.036522645115402,inside,13.71736579436635,inside,True
SR-ATAD5,UISARWKNNNHPGI-UHFFFAOYSA-N,5013,0.3636996336996337,0.34285714285714286,2.105662878762217,inside,11.207788968666915,inside,True
SR-ATAD5,QUXLCYFNVNNRBE-UHFFFAOYSA-N,5013,0.36421404682274244,0.34615384615384615,2.570454613632387,inside,11.635854184932873,inside,True
SR-ATAD5,QQJLHRRUATVHED-UHFFFAOYSA-N,5013,0.36692605852725135,0.2830188679245283,1.4065093924947984,inside,14.06263177006605,inside,True
SR-ATAD5,PRLVTUNWOQKEAI-UHFFFAOYSA-N,5013,0.2639638576433708,0.2545454545454545,1.5854800558979392,inside,12.980909934145743,inside,True
SR-ATAD5,SEOVTRFCIGRIMH-UHFFFAOYSA-N,5013,0.3952737479482653,0.34210526315789475,1.6997384042359591,inside,11.713738366359815,inside,True
SR-ATAD5,SIKJAQJRHWYJAI-UHFFFAOYSA-N,5013,0.30467777150385844,0.28,2.7255162831690227,inside,14.123044079164517,inside,True
SR-ATAD5,RRZXIRBKKLTSOM-VRFQAOMKSA-N,5013,0.24771519901351238,0.2054794520547945,10.991209967200385,borderline,45.64911608305564,outside,True
SR-ATAD5,YNBADRVTZLEFNH-UHFFFAOYSA-N,5013,0.5570924155102654,0.5185185185185185,2.2548808755955787,inside,12.440485905619603,inside,True
SR-ATAD5,UFULAYFCSOUIOV-UHFFFAOYSA-N,5013,0.3381886087768441,0.2857142857142857,3.5181778017934615,inside,12.881876475388387,inside,False
SR-ATAD5,WQZGKKKJIJFFOK-GASJEMHNSA-N,5013,0.4422197875758247,0.39285714285714285,4.139639717714629,inside,11.992472391062172,inside,True
SR-ATAD5,FIQOFIRCTOWDOW-BJLQDIEVSA-N,5013,0.3830805519838985,0.3614457831325301,4.010159131195821,inside,18.065462491079654,inside,True
SR-ATAD5,DIZKGJLRHOCMTP-UHFFFAOYSA-N,5013,0.43018433179723503,0.41935483870967744,1.3775142142567969,inside,12.660010507841346,inside,True
SR-ATAD5,YALMGFWDBZZMMB-UHFFFAOYSA-N,5013,0.4628530020703933,0.3333333333333333,2.2168108049933846,inside,13.150461506693453,inside,False
SR-ATAD5,SMWDFEZZVXVKRB-UHFFFAOYSA-N,5013,0.38258048258048255,0.32432432432432434,2.6319290574633367,inside,13.721975231399735,inside,True
SR-ATAD5,GNOIPBMMFNIUFM-UHFFFAOYSA-N,5013,0.2612121212121212,0.25,2.864200904377205,inside,12.008487045291378,inside,False
SR-ATAD5,ACGUYXCXAPNIKK-UHFFFAOYSA-N,5013,0.438451403668795,0.38461538461538464,2.6483889066086865,inside,10.981797515625592,inside,True
SR-ATAD5,RVWOWEQKPMPWMQ-UHFFFAOYSA-N,5013,0.6887334887334886,0.6060606060606061,3.5134172405130433,inside,15.07716557376498,inside,False
SR-ATAD5,UOJYYXATTMQQNA-UHFFFAOYSA-N,5013,0.3424829663090533,0.3,2.8708692106581686,inside,14.062878678414817,inside,False
SR-ATAD5,ICMWWNHDUZJFDW-DHODBPELSA-N,5013,0.4361985398915172,0.3559322033898305,2.502519001740569,inside,14.70427670624463,inside,True
SR-ATAD5,UOBSVARXACCLLH-UHFFFAOYSA-N,5013,0.7628571428571428,0.7,2.168099868573434,inside,10.860280630806148,inside,False
SR-ATAD5,CBXCPBUEXACCNR-UHFFFAOYSA-N,5013,0.3507326007326007,0.2857142857142857,3.1054227806435923,inside,14.967559926641936,inside,False
SR-ATAD5,SAPGBCWOQLHKKZ-UHFFFAOYSA-N,5013,0.8566666666666667,0.8333333333333334,1.950206837749777,inside,11.034263431352603,inside,False
SR-ATAD5,WPYCRFCQABTEKC-UHFFFAOYSA-N,5013,0.5526008738060387,0.4634146341463415,1.6485385763115918,inside,14.66999164900862,inside,True
SR-ATAD5,MCWXGJITAZMZEV-UHFFFAOYSA-N,5013,0.3851948302071081,0.30434782608695654,2.0467835524179074,inside,11.478439882433676,inside,False
SR-ATAD5,QDGIAPPCJRFVEK-UHFFFAOYSA-N,5013,0.3479285714285715,0.32,2.779825189324827,inside,14.229304842640932,inside,True
SR-ATAD5,RSTKLPZEZYGQPY-UHFFFAOYSA-N,5013,0.3851581860762189,0.3142857142857143,1.3857422155523134,inside,11.34966944574175,inside,True
SR-ATAD5,XDOFQFKRPWOURC-UHFFFAOYSA-N,5013,0.6419047619047619,0.6,3.5172425317617075,inside,10.590053950226187,inside,False
SR-ATAD5,WCDGWAIZRYMVOW-UHFFFAOYSA-N,5013,0.6343975889284813,0.5434782608695652,2.4127743661471097,inside,18.47805771060488,inside,False
SR-ATAD5,OHLUUHNLEMFGTQ-UHFFFAOYSA-N,5013,0.45811644495855014,0.3684210526315789,3.4858863352013705,inside,11.439343220727881,inside,False
SR-ATAD5,QEFAQIPZVLVERP-UHFFFAOYSA-N,5013,0.35786963434022256,0.35135135135135137,1.6631825939384106,inside,12.489400400699228,inside,True
SR-ATAD5,PFTAWBLQPZVEMU-UKRRQHHQSA-N,5013,0.2659782340135935,0.24096385542168675,3.213429601057926,inside,11.49259371952629,inside,True
SR-ATAD5,PFRYFZZSECNQOL-UHFFFAOYSA-N,5013,0.3996457219251337,0.38235294117647056,1.392606100949264,inside,13.091209063014519,inside,True
SR-ATAD5,WECDUOXQLAIPQW-UHFFFAOYSA-N,5013,0.4878571428571429,0.43333333333333335,1.7260890846137538,inside,10.782810383480744,inside,True
SR-ATAD5,MLIREBYILWEBDM-UHFFFAOYSA-N,5013,0.372826302238067,0.3333333333333333,3.185457288176552,inside,10.315103841947858,inside,False
SR-ATAD5,JNRLEMMIVRBKJE-UHFFFAOYSA-N,5013,0.5508403361344538,0.5,1.754498944601852,inside,15.047052303584532,inside,True
SR-ATAD5,BYGQBDHUGHBGMD-UHFFFAOYSA-N,5013,0.43815217391304345,0.375,3.2773167947140007,inside,10.81686074391314,inside,False
SR-ATAD5,ZPSFPNSXYWWGRF-UHFFFAOYSA-N,5013,0.3169062478330213,0.2727272727272727,3.194067112428391,inside,12.109831190311382,inside,False
SR-ATAD5,XBDQKXXYIPTUBI-UHFFFAOYSA-N,5013,0.5238612368024131,0.47058823529411764,3.3467268462795485,inside,10.809801814925944,inside,False
SR-ATAD5,NZZIMKJIVMHWJC-UHFFFAOYSA-N,5013,0.6552727272727272,0.6363636363636364,1.5179528625242855,inside,16.240858844558275,inside,True
SR-ATAD5,RADKZDMFGJYCBB-UHFFFAOYSA-N,5013,0.25172952706970675,0.24390243902439024,1.8778875833949684,inside,9.994851773556546,inside,True
SR-ATAD5,UBQNRHZMVUUOMG-UHFFFAOYSA-N,5013,0.2888026752928834,0.2631578947368421,1.6381054514925593,inside,11.202969228591371,inside,True
SR-ATAD5,COYBRKAVBMYYSF-UHFFFAOYSA-N,5013,0.37973148799401935,0.373134328358209,2.2210530058330433,inside,14.811621702314106,inside,True
SR-ATAD5,ZDPIZLCVJAAHHR-UHFFFAOYSA-N,5013,0.3555010893246187,0.2916666666666667,1.9395122583683209,inside,10.830095491647949,inside,True
SR-ATAD5,UUIQMZJEGPQKFD-UHFFFAOYSA-N,5013,0.6344497607655502,0.631578947368421,3.0169370704829164,inside,11.184328747807244,inside,False
SR-ATAD5,JRTIDHTUMYMPRU-UHFFFAOYSA-N,5013,0.28852891508309203,0.2714285714285714,3.3682731027940536,inside,12.328849096095542,inside,True
SR-ATAD5,WEQAYVWKMWHEJO-UHFFFAOYSA-N,5013,0.29215841566060075,0.2708333333333333,1.2028523318882172,inside,12.169844330386864,inside,True
SR-ATAD5,DDUHZTYCFQRHIY-RBHXEPJQSA-N,5013,0.23848173515981735,0.21333333333333335,2.131837428602701,inside,13.329702207141324,inside,True
SR-ATAD5,VVJKKKDJADMKNM-UHFFFAOYSA-N,5013,0.30453449067058125,0.25,10.014084157226712,borderline,34.98414604334686,borderline,True
SR-ATAD5,UYCICMIUKYEYEU-ZHACJKMWSA-N,5013,0.3561544146910001,0.3333333333333333,2.090534751054422,inside,14.45214055441143,inside,True
SR-ATAD5,PXQPEWDEAKTCGB-UHFFFAOYSA-N,5013,0.3327488662616583,0.2903225806451613,2.777606099827498,inside,15.58779840824774,inside,True
SR-ATAD5,QVYRGXJJSLMXQH-UHFFFAOYSA-N,5013,0.36774168797953966,0.32,1.7882830833882692,inside,16.043187272025552,inside,True
SR-ATAD5,DNUAYCRATWAJQE-UHFFFAOYSA-N,5013,0.39960261012892595,0.3492063492063492,2.596164994965149,inside,20.13339059212477,inside,True
SR-ATAD5,GINFBXXYGUODAT-UHFFFAOYSA-N,5013,0.3139461095661528,0.2857142857142857,3.564829163535379,inside,14.245432801456042,inside,True
SR-ATAD5,DDNCQMVWWZOMLN-IRLDBZIGSA-N,5013,0.3321916580473169,0.2698412698412698,3.0900360531446416,inside,17.368685941318223,inside,True
SR-ATAD5,WMQSKECCMQRJRX-UHFFFAOYSA-N,5013,0.33885105909936125,0.3142857142857143,2.0479558785710545,inside,17.58106674012291,inside,True
SR-ATAD5,WFSMVVDJSNMRAR-UHFFFAOYSA-N,5013,0.7875,0.6875,2.473294806504353,inside,17.787167526298887,inside,False
SR-ATAD5,GRSQYISVQKPZCW-UHFFFAOYSA-N,5013,0.48168498168498164,0.35714285714285715,3.3278456914365204,inside,13.552187407201824,inside,False
SR-ATAD5,KAYAKFYASWYOEB-ISLYRVAYSA-N,5013,0.3520247403430972,0.3409090909090909,3.873740509026492,inside,14.65838757077629,inside,True
SR-ATAD5,NECRQCBKTGZNMH-UHFFFAOYSA-N,5013,0.36137154799223764,0.27586206896551724,2.7962946827642146,inside,11.026666088728073,inside,False
SR-ATAD5,OSOIQJGOYGSIMF-UHFFFAOYSA-N,5013,0.8107070707070708,0.5333333333333333,2.4852384996819104,inside,11.420233217065793,inside,True
SR-ATAD5,XEKUXTMJEFPWCG-UHFFFAOYSA-N,5013,0.3448970251716247,0.30434782608695654,2.9031100275525543,inside,11.83358145497188,inside,False
SR-ATAD5,XNEFYCZVKIDDMS-UHFFFAOYSA-N,5013,0.458050778050778,0.4,1.9265965323353778,inside,12.951950233246963,inside,True
SR-ATAD5,WPVVMKYQOMJPIN-UHFFFAOYSA-N,5013,0.2578824856828611,0.22916666666666666,1.2510364523505448,inside,11.700531439108861,inside,True
SR-ATAD5,POJWUDADGALRAB-UHFFFAOYSA-N,5013,0.258712648247532,0.25,3.698785775678434,inside,11.446422525247623,inside,True
SR-ATAD5,JRLTTZUODKEYDH-UHFFFAOYSA-N,5013,0.40476588628762544,0.34615384615384615,2.4673974392500417,inside,12.549696079783592,inside,True
SR-ATAD5,SBGKURINHGJRFN-UHFFFAOYSA-N,5013,0.3020853858784894,0.2413793103448276,3.414124244250923,inside,11.331953424227564,inside,False
SR-ATAD5,LUYISICIYVKBTA-UHFFFAOYSA-N,5013,0.36425156275667686,0.32142857142857145,2.460390736567513,inside,9.79220778863176,inside,True
SR-ATAD5,YFGHCGITMMYXAQ-UHFFFAOYSA-N,5013,0.37759735083981855,0.35294117647058826,1.0772447123829032,inside,10.336288942022732,inside,True
SR-ATAD5,SIQZJFKTROUNPI-UHFFFAOYSA-N,5013,0.2829165215372112,0.26666666666666666,2.424879080338413,inside,9.729333466588747,inside,True
SR-ATAD5,YVJPMMYYRNHJAU-CCEZHUSRSA-N,5013,0.44724777469600296,0.4166666666666667,2.347365636038892,inside,14.976301656224612,inside,True
SR-ATAD5,GWNOTCOIYUNTQP-FQLXRVMXSA-N,5013,0.26257953001679113,0.2535211267605634,6.1957587584285045,borderline,27.15019664921644,borderline,True
SR-ATAD5,RPVGLMKJGQMQSN-UHFFFAOYSA-N,5013,0.3301162790697675,0.3125,1.9549574049996579,inside,10.935068998357409,inside,True
SR-ATAD5,BWPIARFWQZKAIA-UHFFFAOYSA-N,5013,0.3114510554045438,0.2727272727272727,2.0570796890881837,inside,10.751634590914842,inside,True
SR-ATAD5,GNZCRYWFWKFIDM-UHFFFAOYSA-N,5013,0.43887726368544777,0.4117647058823529,1.6533146835563406,inside,14.60681091214411,inside,True
SR-ATAD5,LGCMKPRGGJRYGM-UHFFFAOYSA-N,5013,0.4840469208211144,0.45454545454545453,1.580211532871008,inside,13.700655976449065,inside,True
SR-ATAD5,RPTUSVTUFVMDQK-UHFFFAOYSA-N,5013,0.3064302364302364,0.3,1.9676458974284197,inside,14.631457474343058,inside,True
SR-ATAD5,GRMDKKJYMUDEJO-WCWDXBQESA-N,5013,0.2884421699931875,0.27586206896551724,4.844764110488259,inside,21.678534436385004,inside,True
SR-ATAD5,KNAHARQHSZJURB-UHFFFAOYSA-N,5013,0.27830447330447333,0.25,1.6680321430418694,inside,10.844618541738107,inside,True
SR-ATAD5,MTAVBTGOXNGCJR-UHFFFAOYSA-N,5013,0.3491737809231709,0.2972972972972973,1.5499727615023733,inside,9.600980504787325,inside,True
SR-ATAD5,WYTZZXDRDKSJID-UHFFFAOYSA-N,5013,0.5467761674718197,0.44,2.390817310653552,inside,13.862166322500128,inside,False
SR-ATAD5,IOJUPLGTWVMSFF-UHFFFAOYSA-N,5013,0.3025295162266065,0.27586206896551724,2.6067747566435187,inside,13.682443322214258,inside,True
SR-ATAD5,IXORZMNAPKEEDV-OBDJNFEBSA-N,5013,0.20011610045368483,0.1935483870967742,3.1181614234581634,inside,14.077647534154329,inside,True
SR-ATAD5,ULTHEAFYOOPTTB-UHFFFAOYSA-N,5013,0.691025641025641,0.5384615384615384,3.1150282594918655,inside,13.734317117480913,inside,False
SR-ATAD5,JRKICGRDRMAZLK-UHFFFAOYSA-N,5013,0.4238461538461539,0.35,3.527557572903492,inside,10.15031979644724,inside,False
SR-ATAD5,IRCMYGHHKLLGHV-UHFFFAOYSA-N,5013,0.22846297270822014,0.21818181818181817,1.1465178217614325,inside,13.782567025177338,inside,True
SR-ATAD5,IXSZQYVWNJNRAL-UHFFFAOYSA-N,5013,0.25914586844931575,0.24074074074074073,2.612553387478494,inside,18.821185251136935,inside,True
SR-ATAD5,HMJIYCCIJYRONP-UHFFFAOYSA-N,5013,0.2832556240928882,0.2641509433962264,3.1250926890416886,inside,13.658764583053955,inside,True
SR-ATAD5,JTPUMZTWMWIVPA-UHFFFAOYSA-O,5013,0.38459736333466826,0.3170731707317073,2.4209676229556027,inside,12.942707767942496,inside,True
SR-ATAD5,OBMLHUPNRURLOK-XGRAFVIBSA-N,5013,0.4283606167387782,0.375,2.8967665020397053,inside,13.114898148522148,inside,True
SR-ATAD5,DSKJPMWIHSOYEA-UHFFFAOYSA-N,5013,0.26883620630228416,0.2545454545454545,1.9066036533336082,inside,18.745826526966002,inside,True
SR-ATAD5,HUWXDEQWWKGHRV-UHFFFAOYSA-N,5013,0.5088179936006023,0.4166666666666667,1.8915736521398416,inside,12.90198417050632,inside,True
SR-ATAD5,YUXIBTJKHLUKBD-UHFFFAOYSA-N,5013,0.8139186900056465,0.75,2.094593131185162,inside,12.322274852039037,inside,False
SR-ATAD5,DNVVZWSVACQWJE-UHFFFAOYSA-N,5013,0.44828738512949046,0.3684210526315789,1.3991835844798675,inside,12.330404623151626,inside,True
SR-ATAD5,FAXDZWQIWUSWJH-UHFFFAOYSA-N,5013,0.4552898550724637,0.375,3.130250444982308,inside,11.876651489838128,inside,False
SR-ATAD5,IZYUWBATGXUSIK-UHFFFAOYSA-N,5013,0.6102239646663329,0.53125,2.236237633417017,inside,14.85208076820428,inside,True
SR-ATAD5,YKGYQYOQRGPFTO-UHFFFAOYSA-N,5013,0.7140229885057471,0.6206896551724138,5.4548893262294085,inside,12.936223018347214,inside,False
SR-ATAD5,YFRLQYJXUZRYDN-UHFFFAOYSA-K,5013,0.3685714285714286,0.2,3.3846453503208274,inside,14.730749136137534,inside,False
SR-ATAD5,LDCYZAJDBXYCGN-VIFPVBQESA-N,5013,0.33100609870125464,0.29545454545454547,2.520242535760092,inside,11.956180320196482,inside,True
SR-ATAD5,IEJIGPNLZYLLBP-UHFFFAOYSA-N,5013,0.4893099547511312,0.4375,3.282071835562399,inside,12.281416381878538,inside,False
SR-ATAD5,CMBSSVKZOPZBKW-UHFFFAOYSA-N,5013,0.36596393080603606,0.34615384615384615,2.581257788221978,inside,11.845309661243164,inside,True
SR-ATAD5,NCSVCMFDHINRJE-UHFFFAOYSA-N,5013,0.425036075036075,0.39285714285714285,2.5150214074064525,inside,11.185173189031163,inside,True
SR-ATAD5,YGSVZRIZCHZUHB-LKTVYLICSA-N,5013,0.49870153596029604,0.3888888888888889,1.578480896549369,inside,12.91391578079942,inside,True
SR-ATAD5,YGSVZRIZCHZUHB-VCTAVGKDSA-N,5013,0.475911309193043,0.42105263157894735,1.578480896549369,inside,13.331087551315266,inside,True
SR-ATAD5,KZBSIGKPGIZQJQ-UHFFFAOYSA-N,5013,0.7815604395604395,0.6785714285714286,4.945126759312741,inside,13.79227224852909,inside,False
SR-ATAD5,WPNJAUFVNXKLIM-UHFFFAOYSA-N,5013,0.32368379446640316,0.21818181818181817,1.4891421228506438,inside,13.094754486163719,inside,True
SR-ATAD5,ITJNARMNRKSWTA-UHFFFAOYSA-N,5013,0.3617538759689922,0.325,1.365559316779746,inside,11.639871016995883,inside,True
SR-ATAD5,VFEDRRNHLBGPNN-UHFFFAOYSA-N,5013,0.33522508455268907,0.24193548387096775,2.0886968020643857,inside,13.895463738519206,inside,True
SR-ATAD5,RYZCWZZJFAKYHX-LLVKDONJSA-N,5013,0.4036170328623159,0.31746031746031744,1.4807628934543975,inside,12.686674114291204,inside,True
SR-ATAD5,BEYOBVMPDRKTNR-BUHFOSPRSA-N,5013,0.44980422069666914,0.36,1.425775548256059,inside,16.243673514951066,inside,True
SR-ATAD5,JDRSMPFHFNXQRB-IBEHDNSVSA-N,5013,0.4383693827715608,0.3898305084745763,3.078098064194511,inside,13.907966934993281,inside,True
SR-ATAD5,KXSFECAJUBPPFE-UHFFFAOYSA-N,5013,0.26428571428571435,0.21428571428571427,2.7524680267011004,inside,15.587137391954213,inside,True
SR-ATAD5,SGEJQUSYQTVSIU-UHFFFAOYSA-N,5013,0.4966957333545209,0.40625,2.2939187585204,inside,12.048158888822828,inside,False
SR-ATAD5,PCZLQMGFNUNVOM-UHFFFAOYSA-N,5013,0.21133379833188454,0.20689655172413793,4.057678647179832,inside,19.034577302001374,inside,True
SR-ATAD5,MTMDXAIUENDNDL-RJSMDTJLSA-N,5013,0.21171593675552097,0.19607843137254902,3.518025068444706,inside,21.70813158345089,inside,True
SR-ATAD5,ZRTQSJFIDWNVJW-OWBHPGMISA-N,5013,0.22688919290155507,0.21621621621621623,2.1003724865575637,inside,14.559185567010518,inside,True
SR-ATAD5,AUJRCFUBUPVWSZ-PTNXSCMHSA-M,5013,0.26893800960677433,0.24324324324324326,5.343251170423616,inside,16.123867143262903,inside,True
SR-ATAD5,NTHPAPBPFQJABD-LLVKDONJSA-N,5013,0.2727564687975647,0.25333333333333335,2.368559867848207,inside,16.131395587333916,inside,True
SR-ATAD5,LNHURPJLTHSVMU-UHFFFAOYSA-N,5013,0.2204887218045113,0.1875,2.36270421300951,inside,11.833362147732789,inside,True
SR-ATAD5,NYMGNSNKLVNMIA-UHFFFAOYSA-N,5013,0.3829325867369346,0.3333333333333333,1.4635804766487326,inside,19.285988313413934,inside,True
SR-ATAD5,OKBVVJOGVLARMR-VINNURBNSA-N,5013,0.43224135325458973,0.36633663366336633,5.482514539438542,inside,22.691406434280037,inside,True
SR-ATAD5,RMHMFHUVIITRHF-UHFFFAOYSA-N,5013,0.36608044501782644,0.3064516129032258,2.7073369001237912,inside,12.692399086756847,inside,True
SR-ATAD5,LBHIOVVIQHSOQN-UHFFFAOYSA-N,5013,0.4218280101638764,0.375,1.852619699872141,inside,11.663430317217196,inside,True
SR-ATAD5,CUHVIMMYOGQXCV-UHFFFAOYSA-N,5013,0.30400736871325107,0.2702702702702703,1.5529875522996408,inside,15.81492999120408,inside,True
SR-ATAD5,GNUXVOXXWGNPIV-UHFFFAOYSA-N,5013,0.3986279486821339,0.35294117647058826,3.2855364185875167,inside,24.26816032239923,inside,True
SR-ATAD5,IISBACLAFKSPIT-UHFFFAOYSA-N,5013,0.5950610221205186,0.5,1.374428405159697,inside,12.357346298821419,inside,True
SR-ATAD5,UXZFQZANDVDGMM-UHFFFAOYSA-N,5013,0.2948147566520638,0.2608695652173913,1.8855129066008718,inside,11.738265089818729,inside,True
SR-ATAD5,OHTXTCNTQJFRIG-UHFFFAOYSA-N,5013,0.33060606060606057,0.2833333333333333,7.161445701632217,borderline,21.20572436335539,inside,True
SR-ATAD5,KQKPFRSPSRPDEB-UHFFFAOYSA-N,5013,0.34890378438765535,0.25757575757575757,1.3972170975265312,inside,13.397481794585376,inside,True
SR-ATAD5,WBRBLKRDTHYRRV-MDWZMJQESA-N,5013,0.235065036839282,0.20833333333333334,1.45247140524642,inside,11.538876277677922,inside,True
SR-ATAD5,JHAYEQICABJSTP-UHFFFAOYSA-N,5013,0.4016278209396966,0.39215686274509803,4.039781254992484,inside,16.203434321603066,inside,True
SR-ATAD5,FEPMHVLSLDOMQC-ZVGMWUGDSA-N,5013,0.23342685771073804,0.21568627450980393,11.003155896236283,borderline,41.95238814160089,outside,True
SR-ATAD5,LJFWQNJLLOFIJK-UHFFFAOYSA-N,5013,0.44261836441893826,0.375,2.98800494380584,inside,15.180414248683595,inside,True
SR-ATAD5,HUTDUHSNJYTCAR-UHFFFAOYSA-N,5013,0.3404656400586633,0.3,1.1800235546049076,inside,12.630078882324364,inside,True
SR-ATAD5,BDNKZNFMNDZQMI-UHFFFAOYSA-N,5013,0.22892695539754362,0.21428571428571427,2.727240676076134,inside,12.667141677865272,inside,False
SR-ATAD5,JCBPETKZIGVZRE-SCSAIBSYSA-N,5013,0.39168424043912,0.3333333333333333,3.2601499129326563,inside,12.292281128511103,inside,False
SR-ATAD5,QIVBCDIJIAJPQS-UHFFFAOYSA-N,5013,0.4119385886753288,0.3829787234042553,1.9465997913896225,inside,12.289735942798385,inside,True
SR-ATAD5,QIVBCDIJIAJPQS-VIFPVBQESA-N,5013,0.38025492469623534,0.34210526315789475,1.9465997913896225,inside,12.577935833299179,inside,True
SR-ATAD5,GWZMWHWAWHPNHN-UHFFFAOYSA-N,5013,0.593605222734255,0.5357142857142857,2.5775275131709634,inside,17.86073662467928,inside,False
SR-ATAD5,MVQVNTPHUGQQHK-UHFFFAOYSA-N,5013,0.40012547838634793,0.3611111111111111,2.5678969727807472,inside,10.526155028420652,inside,True
SR-ATAD5,AHJKRLASYNVKDZ-UHFFFAOYSA-N,5013,0.37896613190730843,0.3333333333333333,2.7223174832141397,inside,11.687810439271633,inside,True
SR-ATAD5,JWBOIMRXGHLCPP-UHFFFAOYSA-N,5013,0.3283120700437773,0.3170731707317073,2.725590320415047,inside,12.214855617513352,inside,True
SR-ATAD5,YVGGHNCTFXOJCH-UHFFFAOYSA-N,5013,0.38941062801932363,0.34782608695652173,2.978266176499824,inside,11.150798415007872,inside,True
SR-ATAD5,ZWVMLYRJXORSEP-UHFFFAOYSA-N,5013,0.4195823784059078,0.3333333333333333,2.903694358136613,inside,11.936784852894418,inside,False
SR-ATAD5,BIDNLKIUORFRQP-FKDWWROVSA-N,5013,0.31294538794538795,0.2857142857142857,5.614638007363147,inside,24.322249184022777,inside,True
SR-ATAD5,GPRBEKHLDVQUJE-VINNURBNSA-N,5013,0.5457042233706803,0.5,5.28926978396036,inside,23.61165940073811,inside,True
SR-ATAD5,WHXMKTBCFHIYNQ-SECBINFHSA-N,5013,0.2551950409793547,0.18055555555555555,1.9467536693799683,inside,13.284359484462646,inside,True
SR-ATAD5,MCGSCOLBFJQGHM-PSASIEDQSA-N,5013,0.3204008721743577,0.3076923076923077,2.8880028075952113,inside,14.248754696597416,inside,True
SR-ATAD5,QNPHCSSJLHAKSA-UHFFFAOYSA-N,5013,0.37637693359639735,0.33962264150943394,2.0944409425906474,inside,15.600622141301493,inside,True
SR-ATAD5,USYQKCQEVBFJRP-UHFFFAOYSA-N,5013,0.48620857699805065,0.4074074074074074,2.5089452648656203,inside,13.013160403578633,inside,True
SR-ATAD5,KTADSLDAUJLZGL-UHFFFAOYSA-N,5013,0.3591406349611118,0.3181818181818182,2.507967904253118,inside,17.983925333517842,inside,True
SR-ATAD5,QGFORSXNKQLDNO-UHFFFAOYSA-N,5013,0.2112560669307816,0.20512820512820512,1.7279894428572664,inside,11.882618128470899,inside,True
SR-ATAD5,OYSKUZDIHNKWLV-PRUAPSLNSA-N,5013,0.2464935064935065,0.24285714285714285,7.676569976138672,borderline,26.51421120782379,borderline,True
SR-ATAD5,WWVMHGUBIOZASN-UHFFFAOYSA-N,5013,0.2678941743549478,0.2,2.6103007205507907,inside,12.242626179458156,inside,True
SR-ATAD5,JARKCYVAAOWBJS-UHFFFAOYSA-N,5013,0.865,0.7,3.053010994203631,inside,13.851185450475175,inside,False
SR-ATAD5,MNWFXJYAOYHMED-UHFFFAOYSA-N,5013,1.0,1.0,2.5176545749257127,inside,12.411922159422907,inside,False
SR-ATAD5,MKUXAQIIEYXACX-UHFFFAOYSA-N,5013,0.26370197196166656,0.22580645161290322,3.0613288667247285,inside,11.357971475509714,inside,True
SR-ATAD5,PWACSDKDOHSSQD-IUTFFREVSA-N,5013,0.2989683413853062,0.2641509433962264,2.337789824268278,inside,13.901647826983835,inside,True
SR-ATAD5,NALZTFARIYUCBY-UHFFFAOYSA-N,5013,0.48957676449187487,0.3548387096774194,2.9155957015299556,inside,12.819620236933067,inside,False
SR-ATAD5,BXPMAGSOWXBZHS-WEVVVXLNSA-N,5013,0.38363312572614905,0.29545454545454547,2.159291022646706,inside,12.446211658309599,inside,False
SR-ATAD5,YFGYUFNIOHWBOB-UHFFFAOYSA-N,5013,0.2798550724637681,0.24444444444444444,1.4539248670283633,inside,10.767110329161177,inside,True
SR-ATAD5,MUQUYTSLDVKIOF-BBMNSBIFSA-N,5013,0.18849410142111847,0.171875,9.042219117581029,borderline,17.956628682523192,inside,True
SR-ATAD5,KLPWJLBORRMFGK-UHFFFAOYSA-N,5013,0.26606616887165885,0.25,1.1517369938306885,inside,20.410242044115616,inside,True
SR-ATAD5,ZQBAKBUEJOMQEX-UHFFFAOYSA-N,5013,0.5473971032160687,0.5185185185185185,1.2067436390054735,inside,12.049165300045498,inside,True
SR-ATAD5,NFGXHKASABOEEW-GYMWBFJFSA-N,5013,0.49067378109784576,0.3103448275862069,2.7660392963230853,inside,16.112366831322635,inside,False
SR-ATAD5,BPEGJWRSRHCHSN-UHFFFAOYSA-N,5013,0.2674413472706155,0.25,3.0804054855685816,inside,12.03872632383163,inside,True
SR-ATAD5,OYNVHVAEOLJJPV-UHFFFAOYSA-N,5013,0.29353291869420906,0.22857142857142856,2.8901782222665413,inside,13.81419671299723,inside,True
SR-ATAD5,MMDWBZHWHFGVHF-UHFFFAOYSA-N,5013,0.49047726843991696,0.4444444444444444,4.564004717328467,inside,14.941450463941322,inside,True
SR-ATAD5,DIDYGLSKVUKRRP-UHFFFAOYSA-N,5013,0.5112430240055178,0.4583333333333333,2.12546944692822,inside,13.314414087795837,inside,True
SR-ATAD5,KEVYVLWNCKMXJX-UHFFFAOYSA-N,5013,0.42489397012723584,0.3939393939393939,3.454421799059577,inside,17.22104764961043,inside,False
SR-ATAD5,VHNQIURBCCNWDN-UHFFFAOYSA-N,5013,0.3623429951690821,0.34782608695652173,2.8435192344803095,inside,15.739887246731353,inside,True
SR-ATAD5,VBLJFQYCTRKKKF-UHFFFAOYSA-N,5013,0.32081724581724586,0.3,1.6760699451251468,inside,12.341529952612127,inside,True
SR-ATAD5,AJKVQEKCUACUMD-UHFFFAOYSA-N,5013,0.41740053050397885,0.3793103448275862,2.463489117438783,inside,11.541517588692784,inside,True
SR-ATAD5,QCHFTSOMWOSFHM-WPRPVWTQSA-N,5013,0.21138257547606293,0.20754716981132076,1.3352636677318295,inside,13.205677473906501,inside,True
SR-ATAD5,NQQVFXUMIDALNH-UHFFFAOYSA-N,5013,0.3157460317460318,0.2777777777777778,1.646875118202917,inside,9.70841398910655,inside,True
SR-ATAD5,KQIKKETXZQDHGE-FOCLMDBBSA-N,5013,0.4511278195488721,0.42105263157894735,1.742468601060444,inside,15.176185683930187,inside,True
SR-ATAD5,SAOKZLXYCUGLFA-UHFFFAOYSA-N,5013,0.8511550532337517,0.6774193548387096,4.191963546711738,inside,16.818094680253896,inside,False
SR-ATAD5,NXFQHRVNIOXGAQ-UHFFFAOYSA-N,5013,0.4178402737613264,0.3125,2.370135964065546,inside,13.42342037061772,inside,True
SR-ATAD5,SRBFZHDQGSBBOR-AGQMPKSLSA-N,5013,0.2812511052166225,0.19230769230769232,3.695288814000303,inside,12.083660781134022,inside,True
SR-ATAD5,PFNHSEQQEPMLNI-UHFFFAOYSA-N,5013,0.46437198067632846,0.375,2.9755441776619214,inside,12.981479370830451,inside,False
SR-ATAD5,LVDKZNITIUWNER-UHFFFAOYSA-N,5013,0.45406625258799166,0.35,2.8860045795867073,inside,10.800945407384203,inside,False
SR-ATAD5,AKNUHUCEWALCOI-UHFFFAOYSA-N,5013,0.6258333333333332,0.55,2.781351909427192,inside,14.184709832498704,inside,False
SR-ATAD5,UFUVLHLTWXBHGZ-MGZQPHGTSA-N,5013,0.18830977127693183,0.1836734693877551,4.977471233205852,inside,24.09490491902766,inside,True
SR-ATAD5,RSUVYMGADVXGOU-BUHFOSPRSA-N,5013,0.3581550381820484,0.3269230769230769,2.244528414930439,inside,13.37492343831249,inside,True
SR-ATAD5,OWDANLZJJOCPBK-UHFFFAOYSA-N,5013,0.29541265454281124,0.28205128205128205,2.528477174950303,inside,15.115494583718403,inside,True
SR-ATAD5,QRZAKQDHEVVFRX-UHFFFAOYSA-N,5013,0.5180488448230384,0.43333333333333335,1.4377247053019744,inside,13.25304875643377,inside,True
SR-ATAD5,KQTVWCSONPJJPE-UHFFFAOYSA-N,5013,0.22069099228353176,0.21621621621621623,1.502792616796111,inside,13.08304265040945,inside,True
SR-ATAD5,YHUVMHKAHWKQBI-UHFFFAOYSA-N,5013,0.4048545426205,0.36363636363636365,1.4535237972449535,inside,17.169135181915983,inside,True
SR-ATAD5,JCYPECIVGRXBMO-UHFFFAOYSA-N,5013,0.5415541447799511,0.5161290322580645,1.5872357349351762,inside,16.703932625973458,inside,True
SR-ATAD5,YRKCREAYFQTBPV-UHFFFAOYSA-N,5013,0.5337669683257917,0.5,3.0569123650354046,inside,11.835588617911846,inside,False
SR-ATAD5,MBMQEIFVQACCCH-LBPRGKRZSA-N,5013,0.3033703213546438,0.22807017543859648,1.7856859742778792,inside,14.25147725830202,inside,True
SR-ATAD5,WHLUQAYNVOGZST-UHFFFAOYSA-N,5013,0.4210767174002468,0.375,2.2885482009425795,inside,11.954157578223473,inside,True
SR-ATAD5,JVTAAEKCZFNVCJ-UHFFFAOYSA-N,5013,0.47444444444444434,0.4166666666666667,3.3030521805059117,inside,9.783517209207009,inside,False
SR-ATAD5,XASIMHXSUQUHLV-UHFFFAOYSA-N,5013,0.36973912052859426,0.3090909090909091,3.701609360370258,inside,16.477487754643047,inside,True
SR-ATAD5,OILUAKBAMVLXGF-UHFFFAOYSA-N,5013,0.49517133575478595,0.4444444444444444,2.3583444388901387,inside,10.570909227506023,inside,False
SR-ATAD5,IBDVWXAVKPRHCU-UHFFFAOYSA-N,5013,0.6137301587301588,0.5666666666666667,2.07282180529608,inside,11.75764420490299,inside,False
SR-ATAD5,IJAPPYDYQCXOEF-UHFFFAOYSA-N,5013,0.33823563218390806,0.3103448275862069,2.0445767705760285,inside,12.82656533613335,inside,True
SR-ATAD5,YWFWDNVOPHGWMX-UHFFFAOYSA-N,5013,0.8800000000000001,0.6666666666666666,2.94396317026694,inside,15.56845545981947,inside,False
SR-ATAD5,SHOJXDKTYKFBRD-UHFFFAOYSA-N,5013,0.35173160173160173,0.3125,3.2105101209017373,inside,11.469919282234494,inside,False
SR-ATAD5,DDVNRFNDOPPVQJ-HQJQHLMTSA-N,5013,0.3073746866951537,0.28169014084507044,2.048544228352591,inside,11.996445252503426,inside,True
SR-ATAD5,MOOFYEJFXBSZGE-UHFFFAOYSA-N,5013,0.33123798562849516,0.3103448275862069,2.000045910219646,inside,12.699513294434457,inside,True
SR-ATAD5,QLAJPGCDKRPRKU-UYTYNIKBSA-N,5013,0.2548180960293066,0.2459016393442623,3.808174966395072,inside,15.827091945525494,inside,True
SR-ATAD5,VOKSWYLNZZRQPF-GDIGMMSISA-N,5013,0.4626482219155812,0.3387096774193548,1.7046979273713085,inside,12.313062659030125,inside,True
SR-ATAD5,OVRNDRQMDRJTHS-RTRLPJTCSA-N,5013,0.3779540294586734,0.3137254901960784,3.964198717352748,inside,11.378701365115209,inside,True
SR-ATAD5,MGBDANYXBKROBW-UHFFFAOYSA-N,5013,0.2749272434094956,0.25,2.7581817667526662,inside,11.81066451135492,inside,True
SR-ATAD5,UHGULLIUJBCTEF-UHFFFAOYSA-N,5013,0.3797201336675021,0.2894736842105263,2.1073560470865287,inside,18.030842466396376,inside,True
SR-ATAD5,LMTIGABGABPAGU-UHFFFAOYSA-N,5013,0.31768171344784246,0.2857142857142857,1.778959340092459,inside,12.46333150654679,inside,True
SR-ATAD5,PZYDAVFRVJXFHS-UHFFFAOYSA-N,5013,0.3561390963504423,0.3333333333333333,2.2921979959764496,inside,11.35385701830078,inside,True
SR-ATAD5,YDDGKXBLOXEEMN-IABMMNSOSA-N,5013,0.38567937249181994,0.3448275862068966,6.267945810639505,borderline,15.239222847363626,inside,True
SR-ATAD5,NZWOPGCLSHLLPA-UHFFFAOYSA-N,5013,0.5215099715099715,0.4583333333333333,2.511796142964723,inside,10.568684929452836,inside,False
SR-ATAD5,XFSAZBKSWGOXRH-UHFFFAOYSA-N,5013,0.47133333333333327,0.44,2.0142182198454632,inside,13.631803595701669,inside,False
SR-ATAD5,SIOXPEMLGUPBBT-UHFFFAOYSA-N,5013,0.4019047619047619,0.36666666666666664,2.345396444155062,inside,12.444170086953326,inside,True
SR-ATAD5,ZDXUKAKRHYTAKV-UHFFFAOYSA-N,5013,0.366352462898273,0.2676056338028169,7.167766311528387,borderline,21.40309733426423,inside,True
SR-ATAD5,DYLGFOYVTXJFJP-MYYYXRDXSA-N,5013,0.27723737014781785,0.2537313432835821,5.785093110949584,inside,18.4279576491678,inside,True
SR-ATAD5,WBXPDJSOTKVWSJ-ZDUSSCGKSA-N,5013,0.303913468095823,0.26865671641791045,5.9714510230320474,borderline,16.795238524494923,inside,True
SR-ATAD5,QHOQHJPRIBSPCY-UHFFFAOYSA-N,5013,0.3183487940630797,0.3,1.82767779419012,inside,13.702214476649043,inside,True
SR-ATAD5,TYZROVQLWOKYKF-ZDUSSCGKSA-N,5013,0.2613760729491067,0.25,1.9364520209434064,inside,14.716828470201623,inside,True
SR-ATAD5,IEMAQDHGZOPMNI-UHFFFAOYSA-N,5013,0.1956551547590887,0.18309859154929578,4.778682625684061,inside,18.028399805466456,inside,True
SR-ATAD5,NSFFHOGKXHRQEW-DVRIZHICSA-N,5013,0.14445914148478864,0.12953367875647667,29.538163820398104,outside,85.0060876432155,outside,True
SR-ATAD5,FYZBOYWSHKHDMT-UHFFFAOYSA-N,5013,0.2645891464201323,0.25,3.038400777135826,inside,16.895394397013437,inside,True
SR-ATAD5,LJOZMWRYMKECFF-UHFFFAOYSA-N,5013,0.4723809523809524,0.42424242424242425,1.6254442440879908,inside,12.577086533990473,inside,True
SR-ATAD5,IKVXBIIHQGXQRQ-UHFFFAOYSA-N,5013,0.3510583742498636,0.3269230769230769,2.1946830110003077,inside,18.548858970829485,inside,True
SR-ATAD5,VPJXQGSRWJZDOB-UHFFFAOYSA-O,5013,0.5109523809523809,0.4,2.5114446950393274,inside,11.505156093889548,inside,False
SR-ATAD5,KHPXUQMNIQBQEV-UHFFFAOYSA-N,5013,0.4014285714285714,0.35714285714285715,3.030732338431838,inside,10.269346179432759,inside,False
SR-ATAD5,DFPAKSUCGFBDDF-UHFFFAOYSA-N,5013,0.4856239316239316,0.4358974358974359,2.4190529055256347,inside,12.61005491823112,inside,True
SR-ATAD5,IDYZIJYBMGIQMJ-UHFFFAOYSA-N,5013,0.5170487398072646,0.4507042253521127,2.3161710352547726,inside,17.82158316160711,inside,True
SR-ATAD5,AFJYYKSVHJGXSN-QXOQAUICSA-N,5013,0.22886013639901667,0.1891891891891892,9.424528578884017,borderline,45.55276975090255,outside,True
SR-ATAD5,NPGNOVNWUSPMDP-HLLBOEOZSA-N,5013,0.3630243012850417,0.3026315789473684,3.4430956530914694,inside,17.076515469689237,inside,True
SR-ATAD5,DVBLPJWQXDCAKU-UHFFFAOYSA-N,5013,0.3350025277236923,0.2962962962962963,2.842075333052811,inside,17.95266721096353,inside,True
SR-ATAD5,VSJRBQDMBFFHMC-UHFFFAOYSA-N,5013,0.4066439393939394,0.36363636363636365,2.3860584625177115,inside,13.150771425034637,inside,True
SR-ATAD5,CWKLZLBVOJRSOM-UHFFFAOYSA-N,5013,0.4681979458450046,0.4117647058823529,3.193364829183045,inside,11.22422245538108,inside,False
SR-ATAD5,NXQMCAOPTPLPRL-UHFFFAOYSA-N,5013,0.6685594811401263,0.6129032258064516,1.9915548848440612,inside,20.092348207714952,inside,True
SR-ATAD5,MVCSJYRFFFDKCX-UHFFFAOYSA-N,5013,0.4898434898434898,0.42857142857142855,2.1551800783641837,inside,11.176300058079475,inside,False
SR-ATAD5,XFCMNSHQOZQILR-UHFFFAOYSA-N,5013,0.7638923395445134,0.6071428571428571,1.989792123859896,inside,13.411269409241015,inside,False
SR-ATAD5,UPMLOUAZCHDJJD-UHFFFAOYSA-N,5013,0.3707810421165129,0.3,1.3425408572171207,inside,10.891224674876893,inside,True
SR-ATAD5,KJFMBFZCATUALV-UHFFFAOYSA-N,5013,0.5124279229542388,0.4772727272727273,2.6243475697322642,inside,14.141593869728807,inside,True
SR-ATAD5,VHGCDTVCOLNTBX-QGZVFWFLSA-N,5013,0.33535310493348913,0.30434782608695654,1.4876354682470538,inside,12.809742565662848,inside,True
SR-ATAD5,NUKYPUAOHBNCPY-UHFFFAOYSA-N,5013,0.4322276278932626,0.3684210526315789,2.800857756329662,inside,14.776326435632697,inside,True
SR-ATAD5,CDKCEZNPAYWORX-UHFFFAOYSA-N,5013,0.5807017543859649,0.5555555555555556,2.8180565887466047,inside,10.75389691385027,inside,True
SR-ATAD5,NWIVYGKSHSJHEF-UHFFFAOYSA-N,5013,0.3803213777726521,0.30434782608695654,2.2796759441382473,inside,9.864119079306144,inside,True
SR-ATAD5,JLIDVCMBCGBIEY-UHFFFAOYSA-N,5013,0.43654244306418216,0.3888888888888889,3.285795344139988,inside,12.449370567742626,inside,False
SR-ATAD5,ZMNSRFNUONFLSP-UHFFFAOYSA-N,5013,0.36513707930088113,0.34,1.00428113606943,inside,12.552880975343339,inside,True
SR-ATAD5,NYPJDWWKZLNGGM-RPWUZVMVSA-N,5013,0.46775536313375976,0.4520547945205479,3.9242226136476113,inside,16.72462269092386,inside,True
SR-ATAD5,GJJQIGFCGLPOQK-UHFFFAOYSA-N,5013,0.31706810520369844,0.30303030303030304,1.7176216295085949,inside,11.774709036294185,inside,True
SR-ATAD5,PZRKPUQWIFJRKZ-UHFFFAOYSA-N,5013,0.3773123793768955,0.28,4.412436016124019,inside,13.207613011271023,inside,True
SR-ATAD5,NNULBSISHYWZJU-LLKWHZGFSA-N,5013,0.514241389870804,0.32967032967032966,4.037059895132912,inside,19.61975842552166,inside,True
SR-ATAD5,GWLFIMOOGVXSMZ-UHFFFAOYSA-N,5013,0.2658994424998933,0.24691358024691357,3.7392829163512467,inside,19.768607960644303,inside,True
SR-ATAD5,YZBOZNXACBQJHI-UHFFFAOYSA-N,5013,0.49111111111111116,0.4,2.794172133326706,inside,11.735270656164355,inside,False
SR-ATAD5,CYHBDKTZDLSRMY-UHFFFAOYSA-N,5013,0.6330484330484331,0.6153846153846154,2.272178432159862,inside,13.20735391227387,inside,False
SR-ATAD5,YKOCPBMVMBUTAX-UHFFFAOYSA-N,5013,0.45211425315208337,0.3829787234042553,1.316090470056261,inside,14.465358788738767,inside,True
SR-ATAD5,XDXDZDZNSLXDNA-TZNDIEGXSA-N,5013,0.2407780398556853,0.2222222222222222,6.279368364074952,borderline,18.52217384348653,inside,True
SR-ATAD5,PWXTUWQHMIFLKL-UHFFFAOYSA-N,5013,0.3594938759100349,0.2564102564102564,4.592032427207022,inside,14.353504030845164,inside,True
SR-ATAD5,GXVUZYLYWKWJIM-UHFFFAOYSA-N,5013,0.5346753246753246,0.35,3.2779187607610965,inside,12.43422943455313,inside,False
SR-ATAD5,JKRZOJADNVOXPM-UHFFFAOYSA-N,5013,0.6207509881422925,0.5833333333333334,2.0087245177842434,inside,11.616309176333935,inside,False
SR-ATAD5,SMANXXCATUTDDT-QPJJXVBHSA-N,5013,0.3777539779681763,0.3684210526315789,3.870452176771655,inside,12.438506051359807,inside,True
SR-ATAD5,NGOGFTYYXHNFQH-UHFFFAOYSA-N,5013,0.23932262466593515,0.22413793103448276,1.5626741256701264,inside,14.377007712787192,inside,True
SR-ATAD5,KTALPKYXQZGAEG-UHFFFAOYSA-N,5013,0.3273943034893799,0.3076923076923077,2.605796040205116,inside,12.965871925688766,inside,True
SR-ATAD5,KAPCRJOPWXUMSQ-UHFFFAOYSA-N,5013,0.3473077862551547,0.2894736842105263,5.0275823667472554,inside,11.719764891739052,inside,True
SR-ATAD5,YTGSYRVSBPFKMQ-UHFFFAOYSA-N,5013,0.2590909090909091,0.25,2.9582145365038803,inside,11.5500372638666,inside,False
SR-ATAD5,TUNFSRHWOTWDNC-UHFFFAOYSA-N,5013,1.0,1.0,2.747138075120763,inside,12.411922159422907,inside,False
SR-ATAD5,QIONYIKHPASLHO-UHFFFAOYSA-N,5013,0.4216666666666667,0.3333333333333333,2.69825610454556,inside,12.998148681297792,inside,False
SR-ATAD5,KFPBGJYBKSQIAI-UHFFFAOYSA-N,5013,0.2713619864708794,0.22727272727272727,2.0067538600287103,inside,11.094864299320632,inside,True
SR-ATAD5,KXJLGCBCRCSXQF-UHFFFAOYSA-N,5013,0.392965367965368,0.35,2.7153612021820006,inside,11.396924003264758,inside,False
SR-ATAD5,REEQLXCGVXDJSQ-UHFFFAOYSA-N,5013,0.4310238652585553,0.37142857142857144,0.8884695358375844,inside,11.512510339049605,inside,True
SR-ATAD5,KSFOVUSSGSKXFI-UHFFFAOYSA-N,5013,0.20653016490471338,0.19642857142857142,7.3215279667227655,borderline,19.65519419612257,inside,True
SR-ATAD5,POPNTVRHTZDEBW-UHFFFAOYSA-N,5013,0.5865679965679966,0.4722222222222222,2.1518718972822715,inside,15.72515986155441,inside,False
SR-ATAD5,AUZONCFQVSMFAP-UHFFFAOYSA-N,5013,0.43025752347491475,0.36,2.3350921639379996,inside,10.886490236945496,inside,False
SR-ATAD5,DRLMMVPCYXFPEP-UHFFFAOYSA-N,5013,0.37159438162160485,0.2916666666666667,2.320120225499245,inside,16.454018251262077,inside,True
SR-ATAD5,ZBPLOVFIXSTCRZ-UHFFFAOYSA-N,5013,0.32265331579617296,0.3076923076923077,1.5287263334237455,inside,12.89099771357458,inside,True
SR-ATAD5,ASMQGLCHMVWBQR-UHFFFAOYSA-N,5013,0.5572510822510823,0.4583333333333333,1.0491770545914323,inside,10.364184374235025,inside,True
SR-ATAD5,FCJSHPDYVMKCHI-UHFFFAOYSA-N,5013,0.5554782608695652,0.5,1.7348978834049322,inside,12.481934533444045,inside,True
SR-ATAD5,FBPFZTCFMRRESA-KVTDHHQDSA-N,5013,0.5776441102756892,0.5238095238095238,4.816392199411493,inside,11.67429708330497,inside,False
SR-ATAD5,PQKBPHSEKWERTG-UHFFFAOYSA-N,5013,0.38636288998357965,0.31666666666666665,2.9971742198578615,inside,16.53698045616444,inside,True
SR-ATAD5,IITCWRFYJWUUPC-UHFFFAOYSA-N,5013,0.5231495405179615,0.4722222222222222,1.2082024634104733,inside,14.244430374079746,inside,True
SR-ATAD5,IDCPFAYURAQKDZ-UHFFFAOYSA-N,5013,0.3224912280701754,0.28,3.7233355173723144,inside,10.793857966365048,inside,False
SR-ATAD5,TVURRHSHRRELCG-UHFFFAOYSA-N,5013,0.24866565166063012,0.22727272727272727,2.3851291894792346,inside,16.168976465703597,inside,True
SR-ATAD5,WGZDBVOTUVNQFP-UHFFFAOYSA-N,5013,0.3389696969696969,0.32727272727272727,1.3967163250556005,inside,17.244386530614726,inside,True
SR-ATAD5,SFVWPXMPRCIVOK-UHFFFAOYSA-N,5013,0.6675324675324675,0.375,2.3266025092930502,inside,10.995395158216107,inside,True
SR-ATAD5,ZHKXBELKPQXYEH-UHFFFAOYSA-N,5013,0.47443737855502555,0.43243243243243246,1.3223995876772365,inside,11.856668953948171,inside,True
SR-ATAD5,YLWYNCPRXFCNLQ-UHFFFAOYSA-N,5013,0.3896813877945954,0.3018867924528302,1.126249492461585,inside,15.873467668854573,inside,True
SR-ATAD5,QGMGHALXLXKCBD-UHFFFAOYSA-N,5013,0.4298631476050831,0.3939393939393939,2.1418845989675086,inside,13.908126052165462,inside,True
SR-ATAD5,IHRPDXFOMLCPIK-UHFFFAOYSA-N,5013,0.4828347743546357,0.42857142857142855,1.3992493764456455,inside,10.234635871336318,inside,True
SR-ATAD5,YLQLIQIAXYRMDL-UHFFFAOYSA-N,5013,0.573120082815735,0.42857142857142855,2.5233085812937395,inside,14.880980503513657,inside,False
SR-ATAD5,PKVRCIRHQMSYJX-AIFWHQITSA-N,5013,0.205644961648767,0.19672131147540983,10.875681414297114,borderline,41.12174596253165,outside,True
SR-ATAD5,UPBAOYRENQEPJO-UHFFFAOYSA-N,5013,0.22092523056653493,0.21212121212121213,6.721245869993146,borderline,12.912665380749583,inside,True
SR-ATAD5,ZAFYATHCZYHLPB-UHFFFAOYSA-N,5013,0.2543216534049148,0.24561403508771928,2.393360396088145,inside,12.070072422591897,inside,True
SR-ATAD5,PQLXHQMOHUQAKB-UHFFFAOYSA-N,5013,0.5288845905867183,0.48484848484848486,4.749512456320223,inside,21.777613741339778,inside,False
SR-ATAD5,VRDIULHPQTYCLN-UHFFFAOYSA-N,5013,0.2715815178973074,0.2571428571428571,1.4690888323708444,inside,11.438367693355335,inside,True
SR-ATAD5,BMTAFVWTTFSTOG-UHFFFAOYSA-N,5013,0.4568902543096091,0.37037037037037035,2.3544474309429932,inside,10.410245358007991,inside,False
SR-ATAD5,KMPQYAYAQWNLME-UHFFFAOYSA-N,5013,0.9029411764705882,0.75,2.7212304459638905,inside,14.07061958455322,inside,False
SR-ATAD5,VHRUBWHAOUIMDW-UHFFFAOYSA-N,5013,0.7125238095238094,0.5416666666666666,2.360599728728193,inside,12.587844568079676,inside,False
SR-ATAD5,YZJSKRBKHCLMQC-UHFFFAOYSA-N,5013,0.41047088177522967,0.391304347826087,2.563583906667407,inside,15.63017532276817,inside,True
SR-ATAD5,MIQPIUSUKVNLNT-UHFFFAOYSA-N,5013,0.46260773885934353,0.42105263157894735,1.64442162502971,inside,13.38449834191685,inside,True
SR-ATAD5,OOGJQPCLVADCPB-HXUWFJFHSA-N,5013,0.32725756043754023,0.3181818181818182,2.3477535287006224,inside,13.703653288949885,inside,True
SR-ATAD5,AFNXATANNDIXLG-UHFFFAOYSA-N,5013,0.5288438482267883,0.46551724137931033,3.3713891847440762,inside,18.388587863713408,inside,True
SR-ATAD5,OPNPQXLQERQBBV-UHFFFAOYSA-N,5013,0.34120331069609505,0.3225806451612903,2.357757324565489,inside,10.327021101148924,inside,False
SR-ATAD5,GJAWHXHKYYXBSV-UHFFFAOYSA-N,5013,0.44431831703196023,0.41379310344827586,2.021662735485089,inside,10.128574584657056,inside,True
SR-ATAD5,OWBTYPJTUOEWEK-UHFFFAOYSA-N,5013,0.4543040293040293,0.38461538461538464,3.276513220762834,inside,12.467936038431985,inside,False
SR-ATAD5,FRQDZJMEHSJOPU-UHFFFAOYSA-N,5013,0.6007843137254902,0.47058823529411764,4.585643027826053,inside,14.025272860673391,inside,False
SR-ATAD5,ODJUOZPKKHIEOZ-UHFFFAOYSA-N,5013,0.4238181818181818,0.36,1.7678172880217742,inside,12.768488668568557,inside,True
SR-ATAD5,AHHWIHXENZJRFG-UHFFFAOYSA-N,5013,0.3424908424908425,0.2857142857142857,3.7500532636392725,inside,12.442186742005058,inside,True
SR-ATAD5,IQOMYCGTGFGDFN-UHFFFAOYSA-N,5013,0.43361200378040793,0.40540540540540543,1.6195491021588737,inside,13.07879939160528,inside,True
SR-ATAD5,YFEDJMLMWJSRJJ-UHFFFAOYSA-N,5013,0.32347333372276416,0.3,1.3180723914373793,inside,11.922640321478832,inside,True
SR-ATAD5,LLECMGGNFBKPRH-UHFFFAOYSA-N,5013,0.5216267942583732,0.5,1.312451140177211,inside,12.114802141867306,inside,True
SR-ATAD5,GRIATXVEXOFBGO-UHFFFAOYSA-N,5013,0.35546626203589227,0.3333333333333333,1.9165612947186272,inside,10.679306201950865,inside,True
SR-ATAD5,YEBCRAVYUWNFQT-UHFFFAOYSA-N,5013,0.3484146484146484,0.3142857142857143,1.6135198965070556,inside,12.293867216174638,inside,True
SR-ATAD5,KZHGPDSVHSDCMX-UHFFFAOYSA-N,5013,0.40290273556231,0.37142857142857144,1.607238317745665,inside,16.05651316487114,inside,True
SR-ATAD5,KOYJWFGMEBETBU-UHFFFAOYSA-N,5013,0.41553087263613575,0.375,1.3418882840333317,inside,12.94892832654919,inside,True
SR-ATAD5,MNTALGTVSQTALQ-UHFFFAOYSA-N,5013,0.3462637362637363,0.23809523809523808,3.011115326814649,inside,13.0378047058813,inside,False
SR-ATAD5,DWPYQDGDWBKJQL-UHFFFAOYSA-N,5013,0.5146782106782106,0.4444444444444444,2.3097605527813028,inside,11.705730850045686,inside,True
SR-ATAD5,XEDWWPGWIXPVRQ-UHFFFAOYSA-N,5013,0.37388010129945615,0.3333333333333333,3.9074300664303343,inside,12.633485605547587,inside,True
SR-ATAD5,CBVCZFGXHXORBI-PXQQMZJSSA-N,5013,0.2425190104464306,0.23076923076923078,7.097536644785731,borderline,30.28345154367321,borderline,True
SR-ATAD5,SNTQPLDRUZOSDP-UHFFFAOYSA-N,5013,0.47996057965538685,0.43137254901960786,2.713854827830112,inside,15.918858375303234,inside,True
SR-ATAD5,HTSNFXAICLXZMA-CYBMUJFWSA-N,5013,0.3184940862901882,0.30434782608695654,1.1973098259214916,inside,12.00369973290852,inside,True
SR-ATAD5,NCHJIJCRXQRDGU-UHFFFAOYSA-N,5013,0.4974396841983048,0.4482758620689655,2.266112442802048,inside,12.73073013416925,inside,False
SR-ATAD5,JTEDVYBZBROSJT-UHFFFAOYSA-N,5013,0.4011833225875779,0.3191489361702128,1.3967958792080528,inside,11.81739576433258,inside,True
SR-ATAD5,AADVZSXPNRLYLV-GKMXPDSGSA-N,5013,0.2813401514451935,0.2549019607843137,3.007506754462745,inside,17.041592898665744,inside,True
SR-ATAD5,UQLLWWBDSUHNEB-CZUORRHYSA-N,5013,0.5059166173420249,0.43373493975903615,3.6415238078306156,inside,19.278088491119966,inside,True
SR-ATAD5,OBZHEBDUNPOCJG-WBXJDKIVSA-N,5013,0.38049551392321873,0.2608695652173913,5.867024392757591,borderline,15.689814145135685,inside,True
SR-ATAD5,OTMOUPHCTWPNSL-UHFFFAOYSA-N,5013,0.3539167377095766,0.32608695652173914,1.6387794841580263,inside,11.33047996828862,inside,True
SR-ATAD5,MTZBBNMLMNBNJL-UHFFFAOYSA-N,5013,0.37353523681127315,0.3492063492063492,2.5407573165673125,inside,17.668375698055304,inside,True
SR-ATAD5,SRBFZHDQGSBBOR-IOVATXLUSA-N,5013,0.29083771929824564,0.2,3.695288814000303,inside,11.128051433337024,inside,True
SR-ATAD5,HUNXMJYCHXQEGX-UHFFFAOYSA-N,5013,0.2358014304282961,0.2222222222222222,2.5289313627738492,inside,14.816151950682862,inside,True
SR-ATAD5,UTSYWKJYFPPRAP-UHFFFAOYSA-N,5013,0.47623525899387964,0.42857142857142855,2.177967393656973,inside,13.326440513725151,inside,False
SR-ATAD5,QUAMTGJKVDWJEQ-UHFFFAOYSA-N,5013,0.4959770333984248,0.45454545454545453,2.49615014078257,inside,18.050426802181182,inside,True
SR-ATAD5,KXRZBTAEDBELFD-UHFFFAOYSA-N,5013,0.5640305043793415,0.5227272727272727,2.0985528554381805,inside,13.942319316024038,inside,True
SR-ATAD5,HLLICFJUWSZHRJ-UHFFFAOYSA-N,5013,0.3424286405418481,0.28846153846153844,1.1327111311118598,inside,17.630179458924182,inside,True
SR-ATAD5,DAASOABUJRMZAD-UHFFFAOYSA-N,5013,0.27058029689608637,0.2564102564102564,2.771666653834237,inside,11.478944332361092,inside,True
SR-ATAD5,LVVXOXRUTDAKFE-UHFFFAOYSA-N,5013,0.3618378845945913,0.3469387755102041,2.5113424969729254,inside,13.703714015486172,inside,True
SR-ATAD5,SDMSCIWHRZJSRN-UHFFFAOYSA-N,5013,0.36430591366981574,0.34,1.8835511076811524,inside,11.785316063574466,inside,True
SR-ATAD5,IBOFVQJTBBUKMU-UHFFFAOYSA-N,5013,0.44766381766381763,0.37037037037037035,1.8055332232053543,inside,11.866005935715894,inside,True
SR-ATAD5,OAYXUHPQHDHDDZ-UHFFFAOYSA-N,5013,0.865079365079365,0.7619047619047619,2.3817992933530516,inside,16.06836524681252,inside,False
SR-ATAD5,VOCYGZAHYQXJOF-UHFFFAOYSA-N,5013,0.36743234819011217,0.3333333333333333,4.8876416042132576,inside,15.352217450747398,inside,True
SR-ATAD5,MXORDJXBRHNWBE-UHFFFAOYSA-N,5013,0.41380711078152677,0.37037037037037035,1.9258585154970802,inside,19.44950391594224,inside,True
SR-ATAD5,GJJSUPSPZIZYPM-UHFFFAOYSA-N,5013,0.8555555555555555,0.7777777777777778,1.692771622475244,inside,10.914184685786868,inside,True
SR-ATAD5,VBQRUYIOTHNGOP-UHFFFAOYSA-N,5013,0.2850834350834351,0.25,2.0037021016875123,inside,13.890857944364377,inside,True
SR-ATAD5,SKCNNQDRNPQEFU-UHFFFAOYSA-N,5013,0.5347368421052632,0.47368421052631576,2.3618700898801457,inside,12.628305056065633,inside,False
SR-ATAD5,PYAHGCWYQOISIP-OXDKKKEHSA-N,5013,0.2171587695909663,0.19135802469135801,24.11103394121492,outside,47.59199079165254,outside,True
SR-ATAD5,USSIQXCVUWKGNF-UHFFFAOYSA-N,5013,0.36885273568029164,0.3488372093023256,2.1375777619591623,inside,13.10044590413789,inside,True
SR-ATAD5,OGGXGZAMXPVRFZ-UHFFFAOYSA-N,5013,0.2249206349206349,0.2,3.3466172414281514,inside,11.403675521508074,inside,False
SR-ATAD5,WXNRYSGJLQFHBR-UHFFFAOYSA-N,5013,0.4383393597318987,0.35,2.2799513836300287,inside,14.96956670649393,inside,True
SR-ATAD5,ZVIDYKRNLNAXFT-UHFFFAOYSA-N,5013,0.42184236362294236,0.391304347826087,1.7240777813426478,inside,10.881224521913554,inside,True
SR-ATAD5,ALIVXCSEERJYHU-UHFFFAOYSA-N,5013,0.346,0.3,1.9031598399310308,inside,18.07428248442573,inside,True
SR-ATAD5,WVLHGCRWEHCIOT-UHFFFAOYSA-N,5013,0.32436249143007406,0.24489795918367346,1.474667320035168,inside,15.358006192305613,inside,True
SR-ATAD5,IUJLOAKJZQBENM-UHFFFAOYSA-N,5013,0.36297005046037556,0.234375,1.4211234589788224,inside,12.633311418268828,inside,True
SR-ATAD5,CMAUJSNXENPPOF-UHFFFAOYSA-N,5013,0.3613879377334527,0.23076923076923078,2.9936931794902253,inside,17.847251209614605,inside,True
SR-ATAD5,ZOLLIQAKMYWTBR-UHFFFAOYSA-N,5013,0.40717703349282297,0.25,2.8243359408120696,inside,12.105827479724873,inside,True
SR-ATAD5,AXRCEOKUDYDWLF-UHFFFAOYSA-N,5013,0.251503799351719,0.24390243902439024,6.896699223633462,borderline,21.907048830294453,inside,True
SR-ATAD5,FVNFBBAOMBJTST-UHFFFAOYSA-N,5013,0.3515166021699291,0.3090909090909091,1.242010649671751,inside,13.248781830820334,inside,True
SR-ATAD5,XVBWGQSXLITICX-UHFFFAOYSA-N,5013,0.35840455840455837,0.2962962962962963,2.2635856074598872,inside,11.71559810908734,inside,True
SR-ATAD5,SFPNZPQIIAJXGL-UHFFFAOYSA-N,5013,0.6803132664437012,0.6153846153846154,2.2841962448530553,inside,13.173433722470122,inside,False
SR-ATAD5,HRBKVYFZANMGRE-UHFFFAOYSA-N,5013,0.4061853832442067,0.3181818181818182,1.4119572395933007,inside,11.246313715270148,inside,True
SR-ATAD5,XERJKGMBORTKEO-VZUCSPMQSA-N,5013,0.2594907598666997,0.23076923076923078,2.760677786843478,inside,12.458687186190684,inside,False
SR-ATAD5,LXANPKRCLVQAOG-NSHDSACASA-N,5013,0.21029687737163832,0.20588235294117646,1.6527171010115156,inside,13.049913701890706,inside,True
SR-ATAD5,TXVHTIQJNYSSKO-UHFFFAOYSA-N,5013,0.617362887183859,0.5,4.535663860874542,inside,14.53542921881009,inside,True
SR-ATAD5,OMNKZBIFPJNNIO-UHFFFAOYSA-N,5013,0.4041542421542421,0.32432432432432434,2.2338097219088633,inside,14.11768073568075,inside,False
SR-ATAD5,SWXVUIWOUIDPGS-UHFFFAOYSA-N,5013,0.3925925925925926,0.3888888888888889,2.8043534221919386,inside,11.122133022428748,inside,False
SR-ATAD5,FATBKZJZAHWCSL-UHFFFAOYSA-N,5013,0.38967351533915,0.3181818181818182,2.4602666338045496,inside,13.561611346161245,inside,True
SR-ATAD5,BKQICAFAUMRYLZ-UHFFFAOYSA-N,5013,0.3969248120300752,0.36,2.6861010163004497,inside,13.011549659781993,inside,False
SR-ATAD5,GGRWZBVSUZZMKS-UHFFFAOYSA-N,5013,0.4370986428334988,0.3508771929824561,1.6191078418304952,inside,15.511429326774273,inside,True
SR-ATAD5,VHXNKPBCCMUMSW-FQEVSTJZSA-N,5013,0.23701680166468897,0.22857142857142856,4.494074264739808,inside,17.06279466870372,inside,True
SR-ATAD5,IVYPNXXAYMYVSP-UHFFFAOYSA-N,5013,0.4166446166446166,0.34545454545454546,2.1151345936325945,inside,11.380078740842963,inside,True
SR-ATAD5,GQEZCXVZFLOKMC-UHFFFAOYSA-N,5013,1.0,1.0,3.648076006153415,inside,17.655146713269755,inside,False
SR-ATAD5,BIJNHUAPTJVVNQ-UHFFFAOYSA-N,5013,0.43515266939179986,0.34615384615384615,3.241724123531799,inside,13.683564857196446,inside,True
SR-ATAD5,OZOMQRBLCMDCEG-UHFFFAOYSA-N,5013,0.3041248004284993,0.2777777777777778,2.6686263350189536,inside,15.099874427591045,inside,True
SR-ATAD5,OQERFUGURPLBQH-UHFFFAOYSA-N,5013,0.42148460410557187,0.3939393939393939,1.3512920887935667,inside,12.99523093268289,inside,True
SR-ATAD5,SHULEACXTONYPS-UHFFFAOYSA-N,5013,0.4999598662207358,0.44,1.4311079375267166,inside,17.707349396226146,inside,True
SR-ATAD5,HJIAMFHSAAEUKR-UHFFFAOYSA-N,5013,0.5286030061892131,0.4583333333333333,1.4276239488497273,inside,14.406141826848309,inside,True
SR-ATAD5,GJLNWLVPAHNBQN-UHFFFAOYSA-N,5013,0.509698275862069,0.46875,1.2176158544142748,inside,14.188271927785726,inside,True
SR-ATAD5,RAPBNVDSDCTNRC-UHFFFAOYSA-N,5013,0.4509539897039897,0.4,1.3494229558084687,inside,11.572549647433846,inside,True
SR-ATAD5,XCGYUJZMCCFSRP-UHFFFAOYSA-N,5013,0.2724799623827131,0.26153846153846155,1.609357914791161,inside,15.136429551127254,inside,True
SR-ATAD5,ISWRGOKTTBVCFA-UHFFFAOYSA-N,5013,0.3638506522717049,0.34210526315789475,1.8425105781636835,inside,10.69548129239349,inside,True
SR-ARE,OUZWUKMCLIBBOG-UHFFFAOYSA-N,4139,0.325069573283859,0.2916666666666667,1.7091889170412982,inside,14.006726481311178,inside,True
SR-ARE,HEBKCHPVOIAQTA-SCDXWVJYSA-N,4139,0.6177631578947368,0.4583333333333333,4.811632876831755,inside,13.038004799807796,inside,False
SR-ARE,XBLVHTDFJBKJLG-UHFFFAOYSA-N,4139,0.5705845127274014,0.5135135135135135,1.9013327044921025,inside,13.821467197762553,inside,True
SR-ARE,QPQKUYVSJWQSDY-CCEZHUSRSA-N,4139,0.42128248156623443,0.34782608695652173,1.5267086204892624,inside,16.096816111240297,inside,True
SR-ARE,QIJIUJYANDSEKG-UHFFFAOYSA-N,4139,0.3491452991452991,0.2777777777777778,2.911934085450068,inside,11.382247985409686,inside,False
SR-ARE,ZUOUZKKEUPVFJK-UHFFFAOYSA-N,4139,0.4813186813186813,0.42857142857142855,2.8173629203133586,inside,11.981512165460302,inside,True
SR-ARE,WVRNUXJQQFPNMN-UHFFFAOYSA-N,4139,0.347641196013289,0.34285714285714286,2.446784521908111,inside,11.589668380828133,inside,True
SR-ARE,OESPFRYVCUTRKF-UHFFFAOYSA-N,4139,0.31951766329927705,0.30952380952380953,5.802829454454241,inside,10.916989563581375,inside,True
SR-ARE,IGXZMQCLUNTWCC-UHFFFAOYSA-N,4139,0.3956578439453538,0.3246753246753247,11.125170039918663,borderline,15.757714077225696,inside,True
SR-ARE,SOROIESOUPGGFO-UHFFFAOYSA-N,4139,0.2258990483928124,0.16981132075471697,5.588982502027835,inside,11.673743174022635,inside,True
SR-ARE,XMBWDFGMSWQBCA-UHFFFAOYSA-N,4139,0.04152730200556288,0.037037037037037035,4.821009371569711,inside,9.297259918958186,inside,False
SR-ARE,WCYYAQFQZQEUEN-UHFFFAOYSA-N,4139,0.38402413147493236,0.36,2.01764948854089,inside,13.81203122737657,inside,True
SR-ARE,YUBJPYNSGLJZPQ-UHFFFAOYSA-N,4139,0.2604952815262366,0.1896551724137931,3.2066135588888924,inside,17.795000888670693,inside,True
SR-ARE,GTZCVFVGUGFEME-HNQUOIGGSA-N,4139,0.28457142857142853,0.28,3.495598506583157,inside,8.95156549496509,inside,False
SR-ARE,AMEKQAFGQBKLKX-UHFFFAOYSA-N,4139,0.3608463629393862,0.3488372093023256,1.3076120533656623,inside,13.318349095248116,inside,True
SR-ARE,HMEYVGGHISAPJR-VQCPGFMQSA-N,4139,0.4694817153037481,0.39325842696629215,8.414475217719172,borderline,20.677954669745276,inside,True
SR-ARE,OYTKINVCDFNREN-UHFFFAOYSA-N,4139,0.29800000000000004,0.28,3.0770080209999313,inside,11.195080185175824,inside,True
SR-ARE,HQYALQRYBUJWDH-UHFFFAOYSA-N,4139,0.4038110038110038,0.3333333333333333,2.643645840738181,inside,13.610603118702649,inside,False
SR-ARE,VILCJCGEZXAXTO-UHFFFAOYSA-N,4139,0.5345214568040656,0.35714285714285715,4.34542376029853,inside,10.390498662277983,inside,False
SR-ARE,OGHNVEJMJSYVRP-UHFFFAOYSA-N,4139,0.3835480819671577,0.3472222222222222,5.563532028360351,inside,15.784560294469342,inside,True
SR-ARE,HRQGCQVOJVTVLU-UHFFFAOYSA-N,4139,0.365018315018315,0.3333333333333333,3.5035347699305808,inside,10.31444752745944,inside,False
SR-ARE,ZLKMOIHCHCMSFW-UHFFFAOYSA-N,4139,0.38531490015360986,0.35714285714285715,1.9464950546475888,inside,10.121615600327475,inside,True
SR-ARE,GYSSRZJIHXQEHQ-UHFFFAOYSA-N,4139,0.3697601480029757,0.35714285714285715,0.899590243830855,inside,11.092547692499497,inside,True
SR-ARE,JLQUFIHWVLZVTJ-UHFFFAOYSA-N,4139,0.2681085581085581,0.25,3.567909051352316,inside,11.738380513591837,inside,True
SR-ARE,CFRPSFYHXJZSBI-DHZHZOJOSA-N,4139,0.27883179883179887,0.24324324324324326,1.4445169183081916,inside,11.119404816427625,inside,True
SR-ARE,LKDRXBCSQODPBY-VANKVMQKSA-N,4139,0.24043699755656278,0.21621621621621623,4.786069857349047,inside,11.547039036209373,inside,True
SR-ARE,ZNRLMGFXSPUZNR-UHFFFAOYSA-N,4139,0.3058333333333333,0.28125,2.031863529214734,inside,10.388587175934404,inside,True
SR-ARE,ZPAKPRAICRBAOD-UHFFFAOYSA-N,4139,0.44823529411764707,0.43333333333333335,1.523680029733933,inside,17.240972478180538,inside,True
SR-ARE,AVUYXHYHTTVPRX-UHFFFAOYSA-N,4139,0.19935915416981337,0.19230769230769232,2.1363911763840724,inside,11.360700868999947,inside,True
SR-ARE,JXZZEXZZKAWDSP-UHFFFAOYSA-N,4139,0.3723115161557581,0.3235294117647059,3.834506119864934,inside,14.538874155595426,inside,True
SR-ARE,IRGDPGYNHSIIJJ-UHFFFAOYSA-N,4139,0.2216054533002442,0.20689655172413793,2.702239012126957,inside,10.28416320756047,inside,True
SR-ARE,MKJIEFSOBYUXJB-UHFFFAOYSA-N,4139,0.34580337309749076,0.3,2.3183314608990973,inside,16.140863173423,inside,True
SR-ARE,ITMCEJHCFYSIIV-UHFFFAOYSA-N,4139,0.4151648351648352,0.35714285714285715,3.4139259997433715,inside,10.303185919208596,inside,False
SR-ARE,VNKBTWQZTQIWDV-UHFFFAOYSA-N,4139,0.2810611245152449,0.23728813559322035,2.9408608635084277,inside,14.351112766510475,inside,True
SR-ARE,FEWIGMWODIRUJM-UHFFFAOYSA-N,4139,0.40909610983981687,0.3684210526315789,3.233414787784187,inside,10.661706462568107,inside,False
SR-ARE,JDXJKLGWPNXSHL-UHFFFAOYSA-N,4139,0.41154009034443817,0.3125,2.6996482339098193,inside,10.806266450207595,inside,True
SR-ARE,BMKLRPQTYXVGNK-UHFFFAOYSA-N,4139,0.3233725490196079,0.32,3.4997490515287493,inside,13.24287992731009,inside,True
SR-ARE,HYCNSTQIGIMIIZ-UHFFFAOYSA-N,4139,0.1987301587301587,0.05555555555555555,5.454117863431742,inside,9.339379271001661,inside,False
SR-ARE,SRRJCDUOSQWHGS-UHFFFAOYSA-N,4139,0.34428748252294733,0.2647058823529412,10.163118219264424,borderline,18.645235785768598,inside,True
SR-ARE,ZZVUWRFHKOJYTH-UHFFFAOYSA-N,4139,0.3843895002956827,0.35294117647058826,2.031088837497255,inside,11.933338213588067,inside,True
SR-ARE,HSUGRBWQSSZJOP-RTWAWAEBSA-N,4139,0.3249224238875878,0.29508196721311475,4.067960967660892,inside,14.53439126039076,inside,True
SR-ARE,ZLAQATDNGLKIEV-UHFFFAOYSA-N,4139,0.25172413793103454,0.2413793103448276,2.3217736627839165,inside,10.13193836456455,inside,True
SR-ARE,JFXBEKISTKFVAB-AJQTZOPKSA-N,4139,0.26570171949457555,0.24705882352941178,10.3099533178871,borderline,17.930011586562888,inside,True
SR-ARE,NRFJZTXWLKPZAV-UHFFFAOYSA-N,4139,0.2693840456998352,0.25,2.1777823287325786,inside,14.516440358577993,inside,True
SR-ARE,HQVZOORKDNCGCK-UHFFFAOYSA-N,4139,0.3609314533704778,0.3333333333333333,3.6931698118823313,inside,13.83436724374238,inside,True
SR-ARE,AOHJOMMDDJHIJH-UHFFFAOYSA-N,4139,0.4570627927284273,0.3684210526315789,3.899475737280279,inside,12.833071155651695,inside,False
SR-ARE,BEWCNXNIQCLWHP-UHFFFAOYSA-N,4139,0.5454224858896716,0.5161290322580645,1.7569800398164828,inside,15.106765041008734,inside,False
SR-ARE,NHZMQXZHNVQTQA-UHFFFAOYSA-N,4139,0.25834933973589436,0.24489795918367346,2.6344681138053354,inside,11.046699500702834,inside,True
SR-ARE,LXNHXLLTXMVWPM-UHFFFAOYSA-N,4139,0.26836857018308635,0.25,2.3672860191023326,inside,12.879432337299724,inside,True
SR-ARE,AGMMTXLNIQSRCG-UHFFFAOYSA-N,4139,0.4609941520467836,0.4,2.6187891777301253,inside,11.326980365716976,inside,True
SR-ARE,HWKQNAWCHQMZHK-UHFFFAOYSA-N,4139,0.29528315674095723,0.23809523809523808,5.796970841117723,inside,12.647122893882209,inside,False
SR-ARE,JFJZZMVDLULRGK-URLMMPGGSA-O,4139,0.27232712029584644,0.22093023255813954,9.641290504626435,borderline,17.533981511125305,inside,True
SR-ARE,OYYDSUSKLWTMMQ-JKHIJQBDSA-N,4139,0.4931724465537772,0.44642857142857145,4.1028360224360165,inside,17.13662817231434,inside,True
SR-ARE,WEGYGNROSJDEIW-UHFFFAOYSA-N,4139,0.49142424242424243,0.43333333333333335,2.4799213119867645,inside,16.046690666991903,inside,True
SR-ARE,HDOUGSFASVGDCS-UHFFFAOYSA-N,4139,0.38200826684808376,0.3157894736842105,2.5879807278801423,inside,12.927280087039513,inside,True
SR-ARE,LFSXCDWNBUNEEM-UHFFFAOYSA-N,4139,0.3389503732981994,0.30434782608695654,2.5329762439872128,inside,10.848735841238891,inside,True
SR-ARE,NCKMMSIFQUPKCK-UHFFFAOYSA-N,4139,0.40537390029325515,0.3870967741935484,1.9064807531937171,inside,11.948513985108402,inside,True
SR-ARE,QMVPMAAFGQKVCJ-JTQLQIEISA-N,4139,0.5293333333333334,0.4666666666666667,2.4117104350933105,inside,10.861984094470873,inside,False
SR-ARE,NGGMYCMLYOUNGM-CSDLUJIJSA-N,4139,0.2034446150706828,0.19696969696969696,5.07664755854054,inside,13.768719106416853,inside,True
SR-ARE,VVBLNCFGVYUYGU-UHFFFAOYSA-N,4139,0.5325707889089512,0.47058823529411764,1.8595417711451712,inside,14.512803881156767,inside,True
SR-ARE,IAHFWCOBPZCAEA-UHFFFAOYSA-N,4139,0.5139393939393939,0.4666666666666667,3.317284885565722,inside,12.528722571767373,inside,False
SR-ARE,QBDSZLJBMIMQRS-UHFFFAOYSA-N,4139,0.5180354267310789,0.4782608695652174,1.8828785168883726,inside,10.7973631142532,inside,True
SR-ARE,COBPKKZHLDDMTB-UHFFFAOYSA-N,4139,0.865079365079365,0.7619047619047619,2.645488462166934,inside,12.157420110921096,inside,False
SR-ARE,RHDJRPPFURBGLQ-UHFFFAOYSA-N,4139,0.33002459473047707,0.3055555555555556,1.648675373538299,inside,12.129994950863288,inside,True
SR-ARE,ISCHOARKJADAKJ-UHFFFAOYSA-N,4139,0.29919540229885055,0.27586206896551724,5.890631007457744,borderline,12.866414935459451,inside,True
SR-ARE,OKDGRDCXVWSXDC-UHFFFAOYSA-N,4139,0.3476057791537668,0.3333333333333333,3.074534490536546,inside,10.609307711709148,inside,True
SR-ARE,ZWRUINPWMLAQRD-UHFFFAOYSA-N,4139,1.0,1.0,2.693742954479201,inside,10.732680549767908,inside,False
SR-ARE,XEKOWRVHYACXOJ-UHFFFAOYSA-N,4139,0.5830163644405131,0.5714285714285714,3.376961369005571,inside,12.108233213091937,inside,False
SR-ARE,QMTNOLKHSWIQBE-KSZLIROESA-N,4139,0.2582582170365286,0.22580645161290322,2.2731142537958986,inside,11.520731336539248,inside,True
SR-ARE,PUFQVTATUTYEAL-UHFFFAOYSA-N,4139,0.40084682860998644,0.38596491228070173,3.0932160132931186,inside,19.490939549847,inside,True
SR-ARE,LXIZRZRTWSDLKK-UHFFFAOYSA-N,4139,0.25142708081015114,0.22727272727272727,8.6314592709412,borderline,12.520566789696293,inside,True
SR-ARE,BZLVMXJERCGZMT-UHFFFAOYSA-N,4139,0.45159090909090904,0.3125,3.5927881108386277,inside,13.108370527092323,inside,False
SR-ARE,LVTFSVIRYMXRSR-WUKNDPDISA-N,4139,0.39483628759490824,0.358974358974359,1.9473537904737896,inside,17.985994602944235,inside,True
SR-ARE,BNRNXUUZRGQAQC-UHFFFAOYSA-N,4139,0.2878571428571429,0.21428571428571427,6.242867564175649,borderline,14.899234885341603,inside,True
SR-ARE,OFBIFZUFASYYRE-UHFFFAOYSA-N,4139,0.27607027970542686,0.26785714285714285,2.552067810026777,inside,13.780574915288353,inside,True
SR-ARE,RTHCYVBBDHJXIQ-UHFFFAOYSA-N,4139,0.2908538714551193,0.26666666666666666,2.237094084668098,inside,13.936589924703453,inside,True
SR-ARE,OGBUMNBNEWYMNJ-UHFFFAOYSA-N,4139,0.5331932773109244,0.5294117647058824,5.271015845658568,inside,13.340368882008544,inside,False
SR-ARE,DEIGXXQKDWULML-UHFFFAOYSA-N,4139,0.20285714285714285,0.2,5.077562760264798,inside,9.516738042031646,inside,True
SR-ARE,WYKYKTKDBLFHCY-UHFFFAOYSA-N,4139,0.33448052905372677,0.29411764705882354,1.5237814565272723,inside,10.897045235174181,inside,True
SR-ARE,RTYFAKSWXDNPPU-UHFFFAOYSA-N,4139,0.6206896551724138,0.6206896551724138,1.9696107477880955,inside,17.297833813417462,inside,False
SR-ARE,UPOYFZYFGWBUKL-UHFFFAOYSA-N,4139,0.34197800124795036,0.2894736842105263,2.1831363536835333,inside,13.566016876769627,inside,True
SR-ARE,GCIRJCKOUVCUBZ-OFALOCIGSA-N,4139,0.3789059934318555,0.3142857142857143,2.607150127261379,inside,12.134164354296678,inside,False
SR-ARE,UMNVFYKZOXQOLL-UHFFFAOYSA-N,4139,0.7810344827586206,0.6551724137931034,2.631747172947583,inside,11.73785150034887,inside,True
SR-ARE,DERZBLKQOCDDDZ-JLHYYAGUSA-N,4139,0.4160283886255029,0.38181818181818183,4.496434349715938,inside,16.761781810381528,inside,True
SR-ARE,VEFLKXRACNJHOV-UHFFFAOYSA-N,4139,0.5036630036630036,0.42857142857142855,3.4587283037061196,inside,10.07906617349016,inside,False
SR-ARE,QAOWNCQODCNURD-UHFFFAOYSA-N,4139,0.5,0.4166666666666667,3.8966245691819257,inside,9.03273100149948,inside,False
SR-ARE,HEGSGKPQLMEBJL-RKQHYHRCSA-N,4139,0.4325676840322149,0.34210526315789475,3.5811046155565767,inside,14.08857786450798,inside,True
SR-ARE,GPTXWRGISTZRIO-UHFFFAOYSA-N,4139,0.3234965437788018,0.3142857142857143,1.8124041771660462,inside,17.22912012526544,inside,True
SR-ARE,HFACYLZERDEVSX-UHFFFAOYSA-N,4139,0.5454545454545455,0.5,2.2100269816090994,inside,18.26425558914458,inside,True
SR-ARE,QEVGZEDELICMKH-UHFFFAOYSA-N,4139,0.44267263427109976,0.375,3.0442986944445876,inside,10.10388252624603,inside,False
SR-ARE,KWIUHFFTVRNATP-UHFFFAOYSA-N,4139,0.3864035087719298,0.3157894736842105,3.3902833463781534,inside,12.376513135782295,inside,False
SR-ARE,SWEICGMKXPNXNU-UHFFFAOYSA-N,4139,0.3361529271206691,0.2962962962962963,2.3724126148750475,inside,9.904453673059745,inside,True
SR-ARE,TWBPWBPGNQWFSJ-UHFFFAOYSA-N,4139,0.39170568561872915,0.38461538461538464,2.051993522092894,inside,12.890794565769173,inside,True
SR-ARE,WXPWZZHELZEVPO-UHFFFAOYSA-N,4139,0.5220209339774557,0.4782608695652174,2.100547169780119,inside,10.557792564134376,inside,True
SR-ARE,QIRAYNIFEOXSPW-PXNSSMCTSA-N,4139,0.3220619771415106,0.30434782608695654,2.4930013700414007,inside,12.915600445335706,inside,True
SR-ARE,MJVGBKJNTFCUJM-UHFFFAOYSA-N,4139,0.41858108108108105,0.40540540540540543,1.2559329971303304,inside,11.432019696138909,inside,True
SR-ARE,QAHFOPIILNICLA-UHFFFAOYSA-N,4139,0.42676971326164875,0.40625,1.854279444759975,inside,9.580554291221755,inside,True
SR-ARE,YBROOZNJUDHTGE-QINSGFPZSA-N,4139,0.4332680819777594,0.24074074074074073,5.2754256098618395,inside,13.795713715662748,inside,True
SR-ARE,CTSLUCNDVMMDHG-UHFFFAOYSA-N,4139,0.22509107027724048,0.2127659574468085,1.0998210047788668,inside,11.904840229540243,inside,True
SR-ARE,JZRWCGZRTZMZEH-UHFFFAOYSA-N,4139,0.3186521272180436,0.2542372881355932,2.028439304107869,inside,13.12463243179628,inside,True
SR-ARE,QFMDFTQOJHFVNR-UHFFFAOYSA-N,4139,0.44199267399267395,0.4,3.197114574948691,inside,12.029948233374189,inside,True
SR-ARE,RIBGNAJQTOXRDK-UHFFFAOYSA-N,4139,0.49722222222222223,0.4444444444444444,2.938927346233454,inside,12.145661198095967,inside,True
SR-ARE,YEYKMVJDLWJFOA-UHFFFAOYSA-N,4139,0.7785087719298246,0.6666666666666666,3.0220139133556816,inside,10.890768354936526,inside,False
SR-ARE,IDQBJILTOGBZCR-UHFFFAOYSA-N,4139,0.5047619047619047,0.41935483870967744,2.5444458438136413,inside,12.01389850693706,inside,False
SR-ARE,OGHBUHJLMHQMHS-KRDNBFTESA-N,4139,0.5998774227566798,0.45714285714285713,2.3350419728195826,inside,14.9225314797166,inside,False
SR-ARE,YYPNJNDODFVZLE-UHFFFAOYSA-N,4139,0.37499999999999994,0.3333333333333333,3.137175054302112,inside,9.004628834429992,inside,False
SR-ARE,ZDASUJMDVPTNTF-UHFFFAOYSA-N,4139,0.30180043031705434,0.2608695652173913,1.8896877609135587,inside,14.134403968416175,inside,True
SR-ARE,LNBQBURECUEBKZ-UHFFFAOYSA-N,4139,0.4203508771929824,0.3684210526315789,2.8042856699300387,inside,10.703605493056903,inside,False
SR-ARE,OZWKMVRBQXNZKK-LLVKDONJSA-N,4139,0.30630437883326206,0.2894736842105263,1.6786335924336935,inside,11.916602674348804,inside,True
SR-ARE,NJMWOUFKYKNWDW-UHFFFAOYSA-N,4139,0.1925733137829912,0.18181818181818182,2.920243333575729,inside,10.132378870819263,inside,True
SR-ARE,VHLLJTHDWPAQEM-UHFFFAOYSA-N,4139,0.4525425075480693,0.3870967741935484,1.9565873023248574,inside,11.999869384500093,inside,True
SR-ARE,DUCVQKMNGSZPAV-ZHACJKMWSA-N,4139,0.7096296296296296,0.7037037037037037,2.9180390170344666,inside,15.329311420716598,inside,False
SR-ARE,JZXRLKWWVNUZRB-UHFFFAOYSA-N,4139,0.30081868773552345,0.29310344827586204,1.6874846160843708,inside,10.932557810142272,inside,True
SR-ARE,ILNRQFBVVQUOLP-UHFFFAOYSA-N,4139,0.26135941664486523,0.23880597014925373,5.15657311217392,inside,23.110489145668716,inside,True
SR-ARE,YLUSMKAJIQOXPV-UHFFFAOYSA-N,4139,0.32566736489317133,0.22727272727272727,1.7542057508865427,inside,10.354994876854109,inside,True
SR-ARE,PXKLMJQFEQBVLD-UHFFFAOYSA-N,4139,0.531265664160401,0.4583333333333333,1.6029262796358785,inside,15.393338844272671,inside,True
SR-ARE,NUIURNJTPRWVAP-UHFFFAOYSA-N,4139,0.5323873936047849,0.47619047619047616,2.1637537917196954,inside,13.85162743543337,inside,True
SR-ARE,ZZLCFHIKESPLTH-UHFFFAOYSA-N,4139,0.4864035087719298,0.4,2.74081652887549,inside,10.68898330085469,inside,True
SR-ARE,CQONVBIGUJWUFE-UHFFFAOYSA-N,4139,0.3878735866439599,0.37209302325581395,3.3511292617482717,inside,17.633195686954082,inside,False
SR-ARE,FJYJNLIEGUTPIJ-UHFFFAOYSA-N,4139,0.2927662671006324,0.28846153846153844,4.83604085189495,inside,13.18143156619754,inside,True
SR-ARE,OEHKWMHRFWWMQK-UHFFFAOYSA-N,4139,0.343327485380117,0.32,4.1176604590770385,inside,12.186003828349403,inside,True
SR-ARE,INYHZQLKOKTDAI-UHFFFAOYSA-N,4139,0.22320678271308525,0.21875,3.1126713661727794,inside,10.560011993531653,inside,True
SR-ARE,XBPCUCUWBYBCDP-UHFFFAOYSA-N,4139,0.3929946524064171,0.35294117647058826,2.3295034233751504,inside,9.893827722009743,inside,True
SR-ARE,GXFRQLQUKBSYQL-UHFFFAOYSA-N,4139,0.29598381730187534,0.27586206896551724,1.5092563319504668,inside,10.949109568732379,inside,True
SR-ARE,XUYJLQHKOGNDPB-UHFFFAOYSA-N,4139,0.36352941176470593,0.35,3.571393407558726,inside,10.90174357419709,inside,False
SR-ARE,DMVOXQPQNTYEKQ-UHFFFAOYSA-N,4139,0.5064035087719299,0.4,2.0595723481763533,inside,17.155448286495325,inside,True
SR-ARE,NJWIMFZLESWFIM-UHFFFAOYSA-N,4139,0.36614046872667566,0.3181818181818182,2.771847998023978,inside,9.94085322777302,inside,True
SR-ARE,CNQCWYFDIQSALX-UHFFFAOYSA-N,4139,0.37450513401600355,0.32432432432432434,2.771847998023978,inside,11.955234399659949,inside,True
SR-ARE,XUFXOAAUWZOOIT-SXARVLRPSA-N,4139,0.2565969231294717,0.22033898305084745,16.465709927260797,outside,17.904551065128214,inside,True
SR-ARE,OHJMTUPIZMNBFR-UHFFFAOYSA-N,4139,0.49386946386946395,0.4,4.31603008500022,inside,9.284287691494962,inside,False
SR-ARE,RUOJZAUFBMNUDX-UHFFFAOYSA-N,4139,0.3527040753127709,0.2962962962962963,3.1167941626910136,inside,10.89028869759455,inside,True
SR-ARE,SECKRCOLJRRGGV-UHFFFAOYSA-N,4139,0.26569975255593675,0.21739130434782608,6.4542863924333815,borderline,16.10995833998949,inside,True
SR-ARE,ZZXUZKXVROWEIF-UHFFFAOYSA-N,4139,0.3431472359058566,0.3055555555555556,2.80512623886178,inside,10.73332761151356,inside,True
SR-ARE,HRKAMJBPFPHCSD-UHFFFAOYSA-N,4139,0.44952380952380955,0.375,2.793826881895907,inside,13.922100068550785,inside,False
SR-ARE,YIOCIFXUGBYCJR-UHFFFAOYSA-N,4139,0.437491935483871,0.3870967741935484,1.8315339914952085,inside,10.272794845069914,inside,True
SR-ARE,SJYFDORQYYEJLB-UHFFFAOYSA-N,4139,0.47141692359983994,0.42424242424242425,3.2749529997237907,inside,20.11801566327307,inside,True
SR-ARE,WKEDVNSFRWHDNR-UHFFFAOYSA-N,4139,0.5212573052951252,0.4827586206896552,1.5070048607880613,inside,11.823792706620964,inside,True
SR-ARE,IWRVPXDHSLTIOC-NXVVXOECSA-N,4139,0.3350470578723849,0.32142857142857145,2.1625400064249445,inside,13.380643345764675,inside,True
SR-ARE,XOZUGNYVDXMRKW-UHFFFAOYSA-N,4139,0.32976190476190476,0.3125,3.896879759131674,inside,9.42918664035912,inside,False
SR-ARE,QTBSBXVTEAMEQO-UHFFFAOYSA-N,4139,0.4666666666666667,0.4166666666666667,3.814362913280231,inside,9.193985733545837,inside,False
SR-ARE,NBZBKCUXIYYUSX-UHFFFAOYSA-N,4139,0.4397058823529411,0.4117647058823529,3.390022460370448,inside,9.97040347523633,inside,False
SR-ARE,VHHHONWQHHHLTI-UHFFFAOYSA-N,4139,0.4,0.375,3.4720485654954594,inside,10.193740560512524,inside,False
SR-ARE,HJHUXWBTVVFLQI-UHFFFAOYSA-N,4139,0.48242481203007515,0.42857142857142855,3.2245298945946925,inside,13.161565295030595,inside,False
SR-ARE,UYXAWHWODHRRMR-UHFFFAOYSA-N,4139,0.22133449903829341,0.20930232558139536,1.4037646439052884,inside,11.6982376489537,inside,True
SR-ARE,BYJAVTDNIXVSPW-UHFFFAOYSA-N,4139,0.3622687383538447,0.3142857142857143,1.6418791472477947,inside,13.02672125029281,inside,True
SR-ARE,NBQCNZYJJMBDKY-UHFFFAOYSA-N,4139,0.20419664152568204,0.18181818181818182,1.5730735192486265,inside,13.263736433134804,inside,True
SR-ARE,WHUUTDBJXJRKMK-VKHMYHEASA-N,4139,0.4825851246903878,0.42105263157894735,3.4524358758190097,inside,13.452158626273937,inside,False
SR-ARE,YETULFFXNIHQLK-UHFFFAOYSA-N,4139,0.2661634199134199,0.24242424242424243,2.6593882352552867,inside,11.67821730459084,inside,True
SR-ARE,HDUNVICUTAZXTE-UHFFFAOYSA-N,4139,0.27321187584345474,0.25,3.6727081509320434,inside,9.891465319425162,inside,False
SR-ARE,OKJFKPFBSPZTAH-UHFFFAOYSA-N,4139,0.44326832068767547,0.36363636363636365,2.0526201412097507,inside,18.644241423179455,inside,True
SR-ARE,GTGMXPIQRQSORU-UHFFFAOYSA-N,4139,0.4093761140819964,0.38235294117647056,1.5823699921063943,inside,11.153915586564082,inside,True
SR-ARE,DDTBPAQBQHZRDW-UHFFFAOYSA-N,4139,0.6,0.3333333333333333,3.217465142968616,inside,9.263454499760261,inside,True
SR-ARE,VTWQUFUBSCXPOW-UHFFFAOYSA-N,4139,0.30005659816980573,0.28205128205128205,3.077666499952387,inside,12.74265120276603,inside,True
SR-ARE,FLOWINGPRFZLET-UHFFFAOYSA-N,4139,0.2733333333333333,0.16666666666666666,4.624590817470695,inside,9.263295587203123,inside,False
SR-ARE,HWGBHCRJGXAGEU-UHFFFAOYSA-N,4139,0.26405790138041657,0.2413793103448276,2.3593000558236685,inside,9.529854807273367,inside,True
SR-ARE,KYPYTERUKNKOLP-UHFFFAOYSA-N,4139,0.4216666666666667,0.375,2.908435567684249,inside,14.926293804939286,inside,True
SR-ARE,OGBPILLJZSJJRC-UHFFFAOYSA-N,4139,0.39400161030595815,0.37037037037037035,1.6612153499531883,inside,9.868975574467079,inside,True
SR-ARE,IENZQIKPVFGBNW-UHFFFAOYSA-N,4139,0.40104883079233355,0.3018867924528302,4.9042357797782845,inside,18.720347218553204,inside,True
SR-ARE,OHXPGWPVLFPUSM-KLRNGDHRSA-N,4139,0.2615335897542619,0.22807017543859648,3.8669281935794904,inside,16.247381084199404,inside,True
SR-ARE,YFNKIDBQEZZDLK-UHFFFAOYSA-N,4139,0.6954545454545455,0.6875,2.72153160586588,inside,9.364736075007286,inside,False
SR-ARE,WFSGQBNCVASPMW-UHFFFAOYSA-N,4139,0.5023567588325653,0.42857142857142855,2.727749139830078,inside,11.866218715340358,inside,False
SR-ARE,LGDFHDKSYGVKDC-UHFFFAOYSA-N,4139,0.3354393142628437,0.3076923076923077,2.0000378454334022,inside,11.737849965827081,inside,True
SR-ARE,XPAQFJJCWGSXGJ-UHFFFAOYSA-N,4139,0.5082308114566179,0.43243243243243246,2.7082846614648353,inside,12.27588561948711,inside,True
SR-ARE,FHIVAFMUCKRCQO-UHFFFAOYSA-N,4139,0.3400114128457593,0.32432432432432434,2.107071712214878,inside,14.45771498773976,inside,True
SR-ARE,UUWJNBOCAPUTBK-UHFFFAOYSA-N,4139,0.3095184340221209,0.27906976744186046,2.91605014717785,inside,10.324760585577895,inside,True
SR-ARE,XNMYNYSCEJBRPZ-UHFFFAOYSA-N,4139,0.2968932298913111,0.2830188679245283,2.082776090287482,inside,11.834276569003636,inside,True
SR-ARE,DCSCXTJOXBUFGB-JGVFFNPUSA-N,4139,0.32937611408199646,0.2857142857142857,2.6615766128376603,inside,10.134125048774264,inside,True
SR-ARE,MEFQWPUMEMWTJP-UHFFFAOYSA-N,4139,0.32621260614087016,0.3076923076923077,1.644799668801133,inside,11.547419236319216,inside,True
SR-ARE,ZEMGGZBWXRYJHK-UHFFFAOYSA-N,4139,0.2524983530961792,0.21212121212121213,2.674174469828279,inside,12.528850886598109,inside,True
SR-ARE,JAWNWEKHDFBPSG-UHFFFAOYSA-N,4139,0.38968033264473756,0.3103448275862069,2.377965834853828,inside,20.455577260163636,inside,True
SR-ARE,UQDUPQYQJKYHQI-UHFFFAOYSA-N,4139,0.9138461538461538,0.7692307692307693,2.6926215382381495,inside,17.497698447055374,inside,False
SR-ARE,ZMZDMBWJUHKJPS-UHFFFAOYSA-N,4139,0.29696969696969694,0.2727272727272727,3.931032718029972,inside,10.213374715327554,inside,False
SR-ARE,YQFWGCSKGJMGHE-UHFFFAOYSA-N,4139,0.49658534985900715,0.21739130434782608,3.0106576064855477,inside,12.947049397975004,inside,True
SR-ARE,CYGPPWVXOWCHJB-UHFFFAOYSA-N,4139,0.47380069645724293,0.4,2.292125486710549,inside,13.227221984614827,inside,False
SR-ARE,BLHCMGRVFXRYRN-UHFFFAOYSA-N,4139,0.44467724867724867,0.4074074074074074,2.317411066422279,inside,9.654066587405246,inside,True
SR-ARE,WQZQFYRSYLXBGP-UHFFFAOYSA-N,4139,0.37504201680672267,0.36666666666666664,2.4284519276118575,inside,11.177371506395627,inside,True
SR-ARE,AHXGXXJEEHFHDK-UHFFFAOYSA-N,4139,0.3649832775919732,0.34615384615384615,4.5516645974996095,inside,17.488678343522956,inside,True
SR-ARE,UHLOVGKIEARANS-FZMOHWGLSA-N,4139,0.3243704315817434,0.2631578947368421,3.3379957646282836,inside,15.84369553921872,inside,True
SR-ARE,KACVTTZEMNWITH-UHFFFAOYSA-N,4139,0.3440999735694462,0.3125,1.4132604354498388,inside,13.425194776660783,inside,True
SR-ARE,XSQUKJJJFZCRTK-UHFFFAOYSA-N,4139,0.44848484848484843,0.4166666666666667,4.2690693911312145,inside,8.737835701936318,inside,False
SR-ARE,ISAKRJDGNUQOIC-UHFFFAOYSA-N,4139,0.22925538696927195,0.21739130434782608,2.9117899670348537,inside,13.092929060468386,inside,True
SR-ARE,FENFUOGYJVOCRY-UHFFFAOYSA-N,4139,0.5162907268170425,0.4166666666666667,2.7676185079121822,inside,11.588831939157098,inside,False
SR-ARE,XMVBHZBLHNOQON-UHFFFAOYSA-N,4139,0.6250797448165869,0.45454545454545453,2.7215650466887267,inside,12.534760164841794,inside,False
SR-ARE,QDUIJCOKQCCXQY-HEOFFLBTSA-N,4139,0.2952515322960868,0.24761904761904763,8.756320379928852,borderline,23.73602427244178,inside,True
SR-ARE,DASYMCLQENWCJG-VCUHZILTSA-N,4139,0.31305823028512103,0.2948717948717949,7.113765682557008,borderline,23.636583125060323,inside,True
SR-ARE,HTKFORQRBXIQHD-UHFFFAOYSA-N,4139,0.32183908045977005,0.27586206896551724,3.1279628862029445,inside,10.737991006398673,inside,False
SR-ARE,BXGYBSJAZFGIPX-UHFFFAOYSA-N,4139,0.40392572944297084,0.3333333333333333,2.289931250693681,inside,10.108819468553916,inside,True
SR-ARE,FFNVQNRYTPFDDP-UHFFFAOYSA-N,4139,0.3433707596751075,0.3076923076923077,2.8156324179277634,inside,12.196865632939216,inside,True
SR-ARE,SODJJEXAWOSSON-UHFFFAOYSA-N,4139,0.43312471060348817,0.41935483870967744,1.8215279737302892,inside,11.060484795277523,inside,True
SR-ARE,DXYYSGDWQCSKKO-UHFFFAOYSA-N,4139,0.37339926739926743,0.28,2.5372020381656957,inside,15.95402659097249,inside,True
SR-ARE,HSWPZIDYAHLZDD-UHFFFAOYSA-N,4139,0.2705012093169988,0.23809523809523808,1.839844068712473,inside,13.070867031515595,inside,True
SR-ARE,WVDDUSFOSWWJJH-UHFFFAOYSA-N,4139,0.21338800904977379,0.19230769230769232,2.624637698649116,inside,10.516020221464334,inside,True
SR-ARE,VHYFNPMBLIVWCW-UHFFFAOYSA-N,4139,0.4880047712865051,0.42105263157894735,2.506124958194938,inside,12.102062189325377,inside,True
SR-ARE,OKISUZLXOYGIFP-UHFFFAOYSA-N,4139,0.5283333333333333,0.45,2.235440618885002,inside,11.013675950828594,inside,True
SR-ARE,IPOKCKJONYRRHP-FMQUCBEESA-N,4139,0.38774093179399,0.32608695652173914,4.691930596885742,inside,12.388698224525795,inside,True
SR-ARE,LDVVBLGHGCHZBJ-UHFFFAOYSA-N,4139,0.3233725490196079,0.32,2.3681090138668117,inside,13.24287992731009,inside,True
SR-ARE,DETXZQGDWUJKMO-UHFFFAOYSA-N,4139,0.42607340372046254,0.38461538461538464,3.6733125881987356,inside,9.454406678677572,inside,False
SR-ARE,LGBYJXBCVZKJBL-UHFFFAOYSA-N,4139,0.3695263479371425,0.3333333333333333,1.7624204339812184,inside,11.900103129583108,inside,True
SR-ARE,DZDVMKLYUKZMKK-UHFFFAOYSA-N,4139,0.4669090909090909,0.45,2.5855027217308297,inside,13.112964286316537,inside,False
SR-ARE,RUETVLNXAGWCDS-UHFFFAOYSA-N,4139,0.5271904761904762,0.4642857142857143,1.473241810909837,inside,13.710462412810495,inside,True
SR-ARE,DFDGRKNOFOJBAJ-UHFFFAOYSA-N,4139,0.3005961564101099,0.2972972972972973,0.9386648731170285,inside,13.475813480814313,inside,True
SR-ARE,IVVNZDGDKPTYHK-UHFFFAOYSA-N,4139,0.22665247752095094,0.22,1.1993356387202363,inside,12.153356080827141,inside,True
SR-ARE,KXPXKNBDCUOENF-UHFFFAOYSA-N,4139,0.5698108908635224,0.5238095238095238,2.5672786082348775,inside,13.311864689918329,inside,False
SR-ARE,CXVGEDCSTKKODG-UHFFFAOYSA-N,4139,0.35081613508442777,0.34146341463414637,2.4706586389747924,inside,13.458541784124739,inside,True
SR-ARE,LUMLZKVIXLWTCI-IHWYPQMZSA-N,4139,0.27067538126361657,0.25,2.8157089507924904,inside,10.940033479183528,inside,False
SR-ARE,JXTHNDFMNIQAHM-UHFFFAOYSA-N,4139,0.5251526251526251,0.4444444444444444,3.102864829035222,inside,10.282481358146256,inside,False
SR-ARE,PFRGXCVKLLPLIP-UHFFFAOYSA-N,4139,0.3302521008403361,0.29411764705882354,2.9402441553912495,inside,11.09409108932946,inside,False
SR-ARE,XOKMRXSMOHCNIX-UHFFFAOYSA-N,4139,0.287086255259467,0.28125,2.234230166518084,inside,10.552742933631155,inside,True
SR-ARE,MKLKDUHMZCIBSJ-UHFFFAOYSA-N,4139,0.3848595848595848,0.37037037037037035,2.6383944861623188,inside,10.25844865709208,inside,False
SR-ARE,VADSDVGLFDVIMG-UHFFFAOYSA-N,4139,0.49696969696969695,0.48484848484848486,2.701238960147469,inside,12.28996452579307,inside,True
SR-ARE,YOJKKXRJMXIKSR-UHFFFAOYSA-N,4139,0.5217391304347826,0.5,1.676678556255305,inside,12.810207103084284,inside,True
SR-ARE,RHUWRJWFHUKVED-UHFFFAOYSA-N,4139,0.3908901395100856,0.36,2.606888508290122,inside,15.3533755422282,inside,True
SR-ARE,BOOQTIHIKDDPRW-UHFFFAOYSA-N,4139,0.343761697728873,0.30612244897959184,2.047550225908428,inside,11.041358079649731,inside,True
SR-ARE,DMULVCHRPCFFGV-UHFFFAOYSA-N,4139,0.36069126819126823,0.3125,1.6436003229454308,inside,13.069688152596527,inside,True
SR-ARE,LSSUMOWDTKZHHT-UHFFFAOYSA-N,4139,0.34846569389298027,0.30158730158730157,1.663932833235658,inside,11.846187263360097,inside,True
SR-ARE,DNBPMBJFRRVTSJ-UHFFFAOYSA-N,4139,0.29589731325053104,0.2631578947368421,1.890234702544664,inside,15.544048848072851,inside,True
SR-ARE,QVDSEJDULKLHCG-UHFFFAOYSA-N,4139,0.2860835117263688,0.25333333333333335,2.286725984645824,inside,19.381128810303014,inside,True
SR-ARE,IQXXEPZFOOTTBA-UHFFFAOYSA-N,4139,0.4090827360110481,0.3684210526315789,1.7227189868350663,inside,12.601395715149389,inside,True
SR-ARE,YEJCDKJIEMIWRQ-UHFFFAOYSA-N,4139,0.26430309703840477,0.24489795918367346,5.278424371753368,inside,13.152256446008971,inside,True
SR-ARE,YXVFYQXJAXKLAK-UHFFFAOYSA-N,4139,0.48822169059011167,0.4,2.0837132178549638,inside,21.166706232119008,inside,True
SR-ARE,DNDPLEAVNVOOQZ-UHFFFAOYSA-N,4139,0.34616119174942706,0.29411764705882354,2.543431047455744,inside,10.41563457045364,inside,True
SR-ARE,OVGGLBAWFMIPPY-WUXMJOGZSA-N,4139,0.27000123685837973,0.2653061224489796,2.714517393371152,inside,10.67587759669262,inside,True
SR-ARE,LWRBVKNFOYUCNP-UHFFFAOYSA-N,4139,0.2987970743853097,0.29411764705882354,1.4828033023954046,inside,11.68342043012936,inside,True
SR-ARE,MVWHGTYKUMDIHL-UHFFFAOYSA-N,4139,0.4652777777777778,0.3888888888888889,3.7633070327228064,inside,18.814524540883056,inside,True
SR-ARE,UWFYSQMTEOIJJG-FDTZYFLXSA-N,4139,0.44951872307629764,0.2875,4.437214892265094,inside,26.838776588933897,inside,True
SR-ARE,BSHWLCACYCVCJE-UHFFFAOYSA-N,4139,0.412765543426673,0.3673469387755102,3.8681148115084727,inside,13.149526849411249,inside,True
SR-ARE,UDCIYVVYDCXLSX-UHFFFAOYSA-N,4139,0.4579613793144769,0.21428571428571427,3.397068082728755,inside,15.20227376796857,inside,True
SR-ARE,QIVBCDIJIAJPQS-SECBINFHSA-N,4139,0.33264356234604325,0.3023255813953488,2.344982158167338,inside,13.057356502732617,inside,True
SR-ARE,XJHRZBIBSSVCEL-ARJAWSKDSA-N,4139,0.5585974025974026,0.4666666666666667,2.552134555101125,inside,12.361843945517155,inside,False
SR-ARE,FDAYLTPAFBGXAB-UHFFFAOYSA-N,4139,0.3927272727272727,0.3333333333333333,2.7587038659346166,inside,10.088546464719165,inside,False
SR-ARE,NIHOUJYFWMURBG-UHFFFAOYSA-N,4139,0.39487378254820116,0.2564102564102564,3.231336744213197,inside,13.972406093828832,inside,True
SR-ARE,PXELHGDYRQLRQO-UHFFFAOYSA-N,4139,0.5127591706539075,0.3157894736842105,2.8365917119426722,inside,10.969751012279293,inside,True
SR-ARE,WXMVWUBWIHZLMQ-UHFFFAOYSA-N,4139,0.3233725490196079,0.32,2.0707286490642205,inside,13.24287992731009,inside,True
SR-ARE,NYPJDWWKZLNGGM-UHFFFAOYSA-N,4139,0.5104100678733031,0.4264705882352941,4.9205279414427565,inside,15.93686205078194,inside,True
SR-ARE,IVDRCZNHVGQBHZ-UHFFFAOYSA-N,4139,0.5146046874832857,0.4,2.536668477692178,inside,13.038955658342488,inside,True
SR-ARE,ZFHGXWPMULPQSE-WTKPLQERSA-N,4139,0.3672653217429337,0.2857142857142857,3.310371232048787,inside,14.543204311782846,inside,True
SR-ARE,DWFZBUWUXWZWKD-UHFFFAOYSA-N,4139,0.28645576433883246,0.2553191489361702,3.1772924889115424,inside,12.722618819255636,inside,True
SR-ARE,KGBXLFKZBHKPEV-UHFFFAOYSA-N,4139,0.14523809523809522,0.125,4.395593782890093,inside,9.99469978799214,inside,False
SR-ARE,FEWJPZIEWOKRBE-JCYAYHJZSA-N,4139,0.42531024531024525,0.3888888888888889,4.31723049193623,inside,8.963652692931168,inside,False
SR-ARE,AOJJSUZBOXZQNB-TZSSRYMLSA-N,4139,0.21946397158412906,0.20952380952380953,9.395746002078576,borderline,17.625736530453327,inside,True
SR-ARE,CUYKNJBYIJFRCU-UHFFFAOYSA-N,4139,0.3507769423558897,0.3142857142857143,2.892018575865781,inside,11.477464603678232,inside,True
SR-ARE,CFXQEHVMCRXUSD-UHFFFAOYSA-N,4139,0.45897435897435895,0.3333333333333333,3.442035887796816,inside,10.342146378771526,inside,False
SR-ARE,PCEAPJVBSINMNW-UHFFFAOYSA-N,4139,0.24100157089287527,0.21739130434782608,5.120155036431682,inside,11.887789667972402,inside,True
SR-ARE,VHLKTXFWDRXILV-UHFFFAOYSA-N,4139,0.36182336182336183,0.3333333333333333,2.1693912040343557,inside,14.252231999697296,inside,True
SR-ARE,AFCAKJKUYFLYFK-UHFFFAOYSA-N,4139,0.502262443438914,0.46153846153846156,4.448917381860637,inside,15.225358503081047,inside,False
SR-ARE,MJWPFSQVORELDX-UHFFFAOYSA-K,4139,0.27897435897435896,0.23076923076923078,5.397176190601083,inside,9.464447854614184,inside,False
SR-ARE,GSCCALZHGUWNJW-UHFFFAOYSA-N,4139,0.42857142857142855,0.3333333333333333,2.4937527842462033,inside,10.623144889648783,inside,True
SR-ARE,ORLGLBZRQYOWNA-UHFFFAOYSA-N,4139,0.3821978021978022,0.35714285714285715,2.6162999019793456,inside,10.344629945922009,inside,True
SR-ARE,JGOAIQNSOGZNBX-UHFFFAOYSA-N,4139,0.601087943428369,0.5111111111111111,2.566525715221285,inside,15.877930957813522,inside,True
SR-ARE,VPHPQNGOVQYUMG-UHFFFAOYSA-N,4139,0.32883019946599257,0.2542372881355932,2.7892627547722992,inside,21.25110248989468,inside,True
SR-ARE,JWMQOWBYKLZSPY-UHFFFAOYSA-N,4139,0.3340710932260228,0.25396825396825395,3.39995224421249,inside,20.210474962646522,inside,True
SR-ARE,GKGOLPMYJJXRGD-UHFFFAOYSA-N,4139,0.2805400000756038,0.2564102564102564,2.525089502024291,inside,9.521578360399692,inside,True
SR-ARE,QARBMVPHQWIHKH-UHFFFAOYSA-N,4139,0.3224132730015083,0.29411764705882354,3.6820160581547894,inside,8.337923691120697,inside,False
SR-ARE,FOUWCSDKDDHKQP-UHFFFAOYSA-N,4139,0.22308001087429014,0.18518518518518517,3.338734946931669,inside,15.031789731640261,inside,True
SR-ARE,ZOTBXTZVPHCKPN-HTXNQAPBSA-N,4139,0.3937927819083261,0.3404255319148936,2.4646532882011605,inside,19.106595390201342,inside,True
SR-ARE,XFRVVPUIAFSTFO-UHFFFAOYSA-N,4139,1.0,1.0,3.0210164203343908,inside,10.732680549767908,inside,False
SR-ARE,MZHULIWXRDLGRR-UHFFFAOYSA-N,4139,0.7071428571428572,0.6785714285714286,9.744429162220046,borderline,16.294747881492928,inside,False
SR-ARE,LOYDTBZMMPQJNI-UHFFFAOYSA-N,4139,0.22567259461924305,0.20588235294117646,2.078368437563623,inside,11.987121394369211,inside,True
SR-ARE,ROWKJAVDOGWPAT-UHFFFAOYSA-N,4139,0.4322222222222222,0.3888888888888889,3.340455324508941,inside,10.265834965440098,inside,False
SR-ARE,YTBNTDMBGXAOCG-UHFFFAOYSA-N,4139,0.38459930313588847,0.35714285714285715,1.2477959837521837,inside,11.320002499524195,inside,True
SR-ARE,CCCMONHAUSKTEQ-UHFFFAOYSA-N,4139,1.0,1.0,4.637774090624356,inside,14.43869302466509,inside,False
SR-ARE,CEQFOVLGLXCDCX-WUKNDPDISA-N,4139,0.38123678123678123,0.358974358974359,1.8004059811999769,inside,17.759629109491748,inside,True
SR-ARE,MSHZHSPISPJWHW-UVZSRJMISA-N,4139,0.1992693977817092,0.19318181818181818,3.5516254999086305,inside,14.327670377322827,inside,True
SR-ARE,BLGXFZZNTVWLAY-SCYLSFHTSA-N,4139,0.296699856363283,0.24793388429752067,3.7647729065304985,inside,16.77221497316525,inside,True
SR-ARE,WCXDHFDTOYPNIE-UHFFFAOYSA-N,4139,0.26864661654135336,0.21428571428571427,1.1103842220668978,inside,11.213377667053162,inside,True
SR-ARE,OLZQTUCTGLHFTQ-UHFFFAOYSA-N,4139,0.30366112092201875,0.29310344827586204,2.7660552225274584,inside,16.241396328101334,inside,True
SR-ARE,JQSHBVHOMNKWFT-UHFFFAOYSA-N,4139,0.21435375199624535,0.20408163265306123,2.170168398210016,inside,10.104911960354567,inside,True
SR-ARE,IODWHFFPQHUDAG-UHFFFAOYSA-N,4139,0.28595238095238096,0.25,1.8045719364002473,inside,11.933937723851702,inside,True
SR-ARE,OEQQFQXMCPMEIH-UHFFFAOYSA-N,4139,0.32103368176538905,0.3,1.9243133489935191,inside,13.785913970415164,inside,True
SR-ARE,GJGHBJCMOWRRSZ-UHFFFAOYSA-N,4139,0.3071428571428571,0.25,3.6283341392536705,inside,10.78094071458843,inside,False
SR-ARE,IMWZZHHPURKASS-UHFFFAOYSA-N,4139,0.29022591976790285,0.2826086956521739,0.8273576497689198,inside,11.817418685821668,inside,True
SR-ARE,GLZPCOQZEFWAFX-YFHOEESVSA-N,4139,0.486982350982351,0.42857142857142855,2.395484623249455,inside,11.679196146994524,inside,False
SR-ARE,JRBJSXQPQWSCCF-UHFFFAOYSA-N,4139,0.5278201058201059,0.4642857142857143,2.0133695769174764,inside,13.099917274217653,inside,True
SR-ARE,ULQISTXYYBZJSJ-UHFFFAOYSA-N,4139,0.7083333333333334,0.7083333333333334,4.103351107758393,inside,15.09627011160242,inside,False
SR-ARE,AVAACINZEOAHHE-VFZPANTDSA-N,4139,0.24198336485765556,0.2111111111111111,6.189451487839654,borderline,14.53170527474512,inside,True
SR-ARE,VOVUARRWDCVURC-UHFFFAOYSA-N,4139,0.14127832951362365,0.11764705882352941,4.117312166567283,inside,9.843046925508121,inside,True
SR-ARE,JNTOCHDNEULJHD-UHFFFAOYSA-N,4139,0.2716690988069371,0.25,4.283760520924489,inside,11.28529557306218,inside,True
SR-ARE,PKJBWOWQJHHAHG-UHFFFAOYSA-N,4139,0.4864035087719298,0.4,2.7308223019647935,inside,11.893303880817482,inside,True
SR-ARE,BYNBAMHAURJNTR-UHFFFAOYSA-N,4139,0.34076047750612193,0.28,1.8000160261983666,inside,20.15402248235381,inside,True
SR-ARE,CJPQIRJHIZUAQP-UHFFFAOYSA-N,4139,0.5068672341324132,0.4,2.4788873455518425,inside,12.692926830421078,inside,True
SR-ARE,QKDHBVNJCZBTMR-UHFFFAOYSA-N,4139,0.4395665694961469,0.35714285714285715,4.702525730606771,inside,14.689184786974364,inside,True
SR-ARE,IYYZUPMFVPLQIF-UHFFFAOYSA-N,4139,0.34035087719298246,0.3333333333333333,3.1881595526879956,inside,12.91730215209792,inside,True
SR-ARE,KLECYOQFQXJYBC-UHFFFAOYSA-N,4139,0.34044868175302956,0.3076923076923077,2.746095814054556,inside,11.438332877050279,inside,True
SR-ARE,MTZWHHIREPJPTG-UHFFFAOYSA-N,4139,0.3682072829131653,0.35294117647058826,2.9320001250533094,inside,9.841176981118421,inside,False
SR-ARE,SEPQTYODOKLVSB-UHFFFAOYSA-N,4139,0.33248621134776746,0.2916666666666667,3.497593612501983,inside,10.046809008240876,inside,False
SR-ARE,UAIUNKRWKOVEES-UHFFFAOYSA-N,4139,0.4253297274807572,0.4,2.2922727616358882,inside,10.211640625447272,inside,True
SR-ARE,IWVRVEIKCBFZNF-UHFFFAOYSA-N,4139,0.23916054154539562,0.21739130434782608,2.4095286876224096,inside,14.743259502000988,inside,True
SR-ARE,OMHBPUNFVFNHJK-UHFFFAOYSA-P,4139,0.3240290439632586,0.30612244897959184,6.2421478220135125,borderline,10.872414002628453,inside,True
SR-ARE,BWWVAEOLVKTZFQ-ISVUSNJMSA-N,4139,0.41235975993362384,0.390625,2.35068367788694,inside,12.066581687216424,inside,True
SR-ARE,ZUHZGEOKBKGPSW-UHFFFAOYSA-N,4139,0.6954545454545455,0.6875,3.1009600630128533,inside,9.364736075007286,inside,False
SR-ARE,FYPMFJGVHOHGLL-UHFFFAOYSA-N,4139,0.5316628352490422,0.4827586206896552,6.517355710510429,borderline,12.17272215991268,inside,True
SR-ARE,QZWKEPYTBWZJJA-UHFFFAOYSA-N,4139,0.33243537243537247,0.28205128205128205,2.55788890733302,inside,15.772353555229879,inside,True
SR-ARE,LELOWRISYMNNSU-UHFFFAOYSA-N,4139,0.31238095238095237,0.125,4.416231138419648,inside,12.327147758480976,inside,False
SR-ARE,RWCCWEUUXYIKHB-UHFFFAOYSA-N,4139,0.6061919504643962,0.5789473684210527,2.1401495627007443,inside,9.419595527684988,inside,True
SR-ARE,VHVPQPYKVGDNFY-ZPGVKDDISA-N,4139,0.4260428312989982,0.3764705882352941,11.49214834487636,outside,35.07986182317742,borderline,True
SR-ARE,XFYDIVBRZNQMJC-UHFFFAOYSA-N,4139,0.3386822695436459,0.22413793103448276,2.1714610831296506,inside,12.37181694689678,inside,True
SR-ARE,FQNKTJPBXAZUGC-UHFFFAOYSA-N,4139,0.4150284495021338,0.375,2.407695553942318,inside,11.405844738277457,inside,True
SR-ARE,DPVIABCMTHHTGB-UHFFFAOYSA-N,4139,0.3549342105263158,0.28125,2.368971750990159,inside,10.605109892535491,inside,True
SR-ARE,ZGZLRWJZGFRHHQ-UHFFFAOYSA-N,4139,0.2233756166314306,0.20930232558139536,2.5196429671008054,inside,10.603485353055701,inside,True
SR-ARE,BTTNYQZNBZNDOR-UHFFFAOYSA-N,4139,0.26458036984352773,0.23684210526315788,2.595929763945717,inside,10.768587806233006,inside,True
SR-ARE,YJINQJFQLQIYHX-PLNGDYQASA-N,4139,0.6354044176068647,0.5862068965517241,3.1916266912254394,inside,14.452945793901819,inside,False
SR-ARE,LQZZUXJYWNFBMV-UHFFFAOYSA-N,4139,1.0,1.0,2.85399495635499,inside,10.732680549767908,inside,False
SR-ARE,ZWJNEYVWPYIKMB-UHFFFAOYSA-N,4139,0.42188697281576537,0.40540540540540543,1.4193173891829012,inside,12.198270427896162,inside,True
SR-ARE,BHIIGRBMZRSDRI-UHFFFAOYSA-N,4139,0.4379469562695369,0.35714285714285715,1.8794410173745109,inside,9.963908496969346,inside,True
SR-ARE,LVLNPXCISNPHLE-UHFFFAOYSA-N,4139,0.45111111111111113,0.4074074074074074,1.5927135593076491,inside,10.009650099631884,inside,True
SR-ARE,PQRDTUFVDILINV-UHFFFAOYSA-N,4139,0.2288851018506191,0.20689655172413793,2.0414890334467253,inside,10.921810674813065,inside,True
SR-ARE,VBICKXHEKHSIBG-UHFFFAOYSA-N,4139,0.8435294117647059,0.6,5.064549814721328,inside,19.97323670287274,inside,False
SR-ARE,MQCPOLNSJCWPGT-UHFFFAOYSA-N,4139,0.5763585434173669,0.5294117647058824,1.5731803109202736,inside,10.381519942925767,inside,True
SR-ARE,HTVITOHKHWFJKO-UHFFFAOYSA-N,4139,0.5289017713365538,0.4074074074074074,1.630585430866076,inside,12.159831976294964,inside,True
SR-ARE,RBOXVHNMENFORY-KEMUOJQUSA-N,4139,0.3365895686922971,0.25,2.826811198949151,inside,16.75198272224911,inside,True
SR-ARE,DCUJJWWUNKIJPH-UHFFFAOYSA-N,4139,0.32284590787313105,0.3103448275862069,2.3352426005580953,inside,10.281348254379768,inside,True
SR-ARE,WERYXYBDKMZEQL-UHFFFAOYSA-N,4139,0.6147435897435898,0.5384615384615384,3.3725806911178733,inside,9.781845817522573,inside,False
SR-ARE,ZGGPNDKKJIWQJU-WDZFZDKYSA-N,4139,0.36382309582309585,0.2972972972972973,1.842031869061887,inside,10.664099240936965,inside,True
SR-ARE,DENFJSAFJTVPJR-UHFFFAOYSA-N,4139,0.47117392411510056,0.45454545454545453,2.563773053935477,inside,14.948696252364591,inside,False
SR-ARE,FGIWFCGDPUIBEZ-UHFFFAOYSA-N,4139,0.29583765120324645,0.2765957446808511,2.234833159640093,inside,11.991634170187954,inside,True
SR-ARE,OFOBLEOULBTSOW-UHFFFAOYSA-N,4139,0.4769230769230769,0.46153846153846156,3.3158679025177813,inside,9.444318790964259,inside,False
SR-ARE,KFUSANSHCADHNJ-UHFFFAOYSA-N,4139,0.5078267815899,0.45652173913043476,2.5641497609743524,inside,12.673107293207783,inside,True
SR-ARE,PVNIIMVLHYAWGP-UHFFFAOYSA-N,4139,0.493364953886693,0.43478260869565216,2.3452294998667336,inside,12.366876506199393,inside,True
SR-ARE,VKOUCJUTMGHNOR-UHFFFAOYSA-N,4139,0.43176239365060276,0.40540540540540543,2.2344768548962097,inside,12.179750642444006,inside,True
SR-ARE,XBHBWNFJWIASRO-UHFFFAOYSA-N,4139,0.3993564720634405,0.35064935064935066,4.272166004120976,inside,14.505968949247167,inside,True
SR-ARE,UJVLDDZCTMKXJK-WNHSNXHDSA-N,4139,0.37448023382242274,0.3333333333333333,3.703256161248414,inside,14.742306798164554,inside,True
SR-ARE,JZQKKSLKJUAGIC-UHFFFAOYSA-N,4139,0.4584959691423739,0.41509433962264153,2.0036316282404307,inside,19.75962469824043,inside,True
SR-ARE,HQABUPZFAYXKJW-UHFFFAOYSA-N,4139,0.6285714285714287,0.5,3.5347348187121272,inside,10.082063667624858,inside,False
SR-ARE,GBIHOLCMZGAKNG-CGAIIQECSA-N,4139,0.4715686274509804,0.3888888888888889,5.458464382756955,inside,16.765340186582605,inside,True
SR-ARE,IRSCQMHQWWYFCW-UHFFFAOYSA-N,4139,0.26003281664571987,0.25,4.749631944926922,inside,12.855786023680297,inside,True
SR-ARE,LTHJXDSHSVNJKG-UHFFFAOYSA-N,4139,0.7638923395445134,0.6071428571428571,3.9954281107021723,inside,13.332183120558794,inside,False
SR-ARE,UHWVSEOVJBQKBE-UHFFFAOYSA-N,4139,0.3623822061379878,0.28205128205128205,1.3425345401361894,inside,14.90981525537978,inside,True
SR-ARE,ODCNAEMHGMYADO-UHFFFAOYSA-N,4139,0.36009835194045714,0.3181818181818182,2.121958398892862,inside,11.935759712697857,inside,True
SR-ARE,PCWGTDULNUVNBN-UHFFFAOYSA-N,4139,0.4259132680185312,0.3888888888888889,3.070257797833234,inside,10.351605878846495,inside,False
SR-ARE,AWYOMXWDGWUJHS-UHFFFAOYSA-N,4139,0.3195679278704489,0.29411764705882354,2.1720636744367985,inside,15.799383746056112,inside,True
SR-ARE,NSOXQYCFHDMMGV-UHFFFAOYSA-N,4139,0.42689862895812547,0.3684210526315789,4.293322596184763,inside,10.578552985723874,inside,False
SR-ARE,XJKSTNDFUHDPQJ-UHFFFAOYSA-N,4139,0.44857142857142857,0.4,3.364825660045921,inside,13.4549891587501,inside,True
SR-ARE,HDOVUKNUBWVHOX-QMMMGPOBSA-N,4139,0.25737307577288004,0.22950819672131148,5.147694731089081,inside,13.148619857403757,inside,True
SR-ARE,DVFGEIYOLIFSRX-UHFFFAOYSA-N,4139,0.4910609243697479,0.45714285714285713,2.4096395468275,inside,13.641020797810999,inside,False
SR-ARE,CGSLYBDCEGBZCG-UHFFFAOYSA-N,4139,0.5134070294784581,0.4489795918367347,3.8261791834272483,inside,13.029983185430241,inside,True
SR-ARE,SGTNSNPWRIOYBX-UHFFFAOYSA-N,4139,0.3253413413025699,0.2727272727272727,5.484816587189843,inside,15.309597386093726,inside,True
SR-ARE,LAAVYEUJEMRIGF-UHFFFAOYSA-N,4139,0.29030126220528696,0.2631578947368421,3.5861694789959118,inside,9.10560285427438,inside,False
SR-ARE,IEUHWNLWVMLHHC-UHFFFAOYSA-N,4139,0.37096212264448225,0.34,1.1649014653264693,inside,12.278380827617829,inside,True
SR-ARE,NVGOPFQZYCNLDU-UHFFFAOYSA-N,4139,0.31790536948431686,0.3,1.6915747413247717,inside,12.320867623107604,inside,True
SR-ARE,NGCJVMZXRCLPRQ-UHFFFAOYSA-N,4139,0.3167391304347826,0.2916666666666667,2.8471505859716237,inside,14.08785858705023,inside,False
SR-ARE,WJGPNUBJBMCRQH-UHFFFAOYSA-N,4139,0.3131512165994924,0.2857142857142857,1.758967811230756,inside,11.912901523959473,inside,True
SR-ARE,AMYKXJAXRJCLCV-UHFFFAOYSA-N,4139,0.5127515479876161,0.46875,1.3091596089807813,inside,11.562104810915766,inside,True
SR-ARE,VJTXQHYNRDGLON-LTGZKZEYSA-N,4139,0.35016398160827744,0.21428571428571427,7.451744721575525,borderline,17.53746770147336,inside,True
SR-ARE,IZJRISIINLJVBU-UHFFFAOYSA-N,4139,0.5272946546741215,0.46511627906976744,1.4407752507080063,inside,12.33741586384468,inside,True
SR-ARE,MUXOBHXGJLMRAB-UHFFFAOYSA-N,4139,0.703766769865841,0.631578947368421,2.661442193764075,inside,14.541722512610448,inside,False
SR-ARE,YIROYDNZEPTFOL-UHFFFAOYSA-N,4139,0.34750000000000003,0.28125,2.7871332044716475,inside,12.643763238959446,inside,True
SR-ARE,WHTVZRBIWZFKQO-UHFFFAOYSA-N,4139,0.2903306049168602,0.25675675675675674,2.6898455405054182,inside,19.940587698116833,inside,True
SR-ARE,ICSNLGPSRYBMBD-UHFFFAOYSA-N,4139,0.3298739495798319,0.2916666666666667,2.892018575865781,inside,10.197613290937603,inside,True
SR-ARE,IUGDILGOLSSKNE-UHFFFAOYSA-N,4139,0.41128091969053066,0.391304347826087,2.1224542653169056,inside,14.445502633405015,inside,True
SR-ARE,JUJWROOIHBZHMG-UHFFFAOYSA-N,4139,0.3277777777777778,0.2222222222222222,3.4300384155997694,inside,9.654807940613875,inside,True
SR-ARE,JTPVHPYPNZIZKG-OWOJBTEDSA-N,4139,0.28327319586243016,0.27848101265822783,23.67609173612279,outside,14.107991494942544,inside,True
SR-ARE,JAYCNKDKIKZTAF-UHFFFAOYSA-N,4139,0.5390977443609023,0.47368421052631576,2.7966601986132473,inside,11.683267035249349,inside,True
SR-ARE,KHZRTXVUEZJYNE-UHFFFAOYSA-N,4139,0.3304962140256258,0.2909090909090909,4.111380572854647,inside,15.167718403194387,inside,True
SR-ARE,DJKGDNKYTKCJKD-UHFFFAOYSA-N,4139,0.31875,0.25,2.082566188590299,inside,13.575262335113674,inside,True
SR-ARE,RVEJOWGVUQQIIZ-UHFFFAOYSA-N,4139,0.3233725490196079,0.32,2.072457960870903,inside,13.24287992731009,inside,True
SR-ARE,MXLZUALXSYVAIV-UHFFFAOYSA-N,4139,0.22634811678615704,0.21428571428571427,2.4069391717258006,inside,14.746435618684215,inside,True
SR-ARE,NOCJXYPHIIZEHN-UHFFFAOYSA-N,4139,0.4566539625653026,0.4305555555555556,4.4114431948336446,inside,14.344086231795837,inside,True
SR-ARE,NGVDGCNFYWLIFO-UHFFFAOYSA-N,4139,0.24742129302231602,0.2153846153846154,2.664464629424947,inside,10.996114927610497,inside,True
SR-ARE,UXOXUHMFQZEAFR-UHFFFAOYSA-N,4139,0.40632411067193674,0.36363636363636365,2.7666809541442463,inside,14.266451033167707,inside,True
SR-ARE,HSTOKWSFWGCZMH-UHFFFAOYSA-N,4139,0.422463768115942,0.34782608695652173,4.350038731069338,inside,22.04299940485468,inside,True
SR-ARE,VCCBEIPGXKNHFW-UHFFFAOYSA-N,4139,0.5329055258467024,0.4666666666666667,1.7608129740641782,inside,22.97388686361982,inside,True
SR-ARE,QSRJVOOOWGXUDY-UHFFFAOYSA-N,4139,0.4454382332643202,0.35555555555555557,7.9232473625699225,borderline,16.919813315266207,inside,True
SR-ARE,XMAYWYJOQHXEEK-OZXSUGGESA-N,4139,0.31284092193348095,0.3055555555555556,6.619365772541271,borderline,36.438658649455235,outside,True
SR-ARE,VNFPBHJOKIVQEB-UHFFFAOYSA-N,4139,0.3183395343395343,0.2727272727272727,4.389215704021914,inside,16.784454175409746,inside,True
SR-ARE,MEZZCSHVIGVWFI-UHFFFAOYSA-N,4139,0.4423210432498358,0.4117647058823529,1.476101047786345,inside,11.594215243866818,inside,True
SR-ARE,YIYBRXKMQFDHSM-UHFFFAOYSA-N,4139,0.6035824915824916,0.5185185185185185,1.3971176657551236,inside,10.571589560367203,inside,True
SR-ARE,DXGLGDHPHMLXJC-UHFFFAOYSA-N,4139,0.3961995627111906,0.38461538461538464,1.1628283537674782,inside,11.313884272403012,inside,True
SR-ARE,ZXDDPOHVAMWLBH-UHFFFAOYSA-N,4139,0.44631336405529953,0.3870967741935484,1.4247669099441478,inside,14.016657602345571,inside,True
SR-ARE,PPDBOQMNKNNODG-UHFFFAOYSA-N,4139,0.36304086515121503,0.3472222222222222,2.2840590902605795,inside,23.66387619012465,inside,True
SR-ARE,VOOYTQRREPYRIW-UHFFFAOYSA-N,4139,0.304911379235971,0.2978723404255319,1.2465700474126813,inside,10.640982278002342,inside,True
SR-ARE,LXOFYPKXCSULTL-UHFFFAOYSA-N,4139,0.3730934854619065,0.3,2.3548077812761172,inside,13.190838462238103,inside,False
SR-ARE,WTARULDDTDQWMU-UHFFFAOYSA-N,4139,0.2904400019073504,0.24242424242424243,3.1914570460149103,inside,15.135424570903448,inside,True
SR-ARE,HPJKCIUCZWXJDR-UHFFFAOYSA-N,4139,0.3323707664884135,0.3,2.8971354268630236,inside,12.416432246818163,inside,True
SR-ARE,SYTBZMRGLBWNTM-UHFFFAOYSA-N,4139,0.37491727913478756,0.32653061224489793,1.672429997603708,inside,9.825254944725154,inside,True
SR-ARE,MSWZFWKMSRAUBD-IVMDWMLBSA-N,4139,0.36877419354838714,0.3548387096774194,5.062190914542855,inside,12.823565107707594,inside,True
SR-ARE,CCEYVAPCYYFRMO-UHFFFAOYSA-N,4139,0.3237941006362059,0.2857142857142857,5.4650856175986124,inside,15.415279828682973,inside,True
SR-ARE,OJMMVQQUTAEWLP-KIDUDLJLSA-N,4139,0.19264999178623515,0.18309859154929578,5.309250951789419,inside,16.566051140477274,inside,True
SR-ARE,XXSMGPRMXLTPCZ-UHFFFAOYSA-N,4139,0.28504005135941346,0.2564102564102564,2.8307249344361747,inside,19.454758629078622,inside,True
SR-ARE,USMNOWBWPHYOEA-MRTMQBJTSA-N,4139,0.2634054834054834,0.23333333333333334,2.4913754717984693,inside,14.062584862753285,inside,True
SR-ARE,IKBKZGMPCYNSLU-RGVLZGJSSA-N,4139,0.24456540777230434,0.2361111111111111,3.2831872192610145,inside,14.54234858324752,inside,True
SR-ARE,BBXXLROWFHWFQY-UHFFFAOYSA-N,4139,0.3333655083655084,0.30952380952380953,1.0391268432890297,inside,15.414571118153178,inside,True
SR-ARE,OHJYHAOODFPJOD-UHFFFAOYSA-N,4139,0.5313852813852813,0.5,2.3626756348919282,inside,13.769117460990948,inside,False
SR-ARE,IZRPKIZLIFYYKR-UHFFFAOYSA-N,4139,0.3667554582116534,0.3541666666666667,2.059202815966917,inside,11.747315323278377,inside,True
SR-ARE,IBYHHJPAARCAIE-UHFFFAOYSA-N,4139,0.46930846930846926,0.36363636363636365,3.7955604129954748,inside,9.48045038122579,inside,False
SR-ARE,ZDPHROOEEOARMN-UHFFFAOYSA-N,4139,1.0,1.0,2.460612176818516,inside,13.07779929825676,inside,False
SR-ARE,CTQMJYWDVABFRZ-UHFFFAOYSA-N,4139,0.3208333333333333,0.3125,1.9280395239666215,inside,14.124162841681759,inside,True
SR-ARE,DUEPRVBVGDRKAG-UHFFFAOYSA-N,4139,0.43809111523397243,0.3469387755102041,0.9228700232170783,inside,13.108944035518498,inside,True
SR-ARE,NEBPTMCRLHKPOB-UHFFFAOYSA-N,4139,0.3833636363636364,0.36,2.0572410444977374,inside,10.677651284997445,inside,True
SR-ARE,MDWVSAYEQPLWMX-UHFFFAOYSA-N,4139,0.6046296296296296,0.5185185185185185,4.940163825280585,inside,17.243350227194114,inside,True
SR-ARE,NUHPODZZKHQQET-UHFFFAOYSA-N,4139,0.26407676436360644,0.18666666666666668,2.681554474517473,inside,14.02043915981337,inside,True
SR-ARE,FFSSWMQPCJRCRV-UHFFFAOYSA-N,4139,0.3934572581631405,0.35135135135135137,1.5305291590142494,inside,11.811330998507085,inside,True
SR-ARE,FSSPGSAQUIYDCN-UHFFFAOYSA-N,4139,0.2831698644604823,0.23076923076923078,3.1187982850661573,inside,10.269832064846568,inside,True
SR-ARE,MMXKVMNBHPAILY-UHFFFAOYSA-N,4139,0.9904761904761905,0.9523809523809523,2.9148615434951237,inside,16.945239432028533,inside,False
SR-ARE,YMBFWRZKTZICHS-UHFFFAOYSA-N,4139,0.23457556935817805,0.21739130434782608,2.785504190513655,inside,9.66394557662915,inside,True
SR-ARE,IVQOFBKHQCTVQV-UHFFFAOYSA-N,4139,0.479424842187336,0.45454545454545453,2.432050225946184,inside,15.873486880535069,inside,True
SR-ARE,WZPBZJONDBGPKJ-FSPLSTOPSA-N,4139,0.21466418179199076,0.2,6.913901379667129,borderline,14.244909054400553,inside,True
SR-ARE,VEORPZCZECFIRK-UHFFFAOYSA-N,4139,0.3819102353585112,0.3103448275862069,3.9252912511562403,inside,13.514316848355968,inside,True
SR-ARE,QXSZNDIIPUOQMB-UHFFFAOYSA-N,4139,0.35454545454545455,0.25,3.3781971024312374,inside,11.503197668437444,inside,False
SR-ARE,BDERNNFJNOPAEC-UHFFFAOYSA-N,4139,0.5354700854700856,0.5,3.8593580064655697,inside,9.990707152185946,inside,False
SR-ARE,YBRVSVVVWCFQMG-UHFFFAOYSA-N,4139,0.4905769859431187,0.42105263157894735,2.0991988494214073,inside,12.49480384077516,inside,True
SR-ARE,DRLFMBDRBRZALE-UHFFFAOYSA-N,4139,0.3456889794096662,0.3111111111111111,1.3605634490609682,inside,11.662646679848926,inside,True
SR-ARE,RXNYJUSEXLAVNQ-UHFFFAOYSA-N,4139,0.5496379745349996,0.46153846153846156,1.4032803272081802,inside,14.219638488624643,inside,True
SR-ARE,YTAOBBFIOAEMLL-REQDGWNSSA-N,4139,0.2639046197395863,0.24285714285714285,3.0299960243477106,inside,21.019451756409985,inside,True
SR-ARE,IZMJMCDDWKSTTK-UHFFFAOYSA-N,4139,0.3326877289377289,0.28125,3.179279398422997,inside,10.848524605096852,inside,True
SR-ARE,CZSSKBQAJULWPY-UHFFFAOYSA-N,4139,0.5083478260869565,0.5,2.902573381613955,inside,12.891440269662565,inside,False
SR-ARE,OYHQOLUKZRVURQ-HZJYTTRNSA-N,4139,0.7837312113174182,0.6666666666666666,3.7603404903880446,inside,16.417697157798383,inside,False
SR-ARE,PYZSVQVRHDXQSL-UHFFFAOYSA-N,4139,0.2984001343484102,0.2727272727272727,2.9897906710169995,inside,12.78178851868326,inside,True
SR-ARE,SMUQFGGVLNAIOZ-UHFFFAOYSA-N,4139,0.33295580529802127,0.3181818181818182,2.5660391778470495,inside,10.76175333836009,inside,True
SR-ARE,GNHMRTZZNHZDDM-UHFFFAOYSA-N,4139,0.42257309941520466,0.3684210526315789,3.5250004631562897,inside,11.47400816151162,inside,False
SR-ARE,GRJRKPMIRMSBNK-UHFFFAOYSA-N,4139,0.5886331344131855,0.4117647058823529,3.9569742728455606,inside,12.713086295543414,inside,False
SR-ARE,XQLWNAFCTODIRK-UHFFFAOYSA-N,4139,0.33899367186294177,0.3064516129032258,6.114269374669679,borderline,16.0282540335018,inside,True
SR-ARE,QUCQEUCGKKTEBI-UHFFFAOYSA-N,4139,0.3871425898759133,0.2608695652173913,3.8436636149921446,inside,29.889239355518647,borderline,True
SR-ARE,FTALBRSUTCGOEG-UHFFFAOYSA-N,4139,0.24933771486349848,0.225,1.503680223738098,inside,13.332521267138974,inside,True
SR-ARE,BXZVVICBKDXVGW-NKWVEPMBSA-N,4139,0.42630125365804944,0.3333333333333333,2.7482264061077633,inside,13.486923994127691,inside,True
SR-ARE,SHOKWSLXDAIZPP-UHFFFAOYSA-N,4139,0.3058275978525429,0.27586206896551724,4.735537834626506,inside,11.938298764130705,inside,True
SR-ARE,GFWVDQCGGDBTBS-UHFFFAOYSA-N,4139,0.45522719843085974,0.35714285714285715,2.615545630731406,inside,13.603003595681118,inside,False
SR-ARE,SMHPLBXIVNQFBA-UHFFFAOYSA-N,4139,0.41985500900111905,0.4,1.836684275044605,inside,11.856026574026872,inside,True
SR-ARE,OQHHSGRZCKGLCY-UHFFFAOYSA-N,4139,0.4278856058552454,0.4,1.8422337366591417,inside,11.77298772732667,inside,True
SR-ARE,GHASVSINZRGABV-UHFFFAOYSA-N,4139,0.21785751623479815,0.20512820512820512,2.7473373998665833,inside,10.425992467328818,inside,True
SR-ARE,MUDSDYNRBDKLGK-UHFFFAOYSA-N,4139,0.33609631786977323,0.2894736842105263,2.5722625850718357,inside,11.21808245196903,inside,True
SR-ARE,ZCHHRLHTBGRGOT-SNAWJCMRSA-N,4139,0.46115565593826463,0.36363636363636365,3.0286384937042383,inside,11.77854417802139,inside,False
SR-ARE,WSGDRFHJFJRSFY-UHFFFAOYSA-N,4139,0.3058784893267652,0.26666666666666666,2.143628690739298,inside,9.989578203360121,inside,True
SR-ARE,SHZKQBHERIJWAO-AATRIKPKSA-N,4139,0.32240991697536514,0.2857142857142857,1.1908385863677267,inside,18.025965353191896,inside,True
SR-ARE,WVYADZUPLLSGPU-UHFFFAOYSA-N,4139,0.5435714285714286,0.4857142857142857,1.7831281261435403,inside,12.581800357737913,inside,True
SR-ARE,GIIZNNXWQWCKIB-UHFFFAOYSA-N,4139,0.32338575638453165,0.2830188679245283,5.575684531741877,inside,16.133176416182646,inside,True
SR-ARE,CBEQULMOCCWAQT-WOJGMQOQSA-N,4139,0.3026536426536427,0.26666666666666666,2.4901678418395163,inside,12.596311780103063,inside,True
SR-ARE,XWVOEFLBOSSYGM-UHFFFAOYSA-N,4139,0.5596018252262145,0.37254901960784315,1.7371954700356584,inside,11.539441724801332,inside,True
SR-ARE,DPZSNGJNFHWQDC-ARJAWSKDSA-N,4139,0.28284829721362226,0.23529411764705882,3.9606481225132257,inside,9.997917111612752,inside,False
SR-ARE,HLNLBEFKHHCAMV-UHFFFAOYSA-N,4139,0.43908898421602593,0.42424242424242425,1.5707415001772809,inside,11.951782637554514,inside,True
SR-ARE,ALZOLUNSQWINIR-UHFFFAOYSA-N,4139,0.3780480480480481,0.3333333333333333,1.4702151731496569,inside,10.688877889001411,inside,True
SR-ARE,YLDDCEXDGNXCIO-UHFFFAOYSA-N,4139,0.3084338280766852,0.2708333333333333,1.3824349275469305,inside,11.917110553768005,inside,True
SR-ARE,BSPCSKHALVHRSR-UHFFFAOYSA-N,4139,0.4523351648351648,0.42857142857142855,3.7934797316753572,inside,9.738291962641895,inside,False
SR-ARE,QRXWMOHMRWLFEY-UHFFFAOYSA-N,4139,0.45943463943463947,0.36363636363636365,2.5641497609743524,inside,10.922832958829405,inside,True
SR-ARE,TWBYWOBDOCUKOW-UHFFFAOYSA-N,4139,0.5235265700483092,0.4782608695652174,2.3452294998667336,inside,11.37043528941901,inside,True
SR-ARE,VFQXVTODMYMSMJ-UHFFFAOYSA-N,4139,0.45391492565405606,0.38095238095238093,2.4511322524904315,inside,10.67849476253097,inside,True
SR-ARE,SERLAGPUMNYUCK-DCUALPFSSA-N,4139,0.33884407484407486,0.2972972972972973,9.064649833371572,borderline,17.441462719962335,inside,True
SR-ARE,YMTYZTXUZLQUSF-UHFFFAOYSA-N,4139,0.5095238095238095,0.4642857142857143,1.8560158124322745,inside,13.645309338108754,inside,True
SR-ARE,HCNHNBLSNVSJTJ-UHFFFAOYSA-N,4139,0.5287744724129163,0.4444444444444444,1.5776664821534734,inside,10.095637519148067,inside,True
SR-ARE,YKEXNVPSARYZDR-UHFFFAOYSA-N,4139,0.42215989578689805,0.375,1.3446847652889258,inside,13.491169100573918,inside,True
SR-ARE,AEOCXXJPGCBFJA-UHFFFAOYSA-N,4139,0.24877869760825697,0.23255813953488372,1.6404174578391861,inside,9.733049877513256,inside,True
SR-ARE,NPUKDXXFDDZOKR-UHFFFAOYSA-N,4139,0.4040575566990661,0.37735849056603776,1.4783474388608313,inside,14.696958453876364,inside,True
SR-ARE,HOVAGTYPODGVJG-ZFYZTMLRSA-N,4139,0.4041408917509147,0.35294117647058826,3.9823804378388012,inside,14.291985065110081,inside,True
SR-ARE,KMTRUDSVKNLOMY-UHFFFAOYSA-N,4139,0.36122807017543856,0.3333333333333333,3.3806626527289274,inside,9.567549678665895,inside,True
SR-ARE,LVHBHZANLOWSRM-UHFFFAOYSA-N,4139,0.33381180223285484,0.3157894736842105,2.904434815222481,inside,9.990160685692228,inside,False
SR-ARE,JOOXCMJARBKPKM-UHFFFAOYSA-N,4139,0.5666666666666667,0.47619047619047616,2.763910450851708,inside,14.145029090502812,inside,False
SR-ARE,SHNUBALDGXWUJI-UHFFFAOYSA-N,4139,0.37005479818230425,0.3103448275862069,2.595709534880437,inside,11.16717361607606,inside,True
SR-ARE,QJQORSLQNXDVGE-UHFFFAOYSA-N,4139,0.2891734544695071,0.23809523809523808,3.1952475960025315,inside,16.416483918728357,inside,True
SR-ARE,ITQTTZVARXURQS-UHFFFAOYSA-N,4139,0.36757236227824464,0.34285714285714286,3.1592380761746903,inside,12.581106062118927,inside,True
SR-ARE,FKNQCJSGGFJEIZ-UHFFFAOYSA-N,4139,0.4322276278932626,0.3684210526315789,3.1592380761746903,inside,13.309077654671574,inside,True
SR-ARE,VLCDUOXHFNUCKK-UHFFFAOYSA-N,4139,0.37675070028011204,0.2857142857142857,3.4109761265398553,inside,10.781946923829757,inside,False
SR-ARE,KBSPJIWZDWBDGM-UHFFFAOYSA-N,4139,0.48859493033406076,0.3783783783783784,4.181570777003701,inside,12.655564038243925,inside,True
SR-ARE,KDYVCOSVYOSHOL-UHFFFAOYSA-N,4139,0.3392922131631809,0.3,2.5660391778470495,inside,13.115740114428942,inside,True
SR-ARE,ZFRKQXVRDFCRJG-UHFFFAOYSA-N,4139,0.33849721706864566,0.30303030303030304,2.6601100395751316,inside,13.009764408313407,inside,True
SR-ARE,DMJNNHOOLUXYBV-PQTSNVLCSA-N,4139,0.21980151189332356,0.1839080459770115,4.071506471717127,inside,17.742145427499768,inside,True
SR-ARE,DJACTCNGCHPGOI-UHFFFAOYSA-N,4139,0.5855135924101441,0.5714285714285714,2.3952119980158706,inside,13.352581670358644,inside,False
SR-ARE,GPHQHTOMRSGBNZ-UHFFFAOYSA-N,4139,0.44784688995215316,0.4090909090909091,2.8156324179277634,inside,12.479382364953633,inside,True
SR-ARE,JWUXJYZVKZKLTJ-UHFFFAOYSA-N,4139,0.32277432712215315,0.30434782608695654,2.158827806505515,inside,10.469458372322542,inside,True
SR-ARE,FEWJPZIEWOKRBE-UHFFFAOYSA-N,4139,0.39626984126984127,0.375,4.31723049193623,inside,9.272842427398178,inside,False
SR-ARE,RIGBPMDIGYBTBJ-UHFFFAOYSA-N,4139,0.6122829131652662,0.4411764705882353,1.577040234412634,inside,15.497642426175128,inside,True
SR-ARE,FCBQJNCAKZSIAH-UHFFFAOYSA-N,4139,0.3061202147234163,0.2676056338028169,4.253617431390321,inside,14.076718221502485,inside,True
SR-ARE,DNTSIBUQMRRYIU-UHFFFAOYSA-N,4139,0.44053066068977936,0.40476190476190477,1.689948849138049,inside,13.64239522404714,inside,True
SR-ARE,TURHTASYUMWZCC-UHFFFAOYSA-N,4139,0.31437546306579356,0.2807017543859649,2.6254429034575373,inside,11.05011238213331,inside,True
SR-ARE,JYFHYPJRHGVZDY-UHFFFAOYSA-N,4139,0.45581198968295744,0.39285714285714285,2.1299468525841196,inside,10.32254910007108,inside,False
SR-ARE,DVECBJCOGJRVPX-UHFFFAOYSA-N,4139,0.4747368421052632,0.45,3.2952625846912924,inside,9.62339848598363,inside,False
SR-ARE,XHIUFYZDQBSEMF-UHFFFAOYSA-N,4139,0.5183203270159792,0.4444444444444444,2.681961207086635,inside,12.7433715144146,inside,False
SR-ARE,CZZYITDELCSZES-UHFFFAOYSA-N,4139,0.5435294117647058,0.5294117647058824,2.680925115987608,inside,9.993054753260346,inside,True
SR-ARE,NWWORXYTJRPSMC-QKPAOTATSA-N,4139,0.4066543670099619,0.38,4.498893566831603,inside,15.028316314578381,inside,True
SR-ARE,VLJIVLGVKMTBOD-UHFFFAOYSA-N,4139,0.3697061556329849,0.2682926829268293,2.337060017930949,inside,12.227061620800791,inside,True
SR-ARE,HVLLSGMXQDNUAL-UHFFFAOYSA-N,4139,0.38792023537103626,0.36,3.192036427784958,inside,9.819032133870857,inside,True
SR-ARE,DKYWVDODHFEZIM-UHFFFAOYSA-N,4139,0.4164787800988058,0.39473684210526316,1.4265771614400997,inside,10.571287819718888,inside,True
SR-ARE,GZPHSAQLYPIAIN-UHFFFAOYSA-N,4139,0.39651424287856074,0.3333333333333333,2.8156324179277634,inside,14.180336202880973,inside,True
SR-ARE,YXIWHUQXZSMYRE-UHFFFAOYSA-N,4139,0.3792600732600732,0.28,2.363273199293226,inside,19.58912967812509,inside,True
SR-ARE,QPSVFNQMURAADJ-UHFFFAOYSA-N,4139,0.31642419798026206,0.2826086956521739,2.979520125836127,inside,12.978392564326436,inside,True
SR-ARE,JTHMVYBOQLDDIY-UHFFFAOYSA-N,4139,0.3693198106241585,0.3269230769230769,5.2575926304685945,inside,15.218937499107,inside,True
SR-ARE,MIZGSAALSYARKU-UHFFFAOYSA-N,4139,0.252300417746642,0.2391304347826087,2.2629631592733372,inside,11.984122590520233,inside,True
SR-ARE,VQHSOMBJVWLPSR-JVCRWLNRSA-N,4139,0.32567608449755675,0.2777777777777778,9.066937824666159,borderline,15.102806692904164,inside,True
SR-ARE,QCDFBFJGMNKBDO-UHFFFAOYSA-N,4139,0.2824548001018589,0.2647058823529412,1.8542670883698245,inside,16.974505080148962,inside,True
SR-ARE,ZSJLQEPLLKMAKR-GKHCUFPYSA-N,4139,0.2854572921686644,0.2711864406779661,5.379479415503773,inside,14.241831518319406,inside,True
SR-ARE,RINCXYDBBGOEEQ-UHFFFAOYSA-N,4139,0.36730739893211284,0.3333333333333333,3.202335223889492,inside,9.938427790518046,inside,True
SR-ARE,HNSDLXPSAYFUHK-UHFFFAOYSA-N,4139,0.5846356275303644,0.575,5.344914642970494,inside,18.0689926632772,inside,False
SR-ARE,YHXISWVBGDMDLQ-UHFFFAOYSA-N,4139,0.4586480186480187,0.3409090909090909,1.1012431701239518,inside,14.242125565373472,inside,True
SR-ARE,RQXCLMGKHJWMOA-UHFFFAOYSA-N,4139,0.5631997388576335,0.3392857142857143,2.367844312786925,inside,13.686093088229232,inside,True
SR-ARE,CSCPPACGZOOCGX-UHFFFAOYSA-N,4139,0.48863636363636365,0.45454545454545453,3.943650277118595,inside,9.20078796051619,inside,False
SR-ARE,YGJHZCLPZAZIHH-UHFFFAOYSA-N,4139,0.5655772831287706,0.45,2.4860610108710937,inside,11.603465505494059,inside,False
SR-ARE,HWYHZTIRURJOHG-UHFFFAOYSA-N,4139,0.31066684738411493,0.2903225806451613,2.939518508692685,inside,13.454497380776338,inside,True
SR-ARE,ZXEKIIBDNHEJCQ-UHFFFAOYSA-N,4139,0.44333333333333336,0.4,3.590483864374162,inside,10.15399712224363,inside,False
SR-ARE,DMLAVOWQYNRWNQ-UHFFFAOYSA-N,4139,0.4788877788877789,0.4090909090909091,2.059828394027756,inside,14.408425115093609,inside,True
SR-ARE,WTARULDDTDQWMU-IUCAKERBSA-N,4139,0.27653700189753316,0.23529411764705882,3.1914570460149103,inside,12.560002715412073,inside,True
SR-ARE,HZLCGUXUOFWCCN-UHFFFAOYSA-N,4139,0.38235294117647056,0.38235294117647056,6.430720930696409,borderline,11.857925218210347,inside,False
SR-ARE,LJHFIVQEAFAURQ-UHFFFAOYSA-N,4139,0.2541446788505612,0.2,3.4134427534399916,inside,9.996534915242895,inside,False
SR-ARE,JMBYBVLCYODBJQ-HFMPRLQTSA-N,4139,0.21327705386937867,0.20689655172413793,4.359228718733188,inside,13.215184182225448,inside,True
SR-ARE,DCLKMMFVIGOXQN-UHFFFAOYSA-N,4139,0.3233725490196079,0.32,4.1932801059793965,inside,13.24287992731009,inside,True
SR-ARE,RIZMRRKBZQXFOY-UHFFFAOYSA-N,4139,0.550038317962231,0.45454545454545453,4.217151034183593,inside,12.178841537069506,inside,False
SR-ARE,WCGGWVOVFQNRRS-UHFFFAOYSA-N,4139,0.4126057791537668,0.35294117647058826,3.1617224560998376,inside,9.373824458932145,inside,False
SR-ARE,FRIZVHMAECRUBR-UHFFFAOYSA-N,4139,0.3004081104081104,0.2909090909090909,2.998188766473706,inside,14.688386587832937,inside,True
SR-ARE,ZAIDIVBQUMFXEC-UHFFFAOYSA-N,4139,0.31868131868131866,0.2727272727272727,3.755537735358715,inside,9.92981984734024,inside,False
SR-ARE,VYQNWZOUAUKGHI-UHFFFAOYSA-N,4139,0.45507190635451505,0.4230769230769231,1.530919905421461,inside,19.610619889007022,inside,True
SR-ARE,PBCZLFBEBARBBI-UHFFFAOYSA-N,4139,0.5490252929924613,0.46511627906976744,2.1489027274059884,inside,12.134320108748792,inside,True
SR-ARE,IAKOZHOLGAGEJT-UHFFFAOYSA-N,4139,0.41966829466829464,0.375,2.670684759195396,inside,11.738957669986373,inside,True
SR-ARE,ABWLRVJYVVQTGQ-BJMVGYQFSA-N,4139,0.340701059946343,0.28205128205128205,1.9004398667516333,inside,14.594081142351616,inside,True
SR-ARE,QPNFUBAIQZJEPO-UHFFFAOYSA-N,4139,0.38609896536212324,0.358974358974359,3.7087807563437707,inside,10.586911543637651,inside,True
SR-ARE,VQKLRVZQQYVIJW-UHFFFAOYSA-N,4139,0.31466908047344316,0.28125,3.868201974505999,inside,13.554391211430282,inside,True
SR-ARE,FHFZEKYDSVTYLL-UHFFFAOYSA-N,4139,0.3613425334355567,0.3488372093023256,1.4382931226729827,inside,15.280250317968475,inside,True
SR-ARE,WVPSKSLAZQPAKQ-CDMJZVDBSA-N,4139,0.39866540068365747,0.3026315789473684,5.273489652068932,inside,22.937594550827296,inside,True
SR-ARE,SOGAXMICEFXMKE-UHFFFAOYSA-N,4139,0.8285217391304348,0.782608695652174,2.4731565890086045,inside,13.156627984323183,inside,False
SR-ARE,CSDTZUBPSYWZDX-UHFFFAOYSA-N,4139,0.513563909774436,0.42857142857142855,2.770041739250711,inside,11.95313142489379,inside,False
SR-ARE,DBOSBRHMHBENLP-UHFFFAOYSA-N,4139,0.45611314872547215,0.425,1.7362001701085386,inside,13.079952907760124,inside,True
SR-ARE,KGYNGVVNFRUOOZ-UHFFFAOYSA-N,4139,0.40536679536679543,0.4,1.5946924264190108,inside,12.17244745258773,inside,True
SR-ARE,DCQBZYNUSLHVJC-UHFFFAOYSA-N,4139,0.5556159420289856,0.4375,2.6469212385933103,inside,13.30345176683799,inside,False
SR-ARE,SBPBAQFWLVIOKP-UHFFFAOYSA-N,4139,0.40486878762345047,0.35185185185185186,2.166631128018816,inside,13.057533585636875,inside,True
SR-ARE,ISBHMJZRKAFTGE-UHFFFAOYSA-N,4139,0.29870691220805634,0.2608695652173913,3.4056994808030234,inside,11.639284369018393,inside,False
SR-ARE,UVKXJAUUKPDDNW-UHFFFAOYSA-N,4139,0.2753641679957469,0.2631578947368421,3.3986298066974143,inside,12.024493249638523,inside,False
SR-ARE,HUBANNPOLNYSAD-UHFFFAOYSA-N,4139,0.4029064039408867,0.3793103448275862,1.6544336273986788,inside,10.867253982120744,inside,True
SR-ARE,KEQGZUUPPQEDPF-UHFFFAOYSA-N,4139,0.2562208419599724,0.2222222222222222,2.1344986809920603,inside,12.388626679815127,inside,True
SR-ARE,MSWZFWKMSRAUBD-GASJEMHNSA-N,4139,0.34329545454545457,0.2727272727272727,5.062190914542855,inside,12.565490792514945,inside,True
SR-ARE,JPQHLIYIQARLQM-UHFFFAOYSA-N,4139,0.890909090909091,0.8333333333333334,2.421620667077287,inside,14.599079681689963,inside,False
SR-ARE,LHBHZALHFIQJGJ-CABCVRRESA-N,4139,0.30665952316727874,0.28205128205128205,2.1929999548771955,inside,12.995553600490627,inside,True
SR-ARE,UVSDNCAZVSQJQA-UHFFFAOYSA-N,4139,0.351765873015873,0.3333333333333333,1.6359110488235402,inside,12.257366038337349,inside,True
SR-ARE,WCJFBSYALHQBSK-UHFFFAOYSA-N,4139,0.3811668524712003,0.35555555555555557,2.4703185433373913,inside,13.12527550334871,inside,True
SR-ARE,BAQKJENAVQLANS-UHFFFAOYSA-N,4139,0.3777061356722374,0.3333333333333333,3.491915113470023,inside,15.962095859042414,inside,True
SR-ARE,VGZSUPCWNCWDAN-UHFFFAOYSA-N,4139,0.5012347311806078,0.3877551020408163,2.176094376368337,inside,17.932899427551593,inside,True
SR-ARE,DLFVBJFMPXGRIB-UHFFFAOYSA-N,4139,0.46025641025641023,0.38461538461538464,3.8847591227216696,inside,10.023074510978718,inside,False
SR-ARE,QUXLCYFNVNNRBE-UHFFFAOYSA-N,4139,0.36421404682274244,0.34615384615384615,2.616299901979346,inside,11.487812599187228,inside,True
SR-ARE,PRLVTUNWOQKEAI-UHFFFAOYSA-N,4139,0.25879144385026737,0.25,2.050121973279208,inside,11.4716945621193,inside,True
SR-ARE,SEOVTRFCIGRIMH-UHFFFAOYSA-N,4139,0.3742552972096726,0.3333333333333333,1.7824614061510295,inside,11.293569192826093,inside,True
SR-ARE,SIKJAQJRHWYJAI-UHFFFAOYSA-N,4139,0.3046777715038585,0.28,2.8487247561488807,inside,11.05516541066853,inside,True
SR-ARE,RRZXIRBKKLTSOM-VRFQAOMKSA-N,4139,0.18436950642325894,0.16470588235294117,13.526876438990154,outside,27.779152665884606,borderline,True
SR-ARE,YNBADRVTZLEFNH-UHFFFAOYSA-N,4139,0.5459813043991544,0.5,2.244682843579056,inside,16.278374541046198,inside,True
SR-ARE,UFULAYFCSOUIOV-UHFFFAOYSA-N,4139,0.32866479925303455,0.2857142857142857,3.7453418316912526,inside,9.440301861145803,inside,False
SR-ARE,WQZGKKKJIJFFOK-GASJEMHNSA-N,4139,0.43217998217998216,0.39285714285714285,4.79355740463068,inside,13.070437161361703,inside,True
SR-ARE,FIQOFIRCTOWDOW-BJLQDIEVSA-N,4139,0.3598917065156413,0.3409090909090909,5.204203546788864,inside,17.68224425660839,inside,True
SR-ARE,DIZKGJLRHOCMTP-UHFFFAOYSA-N,4139,0.43018433179723503,0.41935483870967744,1.4923183946848033,inside,9.873078859794095,inside,True
SR-ARE,LUBGFMZTGFXIIN-UHFFFAOYSA-N,4139,0.38083129511700936,0.36363636363636365,2.072991464474862,inside,13.882260416501488,inside,True
SR-ARE,YALMGFWDBZZMMB-UHFFFAOYSA-N,4139,0.4628530020703933,0.3333333333333333,2.2092054326565917,inside,14.278315279194999,inside,False
SR-ARE,SMWDFEZZVXVKRB-UHFFFAOYSA-N,4139,0.31263915953571125,0.3,2.7436642142426453,inside,11.470235643158349,inside,True
SR-ARE,GNOIPBMMFNIUFM-UHFFFAOYSA-N,4139,0.2612121212121212,0.25,2.9667907561192,inside,9.69940155109286,inside,False
SR-ARE,RVWOWEQKPMPWMQ-UHFFFAOYSA-N,4139,0.6887334887334887,0.6060606060606061,4.1284932130274,inside,20.329989302625368,inside,False
SR-ARE,UOJYYXATTMQQNA-UHFFFAOYSA-N,4139,0.3356258234519104,0.2857142857142857,2.9429513574069293,inside,12.572159086900324,inside,False
SR-ARE,ICMWWNHDUZJFDW-DHODBPELSA-N,4139,0.32589345534452024,0.265625,3.1479020009159,inside,16.17718725579803,inside,True
SR-ARE,UOBSVARXACCLLH-UHFFFAOYSA-N,4139,0.6828571428571429,0.625,2.1633566535703883,inside,15.979776371336058,inside,False
SR-ARE,CBXCPBUEXACCNR-UHFFFAOYSA-N,4139,0.3507326007326007,0.2857142857142857,3.242663340889623,inside,9.911759582618421,inside,False
SR-ARE,SAPGBCWOQLHKKZ-UHFFFAOYSA-N,4139,0.8566666666666667,0.8333333333333334,2.197611216147838,inside,15.096544604337982,inside,False
SR-ARE,WPYCRFCQABTEKC-UHFFFAOYSA-N,4139,0.5724179469767705,0.5142857142857142,1.8568514539081407,inside,12.528691284500873,inside,True
SR-ARE,MCWXGJITAZMZEV-UHFFFAOYSA-N,4139,0.37352816354044144,0.275,2.107201700835905,inside,10.565223623795411,inside,False
SR-ARE,RSTKLPZEZYGQPY-UHFFFAOYSA-N,4139,0.3646303268386822,0.3064516129032258,1.5591237736945143,inside,11.312366362367989,inside,True
SR-ARE,WCDGWAIZRYMVOW-UHFFFAOYSA-N,4139,0.6343975889284813,0.5434782608695652,2.625257541679345,inside,18.301112795045924,inside,False
SR-ARE,OHLUUHNLEMFGTQ-UHFFFAOYSA-N,4139,0.49212454212454204,0.4166666666666667,3.6524247221790507,inside,8.507735867271922,inside,False
SR-ARE,QEFAQIPZVLVERP-UHFFFAOYSA-N,4139,0.3557024516776839,0.34210526315789475,2.21013046927647,inside,11.455695972642353,inside,True
SR-ARE,KLLIVCPQDTYMLC-UHFFFAOYSA-N,4139,0.3120363417500215,0.2972972972972973,2.7505049733344897,inside,12.791136482373378,inside,True
SR-ARE,ISPVACVJFUIDPD-UHFFFAOYSA-N,4139,0.4782121858241261,0.43283582089552236,1.8837630887808217,inside,12.891608015978317,inside,True
SR-ARE,XARCCBKWQPACEO-UHFFFAOYSA-N,4139,0.5484332982589524,0.4444444444444444,0.9923829250709455,inside,13.854241877166936,inside,True
SR-ARE,PFRYFZZSECNQOL-UHFFFAOYSA-N,4139,0.38503052975576196,0.34210526315789475,1.6532083342587525,inside,15.348944076062127,inside,True
SR-ARE,WECDUOXQLAIPQW-UHFFFAOYSA-N,4139,0.4711904761904762,0.4166666666666667,2.111163196159904,inside,12.394589419894277,inside,True
SR-ARE,MLIREBYILWEBDM-UHFFFAOYSA-N,4139,0.40829867300455536,0.35294117647058826,3.3196370996815,inside,11.943976963470584,inside,False
SR-ARE,JNRLEMMIVRBKJE-UHFFFAOYSA-N,4139,0.5508403361344538,0.5,2.0845254140792333,inside,17.01623401532918,inside,True
SR-ARE,BYGQBDHUGHBGMD-UHFFFAOYSA-N,4139,0.4139285714285714,0.35714285714285715,3.4224699938411662,inside,9.2441985042805,inside,False
SR-ARE,XBDQKXXYIPTUBI-UHFFFAOYSA-N,4139,0.5238612368024131,0.47058823529411764,3.50104845557585,inside,9.620752954994616,inside,False
SR-ARE,NZZIMKJIVMHWJC-UHFFFAOYSA-N,4139,0.6552727272727272,0.6363636363636364,1.6911325341361605,inside,9.49296547286313,inside,True
SR-ARE,UBQNRHZMVUUOMG-UHFFFAOYSA-N,4139,0.28664725838987715,0.2631578947368421,1.8599937177205226,inside,11.33069715230978,inside,True
SR-ARE,COYBRKAVBMYYSF-UHFFFAOYSA-N,4139,0.37973148799401935,0.373134328358209,2.8805358544005797,inside,13.278566174359693,inside,True
SR-ARE,ZDPIZLCVJAAHHR-UHFFFAOYSA-N,4139,0.3689691027926322,0.2916666666666667,1.8776432085104253,inside,17.157859340039337,inside,True
SR-ARE,UUIQMZJEGPQKFD-UHFFFAOYSA-N,4139,0.6344497607655502,0.631578947368421,3.110241950775983,inside,14.797201541121204,inside,False
SR-ARE,JPJALAQPGMAKDF-UHFFFAOYSA-N,4139,0.14912698412698414,0.1111111111111111,4.03983502955223,inside,8.356476118116893,inside,False
SR-ARE,WEQAYVWKMWHEJO-UHFFFAOYSA-N,4139,0.26763569097498985,0.25,1.3749712355024097,inside,11.951693712462559,inside,True
SR-ARE,VVJKKKDJADMKNM-UHFFFAOYSA-N,4139,0.30253449067058125,0.24,12.314208903354045,outside,20.986969012971475,inside,True
SR-ARE,UYCICMIUKYEYEU-ZHACJKMWSA-N,4139,0.3593595428961282,0.3333333333333333,2.4462969495927673,inside,13.435636992413125,inside,True
SR-ARE,PXQPEWDEAKTCGB-UHFFFAOYSA-N,4139,0.2984479977753059,0.28125,3.130833290956933,inside,11.326758950084846,inside,True
SR-ARE,QVYRGXJJSLMXQH-UHFFFAOYSA-N,4139,0.32733428057213226,0.2962962962962963,2.1855112401521004,inside,17.071181405571608,inside,True
SR-ARE,DNUAYCRATWAJQE-UHFFFAOYSA-N,4139,0.39706239482358885,0.34328358208955223,3.4523180744313673,inside,15.844966771204083,inside,True
SR-ARE,GINFBXXYGUODAT-UHFFFAOYSA-N,4139,0.3139461095661528,0.2857142857142857,4.549697957871738,inside,14.639413526184702,inside,True
SR-ARE,DDNCQMVWWZOMLN-IRLDBZIGSA-N,4139,0.2762257489564078,0.265625,3.8944980089041055,inside,12.532804464241599,inside,True
SR-ARE,WMQSKECCMQRJRX-UHFFFAOYSA-N,4139,0.3252076399059157,0.3103448275862069,2.108509826719483,inside,11.904220962765693,inside,True
SR-ARE,WFSMVVDJSNMRAR-UHFFFAOYSA-N,4139,0.7875,0.6875,2.6014114976652767,inside,10.62139400510511,inside,False
SR-ARE,GRSQYISVQKPZCW-UHFFFAOYSA-N,4139,0.4372405372405373,0.3333333333333333,3.5027350104615453,inside,9.524180408324854,inside,False
SR-ARE,NECRQCBKTGZNMH-UHFFFAOYSA-N,4139,0.36137154799223764,0.27586206896551724,2.8452214110434455,inside,12.482944783237503,inside,False
SR-ARE,OSOIQJGOYGSIMF-UHFFFAOYSA-N,4139,0.8107070707070708,0.5333333333333333,2.665029515856782,inside,10.168480189124603,inside,True
SR-ARE,XEKUXTMJEFPWCG-UHFFFAOYSA-N,4139,0.3506941266209001,0.30434782608695654,2.985865433003249,inside,13.614310806400706,inside,False
SR-ARE,LLJDJQYGZBQFIF-FLIBITNWSA-N,4139,0.3615662391483909,0.2054794520547945,2.5648413756941655,inside,15.743554781267711,inside,True
SR-ARE,QRIMLDXJAPZHJE-UHFFFAOYSA-N,4139,0.5322751322751322,0.4827586206896552,2.5911493451935024,inside,16.67645960445172,inside,False
SR-ARE,XNEFYCZVKIDDMS-UHFFFAOYSA-N,4139,0.4780507780507781,0.40540540540540543,2.510249816844134,inside,11.934073331858302,inside,True
SR-ARE,WPVVMKYQOMJPIN-UHFFFAOYSA-N,4139,0.25966819996857543,0.23404255319148937,1.2094673063369212,inside,13.655535955876184,inside,True
SR-ARE,POJWUDADGALRAB-UHFFFAOYSA-N,4139,0.28766001666858465,0.2558139534883721,4.254025877004407,inside,12.593524408770328,inside,True
SR-ARE,VKHAHZOOUSRJNA-GCNJZUOMSA-N,4139,0.3452703537811183,0.2911392405063291,5.078161466892692,inside,18.204831767366528,inside,True
SR-ARE,JRLTTZUODKEYDH-UHFFFAOYSA-N,4139,0.34509572137008415,0.3103448275862069,2.5722625850718357,inside,11.50974530359954,inside,True
SR-ARE,SBGKURINHGJRFN-UHFFFAOYSA-N,4139,0.25107448107448105,0.2222222222222222,3.61774420375664,inside,11.07479317616418,inside,False
SR-ARE,LUYISICIYVKBTA-UHFFFAOYSA-N,4139,0.3456801341852483,0.3,2.5660391778470495,inside,11.197118998371138,inside,True
SR-ARE,YFGHCGITMMYXAQ-UHFFFAOYSA-N,4139,0.37412512861759634,0.34375,1.4532195672662602,inside,9.104456690923556,inside,True
SR-ARE,SIQZJFKTROUNPI-UHFFFAOYSA-N,4139,0.2641943970118907,0.2413793103448276,2.5255536453400698,inside,9.656892847769946,inside,True
SR-ARE,YVJPMMYYRNHJAU-CCEZHUSRSA-N,4139,0.4510939285421568,0.425,3.1061348391603203,inside,13.827933993313021,inside,True
SR-ARE,GWNOTCOIYUNTQP-FQLXRVMXSA-N,4139,0.26607180328494306,0.25,7.807541714499875,borderline,16.71449946926281,inside,True
SR-ARE,RPVGLMKJGQMQSN-UHFFFAOYSA-N,4139,0.31928294573643407,0.3125,1.9681113583354866,inside,10.848169774757896,inside,True
SR-ARE,BWPIARFWQZKAIA-UHFFFAOYSA-N,4139,0.30690560085908924,0.2727272727272727,2.4883473441732766,inside,10.821149891902039,inside,True
SR-ARE,GNZCRYWFWKFIDM-UHFFFAOYSA-N,4139,0.4365243225089772,0.4,2.2136471632580776,inside,12.205832589457708,inside,True
SR-ARE,RPTUSVTUFVMDQK-UHFFFAOYSA-N,4139,0.30207417582417584,0.28125,2.1528834830107764,inside,14.247896485537359,inside,True
SR-ARE,GRMDKKJYMUDEJO-WCWDXBQESA-N,4139,0.28058297459088866,0.25862068965517243,6.135596387922835,borderline,13.682659865120446,inside,True
SR-ARE,KNAHARQHSZJURB-UHFFFAOYSA-N,4139,0.27360064055186006,0.24390243902439024,1.6072210071800794,inside,10.199299084183354,inside,True
SR-ARE,MTAVBTGOXNGCJR-UHFFFAOYSA-N,4139,0.3436228978281331,0.2972972972972973,1.6565935502681128,inside,10.14864294283794,inside,True
SR-ARE,WYTZZXDRDKSJID-UHFFFAOYSA-N,4139,0.530572463768116,0.4375,2.586430955629786,inside,12.394267249054984,inside,False
SR-ARE,IOJUPLGTWVMSFF-UHFFFAOYSA-N,4139,0.29628445622317,0.26666666666666666,2.7172888241553417,inside,12.570323465383941,inside,True
SR-ARE,IXORZMNAPKEEDV-OBDJNFEBSA-N,4139,0.20016439764765376,0.19101123595505617,3.956028790566797,inside,14.746996760233756,inside,True
SR-ARE,ULTHEAFYOOPTTB-UHFFFAOYSA-N,4139,0.6237179487179487,0.5384615384615384,3.2887238443221825,inside,9.34216596107617,inside,False
SR-ARE,JRKICGRDRMAZLK-UHFFFAOYSA-N,4139,0.4238461538461539,0.35,3.9717963334168505,inside,9.803873100327737,inside,False
SR-ARE,NARHAGIVSFTMIG-UHFFFAOYSA-N,4139,0.41966191158737737,0.3333333333333333,1.9465512546804635,inside,12.296904869937329,inside,True
SR-ARE,UDGSVBYJWHOHNN-UHFFFAOYSA-N,4139,0.4119736842105263,0.3125,2.8437867743711873,inside,10.438343776550061,inside,False
SR-ARE,IRCMYGHHKLLGHV-UHFFFAOYSA-N,4139,0.22174139813674695,0.21153846153846154,1.5762241000047428,inside,12.901812650880768,inside,True
SR-ARE,IXSZQYVWNJNRAL-UHFFFAOYSA-N,4139,0.25914586844931575,0.24074074074074073,3.341878792544275,inside,12.83962100226281,inside,True
SR-ARE,HMJIYCCIJYRONP-UHFFFAOYSA-N,4139,0.2925175251625679,0.27692307692307694,4.099544811974334,inside,15.40211442636285,inside,True
SR-ARE,JTPUMZTWMWIVPA-UHFFFAOYSA-O,4139,0.38459736333466826,0.3170731707317073,3.1699997336429013,inside,12.518231409427973,inside,True
SR-ARE,DSKJPMWIHSOYEA-UHFFFAOYSA-N,4139,0.26883620630228416,0.2545454545454545,2.5346307575518248,inside,14.426553057864181,inside,True
SR-ARE,HUWXDEQWWKGHRV-UHFFFAOYSA-N,4139,0.5088179936006023,0.4166666666666667,2.276421755838964,inside,18.28777258258261,inside,True
SR-ARE,YUXIBTJKHLUKBD-UHFFFAOYSA-N,4139,0.8139186900056465,0.75,2.275743097930784,inside,12.586894288756417,inside,False
SR-ARE,DNVVZWSVACQWJE-UHFFFAOYSA-N,4139,0.44828738512949035,0.3684210526315789,1.7694646618319514,inside,14.928509975746227,inside,True
SR-ARE,FAXDZWQIWUSWJH-UHFFFAOYSA-N,4139,0.4420175438596491,0.3684210526315789,3.2701067209568215,inside,10.002881599944821,inside,False
SR-ARE,IZYUWBATGXUSIK-UHFFFAOYSA-N,4139,0.6102239646663329,0.53125,2.9693156072384452,inside,14.60622297283656,inside,True
SR-ARE,YKGYQYOQRGPFTO-UHFFFAOYSA-N,4139,0.69816091954023,0.6206896551724138,6.490075360147836,borderline,18.338564508807895,inside,False
SR-ARE,YFRLQYJXUZRYDN-UHFFFAOYSA-K,4139,0.3785714285714286,0.25,3.5877452085025,inside,12.26780750141323,inside,False
SR-ARE,BEBFRFMLVIJOSE-UHFFFAOYSA-N,4139,0.3970458022020603,0.2898550724637681,2.4941112177533995,inside,12.567367148380146,inside,True
SR-ARE,LDCYZAJDBXYCGN-VIFPVBQESA-N,4139,0.3596688127987513,0.29850746268656714,3.1420596394355087,inside,11.591814520864713,inside,True
SR-ARE,IEJIGPNLZYLLBP-UHFFFAOYSA-N,4139,0.4893099547511312,0.4375,3.428758375077858,inside,8.718154736353085,inside,False
SR-ARE,CMBSSVKZOPZBKW-UHFFFAOYSA-N,4139,0.36596393080603606,0.34615384615384615,2.628423105500508,inside,10.722335636814112,inside,True
SR-ARE,NCSVCMFDHINRJE-UHFFFAOYSA-N,4139,0.425036075036075,0.39285714285714285,2.8637387284067515,inside,10.326237723239284,inside,True
SR-ARE,YGSVZRIZCHZUHB-LKTVYLICSA-N,4139,0.3010788869134264,0.26666666666666666,1.7370639730810404,inside,14.80165453794983,inside,True
SR-ARE,KZBSIGKPGIZQJQ-UHFFFAOYSA-N,4139,0.7815604395604396,0.6785714285714286,5.92138300694799,borderline,15.283098388664666,inside,False
SR-ARE,WPNJAUFVNXKLIM-UHFFFAOYSA-N,4139,0.2816252319109462,0.21818181818181817,1.8426762372048624,inside,12.196022526442828,inside,True
SR-ARE,ITJNARMNRKSWTA-UHFFFAOYSA-N,4139,0.3617538759689923,0.325,1.789942175900659,inside,16.893474654989358,inside,True
SR-ARE,VFEDRRNHLBGPNN-UHFFFAOYSA-N,4139,0.3575014045396624,0.2839506172839506,2.686363975570338,inside,12.851537026650522,inside,True
SR-ARE,JYTUSYBCFIZPBE-AMTLMPIISA-N,4139,0.29496444032158314,0.24489795918367346,9.310031468620773,borderline,17.187505154155716,inside,True
SR-ARE,YSAUAVHXTIETRK-AATRIKPKSA-N,4139,0.24890960594371875,0.225,1.5930279921608794,inside,12.302112377488045,inside,True
SR-ARE,RYZCWZZJFAKYHX-LLVKDONJSA-N,4139,0.4033549783549784,0.30357142857142855,1.7654982138685316,inside,14.636495574681735,inside,True
SR-ARE,BEYOBVMPDRKTNR-BUHFOSPRSA-N,4139,0.43136943808797346,0.34782608695652173,1.518237471130255,inside,19.4104642145517,inside,True
SR-ARE,FHESUNXRPBHDQM-UHFFFAOYSA-N,4139,0.5007866335452542,0.4482758620689655,3.155003783112027,inside,10.716256442674135,inside,True
SR-ARE,KXSFECAJUBPPFE-UHFFFAOYSA-N,4139,0.2482106782106782,0.20454545454545456,3.1355374130398896,inside,10.564259464308963,inside,True
SR-ARE,SGEJQUSYQTVSIU-UHFFFAOYSA-N,4139,0.49544573335452097,0.4,2.3676028000259812,inside,12.754601072718206,inside,False
SR-ARE,MTMDXAIUENDNDL-RJSMDTJLSA-N,4139,0.20658511786323422,0.19607843137254902,4.591750431799566,inside,16.636588590953288,inside,True
SR-ARE,ZRTQSJFIDWNVJW-OWBHPGMISA-N,4139,0.22381290134888193,0.21153846153846154,2.6591386309248124,inside,17.669544293567707,inside,True
SR-ARE,NTHPAPBPFQJABD-LLVKDONJSA-N,4139,0.25095362836314533,0.2236842105263158,2.938111378819902,inside,10.906248069612909,inside,True
SR-ARE,LNHURPJLTHSVMU-UHFFFAOYSA-N,4139,0.2204887218045113,0.1875,2.457732671215276,inside,9.364045477069036,inside,True
SR-ARE,NYMGNSNKLVNMIA-UHFFFAOYSA-N,4139,0.36217235281880594,0.3333333333333333,1.4241400580754655,inside,10.477512335326225,inside,True
SR-ARE,RMHMFHUVIITRHF-UHFFFAOYSA-N,4139,0.34375581480335005,0.27692307692307694,3.5365480954801076,inside,15.48845855105584,inside,True
SR-ARE,LBHIOVVIQHSOQN-UHFFFAOYSA-N,4139,0.38894252263553175,0.3469387755102041,2.117391809879518,inside,12.343873024443822,inside,True
SR-ARE,ALRLPDGCPYIVHP-UHFFFAOYSA-N,4139,0.4166186122542859,0.38235294117647056,3.7337644978131146,inside,17.619055495386167,inside,True
SR-ARE,IISBACLAFKSPIT-UHFFFAOYSA-N,4139,0.5767276887871853,0.45,1.579960525115876,inside,12.326181877076316,inside,True
SR-ARE,UXZFQZANDVDGMM-UHFFFAOYSA-N,4139,0.2536789474896892,0.23529411764705882,2.1772261632119774,inside,16.715154937793805,inside,True
SR-ARE,HMHVCUVYZFYAJI-UHFFFAOYSA-N,4139,0.34455861876914506,0.3148148148148148,1.992502093143739,inside,11.274550205463553,inside,True
SR-ARE,OHTXTCNTQJFRIG-UHFFFAOYSA-N,4139,0.30480035492457846,0.2653061224489796,8.943910199895992,borderline,11.717929787000699,inside,True
SR-ARE,KQKPFRSPSRPDEB-UHFFFAOYSA-N,4139,0.3541042856407882,0.25757575757575757,1.9764050241896975,inside,13.717003678038942,inside,True
SR-ARE,WBRBLKRDTHYRRV-MDWZMJQESA-N,4139,0.2357060624803077,0.21153846153846154,1.6916003982779482,inside,10.259349406828392,inside,True
SR-ARE,JHAYEQICABJSTP-UHFFFAOYSA-N,4139,0.39215686274509803,0.39215686274509803,5.08283569596453,inside,16.830064957325934,inside,True
SR-ARE,LJFWQNJLLOFIJK-UHFFFAOYSA-N,4139,0.42261836441893835,0.35,3.799949388804493,inside,21.02243055468878,inside,True
SR-ARE,HUTDUHSNJYTCAR-UHFFFAOYSA-N,4139,0.33560077519379844,0.3,1.5742717994070516,inside,16.256299036522357,inside,True
SR-ARE,BDNKZNFMNDZQMI-UHFFFAOYSA-N,4139,0.22892695539754365,0.21428571428571427,2.771658880617875,inside,9.62013732638415,inside,False
SR-ARE,JCBPETKZIGVZRE-SCSAIBSYSA-N,4139,0.3916842404391199,0.3333333333333333,3.459428333310314,inside,9.253214207347666,inside,False
SR-ARE,QIVBCDIJIAJPQS-UHFFFAOYSA-N,4139,0.3662070415253419,0.32098765432098764,2.344982158167338,inside,13.000290100141035,inside,True
SR-ARE,QIVBCDIJIAJPQS-VIFPVBQESA-N,4139,0.3607604345340194,0.3333333333333333,2.344982158167338,inside,12.006043248560754,inside,True
SR-ARE,GWZMWHWAWHPNHN-UHFFFAOYSA-N,4139,0.5809244663382594,0.5172413793103449,2.5928859060880853,inside,15.821090007538533,inside,False
SR-ARE,MVQVNTPHUGQQHK-UHFFFAOYSA-N,4139,0.37823607746468896,0.3333333333333333,2.595709534880437,inside,10.686391154390995,inside,True
SR-ARE,IFCRUOPZJFQFMA-FIACWXRHSA-N,4139,0.34337630636054806,0.2696629213483146,8.649424848620976,borderline,18.905750658186616,inside,True
SR-ARE,JWBOIMRXGHLCPP-UHFFFAOYSA-N,4139,0.33156410256410257,0.32,3.168252493977981,inside,13.4612957900393,inside,True
SR-ARE,YVGGHNCTFXOJCH-UHFFFAOYSA-N,4139,0.38941062801932363,0.34782608695652173,3.48359555925082,inside,11.545243274913323,inside,True
SR-ARE,ZWVMLYRJXORSEP-UHFFFAOYSA-N,4139,0.4195823784059078,0.3333333333333333,3.1236286529936503,inside,11.170983095168758,inside,False
SR-ARE,WHXMKTBCFHIYNQ-SECBINFHSA-N,4139,0.24471885050316425,0.18055555555555555,2.634385167394121,inside,14.35754948891052,inside,True
SR-ARE,QNPHCSSJLHAKSA-UHFFFAOYSA-N,4139,0.35904639551114226,0.32075471698113206,2.792575975722011,inside,15.606487016406602,inside,True
SR-ARE,KINWYTAUPKOPCQ-YFKPBYRVSA-N,4139,0.37818590253935086,0.2857142857142857,3.1065795155897358,inside,11.033696320348971,inside,False
SR-ARE,USYQKCQEVBFJRP-UHFFFAOYSA-N,4139,0.48620857699805065,0.4074074074074074,2.7273243658104533,inside,12.56252622151854,inside,True
SR-ARE,KTADSLDAUJLZGL-UHFFFAOYSA-N,4139,0.35295783926218705,0.2916666666666667,2.7251109339340363,inside,10.491016481309067,inside,True
SR-ARE,QGFORSXNKQLDNO-UHFFFAOYSA-N,4139,0.22274246413784357,0.20634920634920634,1.9749416644604896,inside,11.761790135055277,inside,True
SR-ARE,WWVMHGUBIOZASN-UHFFFAOYSA-N,4139,0.21836855765665555,0.1935483870967742,2.656089526461931,inside,10.751784636606518,inside,True
SR-ARE,JARKCYVAAOWBJS-UHFFFAOYSA-N,4139,0.865,0.7,3.176430746528718,inside,10.580060372261357,inside,False
SR-ARE,MNWFXJYAOYHMED-UHFFFAOYSA-N,4139,1.0,1.0,2.544757511289663,inside,13.07779929825676,inside,False
SR-ARE,MKUXAQIIEYXACX-UHFFFAOYSA-N,4139,0.24723075013223655,0.225,3.7288939555326333,inside,10.984069246200582,inside,True
SR-ARE,NALZTFARIYUCBY-UHFFFAOYSA-N,4139,0.4744507140717068,0.35294117647058826,3.0095625732574045,inside,10.741512031477413,inside,False
SR-ARE,BXPMAGSOWXBZHS-WEVVVXLNSA-N,4139,0.383633125726149,0.29545454545454547,2.227076718010417,inside,13.527789206603758,inside,False
SR-ARE,YFGYUFNIOHWBOB-UHFFFAOYSA-N,4139,0.27586414275855264,0.22448979591836735,1.6529427333396667,inside,11.24449835498757,inside,True
SR-ARE,KLPWJLBORRMFGK-UHFFFAOYSA-N,4139,0.24743895691264992,0.22448979591836735,1.5513037214422531,inside,16.119528845210414,inside,True
SR-ARE,ZQBAKBUEJOMQEX-UHFFFAOYSA-N,4139,0.5473971032160687,0.5185185185185185,1.2930202161162645,inside,10.986229059044218,inside,True
SR-ARE,BPEGJWRSRHCHSN-UHFFFAOYSA-N,4139,0.2739147366263579,0.26666666666666666,3.5542106543085747,inside,11.948050482463831,inside,True
SR-ARE,OYNVHVAEOLJJPV-UHFFFAOYSA-N,4139,0.24166027520866235,0.22580645161290322,3.721133920779527,inside,15.148359633366292,inside,True
SR-ARE,MMDWBZHWHFGVHF-UHFFFAOYSA-N,4139,0.49047726843991696,0.4444444444444444,5.798440305094299,inside,13.379829531620171,inside,True
SR-ARE,DIDYGLSKVUKRRP-UHFFFAOYSA-N,4139,0.479424842187336,0.45454545454545453,2.759743706340465,inside,16.705544366105915,inside,True
SR-ARE,LKGPZAQFNYKISK-UHFFFAOYSA-N,4139,0.39774211502782936,0.36,1.6332397621638113,inside,14.474993801966948,inside,True
SR-ARE,KEVYVLWNCKMXJX-UHFFFAOYSA-N,4139,0.42489397012723584,0.3939393939393939,3.996834311760512,inside,13.884586641366726,inside,False
SR-ARE,VHNQIURBCCNWDN-UHFFFAOYSA-N,4139,0.3617432950191571,0.3448275862068966,3.0678246200560157,inside,9.895381712887405,inside,True
SR-ARE,UXXQOJXBIDBUAC-UHFFFAOYSA-N,4139,0.33404408457040036,0.3,7.930022644233345,borderline,36.73891098447112,outside,True
SR-ARE,AJKVQEKCUACUMD-UHFFFAOYSA-N,4139,0.40940053050397873,0.36,2.4799213119867645,inside,11.833379937262801,inside,True
SR-ARE,QCHFTSOMWOSFHM-WPRPVWTQSA-N,4139,0.21565701187370076,0.21052631578947367,1.3630020671652499,inside,12.285798928809658,inside,True
SR-ARE,NQQVFXUMIDALNH-UHFFFAOYSA-N,4139,0.3255499533146592,0.2777777777777778,1.8078071770357957,inside,11.557019625805385,inside,True
SR-ARE,KQIKKETXZQDHGE-FOCLMDBBSA-N,4139,0.4511278195488721,0.42105263157894735,2.1569236687056255,inside,15.171337735165116,inside,True
SR-ARE,SAOKZLXYCUGLFA-UHFFFAOYSA-N,4139,0.8511550532337517,0.6774193548387096,4.992355181234212,inside,19.253499247783544,inside,False
SR-ARE,NXFQHRVNIOXGAQ-UHFFFAOYSA-N,4139,0.34873313090418356,0.21875,2.902078553144698,inside,20.185236067798296,inside,True
SR-ARE,PFNHSEQQEPMLNI-UHFFFAOYSA-N,4139,0.46437198067632857,0.375,3.0725881993210433,inside,11.676385631399722,inside,False
SR-ARE,LVDKZNITIUWNER-UHFFFAOYSA-N,4139,0.45406625258799166,0.35,3.0840965709165187,inside,13.473713988846006,inside,False
SR-ARE,GRWAIJBHBCCLGS-UHFFFAOYSA-N,4139,0.2611790200474685,0.24324324324324326,2.98459852970524,inside,11.608115181396196,inside,True
SR-ARE,AKNUHUCEWALCOI-UHFFFAOYSA-N,4139,0.6258333333333334,0.55,2.890390353996054,inside,10.16764419020382,inside,False
SR-ARE,HZIWGOAXOBPQGY-UHFFFAOYSA-N,4139,0.43941331575477915,0.4146341463414634,1.8039538924377998,inside,12.512006820501393,inside,True
SR-ARE,RSUVYMGADVXGOU-BUHFOSPRSA-N,4139,0.37120179534645265,0.34782608695652173,2.945531533458754,inside,13.0080126369651,inside,True
SR-ARE,OWDANLZJJOCPBK-UHFFFAOYSA-N,4139,0.3043870135171702,0.288135593220339,3.0003831921188295,inside,15.779905156884993,inside,True
SR-ARE,QRZAKQDHEVVFRX-UHFFFAOYSA-N,4139,0.5348304540184406,0.4642857142857143,1.536265795461442,inside,12.377744269345726,inside,True
SR-ARE,KQTVWCSONPJJPE-UHFFFAOYSA-N,4139,0.22068469227723173,0.20512820512820512,1.460696728073263,inside,10.793277592774801,inside,True
SR-ARE,YHUVMHKAHWKQBI-UHFFFAOYSA-N,4139,0.3955305332964908,0.36363636363636365,1.7289190482465056,inside,13.922232151374113,inside,True
SR-ARE,JCYPECIVGRXBMO-UHFFFAOYSA-N,4139,0.5338618370876435,0.5,1.8129717117701538,inside,28.25503829136309,borderline,True
SR-ARE,YRKCREAYFQTBPV-UHFFFAOYSA-N,4139,0.5337669683257917,0.5,3.151456133712999,inside,11.14892142541251,inside,False
SR-ARE,WHLUQAYNVOGZST-UHFFFAOYSA-N,4139,0.4210767174002468,0.375,2.904239024971742,inside,10.987307876903978,inside,True
SR-ARE,JVTAAEKCZFNVCJ-UHFFFAOYSA-N,4139,0.4977777777777777,0.4444444444444444,3.480425787650381,inside,10.022643792337261,inside,False
SR-ARE,XASIMHXSUQUHLV-UHFFFAOYSA-N,4139,0.3347512596692924,0.30303030303030304,4.841612623195466,inside,16.699792498042175,inside,True
SR-ARE,OILUAKBAMVLXGF-UHFFFAOYSA-N,4139,0.47778003140695996,0.391304347826087,2.3476443660264876,inside,12.656044562229656,inside,False
SR-ARE,IBDVWXAVKPRHCU-UHFFFAOYSA-N,4139,0.6066468253968255,0.53125,2.210928819417533,inside,19.365815711553203,inside,False
SR-ARE,IJAPPYDYQCXOEF-UHFFFAOYSA-N,4139,0.32755014831294027,0.2903225806451613,2.0755315905781386,inside,12.13291990611127,inside,True
SR-ARE,YWFWDNVOPHGWMX-UHFFFAOYSA-N,4139,0.9466666666666667,0.7333333333333333,3.243236591264986,inside,12.227685074003883,inside,False
SR-ARE,SHOJXDKTYKFBRD-UHFFFAOYSA-N,4139,0.35173160173160173,0.3125,3.333719127987984,inside,9.098682785827373,inside,False
SR-ARE,VOKSWYLNZZRQPF-GDIGMMSISA-N,4139,0.30005333649401444,0.24358974358974358,2.1462937468620464,inside,15.114845832005814,inside,True
SR-ARE,UHGULLIUJBCTEF-UHFFFAOYSA-N,4139,0.3975964000157548,0.3055555555555556,2.1607180576974345,inside,17.88079314676829,inside,True
SR-ARE,LMTIGABGABPAGU-UHFFFAOYSA-N,4139,0.31768171344784246,0.2857142857142857,1.7472947886960746,inside,10.509792958952412,inside,True
SR-ARE,PZYDAVFRVJXFHS-UHFFFAOYSA-N,4139,0.35384024577572964,0.3333333333333333,2.3410125675625175,inside,11.789918853188144,inside,True
SR-ARE,NZWOPGCLSHLLPA-UHFFFAOYSA-N,4139,0.4936683367717851,0.3793103448275862,2.5212229737916108,inside,10.241840547264273,inside,False
SR-ARE,XFSAZBKSWGOXRH-UHFFFAOYSA-N,4139,0.4713333333333334,0.44,2.1261237172117853,inside,11.501771578476454,inside,False
SR-ARE,SIOXPEMLGUPBBT-UHFFFAOYSA-N,4139,0.39057142857142857,0.36,2.345229499866734,inside,9.738203854656426,inside,True
SR-ARE,ZDXUKAKRHYTAKV-UHFFFAOYSA-N,4139,0.35989819488842223,0.2676056338028169,8.911997826897066,borderline,20.375782934740005,inside,True
SR-ARE,IEMAQDHGZOPMNI-UHFFFAOYSA-N,4139,0.2042129533989999,0.19318181818181818,5.9982847743930625,borderline,13.622620274610881,inside,True
SR-ARE,DQNMZSIJHFEYTM-RTWAWAEBSA-N,4139,0.2973694234913052,0.2753623188405797,3.2716625224766243,inside,12.907577322862748,inside,True
SR-ARE,SUXQDLLXIBLQHW-UHFFFAOYSA-N,4139,0.3847578228548378,0.28378378378378377,3.4360771978199813,inside,15.156865757577673,inside,True
SR-ARE,ZGQVZLSNEBEHFN-UHFFFAOYSA-N,4139,0.4331428571428571,0.35714285714285715,2.1709716811685134,inside,11.449435554933869,inside,True
SR-ARE,QRBVCAWHUSTDOT-UHFFFAOYSA-N,4139,0.3712245756094045,0.3181818181818182,2.1979179916517197,inside,9.915973814515578,inside,True
SR-ARE,VSLIUWLPFRVCDL-UHFFFAOYSA-N,4139,0.2694693478564446,0.23636363636363636,2.6222493968004486,inside,14.195242583226088,inside,True
SR-ARE,FYZBOYWSHKHDMT-UHFFFAOYSA-N,4139,0.2645891464201323,0.25,3.9903375448195026,inside,13.362920676148658,inside,True
SR-ARE,LJOZMWRYMKECFF-UHFFFAOYSA-N,4139,0.4723809523809524,0.42424242424242425,1.9000627444001172,inside,11.938632547960232,inside,True
SR-ARE,IKVXBIIHQGXQRQ-UHFFFAOYSA-N,4139,0.35234042553191486,0.3333333333333333,2.8974104748101883,inside,12.159824682043906,inside,True
SR-ARE,VPJXQGSRWJZDOB-UHFFFAOYSA-O,4139,0.5288095238095238,0.4,2.539851906954273,inside,10.49421522529436,inside,False
SR-ARE,DFPAKSUCGFBDDF-UHFFFAOYSA-N,4139,0.46973643410852717,0.3953488372093023,2.4511322524904315,inside,13.669499767405428,inside,True
SR-ARE,IDYZIJYBMGIQMJ-UHFFFAOYSA-N,4139,0.5052659529220188,0.4098360655737705,3.073584258201938,inside,17.383433793157177,inside,True
SR-ARE,DVBLPJWQXDCAKU-UHFFFAOYSA-N,4139,0.31890341241405074,0.28846153846153844,3.582754300663538,inside,12.596611241774841,inside,True
SR-ARE,VSJRBQDMBFFHMC-UHFFFAOYSA-N,4139,0.39812121212121215,0.36363636363636365,2.4411592681444496,inside,14.47455820092986,inside,True
SR-ARE,CWKLZLBVOJRSOM-UHFFFAOYSA-N,4139,0.4681979458450046,0.4117647058823529,3.3159517638841254,inside,9.725850555641507,inside,False
SR-ARE,NXQMCAOPTPLPRL-UHFFFAOYSA-N,4139,0.6685594811401263,0.6129032258064516,2.6278415463643885,inside,12.059146886889692,inside,True
SR-ARE,MVCSJYRFFFDKCX-UHFFFAOYSA-N,4139,0.4898434898434898,0.42857142857142855,2.3534602124354627,inside,10.640195833062151,inside,False
SR-ARE,XFCMNSHQOZQILR-UHFFFAOYSA-N,4139,0.7638923395445134,0.6071428571428571,2.2107587156931943,inside,13.332183120558794,inside,False
SR-ARE,UPMLOUAZCHDJJD-UHFFFAOYSA-N,4139,0.3157100482017056,0.25,1.7153337286345423,inside,12.042827250955966,inside,True
SR-ARE,KJFMBFZCATUALV-UHFFFAOYSA-N,4139,0.4147921522921523,0.3125,3.3542277643610063,inside,11.21924784698913,inside,True
SR-ARE,NUKYPUAOHBNCPY-UHFFFAOYSA-N,4139,0.4322276278932626,0.3684210526315789,2.892018575865781,inside,10.886799107358131,inside,True
SR-ARE,CDKCEZNPAYWORX-UHFFFAOYSA-N,4139,0.5807017543859649,0.5555555555555556,3.2603255931543185,inside,12.298474130006628,inside,True
SR-ARE,JLIDVCMBCGBIEY-UHFFFAOYSA-N,4139,0.43654244306418216,0.3888888888888889,3.4284493275231713,inside,10.191447400310574,inside,False
SR-ARE,ZMNSRFNUONFLSP-UHFFFAOYSA-N,4139,0.38128614762386254,0.34,1.1016116117752979,inside,12.55469110884155,inside,True
SR-ARE,NYPJDWWKZLNGGM-RPWUZVMVSA-N,4139,0.4663630433493447,0.4520547945205479,4.9205279414427565,inside,16.550606126561902,inside,True
SR-ARE,GJJQIGFCGLPOQK-UHFFFAOYSA-N,4139,0.3785927067282999,0.3,2.1454664692434187,inside,11.308790548737758,inside,True
SR-ARE,YZBOZNXACBQJHI-UHFFFAOYSA-N,4139,0.4673015873015872,0.38095238095238093,2.86542687700422,inside,12.333293798704977,inside,False
SR-ARE,KQOXLKOJHVFTRN-UHFFFAOYSA-N,4139,0.18315145191717197,0.17073170731707318,3.9953093851757884,inside,15.998415772582874,inside,True
SR-ARE,CYHBDKTZDLSRMY-UHFFFAOYSA-N,4139,0.6330484330484331,0.6153846153846154,2.298554659263284,inside,12.634256360884423,inside,False
SR-ARE,XDXDZDZNSLXDNA-TZNDIEGXSA-N,4139,0.2353164457956288,0.22105263157894736,7.894427588994968,borderline,16.81750128861438,inside,True
SR-ARE,PWXTUWQHMIFLKL-UHFFFAOYSA-N,4139,0.3521409347335643,0.2549019607843137,5.6471874677076,inside,12.347813528536685,inside,True
SR-ARE,GXVUZYLYWKWJIM-UHFFFAOYSA-N,4139,0.41,0.3333333333333333,3.544410614036377,inside,10.766868682666852,inside,False
SR-ARE,JKRZOJADNVOXPM-UHFFFAOYSA-N,4139,0.6207509881422925,0.5833333333333334,2.0558546308370174,inside,10.469837323124748,inside,False
SR-ARE,SMANXXCATUTDDT-QPJJXVBHSA-N,4139,0.3838041347079882,0.3620689655172414,4.811180320155598,inside,17.035086701205987,inside,True
SR-ARE,KTALPKYXQZGAEG-UHFFFAOYSA-N,4139,0.3273943034893799,0.3076923076923077,3.0506702991177406,inside,12.729699055690952,inside,True
SR-ARE,KAPCRJOPWXUMSQ-UHFFFAOYSA-N,4139,0.31700475595212435,0.2727272727272727,6.170500557964364,borderline,11.463453356057904,inside,True
SR-ARE,YTGSYRVSBPFKMQ-UHFFFAOYSA-N,4139,0.2590909090909091,0.25,3.082218077480366,inside,10.095594857825665,inside,False
SR-ARE,TUNFSRHWOTWDNC-UHFFFAOYSA-N,4139,1.0,1.0,3.0470861876666597,inside,13.07779929825676,inside,False
SR-ARE,QIONYIKHPASLHO-UHFFFAOYSA-N,4139,0.4216666666666667,0.3333333333333333,2.780553565462714,inside,9.814973731762272,inside,False
SR-ARE,KXJLGCBCRCSXQF-UHFFFAOYSA-N,4139,0.38296536796536795,0.35,2.988841362625106,inside,13.517034280182171,inside,False
SR-ARE,REEQLXCGVXDJSQ-UHFFFAOYSA-N,4139,0.4310238652585553,0.37142857142857144,0.7626483657580435,inside,11.757393473347337,inside,True
SR-ARE,KSFOVUSSGSKXFI-UHFFFAOYSA-N,4139,0.1953919569611966,0.19117647058823528,9.075266602227268,borderline,14.42940951380909,inside,True
SR-ARE,POPNTVRHTZDEBW-UHFFFAOYSA-N,4139,0.5633083733083734,0.42424242424242425,2.250552483038633,inside,14.386603640807927,inside,False
SR-ARE,DRLMMVPCYXFPEP-UHFFFAOYSA-N,4139,0.38847278452541617,0.2916666666666667,2.4243021493920955,inside,19.76573825990194,inside,True
SR-ARE,ZBPLOVFIXSTCRZ-UHFFFAOYSA-N,4139,0.315883778713047,0.2926829268292683,2.162499997923008,inside,12.17997650657724,inside,True
SR-ARE,ASMQGLCHMVWBQR-UHFFFAOYSA-N,4139,0.490119117441698,0.44,1.2735074841052993,inside,9.019798027286654,inside,True
SR-ARE,FCJSHPDYVMKCHI-UHFFFAOYSA-N,4139,0.5554782608695652,0.5,1.8282592553053434,inside,10.618137833768024,inside,True
SR-ARE,SIXLXDIJGIWWFU-UHFFFAOYSA-N,4139,0.23792936574685944,0.2222222222222222,4.1433428747841194,inside,11.756035402168745,inside,True
SR-ARE,FBPFZTCFMRRESA-KVTDHHQDSA-N,4139,0.5633583959899748,0.5,5.625393168794036,inside,12.505371707698618,inside,False
SR-ARE,PQKBPHSEKWERTG-UHFFFAOYSA-N,4139,0.38636288998357965,0.31666666666666665,3.8333052833938264,inside,12.828936155039605,inside,True
SR-ARE,IITCWRFYJWUUPC-UHFFFAOYSA-N,4139,0.5011715185399396,0.46153846153846156,1.47162655097396,inside,10.993940501026936,inside,True
SR-ARE,IDCPFAYURAQKDZ-UHFFFAOYSA-N,4139,0.2982488038277512,0.2727272727272727,4.137892845754116,inside,15.536480594977812,inside,False
SR-ARE,WGZDBVOTUVNQFP-UHFFFAOYSA-N,4139,0.338969696969697,0.32727272727272727,1.8082652730549529,inside,11.808060176254243,inside,True
SR-ARE,SFVWPXMPRCIVOK-UHFFFAOYSA-N,4139,0.6675324675324675,0.375,2.3902747221265184,inside,11.47272319916549,inside,True
SR-ARE,ZHKXBELKPQXYEH-UHFFFAOYSA-N,4139,0.46362656774421485,0.43243243243243246,1.7861515120652962,inside,13.365189105339095,inside,True
SR-ARE,YLWYNCPRXFCNLQ-UHFFFAOYSA-N,4139,0.3506500487632563,0.28205128205128205,0.9569692894281714,inside,12.057936022480257,inside,True
SR-ARE,IHRPDXFOMLCPIK-UHFFFAOYSA-N,4139,0.4249795918367347,0.3877551020408163,1.9959231145920626,inside,10.750418770740787,inside,True
SR-ARE,NOYPYLRCIDNJJB-UHFFFAOYSA-N,4139,0.31683403793733184,0.2641509433962264,5.115665262634906,inside,14.068915426128259,inside,True
SR-ARE,YLQLIQIAXYRMDL-UHFFFAOYSA-N,4139,0.573120082815735,0.42857142857142855,2.6030501323689776,inside,11.224180225051104,inside,False
SR-ARE,ZAFYATHCZYHLPB-UHFFFAOYSA-N,4139,0.2543216534049148,0.24561403508771928,3.0306506251859404,inside,10.433410741180618,inside,True
SR-ARE,VRDIULHPQTYCLN-UHFFFAOYSA-N,4139,0.2649845245194082,0.2558139534883721,1.3321885143325265,inside,10.088164344075883,inside,True
SR-ARE,BMTAFVWTTFSTOG-UHFFFAOYSA-N,4139,0.4568902543096091,0.37037037037037035,2.455646343698998,inside,11.161438857136885,inside,False
SR-ARE,KMPQYAYAQWNLME-UHFFFAOYSA-N,4139,0.9029411764705882,0.75,2.88597421706438,inside,11.019145283385027,inside,False
SR-ARE,VHRUBWHAOUIMDW-UHFFFAOYSA-N,4139,0.7065714285714286,0.5416666666666666,2.4002730987822725,inside,14.155690075677729,inside,False
SR-ARE,YZJSKRBKHCLMQC-UHFFFAOYSA-N,4139,0.41047088177522967,0.391304347826087,3.329204680892136,inside,17.16053391644105,inside,True
SR-ARE,OOGJQPCLVADCPB-HXUWFJFHSA-N,4139,0.327035830947518,0.3170731707317073,2.986551725381179,inside,11.952963400511097,inside,True
SR-ARE,OPNPQXLQERQBBV-UHFFFAOYSA-N,4139,0.3304890249818094,0.32142857142857145,2.5110454852739394,inside,10.425408395373385,inside,False
SR-ARE,GJAWHXHKYYXBSV-UHFFFAOYSA-N,4139,0.4443183170319601,0.41379310344827586,2.1333658226536185,inside,11.025465891448718,inside,True
SR-ARE,OWBTYPJTUOEWEK-UHFFFAOYSA-N,4139,0.4543040293040293,0.38461538461538464,3.4435633143084297,inside,9.752834188769635,inside,False
SR-ARE,FRQDZJMEHSJOPU-UHFFFAOYSA-N,4139,0.6007843137254902,0.47058823529411764,5.52536826786384,inside,13.964468104548338,inside,False
SR-ARE,IIDJRNMFWXDHID-UHFFFAOYSA-N,4139,0.32143799353101676,0.3055555555555556,4.257734214170074,inside,14.98308344796679,inside,True
SR-ARE,AHHWIHXENZJRFG-UHFFFAOYSA-N,4139,0.3424908424908425,0.2857142857142857,4.006721738216781,inside,10.522586732706632,inside,True
SR-ARE,IQOMYCGTGFGDFN-UHFFFAOYSA-N,4139,0.4275513977198019,0.3939393939393939,1.8755556321803737,inside,16.024223024731626,inside,True
SR-ARE,LLECMGGNFBKPRH-UHFFFAOYSA-N,4139,0.5157444413171968,0.47058823529411764,1.795430189885796,inside,12.714598898369662,inside,True
SR-ARE,GRIATXVEXOFBGO-UHFFFAOYSA-N,4139,0.35546626203589227,0.3333333333333333,1.9596900911776234,inside,11.122313165722783,inside,True
SR-ARE,YEBCRAVYUWNFQT-UHFFFAOYSA-N,4139,0.3484146484146485,0.3142857142857143,1.6564264764926375,inside,11.348943911864295,inside,True
SR-ARE,KZHGPDSVHSDCMX-UHFFFAOYSA-N,4139,0.3782512315270936,0.3448275862068966,1.651908688403801,inside,11.769090529821936,inside,True
SR-ARE,MNTALGTVSQTALQ-UHFFFAOYSA-N,4139,0.3462637362637363,0.23809523809523808,3.2537204517419567,inside,9.235723864066669,inside,False
SR-ARE,DWPYQDGDWBKJQL-UHFFFAOYSA-N,4139,0.4934368313678658,0.41379310344827586,2.289931250693681,inside,12.616647375285297,inside,True
SR-ARE,CBVCZFGXHXORBI-PXQQMZJSSA-N,4139,0.23222569736673981,0.21621621621621623,8.890770864277663,borderline,25.77038990442768,inside,True
SR-ARE,SNTQPLDRUZOSDP-UHFFFAOYSA-N,4139,0.4501733456128337,0.425531914893617,3.459192733205438,inside,16.502576220565352,inside,True
SR-ARE,WDECIBYCCFPHNR-UHFFFAOYSA-N,4139,0.6540548340548341,0.5555555555555556,4.226244782384765,inside,17.71919840611344,inside,True
SR-ARE,JTEDVYBZBROSJT-UHFFFAOYSA-N,4139,0.41675803329461864,0.36585365853658536,1.5543970686887396,inside,11.58104884923404,inside,True
SR-ARE,AADVZSXPNRLYLV-GKMXPDSGSA-N,4139,0.25898113790970934,0.23376623376623376,3.8406050675072843,inside,14.420568593715181,inside,True
SR-ARE,NVEPPWDVLBMNMB-SNAWJCMRSA-N,4139,0.2285105480350187,0.20634920634920634,1.550127953783292,inside,13.167166075464158,inside,True
SR-ARE,OBZHEBDUNPOCJG-WBXJDKIVSA-N,4139,0.31868202864414485,0.24210526315789474,7.355140003758627,borderline,20.605668711079055,inside,True
SR-ARE,ALMMLSQBERCMRB-UHFFFAOYSA-O,4139,0.2609254267744833,0.23333333333333334,6.7655571989779535,borderline,16.315075127652243,inside,True
SR-ARE,MTZBBNMLMNBNJL-UHFFFAOYSA-N,4139,0.3731004542025776,0.34782608695652173,3.417590526428937,inside,15.871846672479473,inside,True
SR-ARE,SRBFZHDQGSBBOR-IOVATXLUSA-N,4139,0.2611263440860215,0.1935483870967742,4.154679273984816,inside,11.786141127335725,inside,True
SR-ARE,HUNXMJYCHXQEGX-UHFFFAOYSA-N,4139,0.23895756519733408,0.22077922077922077,3.2442997049936593,inside,14.669064531665619,inside,True
SR-ARE,UTSYWKJYFPPRAP-UHFFFAOYSA-N,4139,0.44679802955665027,0.42857142857142855,2.14925886913344,inside,15.316642543119759,inside,False
SR-ARE,QUAMTGJKVDWJEQ-UHFFFAOYSA-N,4139,0.4778891781012672,0.4444444444444444,3.17227368352955,inside,15.34562212258546,inside,True
SR-ARE,KXRZBTAEDBELFD-UHFFFAOYSA-N,4139,0.563378330466298,0.5217391304347826,2.7561196179906324,inside,15.418643433544089,inside,True
SR-ARE,DAASOABUJRMZAD-UHFFFAOYSA-N,4139,0.26929824561403504,0.25,3.1702052648550008,inside,11.990828296580997,inside,True
SR-ARE,SDMSCIWHRZJSRN-UHFFFAOYSA-N,4139,0.3643059136698158,0.34,2.462004498305911,inside,13.562434710192461,inside,True
SR-ARE,IBOFVQJTBBUKMU-UHFFFAOYSA-N,4139,0.44766381766381763,0.37037037037037035,2.2406574379760325,inside,12.905777235880242,inside,True
SR-ARE,OAYXUHPQHDHDDZ-UHFFFAOYSA-N,4139,0.865079365079365,0.7619047619047619,2.4449266782270054,inside,12.157420110921096,inside,False
SR-ARE,VOCYGZAHYQXJOF-UHFFFAOYSA-N,4139,0.4009488317065957,0.3333333333333333,6.217411596464041,borderline,18.61596558295457,inside,True
SR-ARE,MXORDJXBRHNWBE-UHFFFAOYSA-N,4139,0.4272330367074527,0.3793103448275862,2.0355402806282883,inside,18.1425262101228,inside,True
SR-ARE,GJJSUPSPZIZYPM-UHFFFAOYSA-N,4139,0.8555555555555555,0.7777777777777778,1.8490856806688294,inside,11.978744367676432,inside,True
SR-ARE,VBQRUYIOTHNGOP-UHFFFAOYSA-N,4139,0.2850834350834351,0.25,2.194348548335609,inside,10.773465591299544,inside,True
SR-ARE,SKCNNQDRNPQEFU-UHFFFAOYSA-N,4139,0.5347368421052632,0.47368421052631576,2.483284520352305,inside,10.557526869047258,inside,False
SR-ARE,USSIQXCVUWKGNF-UHFFFAOYSA-N,4139,0.3830298376480913,0.3488372093023256,2.699784384299469,inside,12.33352046228056,inside,True
SR-ARE,OGGXGZAMXPVRFZ-UHFFFAOYSA-N,4139,0.22206349206349207,0.2,3.492512827965195,inside,9.418129457696372,inside,False
SR-ARE,WXNRYSGJLQFHBR-UHFFFAOYSA-N,4139,0.43940036768945845,0.35,2.924147070470586,inside,12.856628669246906,inside,True
SR-ARE,ALIVXCSEERJYHU-UHFFFAOYSA-N,4139,0.34600000000000003,0.3,2.549492008499869,inside,13.173675519012887,inside,True
SR-ARE,WVLHGCRWEHCIOT-UHFFFAOYSA-N,4139,0.39454389732576567,0.32075471698113206,1.5970791359288408,inside,18.081934330864197,inside,True
SR-ARE,IUJLOAKJZQBENM-UHFFFAOYSA-N,4139,0.4025666490372373,0.23529411764705882,1.5818359032539224,inside,20.785154809513777,inside,True
SR-ARE,CMAUJSNXENPPOF-UHFFFAOYSA-N,4139,0.4067990905691848,0.24489795918367346,3.673486171081215,inside,23.615843489934264,inside,True
SR-ARE,ZOLLIQAKMYWTBR-UHFFFAOYSA-N,4139,0.4026315789473684,0.25,2.9734218206538783,inside,10.876513931117506,inside,True
SR-ARE,AXRCEOKUDYDWLF-UHFFFAOYSA-N,4139,0.25082457736962577,0.24050632911392406,8.431573329772899,borderline,16.232112508700556,inside,True
SR-ARE,DOBMPNYZJYQDGZ-UHFFFAOYSA-N,4139,0.4293026284864762,0.3888888888888889,4.53124088914219,inside,10.369942699286092,inside,True
SR-ARE,FVNFBBAOMBJTST-UHFFFAOYSA-N,4139,0.3546643019277983,0.3090909090909091,1.5526796673482057,inside,13.884381500087493,inside,True
SR-ARE,SFPNZPQIIAJXGL-UHFFFAOYSA-N,4139,0.6803132664437013,0.6153846153846154,2.2771507636946975,inside,14.257017561007093,inside,False
SR-ARE,HRBKVYFZANMGRE-UHFFFAOYSA-N,4139,0.3456777073056142,0.3023255813953488,1.6981186505020454,inside,11.688191997347525,inside,True
SR-ARE,XERJKGMBORTKEO-VZUCSPMQSA-N,4139,0.2594907598666997,0.23076923076923078,3.0716422762883253,inside,13.015791160003745,inside,False
SR-ARE,LXANPKRCLVQAOG-NSHDSACASA-N,4139,0.2077998472116119,0.2,1.9193078521688802,inside,12.678791278645116,inside,True
SR-ARE,TXVHTIQJNYSSKO-UHFFFAOYSA-N,4139,0.617362887183859,0.5,5.258748919681485,inside,21.216902334344027,inside,True
SR-ARE,OMNKZBIFPJNNIO-UHFFFAOYSA-N,4139,0.4038055063216353,0.3225806451612903,2.2113572621015707,inside,11.292664074197209,inside,False
SR-ARE,SWXVUIWOUIDPGS-UHFFFAOYSA-N,4139,0.3925925925925926,0.3888888888888889,2.849971949990395,inside,11.168512078333572,inside,False
SR-ARE,FATBKZJZAHWCSL-UHFFFAOYSA-N,4139,0.39603715170278636,0.35,2.5336504111961706,inside,12.342200490223288,inside,True
SR-ARE,BKQICAFAUMRYLZ-UHFFFAOYSA-N,4139,0.3969248120300752,0.36,2.7394031854442016,inside,10.951357431776362,inside,False
SR-ARE,IVYPNXXAYMYVSP-UHFFFAOYSA-N,4139,0.386013986013986,0.3333333333333333,2.1938868619924903,inside,10.809236487858206,inside,True
SR-ARE,GQEZCXVZFLOKMC-UHFFFAOYSA-N,4139,1.0,1.0,4.088554223737233,inside,14.43869302466509,inside,False
SR-ARE,OZOMQRBLCMDCEG-UHFFFAOYSA-N,4139,0.2769853638425067,0.2653061224489796,3.4883026411926,inside,15.264461034519623,inside,True
SR-ARE,OQERFUGURPLBQH-UHFFFAOYSA-N,4139,0.42148460410557187,0.3939393939393939,1.436829011331653,inside,11.827193662372624,inside,True
SR-ARE,HJIAMFHSAAEUKR-UHFFFAOYSA-N,4139,0.5286030061892131,0.4583333333333333,1.4647343441045468,inside,10.034807098998384,inside,True
SR-ARE,GJLNWLVPAHNBQN-UHFFFAOYSA-N,4139,0.509698275862069,0.46875,1.301996719850467,inside,15.523385480539185,inside,True
SR-ARE,DDRJAANPRJIHGJ-UHFFFAOYSA-N,4139,0.25153850384340404,0.23333333333333334,3.0785893923899286,inside,10.78121714182798,inside,True
SR-ARE,ISWRGOKTTBVCFA-UHFFFAOYSA-N,4139,0.3638506522717049,0.34210526315789475,1.9107895147190614,inside,10.155273774045233,inside,True
SR-MMP,OUZWUKMCLIBBOG-UHFFFAOYSA-N,4130,0.34981087013901824,0.3275862068965517,1.3618598247528622,inside,15.654021348729806,inside,True
SR-MMP,NCYVXEGFNDZQCU-UHFFFAOYSA-N,4130,0.459495414146577,0.40476190476190477,1.5246039875451567,inside,14.85272327397134,inside,True
SR-MMP,YAMVZYRZAMBCED-UHFFFAOYSA-N,4130,0.3226749887864251,0.3023255813953488,1.2256552517074233,inside,14.597643247177226,inside,True
SR-MMP,QIJIUJYANDSEKG-UHFFFAOYSA-N,4130,0.33632478632478635,0.2692307692307692,2.721161185278892,inside,10.000521518841197,inside,False
SR-MMP,ZUOUZKKEUPVFJK-UHFFFAOYSA-N,4130,0.4813186813186813,0.42857142857142855,2.6001940535405033,inside,10.389979347832634,inside,True
SR-MMP,WVRNUXJQQFPNMN-UHFFFAOYSA-N,4130,0.347641196013289,0.34285714285714286,2.071923386838637,inside,11.462590461780195,inside,True
SR-MMP,SOROIESOUPGGFO-UHFFFAOYSA-N,4130,0.22194424613292538,0.16666666666666666,4.515369352974138,inside,14.49121757318089,inside,True
SR-MMP,XMBWDFGMSWQBCA-UHFFFAOYSA-N,4130,0.042948051948051943,0.04,4.321609138649158,inside,10.5333030724413,inside,False
SR-MMP,WCYYAQFQZQEUEN-UHFFFAOYSA-N,4130,0.3840241314749324,0.36,1.9664357711765725,inside,16.155061160815183,inside,True
SR-MMP,WHBAYNMEIXUTJV-UHFFFAOYSA-N,4130,0.6482919254658386,0.625,2.6342525715991614,inside,10.76353579227098,inside,False
SR-MMP,GTZCVFVGUGFEME-HNQUOIGGSA-N,4130,0.28197402597402593,0.2727272727272727,3.0017063453536776,inside,10.220216227675467,inside,False
SR-MMP,HMEYVGGHISAPJR-VQCPGFMQSA-N,4130,0.4755236618629361,0.39325842696629215,6.743456799874531,borderline,19.543089476469625,inside,True
SR-MMP,HQYALQRYBUJWDH-UHFFFAOYSA-N,4130,0.42603322603322596,0.37037037037037035,2.4818160569438175,inside,11.457599872136358,inside,False
SR-MMP,VILCJCGEZXAXTO-UHFFFAOYSA-N,4130,0.5345214568040655,0.35714285714285715,3.6468828445950217,inside,10.40085119860253,inside,False
SR-MMP,OGHNVEJMJSYVRP-UHFFFAOYSA-N,4130,0.38947502248759125,0.3472222222222222,4.564888099695641,inside,14.311074088380249,inside,True
SR-MMP,HRQGCQVOJVTVLU-UHFFFAOYSA-N,4130,0.365018315018315,0.3333333333333333,3.2261748643033936,inside,8.979821490653057,inside,False
SR-MMP,URYAFVKLYSEINW-UHFFFAOYSA-N,4130,0.4615973398582094,0.4090909090909091,1.8322824115737144,inside,9.794403901399802,inside,True
SR-MMP,ZLKMOIHCHCMSFW-UHFFFAOYSA-N,4130,0.37249324646432547,0.3448275862068966,1.8989386958315082,inside,12.20060081831207,inside,True
SR-MMP,GYSSRZJIHXQEHQ-UHFFFAOYSA-N,4130,0.3697601480029757,0.35714285714285715,0.8794271880431678,inside,15.028772672781976,inside,True
SR-MMP,BNACJQWJZKPAPV-UHFFFAOYSA-N,4130,0.2707203332364623,0.24324324324324326,1.766607190981305,inside,9.814407025186416,inside,True
SR-MMP,CFRPSFYHXJZSBI-DHZHZOJOSA-N,4130,0.26979020751172655,0.24050632911392406,1.044212206300355,inside,12.701089499188567,inside,True
SR-MMP,OMWSZDODENFLSV-UHFFFAOYSA-N,4130,0.41838299982749694,0.4,1.4062023957378724,inside,12.206249192599529,inside,True
SR-MMP,LKDRXBCSQODPBY-VANKVMQKSA-N,4130,0.25126984126984125,0.2391304347826087,3.9911431398642434,inside,10.6526567953216,inside,True
SR-MMP,ZNRLMGFXSPUZNR-UHFFFAOYSA-N,4130,0.2567505005005005,0.24324324324324326,1.9292846454398207,inside,12.673281667076173,inside,True
SR-MMP,AVUYXHYHTTVPRX-UHFFFAOYSA-N,4130,0.19935915416981337,0.19230769230769232,1.9621356684161946,inside,10.055559129438125,inside,True
SR-MMP,JXZZEXZZKAWDSP-UHFFFAOYSA-N,4130,0.3733590584603511,0.3287671232876712,3.157182809106316,inside,14.265812954144721,inside,True
SR-MMP,IRGDPGYNHSIIJJ-UHFFFAOYSA-N,4130,0.2317186206547909,0.2127659574468085,2.5482941933311993,inside,10.964931307610714,inside,True
SR-MMP,IQQRAVYLUAZUGX-UHFFFAOYSA-N,4130,0.30919117647058825,0.2647058823529412,2.2631449496823026,inside,10.245566887976825,inside,True
SR-MMP,ITMCEJHCFYSIIV-UHFFFAOYSA-N,4130,0.3564883645765999,0.29411764705882354,3.141723280580336,inside,9.734323915405488,inside,False
SR-MMP,ZGNITFSDLCMLGI-UHFFFAOYSA-N,4130,0.2569349875310581,0.23943661971830985,5.490516492295108,inside,20.7106541995498,inside,True
SR-MMP,FEWIGMWODIRUJM-UHFFFAOYSA-N,4130,0.40909610983981687,0.3684210526315789,3.0123330712907386,inside,11.462280295304526,inside,False
SR-MMP,JDXJKLGWPNXSHL-UHFFFAOYSA-N,4130,0.4145703933747412,0.3125,2.545185760884084,inside,11.160614920189829,inside,True
SR-MMP,WDFKMLRRRCGAKS-UHFFFAOYSA-N,4130,0.35096774193548386,0.3333333333333333,1.76546089038865,inside,20.154021787282872,inside,True
SR-MMP,BMKLRPQTYXVGNK-UHFFFAOYSA-N,4130,0.3407450980392157,0.32,2.967986531212756,inside,10.812835494385746,inside,True
SR-MMP,SRRJCDUOSQWHGS-UHFFFAOYSA-N,4130,0.3191637051473117,0.2459016393442623,8.47300220473972,borderline,15.293937022321394,inside,True
SR-MMP,ZZVUWRFHKOJYTH-UHFFFAOYSA-N,4130,0.4211183381722968,0.3548387096774194,1.7626602323726916,inside,10.98548610911234,inside,True
SR-MMP,HSUGRBWQSSZJOP-RTWAWAEBSA-N,4130,0.2848385186598518,0.25862068965517243,3.233624223520371,inside,12.01286889252026,inside,True
SR-MMP,ZLAQATDNGLKIEV-UHFFFAOYSA-N,4130,0.25172413793103454,0.2413793103448276,2.171352436849057,inside,8.871243669121819,inside,True
SR-MMP,JFXBEKISTKFVAB-AJQTZOPKSA-N,4130,0.26535034522839396,0.25925925925925924,8.670523668364037,borderline,13.693667614545483,inside,True
SR-MMP,NRFJZTXWLKPZAV-UHFFFAOYSA-N,4130,0.2678688941846836,0.24242424242424243,2.084344516275687,inside,9.690754355129648,inside,True
SR-MMP,HQVZOORKDNCGCK-UHFFFAOYSA-N,4130,0.3897790285595163,0.35555555555555557,3.1201895477710857,inside,21.964577699855237,inside,True
SR-MMP,AOHJOMMDDJHIJH-UHFFFAOYSA-N,4130,0.4570627927284274,0.3684210526315789,3.4779796642945895,inside,11.808528364222937,inside,False
SR-MMP,ZKWQQXZUCOBISE-QTRVKGKASA-N,4130,0.23404704924423436,0.1839080459770115,11.811078172501645,borderline,29.869201417641744,borderline,True
SR-MMP,WYYQVWLEPYFFLP-UHFFFAOYSA-K,4130,0.5387412587412588,0.38461538461538464,4.123655797674445,inside,9.520026800720094,inside,False
SR-MMP,BEWCNXNIQCLWHP-UHFFFAOYSA-N,4130,0.5454224858896716,0.5161290322580645,1.7272450090268179,inside,17.31867942199018,inside,False
SR-MMP,MCJGNVYPOGVAJF-UHFFFAOYSA-N,4130,0.3976040825740975,0.3103448275862069,2.053968273473085,inside,9.717639669550628,inside,True
SR-MMP,LXNHXLLTXMVWPM-UHFFFAOYSA-N,4130,0.26836857018308635,0.25,2.0448671974857566,inside,9.65488515541043,inside,True
SR-MMP,HWKQNAWCHQMZHK-UHFFFAOYSA-N,4130,0.28956887102667156,0.23809523809523808,4.742599629857449,inside,13.497253058023768,inside,False
SR-MMP,JFJZZMVDLULRGK-URLMMPGGSA-O,4130,0.2659885361664764,0.22448979591836735,8.093192854929548,borderline,15.562256245881288,inside,True
SR-MMP,OYYDSUSKLWTMMQ-JKHIJQBDSA-N,4130,0.42702116787401084,0.39344262295081966,3.364271274389671,inside,14.01282654568782,inside,True
SR-MMP,WEGYGNROSJDEIW-UHFFFAOYSA-N,4130,0.4994944178628389,0.4583333333333333,2.363052601240605,inside,15.332377776411075,inside,True
SR-MMP,HDOUGSFASVGDCS-UHFFFAOYSA-N,4130,0.3968426501035196,0.3333333333333333,2.4337932992457043,inside,12.43197999143027,inside,True
SR-MMP,LFSXCDWNBUNEEM-UHFFFAOYSA-N,4130,0.332586736934563,0.30434782608695654,2.3951526295122014,inside,11.584324556407353,inside,True
SR-MMP,NCKMMSIFQUPKCK-UHFFFAOYSA-N,4130,0.3947121355873728,0.35294117647058826,1.782464580056818,inside,10.348441216809912,inside,True
SR-MMP,QMVPMAAFGQKVCJ-JTQLQIEISA-N,4130,0.5050196078431373,0.4117647058823529,2.29028472669976,inside,11.323875663403395,inside,False
SR-MMP,AYEKOFBPNLCAJY-UHFFFAOYSA-O,4130,0.2504351073762838,0.22857142857142856,4.532995023016916,inside,13.836028355532541,inside,True
SR-MMP,VOIFKEWOFUNPBN-QIUUJYRFSA-N,4130,0.22163076341647772,0.2037037037037037,4.372418400039843,inside,10.043747373640148,inside,True
SR-MMP,LWUDDYHYYNNIQI-ZDUSSCGKSA-N,4130,0.23303947104788617,0.21428571428571427,3.1881359056231258,inside,11.685372403157315,inside,True
SR-MMP,YMGQBWRXNCAABF-UHFFFAOYSA-N,4130,0.2422210349425539,0.2361111111111111,5.4114295882944345,inside,12.888741086475235,inside,True
SR-MMP,NGGMYCMLYOUNGM-CSDLUJIJSA-N,4130,0.20142441305048076,0.19444444444444445,4.03100434547224,inside,13.289108636401352,inside,True
SR-MMP,VVBLNCFGVYUYGU-UHFFFAOYSA-N,4130,0.532570788908951,0.47058823529411764,1.5673000897583615,inside,13.641105700009145,inside,True
SR-MMP,IAHFWCOBPZCAEA-UHFFFAOYSA-N,4130,0.5081060606060606,0.4375,3.0741122895887436,inside,13.837898664214775,inside,False
SR-MMP,SOYCMDCMZDHQFP-UHFFFAOYSA-N,4130,0.36682404329463153,0.35135135135135137,1.3749295065433746,inside,12.97059927991457,inside,True
SR-MMP,QBDSZLJBMIMQRS-UHFFFAOYSA-N,4130,0.5352768060414237,0.4782608695652174,1.7542662475462756,inside,15.937364527665522,inside,True
SR-MMP,COBPKKZHLDDMTB-UHFFFAOYSA-N,4130,0.8555555555555555,0.7619047619047619,2.3343868515221664,inside,12.867499616385402,inside,False
SR-MMP,RHDJRPPFURBGLQ-UHFFFAOYSA-N,4130,0.3283729430788255,0.2972972972972973,1.6045450566891213,inside,16.107028648464947,inside,True
SR-MMP,ISCHOARKJADAKJ-UHFFFAOYSA-N,4130,0.30016333938294004,0.2807017543859649,4.889397567475634,inside,12.53911777901622,inside,True
SR-MMP,OKDGRDCXVWSXDC-UHFFFAOYSA-N,4130,0.3809391124871001,0.3333333333333333,2.862599340380048,inside,9.710834305296085,inside,True
SR-MMP,ZWRUINPWMLAQRD-UHFFFAOYSA-N,4130,1.0,1.0,2.507546515460522,inside,13.11077532408864,inside,False
SR-MMP,QMTNOLKHSWIQBE-KSZLIROESA-N,4130,0.24769521731223856,0.22,1.9447172714081655,inside,11.97011117988463,inside,True
SR-MMP,LXIZRZRTWSDLKK-UHFFFAOYSA-N,4130,0.23283549783549784,0.20833333333333334,7.1991878625704615,borderline,15.581342216793479,inside,True
SR-MMP,BZLVMXJERCGZMT-UHFFFAOYSA-N,4130,0.3976470588235294,0.29411764705882354,3.3131864761794008,inside,11.021417109999113,inside,False
SR-MMP,LVTFSVIRYMXRSR-WUKNDPDISA-N,4130,0.41054141580003645,0.36666666666666664,1.729227062974781,inside,12.085270306008347,inside,True
SR-MMP,OFBIFZUFASYYRE-UHFFFAOYSA-N,4130,0.271161995898838,0.26666666666666666,2.0576407802586627,inside,14.707593749095482,inside,True
SR-MMP,OGBUMNBNEWYMNJ-UHFFFAOYSA-N,4130,0.5331932773109244,0.5294117647058824,4.397067496646098,inside,13.203931853849795,inside,False
SR-MMP,DEIGXXQKDWULML-UHFFFAOYSA-N,4130,0.23082251082251082,0.19047619047619047,4.308678454033151,inside,11.028056021215185,inside,True
SR-MMP,WYKYKTKDBLFHCY-UHFFFAOYSA-N,4130,0.33448052905372677,0.29411764705882354,1.3518021193006748,inside,11.662090102795396,inside,True
SR-MMP,RTYFAKSWXDNPPU-UHFFFAOYSA-N,4130,0.6206896551724138,0.6206896551724138,1.8252615630657427,inside,14.156817242772998,inside,False
SR-MMP,UPOYFZYFGWBUKL-UHFFFAOYSA-N,4130,0.3570204460696821,0.3076923076923077,1.8420307675502983,inside,15.903108146620996,inside,True
SR-MMP,UMNVFYKZOXQOLL-UHFFFAOYSA-N,4130,0.7810344827586206,0.6551724137931034,2.1177250867723103,inside,10.26631476384985,inside,True
SR-MMP,DERZBLKQOCDDDZ-JLHYYAGUSA-N,4130,0.39923922034697296,0.2978723404255319,3.7646781618568577,inside,10.745165505003623,inside,True
SR-MMP,VEFLKXRACNJHOV-UHFFFAOYSA-N,4130,0.5446886446886446,0.42857142857142855,3.171069247000023,inside,10.177445980864103,inside,False
SR-MMP,QAOWNCQODCNURD-UHFFFAOYSA-N,4130,0.5075757575757576,0.4166666666666667,3.5131487781039628,inside,9.33936611923998,inside,False
SR-MMP,GPTXWRGISTZRIO-UHFFFAOYSA-N,4130,0.3212454615277196,0.30303030303030304,1.7198099153715813,inside,16.323038362016874,inside,True
SR-MMP,HFACYLZERDEVSX-UHFFFAOYSA-N,4130,0.5454545454545455,0.5,1.904597921404845,inside,10.356306377940399,inside,True
SR-MMP,QEVGZEDELICMKH-UHFFFAOYSA-N,4130,0.4376726342710997,0.375,2.7407656708903296,inside,9.34742059679254,inside,False
SR-MMP,KWIUHFFTVRNATP-UHFFFAOYSA-N,4130,0.4121345029239766,0.3157894736842105,3.146858006829539,inside,10.590509526000336,inside,False
SR-MMP,JPZOAVGMSDSWSW-UHFFFAOYSA-N,4130,0.37920653907496005,0.3181818181818182,2.0671918936718816,inside,9.771141705502089,inside,True
SR-MMP,SWEICGMKXPNXNU-UHFFFAOYSA-N,4130,0.34909992584352983,0.3125,2.1950217932399316,inside,12.602039226992174,inside,True
SR-MMP,PIEXCQIOSMOEOU-UHFFFAOYSA-N,4130,0.23787981084532808,0.20689655172413793,1.9518420635617284,inside,10.247697553631518,inside,True
SR-MMP,TWBPWBPGNQWFSJ-UHFFFAOYSA-N,4130,0.39170568561872915,0.38461538461538464,1.9309710045716932,inside,11.458967347695397,inside,True
SR-MMP,WXPWZZHELZEVPO-UHFFFAOYSA-N,4130,0.5220209339774557,0.4782608695652174,1.9611023109086,inside,10.484552577617912,inside,True
SR-MMP,YCBRTSYWJMECAH-UHFFFAOYSA-N,4130,0.7466666666666667,0.5333333333333333,6.339812852445208,borderline,16.30179455528998,inside,False
SR-MMP,UIMOJFJSJSIGLV-JNHMLNOCSA-N,4130,0.29992465458334583,0.21359223300970873,7.291573639689141,borderline,18.126762411567633,inside,True
SR-MMP,XIAHSJTUQAWUAW-UHFFFAOYSA-N,4130,0.52,0.4,2.4366897007405264,inside,12.096545895263004,inside,True
SR-MMP,MJVGBKJNTFCUJM-UHFFFAOYSA-N,4130,0.40755166931637526,0.38235294117647056,1.1084669299191623,inside,11.068870588891143,inside,True
SR-MMP,RVYGVBZGSFLJKH-UHFFFAOYSA-N,4130,0.5959246088193456,0.575,1.2940350114296049,inside,13.414003825181071,inside,True
SR-MMP,QAHFOPIILNICLA-UHFFFAOYSA-N,4130,0.4293906810035842,0.4074074074074074,1.6793945230564475,inside,10.214169399336738,inside,True
SR-MMP,YBROOZNJUDHTGE-QINSGFPZSA-N,4130,0.40397074456775944,0.2222222222222222,4.147114103796179,inside,15.944832386817223,inside,True
SR-MMP,CTSLUCNDVMMDHG-UHFFFAOYSA-N,4130,0.21900252525252525,0.2,1.0771985468236722,inside,10.092402915594132,inside,True
SR-MMP,JZRWCGZRTZMZEH-UHFFFAOYSA-N,4130,0.298942141303206,0.2542372881355932,1.5453093005430047,inside,13.731136189112611,inside,True
SR-MMP,QFMDFTQOJHFVNR-UHFFFAOYSA-N,4130,0.42985474295819126,0.3793103448275862,2.7608522211660813,inside,11.397663213518674,inside,True
SR-MMP,DECIPOUIJURFOJ-UHFFFAOYSA-N,4130,0.33320138545274613,0.32558139534883723,1.294265759017769,inside,12.69510808688511,inside,True
SR-MMP,MDNWOSOZYLHTCG-UHFFFAOYSA-N,4130,0.48634391534391536,0.42857142857142855,1.5377703638530982,inside,14.648696569927358,inside,True
SR-MMP,DGMPVYSXXIOGJY-UHFFFAOYSA-N,4130,0.4164171122994652,0.4,1.1773165358510493,inside,9.961506675747119,inside,True
SR-MMP,YEYKMVJDLWJFOA-UHFFFAOYSA-N,4130,0.7785087719298246,0.6666666666666666,2.8147919622038833,inside,12.75734554940493,inside,False
SR-MMP,XHVAWZZCDCWGBK-BMZZJELJSA-M,4130,0.42452935694315,0.4,3.9257047865382675,inside,15.452646736980236,inside,True
SR-MMP,IDQBJILTOGBZCR-UHFFFAOYSA-N,4130,0.5047619047619047,0.41935483870967744,2.4077808882984812,inside,11.119998132981236,inside,False
SR-MMP,RJMUSRYZPJIFPJ-UHFFFAOYSA-N,4130,0.42520045172219084,0.4,1.9308393794149554,inside,20.177927282076013,inside,True
SR-MMP,OGHBUHJLMHQMHS-KRDNBFTESA-N,4130,0.5696707454911789,0.45714285714285713,2.1265439741577414,inside,13.970011184559992,inside,False
SR-MMP,YYPNJNDODFVZLE-UHFFFAOYSA-N,4130,0.3872549019607843,0.35294117647058826,2.9305595490147516,inside,9.470565437218413,inside,False
SR-MMP,ZDASUJMDVPTNTF-UHFFFAOYSA-N,4130,0.32092063492063494,0.28,1.7549387034587907,inside,13.014341725448375,inside,True
SR-MMP,LNBQBURECUEBKZ-UHFFFAOYSA-N,4130,0.43,0.3888888888888889,2.611829277145992,inside,9.968005766524854,inside,False
SR-MMP,OZWKMVRBQXNZKK-LLVKDONJSA-N,4130,0.3104993901711305,0.2894736842105263,1.4006105321398323,inside,11.994644160651806,inside,True
SR-MMP,NJMWOUFKYKNWDW-UHFFFAOYSA-N,4130,0.2631541218637993,0.1935483870967742,2.7333220246279932,inside,10.13940307890178,inside,True
SR-MMP,VHLLJTHDWPAQEM-UHFFFAOYSA-N,4130,0.467304412309974,0.3870967741935484,1.6233067428266996,inside,16.282520473934945,inside,True
SR-MMP,DUCVQKMNGSZPAV-ZHACJKMWSA-N,4130,0.7096296296296296,0.7037037037037037,2.56930837289489,inside,14.445785196129568,inside,False
SR-MMP,JZXRLKWWVNUZRB-UHFFFAOYSA-N,4130,0.3007345834462047,0.2926829268292683,1.481362068091743,inside,11.161454309633834,inside,True
SR-MMP,JVWOCHRRAWHKLT-UHFFFAOYSA-N,4130,0.510865359276919,0.46153846153846156,1.173524864685475,inside,17.803777408209022,inside,True
SR-MMP,YLUSMKAJIQOXPV-UHFFFAOYSA-N,4130,0.32566736489317133,0.22727272727272727,1.64270016287041,inside,10.795487120670307,inside,True
SR-MMP,NEMNPWINWMHUMR-UHFFFAOYSA-N,4130,0.33588788244936585,0.3018867924528302,4.660423267464019,inside,40.11205909151235,outside,True
SR-MMP,GAWOVNGQYQVFLI-UHFFFAOYSA-N,4130,0.42144898093016475,0.3695652173913043,1.8662921267246233,inside,18.775042587065887,inside,True
SR-MMP,PXKLMJQFEQBVLD-UHFFFAOYSA-N,4130,0.5352511714067778,0.4782608695652174,1.477775022374901,inside,11.465112781388566,inside,True
SR-MMP,NUIURNJTPRWVAP-UHFFFAOYSA-N,4130,0.5501927766275592,0.48148148148148145,1.8141545062052655,inside,9.697797017341342,inside,True
SR-MMP,ZZLCFHIKESPLTH-UHFFFAOYSA-N,4130,0.4878849902534113,0.4,2.52127265812579,inside,10.285450413513201,inside,True
SR-MMP,WJJMNDUMQPNECX-UHFFFAOYSA-N,4130,0.4139262187088274,0.4,1.8740406765732163,inside,12.091195560509611,inside,True
SR-MMP,XBPCUCUWBYBCDP-UHFFFAOYSA-N,4130,0.40299465240641713,0.35294117647058826,2.1706130833903123,inside,9.962599378010742,inside,True
SR-MMP,GXFRQLQUKBSYQL-UHFFFAOYSA-N,4130,0.3046209273182957,0.28125,1.4730825456067016,inside,9.94517291049527,inside,True
SR-MMP,XUYJLQHKOGNDPB-UHFFFAOYSA-N,4130,0.3562745098039216,0.3333333333333333,3.1409215921687568,inside,11.575152721400476,inside,False
SR-MMP,DMVOXQPQNTYEKQ-UHFFFAOYSA-N,4130,0.5064035087719299,0.4,1.9375586399242088,inside,11.899748415803138,inside,True
SR-MMP,KGRVJHAUYBGFFP-UHFFFAOYSA-N,4130,0.4810987208008899,0.40625,2.6943986993696685,inside,20.231744160214152,inside,True
SR-MMP,NJWIMFZLESWFIM-UHFFFAOYSA-N,4130,0.382053219422035,0.2962962962962963,2.6070983425203713,inside,9.895105628312292,inside,True
SR-MMP,CNQCWYFDIQSALX-UHFFFAOYSA-N,4130,0.3675029491068419,0.3333333333333333,2.6070983425203713,inside,10.923432107460048,inside,True
SR-MMP,XUFXOAAUWZOOIT-SXARVLRPSA-N,4130,0.2973270666432439,0.24050632911392406,13.343819432131873,outside,16.44544020239041,inside,True
SR-MMP,OHJMTUPIZMNBFR-UHFFFAOYSA-N,4130,0.45546366676801453,0.391304347826087,3.729666779955932,inside,10.812997584835223,inside,False
SR-MMP,RUOJZAUFBMNUDX-UHFFFAOYSA-N,4130,0.3527040753127709,0.2962962962962963,2.8857284338057063,inside,11.451986451135285,inside,True
SR-MMP,SECKRCOLJRRGGV-UHFFFAOYSA-N,4130,0.21969280672543104,0.20512820512820512,5.241337686253758,inside,17.60282093572551,inside,True
SR-MMP,ZZXUZKXVROWEIF-UHFFFAOYSA-N,4130,0.3431472359058566,0.3055555555555556,2.62058466718117,inside,10.364715044398029,inside,True
SR-MMP,YIOCIFXUGBYCJR-UHFFFAOYSA-N,4130,0.437491935483871,0.3870967741935484,1.6229419759023078,inside,10.599427564715032,inside,True
SR-MMP,ACPOUJIDANTYHO-UHFFFAOYSA-N,4130,0.3451737451737452,0.32432432432432434,2.507502391129168,inside,16.837403841950135,inside,True
SR-MMP,SJYFDORQYYEJLB-UHFFFAOYSA-N,4130,0.40312236073105634,0.3472222222222222,2.472426138534499,inside,13.408088817748128,inside,True
SR-MMP,WRCHFMBCVFFYEQ-UHFFFAOYSA-N,4130,0.3277940797940798,0.3142857142857143,1.5576156672431067,inside,12.395863695358646,inside,True
SR-MMP,WKEDVNSFRWHDNR-UHFFFAOYSA-N,4130,0.5212573052951252,0.4827586206896552,1.341206391402048,inside,11.941823603375083,inside,True
SR-MMP,IWRVPXDHSLTIOC-NXVVXOECSA-N,4130,0.34799094510469725,0.3333333333333333,1.7320504757997832,inside,13.752472906388892,inside,True
SR-MMP,QTBSBXVTEAMEQO-UHFFFAOYSA-N,4130,0.5033333333333333,0.4166666666666667,3.4950240831941866,inside,10.326467460653111,inside,False
SR-MMP,NBZBKCUXIYYUSX-UHFFFAOYSA-N,4130,0.4397058823529411,0.4117647058823529,2.978404728129291,inside,11.465372749157446,inside,False
SR-MMP,VHHHONWQHHHLTI-UHFFFAOYSA-N,4130,0.4,0.375,3.186747952648748,inside,10.23234152994792,inside,False
SR-MMP,HJHUXWBTVVFLQI-UHFFFAOYSA-N,4130,0.48242481203007515,0.42857142857142855,2.9008374004973643,inside,11.990192247419161,inside,False
SR-MMP,UYXAWHWODHRRMR-UHFFFAOYSA-N,4130,0.22202722541137604,0.21052631578947367,1.2279137009353045,inside,17.913566584766734,inside,True
SR-MMP,ZGSDGGRVFIYKKE-OXQOHEQNSA-N,4130,0.27997524686486824,0.22535211267605634,3.009997868008048,inside,11.034833554693078,inside,True
SR-MMP,NBQCNZYJJMBDKY-UHFFFAOYSA-N,4130,0.2014298431067097,0.18181818181818182,1.5009246036692236,inside,13.59860658875352,inside,True
SR-MMP,WHUUTDBJXJRKMK-VKHMYHEASA-N,4130,0.522092547092547,0.43243243243243246,2.96940830928951,inside,12.841297186098775,inside,False
SR-MMP,OKJFKPFBSPZTAH-UHFFFAOYSA-N,4130,0.4479604027991124,0.3870967741935484,1.615064897821117,inside,18.008452045518272,inside,True
SR-MMP,DDTBPAQBQHZRDW-UHFFFAOYSA-N,4130,0.6,0.3333333333333333,2.9517245568242596,inside,10.289390125172417,inside,True
SR-MMP,VQDBNKDJNJQRDG-UHFFFAOYSA-N,4130,0.40379843875800747,0.32075471698113206,2.0223852116798664,inside,12.804082748480997,inside,True
SR-MMP,FLOWINGPRFZLET-UHFFFAOYSA-N,4130,0.2733333333333333,0.16666666666666666,4.134156941896504,inside,10.376535513220356,inside,False
SR-MMP,GVYLCNUFSHDAAW-UHFFFAOYSA-N,4130,0.1569411112514561,0.125,4.572758122224801,inside,10.745641545958804,inside,True
SR-MMP,HWGBHCRJGXAGEU-UHFFFAOYSA-N,4130,0.25519090630652497,0.2413793103448276,2.2072973206867683,inside,9.575861045279852,inside,True
SR-MMP,KYPYTERUKNKOLP-UHFFFAOYSA-N,4130,0.4216666666666667,0.375,2.430484750772771,inside,22.267821363819316,inside,True
SR-MMP,OGBPILLJZSJJRC-UHFFFAOYSA-N,4130,0.396850613154961,0.375,1.5300269455623314,inside,10.013163424336284,inside,True
SR-MMP,IENZQIKPVFGBNW-UHFFFAOYSA-N,4130,0.3513773710195799,0.2714285714285714,3.9525797064329278,inside,12.726347249854205,inside,True
SR-MMP,YFNKIDBQEZZDLK-UHFFFAOYSA-N,4130,0.6779545454545455,0.6,2.4675858423375905,inside,9.138637556571968,inside,False
SR-MMP,POZRVZJJTULAOH-LHZXLZLDSA-N,4130,0.46572815103839915,0.41935483870967744,2.995784915357578,inside,15.475461226194849,inside,True
SR-MMP,STQGQHZAVUOBTE-VGBVRHCVSA-N,4130,0.2271530955771855,0.2112676056338028,6.8353610051796085,borderline,19.8051364382307,inside,True
SR-MMP,OCSHTBUKRNOLMC-UHFFFAOYSA-N,4130,0.22086287619423417,0.21176470588235294,5.205153813448097,inside,13.503674932160374,inside,True
SR-MMP,NBNTWDUNCHRWMT-UHFFFAOYSA-N,4130,0.3995545717723137,0.34375,2.5512212162780434,inside,11.930589914145846,inside,True
SR-MMP,WFSGQBNCVASPMW-UHFFFAOYSA-N,4130,0.45897214344794995,0.4230769230769231,2.5614988083086994,inside,10.774477899406845,inside,False
SR-MMP,LGDFHDKSYGVKDC-UHFFFAOYSA-N,4130,0.35151964799023616,0.3090909090909091,1.6776169144501862,inside,12.454129841744425,inside,True
SR-MMP,ZFVMWEVVKGLCIJ-UHFFFAOYSA-N,4130,0.44024614676788587,0.39285714285714285,1.9015710512733266,inside,17.893547553462163,inside,True
SR-MMP,UQQYIAVMUUJWGX-UHFFFAOYSA-N,4130,0.41513440860215056,0.34375,2.281900977185179,inside,14.576276175435078,inside,True
SR-MMP,XPAQFJJCWGSXGJ-UHFFFAOYSA-N,4130,0.4921017791985534,0.41935483870967744,2.1159493760619674,inside,14.326383928742159,inside,True
SR-MMP,FHIVAFMUCKRCQO-UHFFFAOYSA-N,4130,0.335455896047029,0.28888888888888886,1.6649138718155883,inside,15.658156935746433,inside,True
SR-MMP,PQKBPHSEKWERTG-LLVKDONJSA-N,4130,0.34600780528270586,0.288135593220339,3.1379243936725874,inside,16.952723775320695,inside,True
SR-MMP,MEFQWPUMEMWTJP-UHFFFAOYSA-N,4130,0.3187894884314322,0.30434782608695654,1.289933092376165,inside,12.374597018508966,inside,True
SR-MMP,ZEMGGZBWXRYJHK-UHFFFAOYSA-N,4130,0.25674077733860345,0.21875,2.469946227440103,inside,10.90483537515616,inside,True
SR-MMP,JAWNWEKHDFBPSG-UHFFFAOYSA-N,4130,0.30715240060067645,0.2962962962962963,2.0198910623493167,inside,16.062932913784373,inside,True
SR-MMP,UQDUPQYQJKYHQI-UHFFFAOYSA-N,4130,0.9138461538461538,0.7692307692307693,2.4205107596537534,inside,11.842334295461933,inside,False
SR-MMP,ZMZDMBWJUHKJPS-UHFFFAOYSA-N,4130,0.28787878787878785,0.25,3.588901468454333,inside,13.064228284363583,inside,False
SR-MMP,YQFWGCSKGJMGHE-UHFFFAOYSA-N,4130,0.49658534985900715,0.21739130434782608,2.7894643428655588,inside,14.571116176488287,inside,True
SR-MMP,CYGPPWVXOWCHJB-UHFFFAOYSA-N,4130,0.47380069645724293,0.4,2.1870702463931453,inside,13.168727352419628,inside,False
SR-MMP,AHXGXXJEEHFHDK-UHFFFAOYSA-N,4130,0.36498327759197324,0.34615384615384615,3.880404772459675,inside,16.4750876238446,inside,True
SR-MMP,OMOMUFTZPTXCHP-UHFFFAOYSA-N,4130,0.40885093167701864,0.3333333333333333,2.3670069081443996,inside,10.292698737875376,inside,False
SR-MMP,XSQUKJJJFZCRTK-UHFFFAOYSA-N,4130,0.4318181818181818,0.4166666666666667,3.791797504906957,inside,8.932595483882611,inside,False
SR-MMP,ISAKRJDGNUQOIC-UHFFFAOYSA-N,4130,0.24246198962327994,0.22580645161290322,2.6384419071149328,inside,9.254501330604544,inside,True
SR-MMP,FENFUOGYJVOCRY-UHFFFAOYSA-N,4130,0.5162907268170426,0.4166666666666667,2.602697183894623,inside,14.272864803853357,inside,False
SR-MMP,XMVBHZBLHNOQON-UHFFFAOYSA-N,4130,0.6250797448165869,0.45454545454545453,2.4832625416244536,inside,12.466481230108435,inside,False
SR-MMP,QDUIJCOKQCCXQY-HEOFFLBTSA-N,4130,0.40982730348506546,0.3490566037735849,7.1642339782056474,borderline,22.803288486774196,inside,True
SR-MMP,DASYMCLQENWCJG-VCUHZILTSA-N,4130,0.406493646924602,0.32967032967032966,5.669454891880421,inside,18.259071832607436,inside,True
SR-MMP,BCTQJXQXJVLSIG-UHFFFAOYSA-N,4130,0.40958258795468094,0.38461538461538464,1.5141407349108587,inside,18.01888023789691,inside,True
SR-MMP,PCSWXVJAIHCTMO-UHFFFAOYSA-P,4130,0.2722920769580367,0.2608695652173913,5.458052115724986,inside,10.151843712638362,inside,True
SR-MMP,HTKFORQRBXIQHD-UHFFFAOYSA-N,4130,0.3466666666666667,0.2857142857142857,2.8578686273839384,inside,11.27898257922255,inside,False
SR-MMP,UBWXUGDQUBIEIZ-QNTYDACNSA-N,4130,0.5495570262885836,0.4666666666666667,3.8384220682514996,inside,18.683373506402386,inside,True
SR-MMP,FFNVQNRYTPFDDP-UHFFFAOYSA-N,4130,0.36604156712852365,0.3076923076923077,2.642014226217627,inside,10.786712103538752,inside,True
SR-MMP,SODJJEXAWOSSON-UHFFFAOYSA-N,4130,0.44066160840354385,0.41935483870967744,1.3398092209965986,inside,10.692034640060946,inside,True
SR-MMP,CJFLBOQMPJCWLR-UHFFFAOYSA-N,4130,0.7140229885057471,0.6206896551724138,4.118435806141255,inside,16.31070904521256,inside,False
SR-MMP,DXYYSGDWQCSKKO-UHFFFAOYSA-N,4130,0.3564761904761905,0.28,2.3898867801598596,inside,12.1721545968973,inside,True
SR-MMP,WVDDUSFOSWWJJH-UHFFFAOYSA-N,4130,0.27005578093306287,0.20588235294117646,2.4788440552516957,inside,11.555918368108571,inside,True
SR-MMP,VHYFNPMBLIVWCW-UHFFFAOYSA-N,4130,0.4880047712865051,0.42105263157894735,2.386035509966726,inside,11.76327785496102,inside,True
SR-MMP,OKISUZLXOYGIFP-UHFFFAOYSA-N,4130,0.5283333333333333,0.45,2.038755525281647,inside,10.19774050935239,inside,True
SR-MMP,LDVVBLGHGCHZBJ-UHFFFAOYSA-N,4130,0.3407450980392157,0.32,2.0960468715533676,inside,10.812835494385746,inside,True
SR-MMP,DETXZQGDWUJKMO-UHFFFAOYSA-N,4130,0.442483660130719,0.3888888888888889,3.3142969441167427,inside,9.702591903317341,inside,False
SR-MMP,DZDVMKLYUKZMKK-UHFFFAOYSA-N,4130,0.41196969696969693,0.36363636363636365,2.4090553067309926,inside,9.745233556165003,inside,False
SR-MMP,ZRDYULMDEGRWRC-UHFFFAOYSA-N,4130,0.3934729064039409,0.375,2.2714412149453618,inside,17.22519330001117,inside,True
SR-MMP,KVSKGMLNBAPGKH-UHFFFAOYSA-N,4130,0.38808420353411865,0.3157894736842105,2.3272704959863852,inside,27.620171603483673,borderline,True
SR-MMP,XREUEWVEMYWFFA-CSKJXFQVSA-N,4130,0.2687056269436132,0.25,7.055749551348354,borderline,19.97249160050072,inside,True
SR-MMP,DFDGRKNOFOJBAJ-UHFFFAOYSA-N,4130,0.3005961564101099,0.2972972972972973,0.8894946235433353,inside,11.53884606208874,inside,True
SR-MMP,IVVNZDGDKPTYHK-UHFFFAOYSA-N,4130,0.22665247752095094,0.22,0.8751147806427658,inside,13.447029314277044,inside,True
SR-MMP,CXVGEDCSTKKODG-UHFFFAOYSA-N,4130,0.34976718403547674,0.3409090909090909,1.8676610393339317,inside,13.738017176473598,inside,True
SR-MMP,CLKOFPXJLQSYAH-YBVXDRQKSA-N,4130,0.29823723860812035,0.28654970760233917,25.10288464331063,outside,35.89832742542959,borderline,True
SR-MMP,JXTHNDFMNIQAHM-UHFFFAOYSA-N,4130,0.4688888888888888,0.4,2.9006696355838995,inside,8.916217692042864,inside,False
SR-MMP,PFRGXCVKLLPLIP-UHFFFAOYSA-N,4130,0.3810457516339869,0.29411764705882354,2.730559222350489,inside,9.948498033200705,inside,False
SR-MMP,XOKMRXSMOHCNIX-UHFFFAOYSA-N,4130,0.284304123598025,0.2727272727272727,2.12396213001564,inside,17.082018451060183,inside,True
SR-MMP,MKLKDUHMZCIBSJ-UHFFFAOYSA-N,4130,0.38957338957338955,0.37037037037037035,2.505618328745029,inside,10.207555905001147,inside,False
SR-MMP,VADSDVGLFDVIMG-UHFFFAOYSA-N,4130,0.509090909090909,0.5,2.3389322067928684,inside,13.986090069636527,inside,True
SR-MMP,YOJKKXRJMXIKSR-UHFFFAOYSA-N,4130,0.5217391304347826,0.5,1.6013662207913582,inside,13.495103618039952,inside,True
SR-MMP,WQABCVAJNWAXTE-UHFFFAOYSA-N,4130,0.32333864965443915,0.25,2.9757724651362083,inside,15.176530815534441,inside,False
SR-MMP,DMULVCHRPCFFGV-UHFFFAOYSA-N,4130,0.3613850585279157,0.28888888888888886,1.586653555400276,inside,12.133494883000425,inside,True
SR-MMP,LSSUMOWDTKZHHT-UHFFFAOYSA-N,4130,0.36182134534005106,0.32558139534883723,1.5283120161702193,inside,11.847581380396838,inside,True
SR-MMP,NNOPDLNHPOLRRE-UHFFFAOYSA-N,4130,0.3308858739275536,0.30357142857142855,3.1563824064187562,inside,13.871120015755837,inside,True
SR-MMP,DNBPMBJFRRVTSJ-UHFFFAOYSA-N,4130,0.3148486234189257,0.2692307692307692,1.566027338351372,inside,11.869312987544935,inside,True
SR-MMP,QVDSEJDULKLHCG-UHFFFAOYSA-N,4130,0.2973180576578457,0.2708333333333333,1.698723270480394,inside,12.942321559312147,inside,True
SR-MMP,IQXXEPZFOOTTBA-UHFFFAOYSA-N,4130,0.3769608364345206,0.36666666666666664,1.6746019915602852,inside,10.081508848652131,inside,True
SR-MMP,YEJCDKJIEMIWRQ-UHFFFAOYSA-N,4130,0.28427300257841726,0.2619047619047619,4.457619020108851,inside,12.282542383286614,inside,True
SR-MMP,LLEMOWNGBBNAJR-UHFFFAOYSA-N,4130,0.42159420289855076,0.391304347826087,1.9755775795197663,inside,13.564327020340412,inside,True
SR-MMP,DNDPLEAVNVOOQZ-UHFFFAOYSA-N,4130,0.3078836797877046,0.2631578947368421,2.3777346240709507,inside,10.159825895663484,inside,True
SR-MMP,LWRBVKNFOYUCNP-UHFFFAOYSA-N,4130,0.2987970743853097,0.29411764705882354,1.210181592274758,inside,10.886329580013868,inside,True
SR-MMP,BSHWLCACYCVCJE-UHFFFAOYSA-N,4130,0.412765543426673,0.3673469387755102,3.116498322535318,inside,16.10755693288266,inside,True
SR-MMP,UDCIYVVYDCXLSX-UHFFFAOYSA-N,4130,0.45323393351562363,0.19718309859154928,2.5831064153189427,inside,15.239100745321734,inside,True
SR-MMP,WGMYEOIMVYADRJ-UHFFFAOYSA-N,4130,0.2958616149463122,0.27586206896551724,1.8106301306726493,inside,14.477289262332535,inside,True
SR-MMP,QIVBCDIJIAJPQS-SECBINFHSA-N,4130,0.3508559089549627,0.3103448275862069,1.895286938217206,inside,11.892467954186786,inside,True
SR-MMP,HTQNYBBTZSBWKL-UHFFFAOYSA-N,4130,0.3963201911589008,0.3870967741935484,1.6119400084887827,inside,10.839482737767085,inside,True
SR-MMP,WRFZKAGPPQGDDQ-UHFFFAOYSA-N,4130,0.9545454545454547,0.9545454545454546,2.2571607547954136,inside,14.736137446039459,inside,False
SR-MMP,XJHRZBIBSSVCEL-ARJAWSKDSA-N,4130,0.5549050949050949,0.46153846153846156,2.403056847183597,inside,12.652324176115057,inside,False
SR-MMP,XCWPUUGSGHNIDZ-UHFFFAOYSA-N,4130,0.30812807125980285,0.2857142857142857,3.46058057129678,inside,14.54419588847845,inside,True
SR-MMP,FDAYLTPAFBGXAB-UHFFFAOYSA-N,4130,0.3352272727272727,0.3125,2.56142998978786,inside,11.465945248411069,inside,False
SR-MMP,NIHOUJYFWMURBG-UHFFFAOYSA-N,4130,0.38705982905982905,0.24,2.9825188025535168,inside,13.57788266949757,inside,True
SR-MMP,PXELHGDYRQLRQO-UHFFFAOYSA-N,4130,0.5104708411344567,0.30434782608695654,2.632488985495438,inside,13.993416744081996,inside,True
SR-MMP,WXMVWUBWIHZLMQ-UHFFFAOYSA-N,4130,0.3407450980392157,0.32,1.9112678757049097,inside,10.812835494385746,inside,True
SR-MMP,ZBJWWKFMHOAPNS-UHFFFAOYSA-N,4130,0.30560353211187613,0.2894736842105263,1.7144324850902901,inside,12.95795473843595,inside,True
SR-MMP,NYPJDWWKZLNGGM-UHFFFAOYSA-N,4130,0.4850327901430843,0.3918918918918919,4.08568079598335,inside,16.648890218152612,inside,True
SR-MMP,DWFZBUWUXWZWKD-UHFFFAOYSA-N,4130,0.267104031178525,0.25,2.6107190630265453,inside,13.1968331346066,inside,True
SR-MMP,KGBXLFKZBHKPEV-UHFFFAOYSA-N,4130,0.13412698412698412,0.1111111111111111,3.908747827926036,inside,9.005263407323763,inside,False
SR-MMP,FEWJPZIEWOKRBE-JCYAYHJZSA-N,4130,0.43324675324675327,0.4,3.683002873113744,inside,10.807760649357098,inside,False
SR-MMP,LPMXVESGRSUGHW-HBYQJFLCSA-N,4130,0.31715234988891167,0.2184873949579832,8.327613863972951,borderline,17.90779422329323,inside,True
SR-MMP,AOJJSUZBOXZQNB-TZSSRYMLSA-N,4130,0.23398250055008182,0.21686746987951808,7.55696030331793,borderline,19.43788939698299,inside,True
SR-MMP,CUYKNJBYIJFRCU-UHFFFAOYSA-N,4130,0.3507769423558897,0.3142857142857143,2.6892315388840564,inside,12.589673048659959,inside,True
SR-MMP,FPGCYQVKNKEGRQ-SXLQGMKLSA-N,4130,0.6187865513599773,0.36585365853658536,3.8959178053082035,inside,23.90914584049554,inside,True
SR-MMP,CFXQEHVMCRXUSD-UHFFFAOYSA-N,4130,0.5013986013986014,0.35714285714285715,3.1687096310684075,inside,11.657336858093217,inside,False
SR-MMP,AFCAKJKUYFLYFK-UHFFFAOYSA-N,4130,0.49566903684550745,0.42857142857142855,3.879185029542824,inside,12.109958637156126,inside,False
SR-MMP,GSCCALZHGUWNJW-UHFFFAOYSA-N,4130,0.34909011659583744,0.30434782608695654,2.2980160261087543,inside,10.756739894364577,inside,True
SR-MMP,ORLGLBZRQYOWNA-UHFFFAOYSA-N,4130,0.3596432552954292,0.3333333333333333,2.458131447442868,inside,10.193887015611939,inside,True
SR-MMP,LNLFLMCWDHZINJ-UHFFFAOYSA-N,4130,0.42747035573122527,0.375,2.0279954184608813,inside,11.356335229259935,inside,False
SR-MMP,QLFZZSKTJWDQOS-PKPCRRNFSA-N,4130,0.23583130143962894,0.1917808219178082,11.642980449968984,borderline,34.06028186608039,borderline,True
SR-MMP,WYVVKGNFXHOCQV-UHFFFAOYSA-N,4130,0.4054411764705882,0.35294117647058826,1.6294991452015124,inside,12.990858938796533,inside,False
SR-MMP,GKGOLPMYJJXRGD-UHFFFAOYSA-N,4130,0.2805400000756038,0.2564102564102564,2.377438847190529,inside,11.217174591748094,inside,True
SR-MMP,PBUNVLRHZGSROC-VTIMJTGVSA-N,4130,0.3720216274157445,0.26851851851851855,6.768290543215451,borderline,19.95386393801938,inside,True
SR-MMP,SCGZIPCHOAVGCL-UHFFFAOYSA-N,4130,0.3113234591495461,0.2857142857142857,4.836615094401966,inside,13.504452505365778,inside,True
SR-MMP,QARBMVPHQWIHKH-UHFFFAOYSA-N,4130,0.3747008547008547,0.3,3.3874255719807542,inside,9.550011106480959,inside,False
SR-MMP,DMUAPQTXSSNEDD-LDWAKBATSA-N,4130,0.3060264169005581,0.22388059701492538,10.207113286353666,borderline,18.477167555490176,inside,True
SR-MMP,XFRVVPUIAFSTFO-UHFFFAOYSA-N,4130,1.0,1.0,2.699607705209267,inside,13.11077532408864,inside,False
SR-MMP,LOYDTBZMMPQJNI-UHFFFAOYSA-N,4130,0.22873196065814874,0.20833333333333334,1.9794308365188653,inside,9.702057157387493,inside,True
SR-MMP,ROWKJAVDOGWPAT-UHFFFAOYSA-N,4130,0.47752136752136753,0.4166666666666667,3.098897253819658,inside,9.730303751266776,inside,False
SR-MMP,RJIWZDNTCBHXAL-UHFFFAOYSA-N,4130,0.40384403786200956,0.38461538461538464,1.560710454090805,inside,12.691057400102057,inside,True
SR-MMP,YTBNTDMBGXAOCG-UHFFFAOYSA-N,4130,0.37875514729173265,0.35714285714285715,1.101739052494226,inside,11.40772964163841,inside,True
SR-MMP,CHYBTAZWINMGHA-UHFFFAOYSA-N,4130,0.6684550743374272,0.6153846153846154,8.020089027348995,borderline,12.33878296513314,inside,False
SR-MMP,LVASCWIMLIKXLA-LSDHHAIUSA-N,4130,0.19698894003903517,0.1927710843373494,2.6603795390041673,inside,11.746057194362002,inside,True
SR-MMP,XVQUOJBERHHONY-UHFFFAOYSA-N,4130,0.46459330143540667,0.3684210526315789,2.4168299376654545,inside,11.433354476721075,inside,False
SR-MMP,MSHZHSPISPJWHW-UVZSRJMISA-N,4130,0.19943900429459932,0.19402985074626866,2.7387575925212264,inside,12.751423356797105,inside,True
SR-MMP,BLGXFZZNTVWLAY-SCYLSFHTSA-N,4130,0.34362623552710414,0.30864197530864196,3.0729464949047296,inside,13.674473292056051,inside,True
SR-MMP,WCXDHFDTOYPNIE-UHFFFAOYSA-N,4130,0.2683426651735722,0.2127659574468085,1.1088279608807448,inside,11.935082273080535,inside,True
SR-MMP,OLZQTUCTGLHFTQ-UHFFFAOYSA-N,4130,0.30366112092201875,0.29310344827586204,2.1237684607709886,inside,12.6686651628532,inside,True
SR-MMP,JQSHBVHOMNKWFT-UHFFFAOYSA-N,4130,0.2135374254656331,0.2,1.9667757799274543,inside,10.988120151420299,inside,True
SR-MMP,OEQQFQXMCPMEIH-UHFFFAOYSA-N,4130,0.31687830687830687,0.2962962962962963,1.8272986242020943,inside,11.649063698082921,inside,True
SR-MMP,GJGHBJCMOWRRSZ-UHFFFAOYSA-N,4130,0.275,0.25,3.1870242364472166,inside,10.362686015456612,inside,False
SR-MMP,IMWZZHHPURKASS-UHFFFAOYSA-N,4130,0.25641390018289717,0.23404255319148937,0.8096461974100884,inside,10.084605441443603,inside,True
SR-MMP,GLZPCOQZEFWAFX-YFHOEESVSA-N,4130,0.5073286713286713,0.48,2.2859339266843315,inside,14.213468587263936,inside,False
SR-MMP,JRBJSXQPQWSCCF-UHFFFAOYSA-N,4130,0.4926772486772487,0.4642857142857143,1.5345943593956834,inside,9.689129533223682,inside,True
SR-MMP,ULQISTXYYBZJSJ-UHFFFAOYSA-N,4130,0.7083333333333334,0.7083333333333334,3.4384978886197053,inside,14.644532185780474,inside,False
SR-MMP,MELGLHXCBHKVJG-UHFFFAOYSA-N,4130,0.6755555555555555,0.6,3.6480200467014083,inside,21.8626707642567,inside,False
SR-MMP,AVAACINZEOAHHE-VFZPANTDSA-N,4130,0.2711924889334143,0.2111111111111111,4.8762181389001,inside,15.977739792334171,inside,True
SR-MMP,VOVUARRWDCVURC-UHFFFAOYSA-N,4130,0.1333880678708265,0.10344827586206896,3.7305028850907114,inside,9.676357584694667,inside,True
SR-MMP,JNTOCHDNEULJHD-UHFFFAOYSA-N,4130,0.2872940988069372,0.2553191489361702,3.380630380107605,inside,14.1356997996609,inside,True
SR-MMP,ZOCKGBMQLCSHFP-KQRAQHLDSA-N,4130,0.22470409356725146,0.216,9.329922971943262,borderline,32.04892543871075,borderline,True
SR-MMP,CGNMLOKEMNBUAI-UHFFFAOYSA-N,4130,0.34198025551684086,0.325,1.1980066755401064,inside,12.397512216833464,inside,True
SR-MMP,PKJBWOWQJHHAHG-UHFFFAOYSA-N,4130,0.4864035087719298,0.4,2.4943044996954415,inside,10.379157457955607,inside,True
SR-MMP,CJPQIRJHIZUAQP-UHFFFAOYSA-N,4130,0.5173434246086036,0.4090909090909091,1.9770504623644534,inside,16.136586900631027,inside,True
SR-MMP,QKDHBVNJCZBTMR-UHFFFAOYSA-N,4130,0.45025822525822523,0.34615384615384615,3.8388691008868245,inside,18.245863092517997,inside,True
SR-MMP,IYYZUPMFVPLQIF-UHFFFAOYSA-N,4130,0.3478871090770404,0.30434782608695654,2.903428098691431,inside,15.911586973722711,inside,True
SR-MMP,KLECYOQFQXJYBC-UHFFFAOYSA-N,4130,0.37027385657820444,0.32142857142857145,2.5277321965762933,inside,10.326334168892743,inside,True
SR-MMP,MTZWHHIREPJPTG-UHFFFAOYSA-N,4130,0.3682072829131653,0.35294117647058826,2.7528725518128123,inside,9.201033284945888,inside,False
SR-MMP,SEPQTYODOKLVSB-UHFFFAOYSA-N,4130,0.3324862113477674,0.2916666666666667,3.236973682210588,inside,9.248278779207501,inside,False
SR-MMP,FKPXGNGUVSHWQQ-UHFFFAOYSA-N,4130,0.27725800243509685,0.25,2.6128952534405867,inside,10.013675951130288,inside,True
SR-MMP,OMHBPUNFVFNHJK-UHFFFAOYSA-P,4130,0.30931129040763594,0.28888888888888886,5.0439864047113705,inside,10.727442700975786,inside,True
SR-MMP,BWWVAEOLVKTZFQ-ISVUSNJMSA-N,4130,0.4078119016575794,0.3870967741935484,1.8130442271945153,inside,15.479167703527587,inside,True
SR-MMP,ZUHZGEOKBKGPSW-UHFFFAOYSA-N,4130,0.6779545454545455,0.6,2.6890943758948556,inside,9.138637556571968,inside,False
SR-MMP,FYPMFJGVHOHGLL-UHFFFAOYSA-N,4130,0.5274188034188035,0.46153846153846156,5.426986277449505,inside,23.453438708105633,inside,True
SR-MMP,QZWKEPYTBWZJJA-UHFFFAOYSA-N,4130,0.3354845754845755,0.2972972972972973,2.0083206853275244,inside,10.661092325502592,inside,True
SR-MMP,LELOWRISYMNNSU-UHFFFAOYSA-N,4130,0.18238095238095237,0.1,4.0036967952131715,inside,10.977906641976489,inside,False
SR-MMP,RWCCWEUUXYIKHB-UHFFFAOYSA-N,4130,0.586780185758514,0.55,2.0173126771557,inside,10.007694414106991,inside,True
SR-MMP,XJSFLOJWULLJQS-WJBNFFGSSA-N,4130,0.3182527444490967,0.2318840579710145,10.390465302084479,borderline,20.14706642088513,inside,True
SR-MMP,VHVPQPYKVGDNFY-ZPGVKDDISA-N,4130,0.3612738737066021,0.23404255319148937,9.587785892888723,borderline,18.39899325969858,inside,True
SR-MMP,XFYDIVBRZNQMJC-UHFFFAOYSA-N,4130,0.36191109888542494,0.23214285714285715,1.766178023954488,inside,11.878006307817259,inside,True
SR-MMP,FQNKTJPBXAZUGC-UHFFFAOYSA-N,4130,0.3864570209307051,0.35714285714285715,1.8074000716087626,inside,11.08782863665177,inside,True
SR-MMP,DPVIABCMTHHTGB-UHFFFAOYSA-N,4130,0.3546842105263158,0.28,2.2669646176482456,inside,10.36900263979563,inside,True
SR-MMP,ZGZLRWJZGFRHHQ-UHFFFAOYSA-N,4130,0.2718604651162791,0.20930232558139536,2.390042141343416,inside,12.517867978028935,inside,True
SR-MMP,YJINQJFQLQIYHX-PLNGDYQASA-N,4130,0.6475748030024022,0.5862068965517241,2.7780524244451157,inside,13.594799831599659,inside,False
SR-MMP,LQZZUXJYWNFBMV-UHFFFAOYSA-N,4130,1.0,1.0,2.580961681932404,inside,13.11077532408864,inside,False
SR-MMP,YUWPMEXLKGOSBF-GACAOOTBSA-N,4130,0.4884393397093626,0.4358974358974359,2.9208277766443054,inside,16.214813826741622,inside,True
SR-MMP,ZWJNEYVWPYIKMB-UHFFFAOYSA-N,4130,0.42188697281576537,0.40540540540540543,1.3144318022869972,inside,9.89613374810767,inside,True
SR-MMP,LVLNPXCISNPHLE-UHFFFAOYSA-N,4130,0.4540996168582375,0.4074074074074074,1.4621477298206231,inside,11.994819457775884,inside,True
SR-MMP,VOKSWYLNZZRQPF-CCKFTAQKSA-N,4130,0.5050168303784505,0.3770491803278688,1.7922582039920671,inside,13.12286047118196,inside,True
SR-MMP,VBICKXHEKHSIBG-UHFFFAOYSA-N,4130,0.7803921568627451,0.6176470588235294,4.183497200881465,inside,16.06851808227399,inside,False
SR-MMP,XCPGHVQEEXUHNC-UHFFFAOYSA-N,4130,0.27943366542148246,0.2641509433962264,4.242519714040533,inside,16.08462636859648,inside,True
SR-MMP,MQCPOLNSJCWPGT-UHFFFAOYSA-N,4130,0.5810686883449031,0.5294117647058824,1.4509240815268507,inside,10.6654738309217,inside,True
SR-MMP,HTVITOHKHWFJKO-UHFFFAOYSA-N,4130,0.5511239935587761,0.44,1.4064032199783656,inside,16.853415949792815,inside,True
SR-MMP,RBOXVHNMENFORY-KEMUOJQUSA-N,4130,0.5549590918399419,0.44776119402985076,2.3670810022435465,inside,15.303069573550893,inside,True
SR-MMP,WAAPEIZFCHNLKK-UFBFGSQYSA-N,4130,0.2147006357662073,0.2,2.5722065644524874,inside,12.230066687726037,inside,True
SR-MMP,USZYSDMBJDPRIF-SVEJIMAYSA-N,4130,0.22958464732813816,0.22549019607843138,11.141303277010525,borderline,19.71970142322131,inside,True
SR-MMP,DCUJJWWUNKIJPH-UHFFFAOYSA-N,4130,0.32284590787313105,0.3103448275862069,2.2103911303395276,inside,10.98187737461654,inside,True
SR-MMP,WERYXYBDKMZEQL-UHFFFAOYSA-N,4130,0.6057692307692307,0.5384615384615384,3.0805602962225045,inside,12.643787098480997,inside,False
SR-MMP,FGIWFCGDPUIBEZ-UHFFFAOYSA-N,4130,0.3030625466500054,0.2765957446808511,1.756284136185096,inside,14.032178101148025,inside,True
SR-MMP,OFOBLEOULBTSOW-UHFFFAOYSA-N,4130,0.46923076923076923,0.46153846153846156,3.0127160814422846,inside,9.899707327856682,inside,False
SR-MMP,BLGXFZZNTVWLAY-DIRVCLHFSA-N,4130,0.40408788063824524,0.30864197530864196,3.0729464949047296,inside,14.783105977258229,inside,True
SR-MMP,KFUSANSHCADHNJ-UHFFFAOYSA-N,4130,0.47372255550745257,0.4,2.3061756650059415,inside,12.65123145771778,inside,True
SR-MMP,PVNIIMVLHYAWGP-UHFFFAOYSA-N,4130,0.4958821163580889,0.4473684210526316,2.23455577860841,inside,16.8218862851854,inside,True
SR-MMP,VKOUCJUTMGHNOR-UHFFFAOYSA-N,4130,0.43552979741800646,0.41935483870967744,1.6665974222656197,inside,11.734594365955983,inside,True
SR-MMP,UJVLDDZCTMKXJK-WNHSNXHDSA-N,4130,0.41444818310978376,0.3384615384615385,3.121262767332447,inside,19.115263097586535,inside,True
SR-MMP,JZQKKSLKJUAGIC-UHFFFAOYSA-N,4130,0.4087192346780964,0.39285714285714285,1.5281448436299487,inside,13.368754164451648,inside,True
SR-MMP,GBIHOLCMZGAKNG-CGAIIQECSA-N,4130,0.4517102067061776,0.37662337662337664,4.505745246264501,inside,17.986500212723634,inside,True
SR-MMP,IRSCQMHQWWYFCW-UHFFFAOYSA-N,4130,0.2966994833123865,0.25757575757575757,3.7845618255909677,inside,15.731317159078172,inside,True
SR-MMP,PCWGTDULNUVNBN-UHFFFAOYSA-N,4130,0.4259132680185312,0.3888888888888889,2.861460891135685,inside,11.874995518139494,inside,False
SR-MMP,AWYOMXWDGWUJHS-UHFFFAOYSA-N,4130,0.31620238309699666,0.2786885245901639,1.7048861801154338,inside,16.108333272222477,inside,True
SR-MMP,NSOXQYCFHDMMGV-UHFFFAOYSA-N,4130,0.42689862895812547,0.3684210526315789,3.49176945233766,inside,15.523235801376757,inside,False
SR-MMP,KJRCEJOSASVSRA-UHFFFAOYSA-N,4130,0.4159090909090909,0.3333333333333333,3.545267396474108,inside,11.803154854903212,inside,False
SR-MMP,MLTFKRFUQNLDIU-CBQIKETKSA-N,4130,0.34490418807554357,0.2972972972972973,3.9444901844564733,inside,14.58387579686589,inside,True
SR-MMP,NITYDPDXAAFEIT-DYVFJYSZSA-N,4130,0.3378394596864781,0.29133858267716534,3.919446203436694,inside,14.178232455397183,inside,True
SR-MMP,KUAZQDVKQLNFPE-UHFFFAOYSA-N,4130,0.2567460317460317,0.20833333333333334,2.3074241748174957,inside,10.352443430890117,inside,False
SR-MMP,RRVIAQKBTUQODI-UHFFFAOYSA-N,4130,0.34131652661064427,0.30952380952380953,1.2222590437743468,inside,14.27614973213674,inside,True
SR-MMP,HDOVUKNUBWVHOX-QMMMGPOBSA-N,4130,0.28043981717182,0.2459016393442623,4.045918260251416,inside,16.43847914957053,inside,True
SR-MMP,LAAVYEUJEMRIGF-UHFFFAOYSA-N,4130,0.27965311405713883,0.25925925925925924,3.3021001260461653,inside,11.320034855509975,inside,False
SR-MMP,IEUHWNLWVMLHHC-UHFFFAOYSA-N,4130,0.36028784483787446,0.3191489361702128,1.0049643980591378,inside,9.719308604541943,inside,True
SR-MMP,NVGOPFQZYCNLDU-UHFFFAOYSA-N,4130,0.31566165575124144,0.2978723404255319,1.3800055553129966,inside,13.819220912233142,inside,True
SR-MMP,NGCJVMZXRCLPRQ-UHFFFAOYSA-N,4130,0.31673913043478263,0.2916666666666667,2.6791355802668857,inside,14.540477870675232,inside,False
SR-MMP,WJGPNUBJBMCRQH-UHFFFAOYSA-N,4130,0.3131512165994924,0.2857142857142857,1.7292457775398,inside,11.91620265772033,inside,True
SR-MMP,AMYKXJAXRJCLCV-UHFFFAOYSA-N,4130,0.5162988452849134,0.47368421052631576,1.2071263693045768,inside,11.24572982664611,inside,True
SR-MMP,MUXOBHXGJLMRAB-UHFFFAOYSA-N,4130,0.7037667698658411,0.631578947368421,2.4882872345621214,inside,10.392127760008615,inside,False
SR-MMP,KDLRVYVGXIQJDK-AWPVFWJPSA-N,4130,0.19290986910414126,0.1827956989247312,3.475179507994409,inside,13.518630018772356,inside,True
SR-MMP,VAJLRIOJDADNAT-UHFFFAOYSA-N,4130,0.16779284411010106,0.16494845360824742,8.099476447895782,borderline,17.517480933034125,inside,True
SR-MMP,AYXYPKUFHZROOJ-ZETCQYMHSA-N,4130,0.3692307692307692,0.3333333333333333,2.275747315079505,inside,10.862925676129851,inside,False
SR-MMP,OOSYXMPLIGBCDA-UHFFFAOYSA-N,4130,0.35557381193124366,0.3023255813953488,11.434335566284156,borderline,12.266455267854816,inside,True
SR-MMP,YIROYDNZEPTFOL-UHFFFAOYSA-N,4130,0.34750000000000003,0.28125,2.5563358420853732,inside,10.78108761227361,inside,True
SR-MMP,WHTVZRBIWZFKQO-UHFFFAOYSA-N,4130,0.3096518177163338,0.25,2.1906923608826037,inside,13.036280117286761,inside,True
SR-MMP,IUGDILGOLSSKNE-UHFFFAOYSA-N,4130,0.39961425302386394,0.391304347826087,1.7779909972320307,inside,17.791339436814983,inside,True
SR-MMP,JUJWROOIHBZHMG-UHFFFAOYSA-N,4130,0.30585858585858583,0.25,3.1647057108405345,inside,9.177397086413686,inside,True
SR-MMP,JTPVHPYPNZIZKG-OWOJBTEDSA-N,4130,0.2682419900774331,0.25,19.51217020192398,outside,14.515662182951527,inside,True
SR-MMP,JAYCNKDKIKZTAF-UHFFFAOYSA-N,4130,0.5390977443609022,0.47368421052631576,2.5468245819934,inside,10.982684038339501,inside,True
SR-MMP,XUAXVBUVQVRIIQ-UHFFFAOYSA-N,4130,0.28391283638961656,0.2647058823529412,2.0810708176599233,inside,10.871293122211823,inside,True
SR-MMP,DJKGDNKYTKCJKD-UHFFFAOYSA-N,4130,0.31268939393939393,0.25,1.6080948993344528,inside,14.51353140797909,inside,True
SR-MMP,ILQHIGIKULUQFQ-UHFFFAOYSA-N,4130,0.3407450980392157,0.32,2.4718949306626894,inside,10.812835494385746,inside,True
SR-MMP,RVEJOWGVUQQIIZ-UHFFFAOYSA-N,4130,0.3407450980392157,0.32,1.971678744507444,inside,10.812835494385746,inside,True
SR-MMP,HJSPWKGEPDZNLK-UHFFFAOYSA-N,4130,0.46871331160576013,0.44,1.8296906840256502,inside,12.427867445530199,inside,True
SR-MMP,UXOXUHMFQZEAFR-UHFFFAOYSA-N,4130,0.4205533596837944,0.36363636363636365,2.280874255846186,inside,13.88819719948503,inside,True
SR-MMP,HSTOKWSFWGCZMH-UHFFFAOYSA-N,4130,0.3920289855072464,0.34782608695652173,3.4158661325306405,inside,13.51733443310001,inside,True
SR-MMP,VCCBEIPGXKNHFW-UHFFFAOYSA-N,4130,0.5395721925133691,0.47058823529411764,1.6409488172096418,inside,18.34857887780902,inside,True
SR-MMP,RVHUMFJSCJBNGS-UHFFFAOYSA-N,4130,0.321984126984127,0.24444444444444444,4.022323567207464,inside,11.64590136736614,inside,True
SR-MMP,GPNAVOJCQIEKQF-UHFFFAOYSA-N,4130,0.44378438696946587,0.43243243243243246,1.6659408721609703,inside,15.762764554133796,inside,True
SR-MMP,QSRJVOOOWGXUDY-UHFFFAOYSA-N,4130,0.36009554900079505,0.34146341463414637,6.429948709968796,borderline,25.39503112864483,inside,True
SR-MMP,MEZZCSHVIGVWFI-UHFFFAOYSA-N,4130,0.4423210432498358,0.4117647058823529,1.1535593914619202,inside,12.123328899431721,inside,True
SR-MMP,YIYBRXKMQFDHSM-UHFFFAOYSA-N,4130,0.6035824915824916,0.5185185185185185,1.2330464618960286,inside,12.657221987041467,inside,True
SR-MMP,DXGLGDHPHMLXJC-UHFFFAOYSA-N,4130,0.39126651126651124,0.38461538461538464,1.0764258664325281,inside,10.924975264437666,inside,True
SR-MMP,HFCYZXMHUIHAQI-UHFFFAOYSA-N,4130,0.39308270676691726,0.3684210526315789,1.3730047137970778,inside,18.519734704433745,inside,True
SR-MMP,PPDBOQMNKNNODG-UHFFFAOYSA-N,4130,0.35015392621950003,0.31746031746031744,1.8239410927097415,inside,12.34935544493119,inside,True
SR-MMP,XSBSKEQEUFOSDD-UHFFFAOYSA-N,4130,0.42305994818189935,0.21951219512195122,2.2339261556105647,inside,12.553742087919355,inside,True
SR-MMP,VOOYTQRREPYRIW-UHFFFAOYSA-N,4130,0.3455005772719775,0.2978723404255319,1.1423903997455174,inside,11.064554548522747,inside,True
SR-MMP,LXOFYPKXCSULTL-UHFFFAOYSA-N,4130,0.3730934854619065,0.3,2.125681196015961,inside,11.54486948289596,inside,False
SR-MMP,WTARULDDTDQWMU-UHFFFAOYSA-N,4130,0.2904400019073504,0.24242424242424243,2.921259327914968,inside,12.285093905351369,inside,True
SR-MMP,HPJKCIUCZWXJDR-UHFFFAOYSA-N,4130,0.3232519286698853,0.28846153846153844,2.399049549146446,inside,10.959682219050773,inside,True
SR-MMP,SYTBZMRGLBWNTM-UHFFFAOYSA-N,4130,0.3889334516415262,0.3673469387755102,1.5143230581979108,inside,11.843511492969371,inside,True
SR-MMP,MSWZFWKMSRAUBD-IVMDWMLBSA-N,4130,0.3687741935483871,0.3548387096774194,4.195162627631568,inside,13.0562656535519,inside,True
SR-MMP,CKIHZSGJPSDCNC-UHFFFAOYSA-N,4130,0.26681108191424,0.25806451612903225,2.2124594569107914,inside,11.890424979196748,inside,True
SR-MMP,HIUVKVDQFXDZHU-UHFFFAOYSA-N,4130,0.380527585673582,0.32653061224489793,1.9235570357801868,inside,11.268863352661683,inside,True
SR-MMP,CCEYVAPCYYFRMO-UHFFFAOYSA-N,4130,0.37463659147869677,0.3333333333333333,4.593269895348826,inside,10.87004295717058,inside,True
SR-MMP,NPPJLSILDPVHCM-UHFFFAOYSA-N,4130,0.5730795641140468,0.5,1.6179890866644964,inside,10.538469034145594,inside,True
SR-MMP,OJMMVQQUTAEWLP-KIDUDLJLSA-N,4130,0.1927192061249982,0.18478260869565216,4.1362632949954286,inside,15.689827143082102,inside,True
SR-MMP,GCKFUYQCUCGESZ-BPIQYHPVSA-N,4130,0.4871870407230057,0.3972602739726027,2.5327501193546533,inside,15.322290379082542,inside,True
SR-MMP,WPVFJKSGQUFQAP-GKAPJAKFSA-N,4130,0.24605640162483544,0.2191780821917808,4.944366125095169,inside,17.833127480741094,inside,True
SR-MMP,USMNOWBWPHYOEA-MRTMQBJTSA-N,4130,0.25171717171717173,0.22727272727272727,2.3391584799956884,inside,12.28703001474786,inside,True
SR-MMP,UCFGDBYHRUNTLO-QHCPKHFHSA-N,4130,0.18059221315386342,0.17647058823529413,4.731844866890605,inside,15.405886261077422,inside,True
SR-MMP,BBXXLROWFHWFQY-UHFFFAOYSA-N,4130,0.33055165555165555,0.29545454545454547,0.879167330130857,inside,11.690895659319136,inside,True
SR-MMP,OHJYHAOODFPJOD-UHFFFAOYSA-N,4130,0.5313852813852813,0.5,2.2029513083606074,inside,14.013516320170467,inside,False
SR-MMP,CXGTZJYQWSUFET-LJQANCHMSA-N,4130,0.32886787030493414,0.32075471698113206,3.3224852845020085,inside,15.279815706168689,inside,True
SR-MMP,WPTTVJLTNAWYAO-KPOXMGGZSA-N,4130,0.22384977888643207,0.21739130434782608,5.289805946117927,inside,13.70058775088244,inside,True
SR-MMP,IBYHHJPAARCAIE-UHFFFAOYSA-N,4130,0.42828282828282827,0.3333333333333333,3.4633620801952483,inside,10.144216522900285,inside,False
SR-MMP,ZDPHROOEEOARMN-UHFFFAOYSA-N,4130,1.0,1.0,2.2600623691353494,inside,12.704981951529307,inside,False
SR-MMP,CVUGPAFCQJIYDT-UHFFFAOYSA-N,4130,0.33621476084890717,0.3181818181818182,3.040544062941424,inside,11.56126287942189,inside,True
SR-MMP,CTQMJYWDVABFRZ-UHFFFAOYSA-N,4130,0.34285714285714286,0.3142857142857143,1.865217758743244,inside,13.4731638142415,inside,True
SR-MMP,DUEPRVBVGDRKAG-UHFFFAOYSA-N,4130,0.4160324557045868,0.3114754098360656,0.9109173860023244,inside,13.447917445702187,inside,True
SR-MMP,ASIDMJNTHJYVQJ-UHFFFAOYSA-N,4130,0.5470085470085471,0.4444444444444444,2.657625638967374,inside,12.563467475574495,inside,False
SR-MMP,IEMDOFXTVAPVLX-ADNGMUMBSA-N,4130,0.31213232842323024,0.2222222222222222,9.709611426766806,borderline,17.691596490686855,inside,True
SR-MMP,MDWVSAYEQPLWMX-UHFFFAOYSA-N,4130,0.5787037037037038,0.5,4.094807375332572,inside,25.331918436555924,inside,True
SR-MMP,NUHPODZZKHQQET-UHFFFAOYSA-N,4130,0.19702502800641297,0.18666666666666668,1.9964681568762208,inside,11.055424219569613,inside,True
SR-MMP,QEFJYMFUMVHTBR-UHFFFAOYSA-N,4130,0.27565167814113595,0.23809523809523808,6.273533184698,borderline,20.721680062689952,inside,True
SR-MMP,XFSBVAOIAHNAPC-XTHSEXKGSA-N,4130,0.2305763184019578,0.21495327102803738,7.910133442778407,borderline,14.847867801232324,inside,True
SR-MMP,TUBQDCKAWGHZPF-UHFFFAOYSA-N,4130,0.3449915980922727,0.21951219512195122,1.6582696400790897,inside,15.764463221489693,inside,True
SR-MMP,FFSSWMQPCJRCRV-UHFFFAOYSA-N,4130,0.3934572581631405,0.35135135135135137,1.4413265618263078,inside,12.414580580625165,inside,True
SR-MMP,FSSPGSAQUIYDCN-UHFFFAOYSA-N,4130,0.25563950008801267,0.23076923076923078,2.8840873706584036,inside,11.584571704503063,inside,True
SR-MMP,MMXKVMNBHPAILY-UHFFFAOYSA-N,4130,0.9904761904761905,0.9523809523809523,2.5835125853225986,inside,13.050629968405827,inside,False
SR-MMP,IVQOFBKHQCTVQV-UHFFFAOYSA-N,4130,0.5051209522238715,0.4583333333333333,1.8728627829815538,inside,15.626535549039932,inside,True
SR-MMP,WZPBZJONDBGPKJ-FSPLSTOPSA-N,4130,0.2676124918052327,0.21904761904761905,5.470620030316544,inside,15.187626705472692,inside,True
SR-MMP,VEORPZCZECFIRK-UHFFFAOYSA-N,4130,0.38454715219421104,0.32142857142857145,3.247459598872273,inside,19.602718079041075,inside,True
SR-MMP,QXSZNDIIPUOQMB-UHFFFAOYSA-N,4130,0.36454545454545456,0.2727272727272727,3.0696289568967843,inside,8.745965554676363,inside,False
SR-MMP,BDERNNFJNOPAEC-UHFFFAOYSA-N,4130,0.5277777777777778,0.5,3.524125017963388,inside,11.838992079799096,inside,False
SR-MMP,YAUZNKLMKRQDAM-UHFFFAOYSA-O,4130,0.4394230769230769,0.3076923076923077,2.225247435075777,inside,13.538486817473558,inside,False
SR-MMP,YBRVSVVVWCFQMG-UHFFFAOYSA-N,4130,0.4905769859431186,0.42105263157894735,1.7768094569163542,inside,10.420274597436848,inside,True
SR-MMP,DRLFMBDRBRZALE-UHFFFAOYSA-N,4130,0.3417644511077794,0.3111111111111111,1.1218224673164503,inside,12.624897296121889,inside,True
SR-MMP,YTAOBBFIOAEMLL-REQDGWNSSA-N,4130,0.2677885304295532,0.24561403508771928,2.5198556831290855,inside,16.002895237475173,inside,True
SR-MMP,BACYUWVYYTXETD-UHFFFAOYSA-N,4130,0.6160522273425499,0.5555555555555556,2.3614762683695116,inside,14.477629823599683,inside,False
SR-MMP,IZMJMCDDWKSTTK-UHFFFAOYSA-N,4130,0.32332417582417583,0.2857142857142857,2.7510386656454457,inside,20.197847531619406,inside,True
SR-MMP,CZSSKBQAJULWPY-UHFFFAOYSA-N,4130,0.5083478260869565,0.5,2.5348357614666974,inside,11.648720602628995,inside,False
SR-MMP,OYHQOLUKZRVURQ-HZJYTTRNSA-N,4130,0.7811671087533156,0.6538461538461539,3.220812711575958,inside,13.821834161970507,inside,False
SR-MMP,SMUQFGGVLNAIOZ-UHFFFAOYSA-N,4130,0.3285587238848108,0.3125,2.408298874909868,inside,11.252632044177195,inside,True
SR-MMP,GNHMRTZZNHZDDM-UHFFFAOYSA-N,4130,0.42257309941520466,0.3684210526315789,3.2530594571978915,inside,13.00576274583809,inside,False
SR-MMP,GRJRKPMIRMSBNK-UHFFFAOYSA-N,4130,0.5951690821256038,0.4444444444444444,3.4772059438186558,inside,12.805095900493045,inside,False
SR-MMP,XQLWNAFCTODIRK-UHFFFAOYSA-N,4130,0.3272977403984269,0.2898550724637681,4.94928279037857,inside,12.744483289151473,inside,True
SR-MMP,QUCQEUCGKKTEBI-UHFFFAOYSA-N,4130,0.36369402610542545,0.2608695652173913,3.1932843967228504,inside,17.590812231866664,inside,True
SR-MMP,FTALBRSUTCGOEG-UHFFFAOYSA-N,4130,0.26870087254828845,0.2391304347826087,1.3829309444685007,inside,19.094574490580705,inside,True
SR-MMP,BXZVVICBKDXVGW-NKWVEPMBSA-N,4130,0.43150958699138287,0.3389830508474576,2.234164986392001,inside,16.16648008121029,inside,True
SR-MMP,YOWNVPAUWYHLQX-UHFFFAOYSA-N,4130,0.5215840011332362,0.421875,4.512370131419157,inside,25.334876710297717,inside,True
SR-MMP,RTXOFQZKPXMALH-RWFJUVPESA-N,4130,0.4169848423595409,0.367816091954023,4.434530239878677,inside,17.3566397173232,inside,True
SR-MMP,GFWVDQCGGDBTBS-UHFFFAOYSA-N,4130,0.47075514874141877,0.4,2.434581453528864,inside,12.135933425785623,inside,False
SR-MMP,SMHPLBXIVNQFBA-UHFFFAOYSA-N,4130,0.4116228902426845,0.39473684210526316,1.7377243009168655,inside,12.793424212536106,inside,True
SR-MMP,OQHHSGRZCKGLCY-UHFFFAOYSA-N,4130,0.4478856058552453,0.4117647058823529,1.7448055880828217,inside,12.920302403329211,inside,True
SR-MMP,GHASVSINZRGABV-UHFFFAOYSA-N,4130,0.21821118555398472,0.20588235294117646,2.4917013026888584,inside,9.377020832726528,inside,True
SR-MMP,GQZQCROBCYNTMU-UHFFFAOYSA-N,4130,0.33485089561791775,0.2857142857142857,2.2784310468898834,inside,11.954982264870992,inside,True
SR-MMP,ZCHHRLHTBGRGOT-SNAWJCMRSA-N,4130,0.4469264069264069,0.36363636363636365,2.8310182785902485,inside,11.26868131065552,inside,False
SR-MMP,WSGDRFHJFJRSFY-UHFFFAOYSA-N,4130,0.30095238095238097,0.26666666666666666,2.061739307570335,inside,9.657036738370666,inside,True
SR-MMP,MHFRGQHAERHWKZ-HHHXNRCGSA-N,4130,0.46164021164021163,0.30952380952380953,6.949571428271545,borderline,20.740872388654125,inside,False
SR-MMP,YREQHYQNNWYQCJ-UHFFFAOYSA-N,4130,0.3536350761264969,0.3404255319148936,3.806315330650729,inside,14.378815167081633,inside,True
SR-MMP,SHZKQBHERIJWAO-AATRIKPKSA-N,4130,0.35357436289445854,0.2765957446808511,1.04745331315054,inside,12.053910795273637,inside,True
SR-MMP,WVYADZUPLLSGPU-UHFFFAOYSA-N,4130,0.5407142857142857,0.4857142857142857,1.358876314441046,inside,15.536506445591348,inside,True
SR-MMP,CBEQULMOCCWAQT-WOJGMQOQSA-N,4130,0.3055703093203094,0.28125,2.115687445443193,inside,12.445485351281157,inside,True
SR-MMP,XWVOEFLBOSSYGM-UHFFFAOYSA-N,4130,0.48715738078177007,0.36,1.3324748415795444,inside,12.14818437573402,inside,True
SR-MMP,DPZSNGJNFHWQDC-ARJAWSKDSA-N,4130,0.2866578210231461,0.23529411764705882,3.475678657240562,inside,9.797009556420843,inside,False
SR-MMP,VRLDVERQJMEPIF-UHFFFAOYSA-N,4130,0.22602520794740472,0.21052631578947367,1.9132749434695107,inside,9.595041951544395,inside,True
SR-MMP,YLDDCEXDGNXCIO-UHFFFAOYSA-N,4130,0.31799397660024836,0.3111111111111111,1.3235016053842206,inside,11.151425464302672,inside,True
SR-MMP,BSPCSKHALVHRSR-UHFFFAOYSA-N,4130,0.45752997002997003,0.42857142857142855,3.468960506628671,inside,9.420331790740654,inside,False
SR-MMP,QRXWMOHMRWLFEY-UHFFFAOYSA-N,4130,0.3704116798234446,0.35294117647058826,2.3061756650059415,inside,9.776539454151349,inside,True
SR-MMP,TWBYWOBDOCUKOW-UHFFFAOYSA-N,4130,0.5235265700483092,0.4782608695652174,2.23455577860841,inside,14.982832244906305,inside,True
SR-MMP,VFQXVTODMYMSMJ-UHFFFAOYSA-N,4130,0.42290043290043294,0.36666666666666664,2.3013474399322886,inside,10.89792433533486,inside,True
SR-MMP,SERLAGPUMNYUCK-DCUALPFSSA-N,4130,0.3489517702458153,0.3220338983050847,7.311824444593461,borderline,18.90725928372274,inside,True
SR-MMP,YMTYZTXUZLQUSF-UHFFFAOYSA-N,4130,0.5233333333333332,0.5,1.572803627025269,inside,14.096666759861856,inside,True
SR-MMP,HCNHNBLSNVSJTJ-UHFFFAOYSA-N,4130,0.4919323671497584,0.4444444444444444,1.4321205866995608,inside,13.435321090924777,inside,True
SR-MMP,YKEXNVPSARYZDR-UHFFFAOYSA-N,4130,0.38397457607983926,0.35135135135135137,1.072551104702701,inside,12.412606325165175,inside,True
SR-MMP,AEOCXXJPGCBFJA-UHFFFAOYSA-N,4130,0.24988611732032787,0.23684210526315788,1.6281679542684175,inside,9.541589620714428,inside,True
SR-MMP,HOVAGTYPODGVJG-ZFYZTMLRSA-N,4130,0.42111644966073725,0.38,3.341219088548548,inside,13.959065615260403,inside,True
SR-MMP,KMTRUDSVKNLOMY-UHFFFAOYSA-N,4130,0.36122807017543856,0.3333333333333333,3.1096419535362605,inside,11.346322769575583,inside,True
SR-MMP,LVHBHZANLOWSRM-UHFFFAOYSA-N,4130,0.33030303030303027,0.3157894736842105,2.651165232871797,inside,10.16737809577517,inside,False
SR-MMP,INDBQLZJXZLFIT-UHFFFAOYSA-N,4130,0.25746666264449297,0.24561403508771928,1.355419106046864,inside,13.197910039958366,inside,True
SR-MMP,JOOXCMJARBKPKM-UHFFFAOYSA-N,4130,0.5666666666666667,0.47619047619047616,2.5981154735547287,inside,12.53178292810026,inside,False
SR-MMP,BSKHPKMHTQYZBB-UHFFFAOYSA-N,4130,0.38861174675819987,0.3333333333333333,2.935608390050647,inside,10.399961375431143,inside,True
SR-MMP,ITQTTZVARXURQS-UHFFFAOYSA-N,4130,0.36757236227824464,0.34285714285714286,2.935608390050647,inside,13.68658350347229,inside,True
SR-MMP,FKNQCJSGGFJEIZ-UHFFFAOYSA-N,4130,0.4322276278932626,0.3684210526315789,2.935608390050647,inside,12.254539976172964,inside,True
SR-MMP,VLCDUOXHFNUCKK-UHFFFAOYSA-N,4130,0.37675070028011204,0.2857142857142857,3.133892423109135,inside,9.073471683049188,inside,False
SR-MMP,JIVPVXMEBJLZRO-UHFFFAOYSA-N,4130,0.34030966635666127,0.296875,2.738690664587349,inside,22.552592378844807,inside,True
SR-MMP,KBSPJIWZDWBDGM-UHFFFAOYSA-N,4130,0.3995661213052517,0.34615384615384615,3.7270295530826183,inside,10.23608297562967,inside,True
SR-MMP,KDYVCOSVYOSHOL-UHFFFAOYSA-N,4130,0.3454212454212454,0.3055555555555556,2.408298874909868,inside,9.601885988731754,inside,True
SR-MMP,ZFRKQXVRDFCRJG-UHFFFAOYSA-N,4130,0.3172328492525537,0.30303030303030304,2.4885080704700235,inside,11.317825585255589,inside,True
SR-MMP,DJACTCNGCHPGOI-UHFFFAOYSA-N,4130,0.5855135924101441,0.5714285714285714,2.2771847354160903,inside,11.89370037800425,inside,False
SR-MMP,GPHQHTOMRSGBNZ-UHFFFAOYSA-N,4130,0.4369377990430622,0.4,2.642014226217627,inside,10.585073540539112,inside,True
SR-MMP,JWUXJYZVKZKLTJ-UHFFFAOYSA-N,4130,0.3210527154005415,0.3,2.0826427917240835,inside,12.538251313469615,inside,True
SR-MMP,FEWJPZIEWOKRBE-UHFFFAOYSA-N,4130,0.39626984126984127,0.375,3.683002873113744,inside,10.574010233643003,inside,False
SR-MMP,RIGBPMDIGYBTBJ-UHFFFAOYSA-N,4130,0.612047619047619,0.44,1.0866315871613672,inside,11.631133880518147,inside,True
SR-MMP,TURHTASYUMWZCC-UHFFFAOYSA-N,4130,0.2990783054430546,0.27906976744186046,2.1076930424331737,inside,11.260958064423203,inside,True
SR-MMP,JYFHYPJRHGVZDY-UHFFFAOYSA-N,4130,0.4772405611115289,0.4074074074074074,1.9521534811247836,inside,12.158828641206606,inside,False
SR-MMP,DVECBJCOGJRVPX-UHFFFAOYSA-N,4130,0.5480701754385964,0.47368421052631576,3.060049246621292,inside,10.390743822161351,inside,False
SR-MMP,XHIUFYZDQBSEMF-UHFFFAOYSA-N,4130,0.5183203270159792,0.4444444444444444,2.5425233250132155,inside,11.020072044553627,inside,False
SR-MMP,CZZYITDELCSZES-UHFFFAOYSA-N,4130,0.5435294117647059,0.5294117647058824,2.4686726568932156,inside,10.715098299044596,inside,True
SR-MMP,ZHDBTKPXEJDTTQ-UHFFFAOYSA-N,4130,0.2554738594738595,0.24,1.3572750536467475,inside,11.736827575372915,inside,True
SR-MMP,HGOAIWZFTWACBD-RRHRGVEJSA-O,4130,0.24354739521885388,0.23529411764705882,11.310664634613527,borderline,19.31154554654084,inside,True
SR-MMP,NWWORXYTJRPSMC-QKPAOTATSA-N,4130,0.40397118847539015,0.37254901960784315,3.4894533408932578,inside,13.853089201505355,inside,True
SR-MMP,UOZODPSAJZTQNH-LSWIJEOBSA-N,4130,0.46804020434601756,0.34523809523809523,13.976447391335483,outside,20.687235664219255,inside,True
SR-MMP,VLJIVLGVKMTBOD-UHFFFAOYSA-N,4130,0.3260809636206961,0.25806451612903225,2.212911938922467,inside,11.291216389850753,inside,True
SR-MMP,HVLLSGMXQDNUAL-UHFFFAOYSA-N,4130,0.4034202353710363,0.3684210526315789,2.7305441212448267,inside,10.001035224948286,inside,True
SR-MMP,YMTINGFKWWXKFG-UHFFFAOYSA-N,4130,0.446115352153088,0.34545454545454546,2.4350421232827406,inside,10.097843090961076,inside,True
SR-MMP,DKYWVDODHFEZIM-UHFFFAOYSA-N,4130,0.4195826937290352,0.4,1.2114095498264994,inside,10.880190232370907,inside,True
SR-MMP,GZPHSAQLYPIAIN-UHFFFAOYSA-N,4130,0.3828503721112416,0.32,2.642014226217627,inside,11.468301709477648,inside,True
SR-MMP,YXIWHUQXZSMYRE-UHFFFAOYSA-N,4130,0.3601941391941392,0.275,2.2275854442385956,inside,15.22298104342322,inside,True
SR-MMP,QPSVFNQMURAADJ-UHFFFAOYSA-N,4130,0.32819514177665654,0.2857142857142857,2.245429086638976,inside,11.536230361315136,inside,True
SR-MMP,JTHMVYBOQLDDIY-UHFFFAOYSA-N,4130,0.355465720719958,0.3220338983050847,4.182019521940462,inside,19.079265210122134,inside,True
SR-MMP,AWJUIBRHMBBTKR-UHFFFAOYSA-N,4130,0.3400452191486674,0.32,2.5694541569526104,inside,12.214002552083183,inside,True
SR-MMP,MIZGSAALSYARKU-UHFFFAOYSA-N,4130,0.2507105926274051,0.23529411764705882,2.099891789298345,inside,11.521657790805635,inside,True
SR-MMP,AXGUBXVWZBFQGA-UHFFFAOYSA-N,4130,0.3613275334205567,0.3488372093023256,1.7070657782827459,inside,10.14254408023775,inside,True
SR-MMP,VQHSOMBJVWLPSR-JVCRWLNRSA-N,4130,0.3256760844975568,0.2777777777777778,7.315086469810443,borderline,13.016527705337081,inside,True
SR-MMP,QCDFBFJGMNKBDO-UHFFFAOYSA-N,4130,0.2951244833597775,0.2692307692307692,1.7174056205228645,inside,16.790683739181677,inside,True
SR-MMP,VYKKDKFTDMVOBU-UHFFFAOYSA-N,4130,0.3935728053400289,0.3283582089552239,2.453755126595864,inside,33.73218237350739,borderline,True
SR-MMP,ZSJLQEPLLKMAKR-GKHCUFPYSA-N,4130,0.30548771813215325,0.2711864406779661,4.333113054822219,inside,15.51782772500914,inside,True
SR-MMP,RINCXYDBBGOEEQ-UHFFFAOYSA-N,4130,0.44349787512258915,0.35,2.9598051894698134,inside,12.752082033824738,inside,True
SR-MMP,HNSDLXPSAYFUHK-UHFFFAOYSA-N,4130,0.5846356275303644,0.575,4.358569781323736,inside,14.148950699484775,inside,False
SR-MMP,NPFYZDNDJHZQKY-UHFFFAOYSA-N,4130,0.5098484848484849,0.4583333333333333,1.4327272865343792,inside,16.68493564412308,inside,True
SR-MMP,YHXISWVBGDMDLQ-UHFFFAOYSA-N,4130,0.4507080419580419,0.3409090909090909,0.8914560865033332,inside,12.383033464139281,inside,True
SR-MMP,GIJXKZJWITVLHI-PMOLBWCYSA-N,4130,0.4536538461538462,0.34615384615384615,2.6428641832790483,inside,13.61713226641045,inside,True
SR-MMP,YGJHZCLPZAZIHH-UHFFFAOYSA-N,4130,0.5655772831287705,0.45,2.32932571134277,inside,11.838607209980058,inside,False
SR-MMP,HWYHZTIRURJOHG-UHFFFAOYSA-N,4130,0.3114258606668474,0.2903225806451613,2.4317798165297906,inside,18.891434192173058,inside,True
SR-MMP,ZXEKIIBDNHEJCQ-UHFFFAOYSA-N,4130,0.44000000000000006,0.4,3.303117260446734,inside,11.268758183496686,inside,False
SR-MMP,DMLAVOWQYNRWNQ-UHFFFAOYSA-N,4130,0.45190365190365195,0.3888888888888889,1.952359843121047,inside,12.73914766251237,inside,True
SR-MMP,BEECRKDUIIQEBI-UHFFFAOYSA-N,4130,0.4705128205128205,0.4166666666666667,1.3147865004948818,inside,12.230783510547807,inside,True
SR-MMP,LJHFIVQEAFAURQ-UHFFFAOYSA-N,4130,0.247990832696715,0.2,3.087623361961527,inside,10.10625360637465,inside,False
SR-MMP,JMBYBVLCYODBJQ-HFMPRLQTSA-N,4130,0.2112793975711536,0.20454545454545456,3.583856803570346,inside,14.598164604680889,inside,True
SR-MMP,DCLKMMFVIGOXQN-UHFFFAOYSA-N,4130,0.3407450980392157,0.32,3.5347314059657413,inside,10.812835494385746,inside,True
SR-MMP,WCGGWVOVFQNRRS-UHFFFAOYSA-N,4130,0.3751057791537668,0.3125,2.9355836280739944,inside,8.568753487801454,inside,False
SR-MMP,ZAIDIVBQUMFXEC-UHFFFAOYSA-N,4130,0.28659575718399244,0.2727272727272727,3.4452410465048664,inside,8.790204916680347,inside,False
SR-MMP,VYQNWZOUAUKGHI-UHFFFAOYSA-N,4130,0.45877561005821876,0.4230769230769231,1.4762649791843743,inside,17.775668924298124,inside,True
SR-MMP,PBCZLFBEBARBBI-UHFFFAOYSA-N,4130,0.5371113445378151,0.46875,1.6346790787314691,inside,13.189439512755605,inside,True
SR-MMP,IAKOZHOLGAGEJT-UHFFFAOYSA-N,4130,0.4112962962962963,0.36666666666666664,2.2626766468496866,inside,9.713389947940472,inside,True
SR-MMP,IPAJDLMMTVZVPP-UHFFFAOYSA-N,4130,0.3308524601875666,0.3055555555555556,4.05154738882638,inside,13.426607218895743,inside,True
SR-MMP,HZSAJDVWZRBGIF-UHFFFAOYSA-O,4130,0.2640775407016263,0.24242424242424243,2.854280317553366,inside,14.404379414457875,inside,True
SR-MMP,ABWLRVJYVVQTGQ-BJMVGYQFSA-N,4130,0.3385957967884482,0.28205128205128205,1.691880348610588,inside,11.333321402205492,inside,True
SR-MMP,QPNFUBAIQZJEPO-UHFFFAOYSA-N,4130,0.3651830391830392,0.3409090909090909,2.9247817712260007,inside,11.554564739251353,inside,True
SR-MMP,FHFZEKYDSVTYLL-UHFFFAOYSA-N,4130,0.3613425334355567,0.3488372093023256,1.2875770008770562,inside,12.776868298790726,inside,True
SR-MMP,YEKQSSHBERGOJK-UHFFFAOYSA-N,4130,0.34035183254918705,0.32432432432432434,1.4274360145169203,inside,12.58092267972519,inside,True
SR-MMP,KTEXNACQROZXEV-PWNZVWSESA-N,4130,0.2776223776223776,0.25,1.775410409095689,inside,13.035070261234063,inside,True
SR-MMP,SOGAXMICEFXMKE-UHFFFAOYSA-N,4130,0.8285217391304348,0.782608695652174,2.362087340865992,inside,14.807283602970529,inside,False
SR-MMP,CSDTZUBPSYWZDX-UHFFFAOYSA-N,4130,0.513563909774436,0.42857142857142855,2.5861514135377788,inside,10.043285891803942,inside,False
SR-MMP,DBOSBRHMHBENLP-UHFFFAOYSA-N,4130,0.4611131487254722,0.42857142857142855,1.465260658215173,inside,13.591994952474348,inside,True
SR-MMP,DCQBZYNUSLHVJC-UHFFFAOYSA-N,4130,0.5107998885172799,0.38461538461538464,2.3668500951691738,inside,12.215782613499513,inside,False
SR-MMP,UOAMTSKGCBMZTC-UHFFFAOYSA-N,4130,0.4509152291760987,0.35135135135135137,2.455749944455493,inside,11.399506328748112,inside,True
SR-MMP,SBPBAQFWLVIOKP-UHFFFAOYSA-N,4130,0.35206665452688785,0.34146341463414637,1.780312462582343,inside,22.69337990924172,inside,True
SR-MMP,HUBANNPOLNYSAD-UHFFFAOYSA-N,4130,0.4020443349753694,0.375,1.6496622926318902,inside,11.314686627995961,inside,True
SR-MMP,KEQGZUUPPQEDPF-UHFFFAOYSA-N,4130,0.2562208419599724,0.2222222222222222,2.044420088683,inside,9.80275578326813,inside,True
SR-MMP,MSWZFWKMSRAUBD-GASJEMHNSA-N,4130,0.34375,0.275,4.195162627631568,inside,12.646440977032718,inside,True
SR-MMP,ZBJBRUSGEJORQL-UHFFFAOYSA-N,4130,0.40642836384771874,0.3783783783783784,1.1959719943233864,inside,11.12506396969117,inside,True
SR-MMP,JPQHLIYIQARLQM-UHFFFAOYSA-N,4130,0.8666666666666666,0.8333333333333334,2.247085522457914,inside,14.165222027770616,inside,False
SR-MMP,VGZSUPCWNCWDAN-UHFFFAOYSA-N,4130,0.4927931727390494,0.38636363636363635,1.5430691624343706,inside,12.139314891652967,inside,True
SR-MMP,DLFVBJFMPXGRIB-UHFFFAOYSA-N,4130,0.46025641025641023,0.38461538461538464,3.5443112818524507,inside,9.467380857777135,inside,False
SR-MMP,SJQBHPJLLIJASD-UHFFFAOYSA-N,4130,0.45553714468348616,0.3939393939393939,2.1438972469867124,inside,41.20928389516852,outside,True
SR-MMP,QUXLCYFNVNNRBE-UHFFFAOYSA-N,4130,0.35926899187768757,0.32142857142857145,2.458131447442868,inside,9.814097690293709,inside,True
SR-MMP,QQJLHRRUATVHED-UHFFFAOYSA-N,4130,0.3418151445964617,0.2826086956521739,1.3900837183096717,inside,13.132487582048554,inside,True
SR-MMP,SEOVTRFCIGRIMH-UHFFFAOYSA-N,4130,0.3773560724034711,0.3389830508474576,1.6523572220957778,inside,11.198778749783324,inside,True
SR-MMP,SIKJAQJRHWYJAI-UHFFFAOYSA-N,4130,0.2864970891177788,0.2727272727272727,2.6539890847204477,inside,10.462612792292301,inside,True
SR-MMP,RRZXIRBKKLTSOM-VRFQAOMKSA-N,4130,0.24771519901351238,0.2054794520547945,11.122190955899605,borderline,34.03304055299908,borderline,True
SR-MMP,YNBADRVTZLEFNH-UHFFFAOYSA-N,4130,0.5459813043991544,0.5,2.152033661937951,inside,14.042538908544325,inside,True
SR-MMP,UFULAYFCSOUIOV-UHFFFAOYSA-N,4130,0.33818860877684404,0.2857142857142857,3.4003771578876316,inside,12.093179600664628,inside,False
SR-MMP,WQZGKKKJIJFFOK-GASJEMHNSA-N,4130,0.4422197875758247,0.39285714285714285,3.9985440500160103,inside,14.243837196667164,inside,True
SR-MMP,FIQOFIRCTOWDOW-BJLQDIEVSA-N,4130,0.3822199667859639,0.35714285714285715,4.117813116157538,inside,23.27611063592702,inside,True
SR-MMP,DIZKGJLRHOCMTP-UHFFFAOYSA-N,4130,0.43018433179723503,0.41935483870967744,1.3972744620371205,inside,11.487692725450708,inside,True
SR-MMP,YALMGFWDBZZMMB-UHFFFAOYSA-N,4130,0.4628530020703933,0.3333333333333333,2.096113910719137,inside,19.256324467820917,inside,False
SR-MMP,SMWDFEZZVXVKRB-UHFFFAOYSA-N,4130,0.37955017955017956,0.3181818181818182,2.5694541569526104,inside,10.875265600058707,inside,True
SR-MMP,GNOIPBMMFNIUFM-UHFFFAOYSA-N,4130,0.2612121212121212,0.25,2.7547073035623177,inside,9.885837988072444,inside,False
SR-MMP,ACGUYXCXAPNIKK-UHFFFAOYSA-N,4130,0.4706192358366271,0.4090909090909091,2.7446001864084484,inside,16.427685407728653,inside,True
SR-MMP,RVWOWEQKPMPWMQ-UHFFFAOYSA-N,4130,0.6841750841750841,0.5925925925925926,3.469467125448057,inside,13.592363254727605,inside,False
SR-MMP,CBXCPBUEXACCNR-UHFFFAOYSA-N,4130,0.3219447219447219,0.2727272727272727,2.999826891841109,inside,10.475541778532378,inside,False
SR-MMP,SAPGBCWOQLHKKZ-UHFFFAOYSA-N,4130,0.8566666666666667,0.8333333333333334,1.893966504230462,inside,15.29622988824961,inside,False
SR-MMP,WPYCRFCQABTEKC-UHFFFAOYSA-N,4130,0.43944027444125594,0.3548387096774194,1.629559731803134,inside,10.090288992979499,inside,True
SR-MMP,MCWXGJITAZMZEV-UHFFFAOYSA-N,4130,0.3793252649897168,0.275,1.938601514310531,inside,11.541788095167863,inside,False
SR-MMP,RSTKLPZEZYGQPY-UHFFFAOYSA-N,4130,0.36405428997232275,0.30357142857142855,1.3632145619066274,inside,11.069861368405665,inside,True
SR-MMP,XDOFQFKRPWOURC-UHFFFAOYSA-N,4130,0.6419047619047619,0.6,3.4694883315132836,inside,13.419410118148992,inside,False
SR-MMP,WCDGWAIZRYMVOW-UHFFFAOYSA-N,4130,0.6343975889284813,0.5434782608695652,2.3677407751422312,inside,14.316043368108117,inside,False
SR-MMP,OHLUUHNLEMFGTQ-UHFFFAOYSA-N,4130,0.42185270869481395,0.35714285714285715,3.363998277747538,inside,12.04528542569659,inside,False
SR-MMP,AMFGWXWBFGVCKG-UHFFFAOYSA-N,4130,0.4157852762192542,0.37735849056603776,5.230332688584919,inside,12.417851613884343,inside,True
SR-MMP,QEFAQIPZVLVERP-UHFFFAOYSA-N,4130,0.35209884807408026,0.3333333333333333,1.680400135455562,inside,12.44070997934789,inside,True
SR-MMP,WECDUOXQLAIPQW-UHFFFAOYSA-N,4130,0.4878571428571428,0.43333333333333335,1.7306253291711122,inside,9.98239211501244,inside,True
SR-MMP,MLIREBYILWEBDM-UHFFFAOYSA-N,4130,0.36890473361061593,0.3333333333333333,3.064265195705609,inside,10.989461546172576,inside,False
SR-MMP,JNRLEMMIVRBKJE-UHFFFAOYSA-N,4130,0.5460784313725491,0.47619047619047616,1.8138519756070184,inside,10.375882980410575,inside,True
SR-MMP,BYGQBDHUGHBGMD-UHFFFAOYSA-N,4130,0.4295807453416149,0.35714285714285715,3.168100745672901,inside,10.350122466752762,inside,False
SR-MMP,ZPSFPNSXYWWGRF-UHFFFAOYSA-N,4130,0.2765151515151515,0.2727272727272727,3.163539972760434,inside,9.869675618690318,inside,False
SR-MMP,XBDQKXXYIPTUBI-UHFFFAOYSA-N,4130,0.5238612368024131,0.47058823529411764,3.230321777889827,inside,10.199274648515198,inside,False
SR-MMP,NZZIMKJIVMHWJC-UHFFFAOYSA-N,4130,0.6552727272727273,0.6363636363636364,1.5547575599785906,inside,9.337358769513703,inside,True
SR-MMP,RADKZDMFGJYCBB-UHFFFAOYSA-N,4130,0.25172952706970675,0.24390243902439024,1.757233683944358,inside,10.404379763005505,inside,True
SR-MMP,UBQNRHZMVUUOMG-UHFFFAOYSA-N,4130,0.2888026752928834,0.2631578947368421,1.6038902663110672,inside,10.759068250440107,inside,True
SR-MMP,COYBRKAVBMYYSF-UHFFFAOYSA-N,4130,0.37973148799401935,0.373134328358209,2.3332890514693356,inside,11.462266942112105,inside,True
SR-MMP,ZDPIZLCVJAAHHR-UHFFFAOYSA-N,4130,0.36989502871855817,0.2962962962962963,1.848927413215391,inside,12.20096447370219,inside,True
SR-MMP,ANEBWFXPVPTEET-UHFFFAOYSA-N,4130,0.45132358909137543,0.31645569620253167,7.336548755540477,borderline,25.816840734182467,inside,True
SR-MMP,OBATZBGFDSVCJD-LALPQLPRSA-N,4130,0.5513214463838446,0.22727272727272727,14.106787414719243,outside,34.98418902176532,borderline,True
SR-MMP,UUIQMZJEGPQKFD-UHFFFAOYSA-N,4130,0.6344497607655502,0.631578947368421,2.9061508742976616,inside,9.610210017359105,inside,False
SR-MMP,WEQAYVWKMWHEJO-UHFFFAOYSA-N,4130,0.27046587965423513,0.25,1.2016736869613773,inside,11.758069118015273,inside,True
SR-MMP,DDUHZTYCFQRHIY-RBHXEPJQSA-N,4130,0.23415783578874816,0.20754716981132076,2.2392420776036746,inside,11.550218652072143,inside,True
SR-MMP,UYCICMIUKYEYEU-ZHACJKMWSA-N,4130,0.356154414691,0.3333333333333333,2.0715106683781332,inside,12.056413944963884,inside,True
SR-MMP,PXQPEWDEAKTCGB-UHFFFAOYSA-N,4130,0.3268133823906905,0.2903225806451613,2.654704028557169,inside,10.14126985264533,inside,True
SR-MMP,DNUAYCRATWAJQE-UHFFFAOYSA-N,4130,0.33780717057229237,0.31343283582089554,2.732109353553802,inside,12.055664000483512,inside,True
SR-MMP,GINFBXXYGUODAT-UHFFFAOYSA-N,4130,0.31355472013366753,0.2857142857142857,3.6104910986439895,inside,15.272077288908987,inside,True
SR-MMP,WMQSKECCMQRJRX-UHFFFAOYSA-N,4130,0.33885105909936125,0.3142857142857143,2.0007159376714254,inside,10.703324477812755,inside,True
SR-MMP,WFSMVVDJSNMRAR-UHFFFAOYSA-N,4130,0.7875,0.6875,2.3553720730304955,inside,14.263664970314268,inside,False
SR-MMP,GRSQYISVQKPZCW-UHFFFAOYSA-N,4130,0.415018315018315,0.3333333333333333,3.2242762164961754,inside,10.039512384907122,inside,False
SR-MMP,NECRQCBKTGZNMH-UHFFFAOYSA-N,4130,0.3289905956112853,0.26666666666666666,2.6803944195318765,inside,13.448579996285988,inside,False
SR-MMP,OSOIQJGOYGSIMF-UHFFFAOYSA-N,4130,0.8107070707070708,0.5333333333333333,2.444348712906693,inside,10.076167468140616,inside,True
SR-MMP,XEKUXTMJEFPWCG-UHFFFAOYSA-N,4130,0.3506941266209001,0.30434782608695654,2.791804699951813,inside,9.681211438474225,inside,False
SR-MMP,WPVVMKYQOMJPIN-UHFFFAOYSA-N,4130,0.25788248568286115,0.22916666666666666,1.1760029368137832,inside,12.113252111392134,inside,True
SR-MMP,POJWUDADGALRAB-UHFFFAOYSA-N,4130,0.25486649440137815,0.25,3.5573750676304656,inside,9.996201758860146,inside,True
SR-MMP,VKHAHZOOUSRJNA-GCNJZUOMSA-N,4130,0.3526181580976101,0.2948717948717949,4.194617196451096,inside,15.97730271580196,inside,True
SR-MMP,JRLTTZUODKEYDH-UHFFFAOYSA-N,4130,0.40476588628762544,0.34615384615384615,2.4146572680115943,inside,12.898962862015468,inside,True
SR-MMP,SBGKURINHGJRFN-UHFFFAOYSA-N,4130,0.2949058986990022,0.23076923076923078,3.2874173416833092,inside,9.76183250734784,inside,False
SR-MMP,LUYISICIYVKBTA-UHFFFAOYSA-N,4130,0.34149170612585245,0.3055555555555556,2.408298874909868,inside,10.018216196719951,inside,True
SR-MMP,YFGHCGITMMYXAQ-UHFFFAOYSA-N,4130,0.3775973508398186,0.35294117647058826,1.147149211446304,inside,12.58275962539068,inside,True
SR-MMP,GPNYZBKIGXGYNU-UHFFFAOYSA-N,4130,0.45733137829912024,0.4166666666666667,3.0714768582855707,inside,21.68750613601672,inside,True
SR-MMP,SIQZJFKTROUNPI-UHFFFAOYSA-N,4130,0.27774410774410774,0.25,2.290890138156419,inside,11.36704609847704,inside,True
SR-MMP,CESIUPFUCGHEPP-UHFFFAOYSA-N,4130,0.23499677897348653,0.22448979591836735,7.751855404884478,borderline,16.21293978874489,inside,True
SR-MMP,RPVGLMKJGQMQSN-UHFFFAOYSA-N,4130,0.3301162790697674,0.3125,1.9046988409061212,inside,10.77988906781038,inside,True
SR-MMP,GNZCRYWFWKFIDM-UHFFFAOYSA-N,4130,0.43887726368544777,0.4117647058823529,1.6842167330693227,inside,17.183445270646953,inside,True
SR-MMP,LGCMKPRGGJRYGM-UHFFFAOYSA-N,4130,0.48404692082111433,0.45454545454545453,1.582534159959966,inside,13.56151784857391,inside,True
SR-MMP,RPTUSVTUFVMDQK-UHFFFAOYSA-N,4130,0.30268023643023645,0.28125,1.8976340598231807,inside,17.1387460440681,inside,True
SR-MMP,GRMDKKJYMUDEJO-WCWDXBQESA-N,4130,0.2853171699931875,0.265625,4.90169609592177,inside,13.672657632135676,inside,True
SR-MMP,KNAHARQHSZJURB-UHFFFAOYSA-N,4130,0.2783044733044733,0.25,1.5581063063608558,inside,15.04075339289362,inside,True
SR-MMP,MTAVBTGOXNGCJR-UHFFFAOYSA-N,4130,0.3373706418594846,0.2926829268292683,1.43702089691922,inside,11.271337236261651,inside,True
SR-MMP,WYTZZXDRDKSJID-UHFFFAOYSA-N,4130,0.4857564102564103,0.38461538461538464,2.287896694627743,inside,11.592121953812091,inside,False
SR-MMP,IOJUPLGTWVMSFF-UHFFFAOYSA-N,4130,0.30252951622660657,0.27586206896551724,2.5461684897070365,inside,12.898608450186403,inside,True
SR-MMP,IXORZMNAPKEEDV-OBDJNFEBSA-N,4130,0.19547721567495668,0.19101123595505617,3.167774212545001,inside,12.456997271384822,inside,True
SR-MMP,ULTHEAFYOOPTTB-UHFFFAOYSA-N,4130,0.6820512820512821,0.5384615384615384,3.022199382439122,inside,10.050474777628319,inside,False
SR-MMP,JRKICGRDRMAZLK-UHFFFAOYSA-N,4130,0.4238461538461539,0.35,3.3979020523643353,inside,10.293110402216499,inside,False
SR-MMP,IRCMYGHHKLLGHV-UHFFFAOYSA-N,4130,0.22846297270822014,0.21818181818181817,1.1972741130461841,inside,10.622190159106172,inside,True
SR-MMP,HMJIYCCIJYRONP-UHFFFAOYSA-N,4130,0.2872155588704331,0.265625,3.231356513112811,inside,13.796790064642426,inside,True
SR-MMP,JTPUMZTWMWIVPA-UHFFFAOYSA-O,4130,0.38459736333466826,0.3170731707317073,2.5322817826827957,inside,11.169758185641248,inside,True
SR-MMP,YUXIBTJKHLUKBD-UHFFFAOYSA-N,4130,0.8117447769621682,0.7391304347826086,2.015300951392168,inside,12.915039944176906,inside,False
SR-MMP,FAXDZWQIWUSWJH-UHFFFAOYSA-N,4130,0.4552898550724637,0.375,3.0128993682244354,inside,9.044014354552036,inside,False
SR-MMP,IZYUWBATGXUSIK-UHFFFAOYSA-N,4130,0.6029068914956012,0.5,2.3393410273152,inside,10.691995451558808,inside,True
SR-MMP,YKGYQYOQRGPFTO-UHFFFAOYSA-N,4130,0.7140229885057471,0.6206896551724138,5.425291714978987,inside,16.31070904521256,inside,False
SR-MMP,YFRLQYJXUZRYDN-UHFFFAOYSA-K,4130,0.3785714285714286,0.25,3.283528590485163,inside,9.816042537937177,inside,False
SR-MMP,IEJIGPNLZYLLBP-UHFFFAOYSA-N,4130,0.4893099547511312,0.4375,3.168091728633967,inside,10.759456421731805,inside,False
SR-MMP,CMBSSVKZOPZBKW-UHFFFAOYSA-N,4130,0.34560272679265813,0.3,2.469586320110193,inside,10.536184539765946,inside,True
SR-MMP,NCSVCMFDHINRJE-UHFFFAOYSA-N,4130,0.41233766233766234,0.38095238095238093,2.541075783906618,inside,14.345352950948353,inside,True
SR-MMP,YGSVZRIZCHZUHB-LKTVYLICSA-N,4130,0.49870153596029604,0.3888888888888889,1.5784654668162967,inside,13.246407926815474,inside,True
SR-MMP,YGSVZRIZCHZUHB-VCTAVGKDSA-N,4130,0.475911309193043,0.42105263157894735,1.5784654668162967,inside,14.496524831660684,inside,True
SR-MMP,WPNJAUFVNXKLIM-UHFFFAOYSA-N,4130,0.3091383399209486,0.21818181818181817,1.4311465276086814,inside,13.12551988841794,inside,True
SR-MMP,ITJNARMNRKSWTA-UHFFFAOYSA-N,4130,0.3699246076763093,0.3333333333333333,1.4608252462184095,inside,11.96493091738958,inside,True
SR-MMP,VFEDRRNHLBGPNN-UHFFFAOYSA-N,4130,0.33522508455268907,0.24193548387096775,2.0233965216612257,inside,13.900434645829382,inside,True
SR-MMP,RYZCWZZJFAKYHX-LLVKDONJSA-N,4130,0.4067916360369191,0.32075471698113206,1.5246461451348774,inside,13.15817543274247,inside,True
SR-MMP,BEYOBVMPDRKTNR-BUHFOSPRSA-N,4130,0.44980422069666914,0.36,1.4497541929093136,inside,21.09320814772836,inside,True
SR-MMP,FHESUNXRPBHDQM-UHFFFAOYSA-N,4130,0.5007866335452542,0.4482758620689655,2.631383556871454,inside,11.10606837113376,inside,True
SR-MMP,JDRSMPFHFNXQRB-IBEHDNSVSA-N,4130,0.43836938277156073,0.3898305084745763,3.0096509988401436,inside,12.554501916327194,inside,True
SR-MMP,SGEJQUSYQTVSIU-UHFFFAOYSA-N,4130,0.4742336121423997,0.3939393939393939,2.2180910629778556,inside,12.316258217251486,inside,False
SR-MMP,PCZLQMGFNUNVOM-UHFFFAOYSA-N,4130,0.20832511945049595,0.19672131147540983,4.242272042428867,inside,14.465270803136711,inside,True
SR-MMP,GHKNHBRWJYMSHK-DCGLDWPTSA-N,4130,0.20215968468061257,0.16901408450704225,2.931191348648599,inside,13.331955242325671,inside,True
SR-MMP,MTMDXAIUENDNDL-RJSMDTJLSA-N,4130,0.20709085555699458,0.1935483870967742,3.659974312699549,inside,16.51023922260856,inside,True
SR-MMP,ZRTQSJFIDWNVJW-OWBHPGMISA-N,4130,0.21343236536784924,0.2,2.218535448133116,inside,15.095266827444567,inside,True
SR-MMP,NTHPAPBPFQJABD-LLVKDONJSA-N,4130,0.25688345292454884,0.2261904761904762,2.508794971307595,inside,13.51443892161257,inside,True
SR-MMP,LNHURPJLTHSVMU-UHFFFAOYSA-N,4130,0.2204887218045113,0.1875,2.2381033542776345,inside,9.365954085557265,inside,True
SR-MMP,NYMGNSNKLVNMIA-UHFFFAOYSA-N,4130,0.3768719806763285,0.3333333333333333,1.3420356860302227,inside,9.455781374922145,inside,True
SR-MMP,OKBVVJOGVLARMR-VINNURBNSA-N,4130,0.40807561977194695,0.35789473684210527,5.470250639466861,inside,18.39910797664685,inside,True
SR-MMP,RMHMFHUVIITRHF-UHFFFAOYSA-N,4130,0.3567259801022824,0.29577464788732394,2.8319627177958098,inside,15.002014081457139,inside,True
SR-MMP,LBHIOVVIQHSOQN-UHFFFAOYSA-N,4130,0.4153881008668243,0.35555555555555557,1.7574326907238127,inside,14.88254375620416,inside,True
SR-MMP,CUHVIMMYOGQXCV-UHFFFAOYSA-N,4130,0.296950311656194,0.2702702702702703,1.554638852932437,inside,12.375835396866508,inside,True
SR-MMP,ALRLPDGCPYIVHP-UHFFFAOYSA-N,4130,0.4376524803469775,0.38235294117647056,3.3072607037017154,inside,17.524764285423363,inside,True
SR-MMP,GNUXVOXXWGNPIV-UHFFFAOYSA-N,4130,0.3986279486821339,0.35294117647058826,3.4481195014717616,inside,13.983404119064128,inside,True
SR-MMP,IISBACLAFKSPIT-UHFFFAOYSA-N,4130,0.5950610221205186,0.5,1.402654233088291,inside,16.289194111171692,inside,True
SR-MMP,UXZFQZANDVDGMM-UHFFFAOYSA-N,4130,0.2876718995092067,0.2608695652173913,1.9165520215433083,inside,14.08412623539881,inside,True
SR-MMP,OHTXTCNTQJFRIG-UHFFFAOYSA-N,4130,0.3027878787878787,0.26,7.298240027243069,borderline,13.903507789073819,inside,True
SR-MMP,WBRBLKRDTHYRRV-MDWZMJQESA-N,4130,0.23570606248030765,0.21153846153846154,1.4512817789407144,inside,10.649730840383492,inside,True
SR-MMP,JHAYEQICABJSTP-UHFFFAOYSA-N,4130,0.40081391046984827,0.39215686274509803,4.1166483958519065,inside,16.693572328273717,inside,True
SR-MMP,FEPMHVLSLDOMQC-ZVGMWUGDSA-N,4130,0.23115878037104456,0.20945945945945946,11.144886683873402,borderline,15.254693630315614,inside,True
SR-MMP,LJFWQNJLLOFIJK-UHFFFAOYSA-N,4130,0.42345169775227165,0.3541666666666667,3.151814786755487,inside,32.23064509923612,borderline,True
SR-MMP,BDNKZNFMNDZQMI-UHFFFAOYSA-N,4130,0.22563025210084034,0.21428571428571427,2.621167790168777,inside,10.050629882986561,inside,False
SR-MMP,QIVBCDIJIAJPQS-UHFFFAOYSA-N,4130,0.4037638966260566,0.34210526315789475,1.895286938217206,inside,12.647684049775872,inside,True
SR-MMP,QIVBCDIJIAJPQS-VIFPVBQESA-N,4130,0.37184099819720245,0.3409090909090909,1.895286938217206,inside,11.560068615941766,inside,True
SR-MMP,GWZMWHWAWHPNHN-UHFFFAOYSA-N,4130,0.5809244663382594,0.5172413793103449,2.454751521234359,inside,13.411409553489733,inside,False
SR-MMP,MVQVNTPHUGQQHK-UHFFFAOYSA-N,4130,0.3877598869884985,0.3548387096774194,2.458771121792613,inside,10.880661151723958,inside,True
SR-MMP,AHJKRLASYNVKDZ-UHFFFAOYSA-N,4130,0.37896613190730843,0.3333333333333333,2.7630195398088757,inside,10.373056320009203,inside,True
SR-MMP,JWBOIMRXGHLCPP-UHFFFAOYSA-N,4130,0.3283120700437773,0.3170731707317073,2.7700915110431326,inside,12.152736877927314,inside,True
SR-MMP,YVGGHNCTFXOJCH-UHFFFAOYSA-N,4130,0.3894106280193236,0.34782608695652173,3.027553500477572,inside,10.545894149947241,inside,True
SR-MMP,ZWVMLYRJXORSEP-UHFFFAOYSA-N,4130,0.4165520753756048,0.3181818181818182,2.7738116361730234,inside,16.03084809668009,inside,False
SR-MMP,BIDNLKIUORFRQP-FKDWWROVSA-N,4130,0.29933294775400043,0.28421052631578947,5.712709430998602,inside,14.908815127396487,inside,True
SR-MMP,GPRBEKHLDVQUJE-VINNURBNSA-N,4130,0.5301867780720404,0.4842105263157895,5.2848744543408985,inside,21.608689751539657,inside,True
SR-MMP,MCGSCOLBFJQGHM-PSASIEDQSA-N,4130,0.31275381335082825,0.3,2.9175528310620544,inside,14.237634283646006,inside,True
SR-MMP,QNPHCSSJLHAKSA-UHFFFAOYSA-N,4130,0.3521830284224559,0.32727272727272727,2.2065147811993007,inside,15.063770828847112,inside,True
SR-MMP,KTADSLDAUJLZGL-UHFFFAOYSA-N,4130,0.3591406349611118,0.3181818181818182,2.4891907268332396,inside,11.119324115162605,inside,True
SR-MMP,QGFORSXNKQLDNO-UHFFFAOYSA-N,4130,0.2112560669307816,0.20512820512820512,1.6200090056015974,inside,9.953327850939212,inside,True
SR-MMP,OYSKUZDIHNKWLV-PRUAPSLNSA-N,4130,0.2464935064935065,0.24285714285714285,7.703529278762407,borderline,17.631420904085367,inside,True
SR-MMP,WWVMHGUBIOZASN-UHFFFAOYSA-N,4130,0.2599371851076359,0.1935483870967742,2.505617042545678,inside,12.112301452691774,inside,True
SR-MMP,JARKCYVAAOWBJS-UHFFFAOYSA-N,4130,0.865,0.7,2.9500573525879523,inside,11.012653989625708,inside,False
SR-MMP,MNWFXJYAOYHMED-UHFFFAOYSA-N,4130,1.0,1.0,2.4092168277483537,inside,12.704981951529307,inside,False
SR-MMP,MKUXAQIIEYXACX-UHFFFAOYSA-N,4130,0.26370197196166656,0.22580645161290322,2.9899923542182063,inside,13.516243644162666,inside,True
SR-MMP,NALZTFARIYUCBY-UHFFFAOYSA-N,4130,0.48957676449187487,0.3548387096774194,2.8056935785165398,inside,10.60809935262244,inside,False
SR-MMP,BXPMAGSOWXBZHS-WEVVVXLNSA-N,4130,0.36092450739509563,0.23529411764705882,2.042123633358768,inside,13.18021105649316,inside,False
SR-MMP,YFGYUFNIOHWBOB-UHFFFAOYSA-N,4130,0.2682312925170068,0.22448979591836735,1.4000314978156712,inside,9.557547445434077,inside,True
SR-MMP,MUQUYTSLDVKIOF-BBMNSBIFSA-N,4130,0.1798960987872291,0.16417910447761194,9.258861218876893,borderline,16.52025440868712,inside,True
SR-MMP,KLPWJLBORRMFGK-UHFFFAOYSA-N,4130,0.26103172266074204,0.22972972972972974,1.2276783824081763,inside,20.869611074323014,inside,True
SR-MMP,ZQBAKBUEJOMQEX-UHFFFAOYSA-N,4130,0.5413364971554626,0.5151515151515151,1.231895885489183,inside,11.979291239516268,inside,True
SR-MMP,BPEGJWRSRHCHSN-UHFFFAOYSA-N,4130,0.2674413472706155,0.25,3.0056581264433384,inside,14.603765119068184,inside,True
SR-MMP,OYNVHVAEOLJJPV-UHFFFAOYSA-N,4130,0.24221327060036738,0.22727272727272727,3.025867624705322,inside,18.302339333583824,inside,True
SR-MMP,KEVYVLWNCKMXJX-UHFFFAOYSA-N,4130,0.4178232630565287,0.3888888888888889,3.4265272971601717,inside,12.502778146167813,inside,False
SR-MMP,VHNQIURBCCNWDN-UHFFFAOYSA-N,4130,0.3623429951690821,0.34782608695652173,2.71923727677012,inside,10.746153418062375,inside,True
SR-MMP,GFMMXOIFOQCCGU-UHFFFAOYSA-N,4130,0.2698892690061418,0.23809523809523808,3.0032764071332845,inside,15.728548317861913,inside,True
SR-MMP,VBLJFQYCTRKKKF-UHFFFAOYSA-N,4130,0.3208172458172458,0.3,1.6826867799885739,inside,11.925266740959605,inside,True
SR-MMP,AJKVQEKCUACUMD-UHFFFAOYSA-N,4130,0.41740053050397885,0.3793103448275862,2.3630526012406055,inside,10.03987414449628,inside,True
SR-MMP,QCHFTSOMWOSFHM-WPRPVWTQSA-N,4130,0.20636585306803618,0.19230769230769232,1.2775465894473799,inside,12.886997910794133,inside,True
SR-MMP,NQQVFXUMIDALNH-UHFFFAOYSA-N,4130,0.3157460317460318,0.2777777777777778,1.5553687144707908,inside,10.97406350310109,inside,True
SR-MMP,KQIKKETXZQDHGE-FOCLMDBBSA-N,4130,0.4511278195488721,0.42105263157894735,1.7329814596290045,inside,11.42288168597512,inside,True
SR-MMP,NXFQHRVNIOXGAQ-UHFFFAOYSA-N,4130,0.3997847182057709,0.2222222222222222,2.310236393299871,inside,13.130009981932877,inside,True
SR-MMP,SRBFZHDQGSBBOR-AGQMPKSLSA-N,4130,0.2812511052166225,0.19230769230769232,3.55729795458291,inside,10.874401839497397,inside,True
SR-MMP,PFNHSEQQEPMLNI-UHFFFAOYSA-N,4130,0.46437198067632846,0.375,2.8644873178498647,inside,11.304892755702527,inside,False
SR-MMP,LVDKZNITIUWNER-UHFFFAOYSA-N,4130,0.45406625258799166,0.35,2.7580818914771164,inside,10.349377762013026,inside,False
SR-MMP,UFUVLHLTWXBHGZ-MGZQPHGTSA-N,4130,0.1810058409952564,0.1724137931034483,4.965091605952267,inside,14.881516000532649,inside,True
SR-MMP,RSUVYMGADVXGOU-BUHFOSPRSA-N,4130,0.3410573370326232,0.3103448275862069,2.3666365669126606,inside,12.860577866461307,inside,True
SR-MMP,QRZAKQDHEVVFRX-UHFFFAOYSA-N,4130,0.5180488448230384,0.43333333333333335,1.4546846306679342,inside,10.942564095091672,inside,True
SR-MMP,KQTVWCSONPJJPE-UHFFFAOYSA-N,4130,0.21781419428478252,0.20512820512820512,1.4399412549041646,inside,9.690799931289083,inside,True
SR-MMP,YRKCREAYFQTBPV-UHFFFAOYSA-N,4130,0.5337669683257917,0.5,2.942550877687545,inside,10.1585381616193,inside,False
SR-MMP,MBMQEIFVQACCCH-LBPRGKRZSA-N,4130,0.3033703213546438,0.22807017543859648,1.8502078421443662,inside,27.221269141515542,borderline,True
SR-MMP,JAYAGJDXJIDEKI-PTGWOZRBSA-N,4130,0.4971351460338792,0.22302158273381295,14.595285113780907,outside,34.799990036255615,borderline,True
SR-MMP,YFGQJKBUXPKSAW-XBBQASNWSA-N,4130,0.4281447706430573,0.21830985915492956,13.981122882473647,outside,31.08002078934518,borderline,True
SR-MMP,JVTAAEKCZFNVCJ-UHFFFAOYSA-N,4130,0.47444444444444434,0.4166666666666667,3.1760163765655656,inside,11.306290019461201,inside,False
SR-MMP,XASIMHXSUQUHLV-UHFFFAOYSA-N,4130,0.3322077922077923,0.30357142857142855,3.754889979757027,inside,13.909687738434696,inside,True
SR-MMP,IBDVWXAVKPRHCU-UHFFFAOYSA-N,4130,0.6137301587301588,0.5666666666666667,1.9696580484602264,inside,18.57056662625625,inside,False
SR-MMP,IJAPPYDYQCXOEF-UHFFFAOYSA-N,4130,0.34490229885057466,0.3103448275862069,1.981060506171991,inside,18.306028520796126,inside,True
SR-MMP,YWFWDNVOPHGWMX-UHFFFAOYSA-N,4130,0.8799999999999999,0.6666666666666666,2.877257889087667,inside,11.921014255579156,inside,False
SR-MMP,SHOJXDKTYKFBRD-UHFFFAOYSA-N,4130,0.35173160173160173,0.3125,3.099302109359602,inside,10.10052448619302,inside,False
SR-MMP,DDVNRFNDOPPVQJ-HQJQHLMTSA-N,4130,0.29274946122223333,0.24489795918367346,2.1443011188312613,inside,11.865312020789174,inside,True
SR-MMP,MOOFYEJFXBSZGE-UHFFFAOYSA-N,4130,0.30003915521913843,0.275,2.088756763818843,inside,10.304863710601449,inside,True
SR-MMP,QLAJPGCDKRPRKU-UYTYNIKBSA-N,4130,0.2482429612757319,0.23636363636363636,3.755320823556961,inside,14.233509963557882,inside,True
SR-MMP,VOKSWYLNZZRQPF-GDIGMMSISA-N,4130,0.4626482219155811,0.3387096774193548,1.7922582039920671,inside,13.357213265425454,inside,True
SR-MMP,OVRNDRQMDRJTHS-RTRLPJTCSA-N,4130,0.3767473929579193,0.3076923076923077,3.830290039509066,inside,12.443228506830945,inside,True
SR-MMP,MGBDANYXBKROBW-UHFFFAOYSA-N,4130,0.27492724340949554,0.25,2.6518679991434504,inside,11.52931543664235,inside,True
SR-MMP,UHGULLIUJBCTEF-UHFFFAOYSA-N,4130,0.3992447516641065,0.3055555555555556,2.0437553688611603,inside,17.958940007013194,inside,True
SR-MMP,LMTIGABGABPAGU-UHFFFAOYSA-N,4130,0.3116211073872364,0.2727272727272727,1.6910561286202461,inside,10.002577098560137,inside,True
SR-MMP,YDDGKXBLOXEEMN-IABMMNSOSA-N,4130,0.3809296934160818,0.34210526315789475,6.254428986309876,borderline,12.53219854651382,inside,True
SR-MMP,NZWOPGCLSHLLPA-UHFFFAOYSA-N,4130,0.5215099715099715,0.4583333333333333,2.3974160567073106,inside,10.368348536952515,inside,False
SR-MMP,XFSAZBKSWGOXRH-UHFFFAOYSA-N,4130,0.4713333333333334,0.44,1.9198804776003986,inside,10.985611201794798,inside,False
SR-MMP,SIOXPEMLGUPBBT-UHFFFAOYSA-N,4130,0.4019047619047619,0.36666666666666664,2.2345557786084105,inside,10.63871652586409,inside,True
SR-MMP,ZDXUKAKRHYTAKV-UHFFFAOYSA-N,4130,0.3802244141177852,0.2676056338028169,7.3306354811992325,borderline,33.28458345588273,borderline,True
SR-MMP,WBXPDJSOTKVWSJ-ZDUSSCGKSA-N,4130,0.31531618302794967,0.26865671641791045,5.982835890798007,borderline,19.39088104712163,inside,True
SR-MMP,TYZROVQLWOKYKF-ZDUSSCGKSA-N,4130,0.24957464035966054,0.23255813953488372,2.0132161291292943,inside,11.396692068144535,inside,True
SR-MMP,IEMAQDHGZOPMNI-UHFFFAOYSA-N,4130,0.1960724734862666,0.1839080459770115,4.918696107244256,inside,16.953600997431565,inside,True
SR-MMP,VPJXQGSRWJZDOB-UHFFFAOYSA-O,4130,0.5109523809523809,0.4,2.3815155005875543,inside,13.343895975009277,inside,False
SR-MMP,KHPXUQMNIQBQEV-UHFFFAOYSA-N,4130,0.3970168067226891,0.35294117647058826,2.8991172450564386,inside,10.144446781487632,inside,False
SR-MMP,DFPAKSUCGFBDDF-UHFFFAOYSA-N,4130,0.47784615384615386,0.43333333333333335,2.3013474399322886,inside,15.248991644696027,inside,True
SR-MMP,IDYZIJYBMGIQMJ-UHFFFAOYSA-N,4130,0.5170487398072646,0.4507042253521127,2.395226187328911,inside,12.866968975061601,inside,True
SR-MMP,NPGNOVNWUSPMDP-HLLBOEOZSA-N,4130,0.33785558390759396,0.2727272727272727,3.5251036093935264,inside,17.78791103372093,inside,True
SR-MMP,DVBLPJWQXDCAKU-UHFFFAOYSA-N,4130,0.32650084422200887,0.2916666666666667,3.000714118349781,inside,28.27474668369637,borderline,True
SR-MMP,VSJRBQDMBFFHMC-UHFFFAOYSA-N,4130,0.4066439393939394,0.36363636363636365,2.2541067927939022,inside,12.155825187094882,inside,True
SR-MMP,NXQMCAOPTPLPRL-UHFFFAOYSA-N,4130,0.6685594811401263,0.6129032258064516,2.0721597614253398,inside,11.119405685830738,inside,True
SR-MMP,MVCSJYRFFFDKCX-UHFFFAOYSA-N,4130,0.4898434898434898,0.42857142857142855,2.0511840768134837,inside,11.10885349826367,inside,False
SR-MMP,XFCMNSHQOZQILR-UHFFFAOYSA-N,4130,0.7638923395445134,0.6071428571428571,1.9063297253363582,inside,14.138430911802569,inside,False
SR-MMP,UPMLOUAZCHDJJD-UHFFFAOYSA-N,4130,0.4227810421165129,0.3333333333333333,1.4335515508345746,inside,13.76969146740169,inside,True
SR-MMP,KJFMBFZCATUALV-UHFFFAOYSA-N,4130,0.41791663359000814,0.3125,2.773000871892366,inside,22.87152724248061,inside,True
SR-MMP,VHGCDTVCOLNTBX-QGZVFWFLSA-N,4130,0.3289451649543598,0.2894736842105263,1.5626359838947808,inside,14.17280806720023,inside,True
SR-MMP,NUKYPUAOHBNCPY-UHFFFAOYSA-N,4130,0.4322276278932626,0.3684210526315789,2.6892315388840564,inside,10.335438651860114,inside,True
SR-MMP,ZMNSRFNUONFLSP-UHFFFAOYSA-N,4130,0.34808281573498967,0.3333333333333333,0.9487673612041722,inside,10.027416027636594,inside,True
SR-MMP,PZRKPUQWIFJRKZ-UHFFFAOYSA-N,4130,0.3773123793768955,0.28,4.26196108855526,inside,10.149127729311598,inside,True
SR-MMP,NNULBSISHYWZJU-LLKWHZGFSA-N,4130,0.463884861717374,0.32653061224489793,4.026572929343995,inside,16.258170706599202,inside,True
SR-MMP,YZBOZNXACBQJHI-UHFFFAOYSA-N,4130,0.43873015873015875,0.35714285714285715,2.6948201635256233,inside,10.217228923000144,inside,False
SR-MMP,CYHBDKTZDLSRMY-UHFFFAOYSA-N,4130,0.6330484330484331,0.6153846153846154,2.181311471205303,inside,12.694812044289637,inside,False
SR-MMP,YKOCPBMVMBUTAX-UHFFFAOYSA-N,4130,0.45211425315208337,0.3829787234042553,1.416078543386024,inside,17.18434248383345,inside,True
SR-MMP,XDXDZDZNSLXDNA-TZNDIEGXSA-N,4130,0.24054412172703038,0.22105263157894736,6.334328635339116,borderline,17.994575984610652,inside,True
SR-MMP,PWXTUWQHMIFLKL-UHFFFAOYSA-N,4130,0.2661033978808915,0.23809523809523808,4.703599775234358,inside,11.143377418744093,inside,True
SR-MMP,JKRZOJADNVOXPM-UHFFFAOYSA-N,4130,0.6207509881422925,0.5833333333333334,1.9108157239558865,inside,10.968871182099944,inside,False
SR-MMP,SMANXXCATUTDDT-QPJJXVBHSA-N,4130,0.3591841645142475,0.29508196721311475,4.019582340742492,inside,11.039574913013707,inside,True
SR-MMP,KAPCRJOPWXUMSQ-UHFFFAOYSA-N,4130,0.3088365877839562,0.2702702702702703,4.9874091760898285,inside,11.404305256663372,inside,True
SR-MMP,TUNFSRHWOTWDNC-UHFFFAOYSA-N,4130,1.0,1.0,2.6802973891984836,inside,12.704981951529307,inside,False
SR-MMP,QIONYIKHPASLHO-UHFFFAOYSA-N,4130,0.4026190476190476,0.3333333333333333,2.5976900915069954,inside,8.669323096294795,inside,False
SR-MMP,KXJLGCBCRCSXQF-UHFFFAOYSA-N,4130,0.392965367965368,0.35,2.6196951634502725,inside,9.830166324255623,inside,False
SR-MMP,KSFOVUSSGSKXFI-UHFFFAOYSA-N,4130,0.20653016490471338,0.19642857142857142,7.515356792706095,borderline,13.726534707784477,inside,True
SR-MMP,POPNTVRHTZDEBW-UHFFFAOYSA-N,4130,0.5754568854568854,0.4166666666666667,2.0864760833765104,inside,16.23033673855423,inside,False
SR-MMP,AUZONCFQVSMFAP-UHFFFAOYSA-N,4130,0.37721404521404517,0.3,2.306309638078849,inside,9.935476120454728,inside,False
SR-MMP,DRLMMVPCYXFPEP-UHFFFAOYSA-N,4130,0.37159438162160485,0.2916666666666667,2.2804080229024013,inside,21.098326260997364,inside,True
SR-MMP,ASMQGLCHMVWBQR-UHFFFAOYSA-N,4130,0.5572510822510823,0.4583333333333333,1.1185775913356906,inside,10.909835863301176,inside,True
SR-MMP,FCJSHPDYVMKCHI-UHFFFAOYSA-N,4130,0.5554782608695652,0.5,1.734942219877899,inside,10.852945330802234,inside,True
SR-MMP,FBPFZTCFMRRESA-KVTDHHQDSA-N,4130,0.5776441102756891,0.5238095238095238,4.66770060885765,inside,14.863488796177336,inside,False
SR-MMP,PQKBPHSEKWERTG-UHFFFAOYSA-N,4130,0.38509852216748774,0.3103448275862069,3.1379243936725874,inside,19.468191226758673,inside,True
SR-MMP,IITCWRFYJWUUPC-UHFFFAOYSA-N,4130,0.5231495405179615,0.4722222222222222,1.179701981139976,inside,11.738967554349594,inside,True
SR-MMP,IDCPFAYURAQKDZ-UHFFFAOYSA-N,4130,0.32249122807017544,0.28,3.58531641381234,inside,10.171294006747845,inside,False
SR-MMP,TVURRHSHRRELCG-UHFFFAOYSA-N,4130,0.24866565166063012,0.22727272727272727,2.429892618545538,inside,17.40091956429671,inside,True
SR-MMP,WGZDBVOTUVNQFP-UHFFFAOYSA-N,4130,0.3322758194186765,0.32653061224489793,1.407176234662333,inside,10.766297826784879,inside,True
SR-MMP,SFVWPXMPRCIVOK-UHFFFAOYSA-N,4130,0.6524064171122995,0.35294117647058826,2.249223609307822,inside,9.849551254997225,inside,True
SR-MMP,ZHKXBELKPQXYEH-UHFFFAOYSA-N,4130,0.4720349761526232,0.43243243243243246,1.3653317003098961,inside,13.812401262085865,inside,True
SR-MMP,YLWYNCPRXFCNLQ-UHFFFAOYSA-N,4130,0.35720275531596285,0.28205128205128205,1.0186992221627913,inside,10.397977176331795,inside,True
SR-MMP,QGMGHALXLXKCBD-UHFFFAOYSA-N,4130,0.41768049155145925,0.37142857142857144,2.1139541930894623,inside,16.310834583147372,inside,True
SR-MMP,IHRPDXFOMLCPIK-UHFFFAOYSA-N,4130,0.470589876395452,0.3877551020408163,1.526935409019614,inside,13.077803448544328,inside,True
SR-MMP,YLQLIQIAXYRMDL-UHFFFAOYSA-N,4130,0.5692239789196312,0.4090909090909091,2.427621116269138,inside,11.786269006255715,inside,False
SR-MMP,UPBAOYRENQEPJO-UHFFFAOYSA-N,4130,0.22092523056653493,0.21212121212121213,6.748374511779447,borderline,11.708190802018384,inside,True
SR-MMP,ZAFYATHCZYHLPB-UHFFFAOYSA-N,4130,0.2543216534049148,0.24561403508771928,2.5465773100951044,inside,13.341510180493044,inside,True
SR-MMP,VRDIULHPQTYCLN-UHFFFAOYSA-N,4130,0.2713157371664104,0.2558139534883721,1.3619883483234045,inside,9.393062459966552,inside,True
SR-MMP,BMTAFVWTTFSTOG-UHFFFAOYSA-N,4130,0.4568902543096091,0.37037037037037035,2.285753388547719,inside,9.954465501069452,inside,False
SR-MMP,KMPQYAYAQWNLME-UHFFFAOYSA-N,4130,0.9029411764705882,0.75,2.638389029022541,inside,11.8914537997659,inside,False
SR-MMP,VHRUBWHAOUIMDW-UHFFFAOYSA-N,4130,0.7125238095238094,0.5416666666666666,2.2654510448475187,inside,11.498909530549808,inside,False
SR-MMP,YZJSKRBKHCLMQC-UHFFFAOYSA-N,4130,0.41047088177522967,0.391304347826087,2.70216943481567,inside,28.80221073519284,borderline,True
SR-MMP,MIQPIUSUKVNLNT-UHFFFAOYSA-N,4130,0.4613240418118467,0.4146341463414634,1.7057387407946616,inside,19.859862260229402,inside,True
SR-MMP,OOGJQPCLVADCPB-HXUWFJFHSA-N,4130,0.32567219458388164,0.3170731707317073,2.459583653558012,inside,13.767351500944628,inside,True
SR-MMP,OPNPQXLQERQBBV-UHFFFAOYSA-N,4130,0.3412033106960951,0.3225806451612903,2.2393995592955322,inside,10.47139330985646,inside,False
SR-MMP,GJAWHXHKYYXBSV-UHFFFAOYSA-N,4130,0.4443183170319601,0.41379310344827586,1.9024005696911228,inside,13.905122679357355,inside,True
SR-MMP,OWBTYPJTUOEWEK-UHFFFAOYSA-N,4130,0.45430402930402936,0.38461538461538464,3.1518124389375464,inside,12.44170368442479,inside,False
SR-MMP,FRQDZJMEHSJOPU-UHFFFAOYSA-N,4130,0.5850267379679144,0.45454545454545453,4.545083121734625,inside,12.269108814600514,inside,False
SR-MMP,AHHWIHXENZJRFG-UHFFFAOYSA-N,4130,0.3424908424908425,0.2857142857142857,3.6419944512325757,inside,11.389897590142736,inside,True
SR-MMP,IQOMYCGTGFGDFN-UHFFFAOYSA-N,4130,0.433612003780408,0.40540540540540543,1.6818942717325922,inside,12.274062406490499,inside,True
SR-MMP,XVAPNQFQPDAROQ-KBADXSOQSA-N,4130,0.3631986436519834,0.22485207100591717,14.595459986823865,outside,24.699940636179402,inside,True
SR-MMP,YFEDJMLMWJSRJJ-UHFFFAOYSA-N,4130,0.3163811351412039,0.2978723404255319,1.3363496498993237,inside,14.326765280568516,inside,True
SR-MMP,LLECMGGNFBKPRH-UHFFFAOYSA-N,4130,0.5023731753143518,0.4594594594594595,1.4140710458263432,inside,12.639169774276455,inside,True
SR-MMP,YEBCRAVYUWNFQT-UHFFFAOYSA-N,4130,0.34841464841464836,0.3142857142857143,1.5697229549368534,inside,10.029525364325968,inside,True
SR-MMP,KZHGPDSVHSDCMX-UHFFFAOYSA-N,4130,0.38817077381209275,0.3448275862068966,1.564268774116599,inside,12.174608793596958,inside,True
SR-MMP,DWPYQDGDWBKJQL-UHFFFAOYSA-N,4130,0.5146782106782106,0.4444444444444444,2.2011056533827427,inside,10.200998724215665,inside,True
SR-MMP,XEDWWPGWIXPVRQ-UHFFFAOYSA-N,4130,0.37388010129945615,0.3333333333333333,3.849239884749728,inside,12.84160571355842,inside,True
SR-MMP,CBVCZFGXHXORBI-PXQQMZJSSA-N,4130,0.25478222081532387,0.23076923076923078,7.237933850039899,borderline,16.391290472217136,inside,True
SR-MMP,HTSNFXAICLXZMA-CYBMUJFWSA-N,4130,0.3011785485960522,0.28846153846153844,1.1786261066222783,inside,12.624533819586736,inside,True
SR-MMP,NCHJIJCRXQRDGU-UHFFFAOYSA-N,4130,0.4974396841983049,0.4482758620689655,2.1811829527122786,inside,13.403906863326428,inside,False
SR-MMP,WDECIBYCCFPHNR-UHFFFAOYSA-N,4130,0.6147619047619048,0.45,3.755174257496182,inside,13.329487391920594,inside,True
SR-MMP,JTEDVYBZBROSJT-UHFFFAOYSA-N,4130,0.372774231678487,0.3125,1.3912817904089088,inside,11.33147729208837,inside,True
SR-MMP,UQLLWWBDSUHNEB-CZUORRHYSA-N,4130,0.5059166173420249,0.43373493975903615,3.6893635000014235,inside,20.810282482893843,inside,True
SR-MMP,OBZHEBDUNPOCJG-WBXJDKIVSA-N,4130,0.3804955139232186,0.2608695652173913,6.012964266201071,borderline,19.840382551637077,inside,True
SR-MMP,OTMOUPHCTWPNSL-UHFFFAOYSA-N,4130,0.3358502898014552,0.275,1.6793333595744877,inside,15.244824233929515,inside,True
SR-MMP,ALMMLSQBERCMRB-UHFFFAOYSA-O,4130,0.24705844081288988,0.22058823529411764,5.642623810531894,inside,17.347556955959277,inside,True
SR-MMP,MTZBBNMLMNBNJL-UHFFFAOYSA-N,4130,0.36868184955141475,0.34782608695652173,2.6132596724707913,inside,13.195901859710181,inside,True
SR-MMP,SRBFZHDQGSBBOR-IOVATXLUSA-N,4130,0.29083771929824564,0.2,3.55729795458291,inside,10.236858610921953,inside,True
SR-MMP,HUNXMJYCHXQEGX-UHFFFAOYSA-N,4130,0.2301284783966484,0.21739130434782608,2.6699759142743296,inside,12.838454114670046,inside,True
SR-MMP,UTSYWKJYFPPRAP-UHFFFAOYSA-N,4130,0.47623525899387964,0.42857142857142855,2.0598525550195546,inside,11.389374405034204,inside,False
SR-MMP,QUAMTGJKVDWJEQ-UHFFFAOYSA-N,4130,0.4959770333984248,0.45454545454545453,2.590113849616337,inside,20.402976359772328,inside,True
SR-MMP,KXRZBTAEDBELFD-UHFFFAOYSA-N,4130,0.5640305043793417,0.5227272727272727,2.107223015945851,inside,14.03775445819907,inside,True
SR-MMP,HLLICFJUWSZHRJ-UHFFFAOYSA-N,4130,0.3418791899923975,0.2857142857142857,1.2306200828424108,inside,22.34269703622594,inside,True
SR-MMP,DAASOABUJRMZAD-UHFFFAOYSA-N,4130,0.2641700404858299,0.25,2.767735754341423,inside,14.605452595155565,inside,True
SR-MMP,LVVXOXRUTDAKFE-UHFFFAOYSA-N,4130,0.3618378845945913,0.3469387755102041,2.627797779922355,inside,11.274920479053065,inside,True
SR-MMP,IBOFVQJTBBUKMU-UHFFFAOYSA-N,4130,0.44766381766381763,0.37037037037037035,1.8285544575071404,inside,8.943866157162311,inside,True
SR-MMP,CXEGAUYXQAKHKJ-GSAPQAMFSA-N,4130,0.23041759564938374,0.18543046357615894,11.339498765514087,borderline,31.672309593406606,borderline,True
SR-MMP,OAYXUHPQHDHDDZ-UHFFFAOYSA-N,4130,0.8555555555555555,0.7619047619047619,2.267327587120903,inside,12.867499616385402,inside,False
SR-MMP,VOCYGZAHYQXJOF-UHFFFAOYSA-N,4130,0.3967284144427002,0.32142857142857145,4.988044054634557,inside,23.01639273539784,inside,True
SR-MMP,MXORDJXBRHNWBE-UHFFFAOYSA-N,4130,0.4099450418160096,0.36,1.917136577834303,inside,20.709270058508363,inside,True
SR-MMP,VBQRUYIOTHNGOP-UHFFFAOYSA-N,4130,0.2850834350834351,0.25,2.0209380023746246,inside,10.213380217120015,inside,True
SR-MMP,SKCNNQDRNPQEFU-UHFFFAOYSA-N,4130,0.5094736842105263,0.47368421052631576,2.2648615668259566,inside,12.880710470255329,inside,False
SR-MMP,PYAHGCWYQOISIP-OXDKKKEHSA-N,4130,0.21599020400522279,0.19047619047619047,23.907873812698647,outside,31.748963519917627,borderline,True
SR-MMP,USSIQXCVUWKGNF-UHFFFAOYSA-N,4130,0.3603507113887937,0.34210526315789475,2.234124180980842,inside,11.919890197788455,inside,True
SR-MMP,OGGXGZAMXPVRFZ-UHFFFAOYSA-N,4130,0.2249206349206349,0.2,3.2239372837629436,inside,10.706314173599097,inside,False
SR-MMP,WXNRYSGJLQFHBR-UHFFFAOYSA-N,4130,0.44526243665497567,0.35294117647058826,2.253524601984774,inside,15.226150756168746,inside,True
SR-MMP,ALIVXCSEERJYHU-UHFFFAOYSA-N,4130,0.3448235294117647,0.29411764705882354,2.043052367904201,inside,11.499206591934456,inside,True
SR-MMP,WVLHGCRWEHCIOT-UHFFFAOYSA-N,4130,0.3053728383564283,0.22580645161290322,1.443634303280157,inside,15.261711285123345,inside,True
SR-MMP,IUJLOAKJZQBENM-UHFFFAOYSA-N,4130,0.3629700504603755,0.234375,1.459371950769884,inside,21.470780276334132,inside,True
SR-MMP,CMAUJSNXENPPOF-UHFFFAOYSA-N,4130,0.36106742491293986,0.22916666666666666,3.1069780543925956,inside,27.0383384299893,borderline,True
SR-MMP,ZOLLIQAKMYWTBR-UHFFFAOYSA-N,4130,0.40717703349282297,0.25,2.746630603792729,inside,10.006517986908703,inside,True
SR-MMP,AXRCEOKUDYDWLF-UHFFFAOYSA-N,4130,0.2531154684095861,0.24705882352941178,7.123441717209528,borderline,14.530608420824425,inside,True
SR-MMP,FVNFBBAOMBJTST-UHFFFAOYSA-N,4130,0.3515166021699291,0.3090909090909091,1.2861570036559327,inside,13.874100480247266,inside,True
SR-MMP,HRBKVYFZANMGRE-UHFFFAOYSA-N,4130,0.3848933935801241,0.3023255813953488,1.4374292637449242,inside,20.493245098804678,inside,True
SR-MMP,XERJKGMBORTKEO-VZUCSPMQSA-N,4130,0.2594907598666997,0.23076923076923078,2.6385374799946617,inside,12.229561911363618,inside,False
SR-MMP,LXANPKRCLVQAOG-NSHDSACASA-N,4130,0.20966935363487088,0.20408163265306123,1.6165631243548204,inside,11.932100679889839,inside,True
SR-MMP,TXVHTIQJNYSSKO-UHFFFAOYSA-N,4130,0.5452975129445718,0.4166666666666667,4.65378587909767,inside,14.253680200944942,inside,True
SR-MMP,OMNKZBIFPJNNIO-UHFFFAOYSA-N,4130,0.4041542421542421,0.32432432432432434,2.116744373601439,inside,11.177669077641005,inside,False
SR-MMP,SWXVUIWOUIDPGS-UHFFFAOYSA-N,4130,0.3925925925925926,0.3888888888888889,2.684629183313827,inside,10.44782204674021,inside,False
SR-MMP,FATBKZJZAHWCSL-UHFFFAOYSA-N,4130,0.39603715170278636,0.35,2.389262590314312,inside,12.990734706771647,inside,True
SR-MMP,BKQICAFAUMRYLZ-UHFFFAOYSA-N,4130,0.3969248120300752,0.36,2.579751283328346,inside,10.403049212230485,inside,False
SR-MMP,GGRWZBVSUZZMKS-UHFFFAOYSA-N,4130,0.4370986428334988,0.3508771929824561,1.7278166639164243,inside,14.345546701877948,inside,True
SR-MMP,VHXNKPBCCMUMSW-FQEVSTJZSA-N,4130,0.23701680166468897,0.22857142857142856,4.628503568548931,inside,13.753040376752404,inside,True
SR-MMP,IVYPNXXAYMYVSP-UHFFFAOYSA-N,4130,0.36168067226890754,0.29411764705882354,2.048406899437122,inside,10.897251007535596,inside,True
SR-MMP,BIJNHUAPTJVVNQ-UHFFFAOYSA-N,4130,0.3854590923161901,0.3448275862068966,3.336305973860389,inside,23.65881478529649,inside,True
SR-MMP,OZOMQRBLCMDCEG-UHFFFAOYSA-N,4130,0.3041248004284993,0.2777777777777778,2.7322893209397656,inside,13.65209932133808,inside,True
SR-MMP,SHULEACXTONYPS-UHFFFAOYSA-N,4130,0.4994598662207358,0.4375,1.431929144027058,inside,15.229526015814812,inside,True
SR-MMP,HJIAMFHSAAEUKR-UHFFFAOYSA-N,4130,0.5286030061892131,0.4583333333333333,1.4281207393062874,inside,14.147507525303187,inside,True
SR-MMP,PFANXOISJYKQRP-UHFFFAOYSA-N,4130,0.43994563026821093,0.38461538461538464,3.4467753155812297,inside,31.386041347541752,borderline,True
SR-MMP,RAPBNVDSDCTNRC-UHFFFAOYSA-N,4130,0.4444063706563707,0.3958333333333333,1.4873451667340458,inside,10.919808421783696,inside,True
SR-MMP,XCGYUJZMCCFSRP-UHFFFAOYSA-N,4130,0.27247996238271316,0.26153846153846155,1.6065524035938394,inside,11.806668159639091,inside,True
SR-MMP,ISWRGOKTTBVCFA-UHFFFAOYSA-N,4130,0.3638506522717049,0.34210526315789475,1.8223501466094427,inside,11.14989206151328,inside,True
